gene	transcript	hgvs_c	classification
ACD	NM_001082486.2	c.1299-8C>G	Benign synonymous, SpliceAI<=0.1, PhastCons<1.0
ACD	NM_001082486.2	c.1218G>A	Benign synonymous, SpliceAI<=0.1, PhastCons<1.0, PhyloP<0.1
ACD	NM_001082486.2	c.1207-4T>G	Benign synonymous, SpliceAI<=0.1, PhastCons<1.0
ACD	NM_001082486.2	c.1207-4T>A	Benign synonymous, SpliceAI<=0.1, PhastCons<1.0
ACD	NM_001082486.2	c.1207-10C>A	Benign synonymous, SpliceAI<=0.1, PhastCons<1.0
ACD	NM_001082486.2	c.987G>T	Benign synonymous, SpliceAI<=0.1, PhastCons<1.0, PhyloP<0.1
ACD	NM_001082486.2	c.987G>C	Benign synonymous, SpliceAI<=0.1, PhastCons<1.0, PhyloP<0.1
ACD	NM_001082486.2	c.987G>A	Benign synonymous, SpliceAI<=0.1, PhastCons<1.0, PhyloP<0.1
AIP	NM_003977.4	c.280-7C>A	Benign synonymous, SpliceAI<=0.1, PhastCons<1.0
AIP	NM_003977.4	c.280-7C>G	Benign synonymous, SpliceAI<=0.1, PhastCons<1.0
AIP	NM_003977.4	c.*2A>C	Benign synonymous, SpliceAI<=0.1, PhastCons<1.0, PhyloP<0.1
AIP	NM_003977.4	c.*2A>G	Benign synonymous, SpliceAI<=0.1, PhastCons<1.0, PhyloP<0.1
AIP	NM_003977.4	c.*2A>T	Benign synonymous, SpliceAI<=0.1, PhastCons<1.0, PhyloP<0.1
AIP	NM_003977.4	c.*6G>C	Benign synonymous, SpliceAI<=0.1, PhastCons<1.0
AIP	NM_003977.4	c.*6G>T	Benign synonymous, SpliceAI<=0.1, PhastCons<1.0
ALK	NM_004304.5	c.1129C>G	Benign synonymous, SpliceAI<=0.1, PhastCons<1.0
ALK	NM_004304.5	c.1129C>A	Benign synonymous, SpliceAI<=0.1, PhastCons<1.0
ALK	NM_004304.5	c.1111G>A	Likely_benign FAF >0.1%, REVEL <0.29, SpliceAI<=0.1
ALK	NM_004304.5	c.1110G>T	Benign synonymous, SpliceAI<=0.1, PhastCons<1.0
ALK	NM_004304.5	c.1110G>C	Benign synonymous, SpliceAI<=0.1, PhastCons<1.0
ALK	NM_004304.5	c.1107C>G	Benign synonymous, SpliceAI<=0.1, PhastCons<1.0
ALK	NM_004304.5	c.1107C>A	Benign synonymous, SpliceAI<=0.1, PhastCons<1.0
ALK	NM_004304.5	c.1092G>T	Benign synonymous, SpliceAI<=0.1, PhastCons<1.0
ALK	NM_004304.5	c.1092G>C	Benign synonymous, SpliceAI<=0.1, PhastCons<1.0
ALK	NM_004304.5	c.1083C>G	Benign synonymous, SpliceAI<=0.1, PhastCons<1.0
ALK	NM_004304.5	c.1083C>A	Benign synonymous, SpliceAI<=0.1, PhastCons<1.0
ALK	NM_004304.5	c.1059G>T	Benign synonymous, SpliceAI<=0.1, PhastCons<1.0
ALK	NM_004304.5	c.1059G>C	Benign synonymous, SpliceAI<=0.1, PhastCons<1.0
ALK	NM_004304.5	c.1039C>G	Benign synonymous, SpliceAI<=0.1, PhastCons<1.0
ALK	NM_004304.5	c.1039C>A	Benign synonymous, SpliceAI<=0.1, PhastCons<1.0
ALK	NM_004304.5	c.1035C>G	Benign synonymous, SpliceAI<=0.1, PhastCons<1.0
ALK	NM_004304.5	c.1035C>A	Benign synonymous, SpliceAI<=0.1, PhastCons<1.0
ALK	NM_004304.5	c.1029G>T	Benign synonymous, SpliceAI<=0.1, PhastCons<1.0
ALK	NM_004304.5	c.1029G>C	Benign synonymous, SpliceAI<=0.1, PhastCons<1.0
ALK	NM_004304.5	c.1026T>G	Benign synonymous, SpliceAI<=0.1, PhastCons<1.0
ALK	NM_004304.5	c.1026T>A	Benign synonymous, SpliceAI<=0.1, PhastCons<1.0
ALK	NM_004304.5	c.1017G>T	Benign synonymous, SpliceAI<=0.1, PhastCons<1.0
ALK	NM_004304.5	c.1017G>C	Benign synonymous, SpliceAI<=0.1, PhastCons<1.0
ALK	NM_004304.5	c.993C>G	Benign synonymous, SpliceAI<=0.1, PhastCons<1.0
ALK	NM_004304.5	c.993C>A	Benign synonymous, SpliceAI<=0.1, PhastCons<1.0
ALK	NM_004304.5	c.972C>G	Benign synonymous, SpliceAI<=0.1, PhastCons<1.0
ALK	NM_004304.5	c.972C>A	Benign synonymous, SpliceAI<=0.1, PhastCons<1.0
ALK	NM_004304.5	c.942G>T	Benign synonymous, SpliceAI<=0.1, PhastCons<1.0
ALK	NM_004304.5	c.942G>C	Benign synonymous, SpliceAI<=0.1, PhastCons<1.0
ALK	NM_004304.5	c.939G>T	Benign synonymous, SpliceAI<=0.1, PhastCons<1.0
ALK	NM_004304.5	c.939G>C	Benign synonymous, SpliceAI<=0.1, PhastCons<1.0
ALK	NM_004304.5	c.932G>A	Likely_benign FAF >0.1%, REVEL <0.29, SpliceAI<=0.1
ALK	NM_004304.5	c.930G>T	Benign synonymous, SpliceAI<=0.1, PhastCons<1.0
ALK	NM_004304.5	c.930G>C	Benign synonymous, SpliceAI<=0.1, PhastCons<1.0
ALK	NM_004304.5	c.915T>G	Benign synonymous, SpliceAI<=0.1, PhastCons<1.0
ALK	NM_004304.5	c.915T>A	Benign synonymous, SpliceAI<=0.1, PhastCons<1.0
ALK	NM_004304.5	c.910C>G	Benign synonymous, SpliceAI<=0.1, PhastCons<1.0
ALK	NM_004304.5	c.910C>A	Benign synonymous, SpliceAI<=0.1, PhastCons<1.0
ALK	NM_004304.5	c.909G>T	Benign synonymous, SpliceAI<=0.1, PhastCons<1.0
ALK	NM_004304.5	c.909G>C	Benign synonymous, SpliceAI<=0.1, PhastCons<1.0
ALK	NM_004304.5	c.907T>G	Benign synonymous, SpliceAI<=0.1, PhastCons<1.0
ALK	NM_004304.5	c.907T>A	Benign synonymous, SpliceAI<=0.1, PhastCons<1.0
ALK	NM_004304.5	c.852G>T	Benign synonymous, SpliceAI<=0.1, PhastCons<1.0
ALK	NM_004304.5	c.852G>C	Benign synonymous, SpliceAI<=0.1, PhastCons<1.0
ALK	NM_004304.5	c.850A>T	Benign synonymous, SpliceAI<=0.1, PhastCons<1.0
ALK	NM_004304.5	c.850A>G	Benign synonymous, SpliceAI<=0.1, PhastCons<1.0
ALK	NM_004304.5	c.846C>G	Benign synonymous, SpliceAI<=0.1, PhastCons<1.0
ALK	NM_004304.5	c.846C>A	Benign synonymous, SpliceAI<=0.1, PhastCons<1.0
ALK	NM_004304.5	c.843T>A	Benign synonymous, SpliceAI<=0.1, PhastCons<1.0
ALK	NM_004304.5	c.838C>G	Benign synonymous, SpliceAI<=0.1, PhastCons<1.0
ALK	NM_004304.5	c.838C>A	Benign synonymous, SpliceAI<=0.1, PhastCons<1.0
ALK	NM_004304.5	c.828T>G	Benign synonymous, SpliceAI<=0.1, PhastCons<1.0
ALK	NM_004304.5	c.828T>A	Benign synonymous, SpliceAI<=0.1, PhastCons<1.0
ALK	NM_004304.5	c.825G>T	Benign synonymous, SpliceAI<=0.1, PhastCons<1.0
ALK	NM_004304.5	c.825G>C	Benign synonymous, SpliceAI<=0.1, PhastCons<1.0
ALK	NM_004304.5	c.810C>G	Benign synonymous, SpliceAI<=0.1, PhastCons<1.0
ALK	NM_004304.5	c.810C>A	Benign synonymous, SpliceAI<=0.1, PhastCons<1.0
ALK	NM_004304.5	c.807C>G	Benign synonymous, SpliceAI<=0.1, PhastCons<1.0
ALK	NM_004304.5	c.807C>A	Benign synonymous, SpliceAI<=0.1, PhastCons<1.0
ALK	NM_004304.5	c.804T>G	Benign synonymous, SpliceAI<=0.1, PhastCons<1.0
ALK	NM_004304.5	c.804T>A	Benign synonymous, SpliceAI<=0.1, PhastCons<1.0
ALK	NM_004304.5	c.790C>G	Benign synonymous, SpliceAI<=0.1, PhastCons<1.0
ALK	NM_004304.5	c.790C>A	Benign synonymous, SpliceAI<=0.1, PhastCons<1.0
ALK	NM_004304.5	c.786T>G	Benign synonymous, SpliceAI<=0.1, PhastCons<1.0
ALK	NM_004304.5	c.786T>A	Benign synonymous, SpliceAI<=0.1, PhastCons<1.0
ALK	NM_004304.5	c.781C>T	Benign synonymous, SpliceAI<=0.1, PhastCons<1.0
ALK	NM_004304.5	c.781C>G	Benign synonymous, SpliceAI<=0.1, PhastCons<1.0
ALK	NM_004304.5	c.780C>G	Benign synonymous, SpliceAI<=0.1, PhastCons<1.0
ALK	NM_004304.5	c.780C>A	Benign synonymous, SpliceAI<=0.1, PhastCons<1.0
ALK	NM_004304.5	c.776G>A	Likely_benign FAF >0.1%, REVEL <0.29, SpliceAI<=0.1
ALK	NM_004304.5	c.759C>G	Benign synonymous, SpliceAI<=0.1, PhastCons<1.0
ALK	NM_004304.5	c.759C>A	Benign synonymous, SpliceAI<=0.1, PhastCons<1.0
ALK	NM_004304.5	c.753C>G	Benign synonymous, SpliceAI<=0.1, PhastCons<1.0
ALK	NM_004304.5	c.753C>A	Benign synonymous, SpliceAI<=0.1, PhastCons<1.0
ALK	NM_004304.5	c.723T>G	Benign synonymous, SpliceAI<=0.1, PhastCons<1.0
ALK	NM_004304.5	c.723T>A	Benign synonymous, SpliceAI<=0.1, PhastCons<1.0
ALK	NM_004304.5	c.720T>A	Benign synonymous, SpliceAI<=0.1, PhastCons<1.0
ALK	NM_004304.5	c.717T>G	Benign synonymous, SpliceAI<=0.1, PhastCons<1.0
ALK	NM_004304.5	c.717T>A	Benign synonymous, SpliceAI<=0.1, PhastCons<1.0
ALK	NM_004304.5	c.696C>G	Benign synonymous, SpliceAI<=0.1, PhastCons<1.0
ALK	NM_004304.5	c.696C>A	Benign synonymous, SpliceAI<=0.1, PhastCons<1.0
ALK	NM_004304.5	c.684A>T	Benign synonymous, SpliceAI<=0.1, PhastCons<1.0
ALK	NM_004304.5	c.684A>C	Benign synonymous, SpliceAI<=0.1, PhastCons<1.0
ALK	NM_004304.5	c.681G>T	Benign synonymous, SpliceAI<=0.1, PhastCons<1.0
ALK	NM_004304.5	c.681G>C	Benign synonymous, SpliceAI<=0.1, PhastCons<1.0
ALK	NM_004304.5	c.679T>G	Benign synonymous, SpliceAI<=0.1, PhastCons<1.0
ALK	NM_004304.5	c.679T>A	Benign synonymous, SpliceAI<=0.1, PhastCons<1.0
ALK	NM_004304.5	c.675C>G	Benign synonymous, SpliceAI<=0.1, PhastCons<1.0
ALK	NM_004304.5	c.675C>A	Benign synonymous, SpliceAI<=0.1, PhastCons<1.0
ALK	NM_004304.5	c.672T>G	Benign synonymous, SpliceAI<=0.1, PhastCons<1.0
ALK	NM_004304.5	c.672T>A	Benign synonymous, SpliceAI<=0.1, PhastCons<1.0
ALK	NM_004304.5	c.660C>G	Benign synonymous, SpliceAI<=0.1, PhastCons<1.0
ALK	NM_004304.5	c.660C>A	Benign synonymous, SpliceAI<=0.1, PhastCons<1.0
ALK	NM_004304.5	c.609G>T	Benign synonymous, SpliceAI<=0.1, PhastCons<1.0
ALK	NM_004304.5	c.609G>C	Benign synonymous, SpliceAI<=0.1, PhastCons<1.0
ALK	NM_004304.5	c.607A>T	Benign synonymous, SpliceAI<=0.1, PhastCons<1.0
ALK	NM_004304.5	c.607A>G	Benign synonymous, SpliceAI<=0.1, PhastCons<1.0
ALK	NM_004304.5	c.600A>T	Benign synonymous, SpliceAI<=0.1, PhastCons<1.0
ALK	NM_004304.5	c.600A>C	Benign synonymous, SpliceAI<=0.1, PhastCons<1.0
ALK	NM_004304.5	c.592G>A	Likely_benign FAF >0.1%, REVEL <0.29, SpliceAI<=0.1
ALK	NM_004304.5	c.558G>T	Benign synonymous, SpliceAI<=0.1, PhastCons<1.0
ALK	NM_004304.5	c.558G>C	Benign synonymous, SpliceAI<=0.1, PhastCons<1.0
ALK	NM_004304.5	c.550C>T	Benign synonymous, SpliceAI<=0.1, PhastCons<1.0
ALK	NM_004304.5	c.550C>G	Benign synonymous, SpliceAI<=0.1, PhastCons<1.0
ALK	NM_004304.5	c.546A>T	Benign synonymous, SpliceAI<=0.1, PhastCons<1.0
ALK	NM_004304.5	c.546A>C	Benign synonymous, SpliceAI<=0.1, PhastCons<1.0
ALK	NM_004304.5	c.540A>T	Benign synonymous, SpliceAI<=0.1, PhastCons<1.0
ALK	NM_004304.5	c.540A>C	Benign synonymous, SpliceAI<=0.1, PhastCons<1.0
ALK	NM_004304.5	c.513C>G	Benign synonymous, SpliceAI<=0.1, PhastCons<1.0
ALK	NM_004304.5	c.513C>A	Benign synonymous, SpliceAI<=0.1, PhastCons<1.0
ALK	NM_004304.5	c.493C>G	Benign synonymous, SpliceAI<=0.1, PhastCons<1.0
ALK	NM_004304.5	c.493C>A	Benign synonymous, SpliceAI<=0.1, PhastCons<1.0
ALK	NM_004304.5	c.487G>T	Likely_benign FAF >0.1%, REVEL <0.29, SpliceAI<=0.1
ALK	NM_004304.5	c.480G>T	Benign synonymous, SpliceAI<=0.1, PhastCons<1.0
ALK	NM_004304.5	c.480G>C	Benign synonymous, SpliceAI<=0.1, PhastCons<1.0
ALK	NM_004304.5	c.462C>G	Benign synonymous, SpliceAI<=0.1, PhastCons<1.0
ALK	NM_004304.5	c.462C>A	Benign synonymous, SpliceAI<=0.1, PhastCons<1.0
ALK	NM_004304.5	c.456G>T	Benign synonymous, SpliceAI<=0.1, PhastCons<1.0
ALK	NM_004304.5	c.456G>C	Benign synonymous, SpliceAI<=0.1, PhastCons<1.0
ALK	NM_004304.5	c.453G>T	Benign synonymous, SpliceAI<=0.1, PhastCons<1.0
ALK	NM_004304.5	c.453G>C	Benign synonymous, SpliceAI<=0.1, PhastCons<1.0
ALK	NM_004304.5	c.451T>G	Benign synonymous, SpliceAI<=0.1, PhastCons<1.0
ALK	NM_004304.5	c.451T>A	Benign synonymous, SpliceAI<=0.1, PhastCons<1.0
ALK	NM_004304.5	c.444G>T	Benign synonymous, SpliceAI<=0.1, PhastCons<1.0
ALK	NM_004304.5	c.444G>C	Benign synonymous, SpliceAI<=0.1, PhastCons<1.0
ALK	NM_004304.5	c.441G>T	Benign synonymous, SpliceAI<=0.1, PhastCons<1.0
ALK	NM_004304.5	c.441G>C	Benign synonymous, SpliceAI<=0.1, PhastCons<1.0
ALK	NM_004304.5	c.423G>T	Benign synonymous, SpliceAI<=0.1, PhastCons<1.0
ALK	NM_004304.5	c.423G>C	Benign synonymous, SpliceAI<=0.1, PhastCons<1.0
ALK	NM_004304.5	c.402G>T	Benign synonymous, SpliceAI<=0.1, PhastCons<1.0
ALK	NM_004304.5	c.402G>C	Benign synonymous, SpliceAI<=0.1, PhastCons<1.0
ALK	NM_004304.5	c.384G>T	Benign synonymous, SpliceAI<=0.1, PhastCons<1.0
ALK	NM_004304.5	c.384G>C	Benign synonymous, SpliceAI<=0.1, PhastCons<1.0
ALK	NM_004304.5	c.361C>T	Benign synonymous, SpliceAI<=0.1, PhastCons<1.0
ALK	NM_004304.5	c.361C>G	Benign synonymous, SpliceAI<=0.1, PhastCons<1.0
ALK	NM_004304.5	c.357G>T	Benign synonymous, SpliceAI<=0.1, PhastCons<1.0
ALK	NM_004304.5	c.357G>C	Benign synonymous, SpliceAI<=0.1, PhastCons<1.0
ALK	NM_004304.5	c.304C>A	Benign synonymous, SpliceAI<=0.1, PhastCons<1.0
ALK	NM_004304.5	c.303G>T	Benign synonymous, SpliceAI<=0.1, PhastCons<1.0
ALK	NM_004304.5	c.303G>C	Benign synonymous, SpliceAI<=0.1, PhastCons<1.0
ALK	NM_004304.5	c.301T>G	Benign synonymous, SpliceAI<=0.1, PhastCons<1.0
ALK	NM_004304.5	c.301T>A	Benign synonymous, SpliceAI<=0.1, PhastCons<1.0
ALK	NM_004304.5	c.300G>T	Benign synonymous, SpliceAI<=0.1, PhastCons<1.0
ALK	NM_004304.5	c.300G>C	Benign synonymous, SpliceAI<=0.1, PhastCons<1.0
ALK	NM_004304.5	c.298A>T	Benign synonymous, SpliceAI<=0.1, PhastCons<1.0
ALK	NM_004304.5	c.298A>G	Benign synonymous, SpliceAI<=0.1, PhastCons<1.0
ALK	NM_004304.5	c.292C>G	Benign synonymous, SpliceAI<=0.1, PhastCons<1.0
ALK	NM_004304.5	c.292C>A	Benign synonymous, SpliceAI<=0.1, PhastCons<1.0
ALK	NM_004304.5	c.285C>G	Benign synonymous, SpliceAI<=0.1, PhastCons<1.0
ALK	NM_004304.5	c.285C>A	Benign synonymous, SpliceAI<=0.1, PhastCons<1.0
ALK	NM_004304.5	c.282C>G	Benign synonymous, SpliceAI<=0.1, PhastCons<1.0
ALK	NM_004304.5	c.282C>A	Benign synonymous, SpliceAI<=0.1, PhastCons<1.0
ALK	NM_004304.5	c.277C>G	Benign synonymous, SpliceAI<=0.1, PhastCons<1.0
ALK	NM_004304.5	c.277C>A	Benign synonymous, SpliceAI<=0.1, PhastCons<1.0
ALK	NM_004304.5	c.271C>G	Benign synonymous, SpliceAI<=0.1, PhastCons<1.0
ALK	NM_004304.5	c.271C>A	Benign synonymous, SpliceAI<=0.1, PhastCons<1.0
ALK	NM_004304.5	c.258G>T	Benign synonymous, SpliceAI<=0.1, PhastCons<1.0
ALK	NM_004304.5	c.258G>C	Benign synonymous, SpliceAI<=0.1, PhastCons<1.0
ALK	NM_004304.5	c.252G>T	Benign synonymous, SpliceAI<=0.1, PhastCons<1.0
ALK	NM_004304.5	c.252G>C	Benign synonymous, SpliceAI<=0.1, PhastCons<1.0
ALK	NM_004304.5	c.250A>T	Benign synonymous, SpliceAI<=0.1, PhastCons<1.0
ALK	NM_004304.5	c.250A>G	Benign synonymous, SpliceAI<=0.1, PhastCons<1.0
ALK	NM_004304.5	c.243G>T	Benign synonymous, SpliceAI<=0.1, PhastCons<1.0
ALK	NM_004304.5	c.243G>C	Benign synonymous, SpliceAI<=0.1, PhastCons<1.0
ALK	NM_004304.5	c.238C>G	Benign synonymous, SpliceAI<=0.1, PhastCons<1.0
ALK	NM_004304.5	c.238C>A	Benign synonymous, SpliceAI<=0.1, PhastCons<1.0
ALK	NM_004304.5	c.237G>T	Benign synonymous, SpliceAI<=0.1, PhastCons<1.0
ALK	NM_004304.5	c.237G>C	Benign synonymous, SpliceAI<=0.1, PhastCons<1.0
ALK	NM_004304.5	c.210C>G	Benign synonymous, SpliceAI<=0.1, PhastCons<1.0
ALK	NM_004304.5	c.210C>A	Benign synonymous, SpliceAI<=0.1, PhastCons<1.0
ALK	NM_004304.5	c.201C>G	Benign synonymous, SpliceAI<=0.1, PhastCons<1.0
ALK	NM_004304.5	c.201C>A	Benign synonymous, SpliceAI<=0.1, PhastCons<1.0
ALK	NM_004304.5	c.192C>G	Benign synonymous, SpliceAI<=0.1, PhastCons<1.0
ALK	NM_004304.5	c.192C>A	Benign synonymous, SpliceAI<=0.1, PhastCons<1.0
ALK	NM_004304.5	c.174C>G	Benign synonymous, SpliceAI<=0.1, PhastCons<1.0
ALK	NM_004304.5	c.174C>A	Benign synonymous, SpliceAI<=0.1, PhastCons<1.0
ALK	NM_004304.5	c.140C>T	Likely_benign FAF >0.1%, REVEL <0.29, SpliceAI<=0.1
ALK	NM_004304.5	c.126G>T	Benign synonymous, SpliceAI<=0.1, PhastCons<1.0
ALK	NM_004304.5	c.126G>C	Benign synonymous, SpliceAI<=0.1, PhastCons<1.0
ALK	NM_004304.5	c.112C>G	Benign synonymous, SpliceAI<=0.1, PhastCons<1.0
ALK	NM_004304.5	c.112C>A	Benign synonymous, SpliceAI<=0.1, PhastCons<1.0
ALK	NM_004304.5	c.106C>T	Likely_benign FAF >0.1%, REVEL <0.29, SpliceAI<=0.1
ALK	NM_004304.5	c.81G>T	Benign synonymous, SpliceAI<=0.1, PhastCons<1.0
ALK	NM_004304.5	c.81G>C	Benign synonymous, SpliceAI<=0.1, PhastCons<1.0
ALK	NM_004304.5	c.37C>G	Benign synonymous, SpliceAI<=0.1, PhastCons<1.0
ALK	NM_004304.5	c.37C>A	Benign synonymous, SpliceAI<=0.1, PhastCons<1.0
ALK	NM_004304.5	c.34C>G	Benign synonymous, SpliceAI<=0.1, PhastCons<1.0
ALK	NM_004304.5	c.34C>A	Benign synonymous, SpliceAI<=0.1, PhastCons<1.0
ALK	NM_004304.5	c.28C>G	Benign synonymous, SpliceAI<=0.1, PhastCons<1.0
ALK	NM_004304.5	c.28C>A	Benign synonymous, SpliceAI<=0.1, PhastCons<1.0
ALK	NM_004304.5	c.19C>G	Benign synonymous, SpliceAI<=0.1, PhastCons<1.0
ALK	NM_004304.5	c.19C>A	Benign synonymous, SpliceAI<=0.1, PhastCons<1.0
ANKRD26	NM_014915.2	c.641G>T	Benign synonymous, SpliceAI<=0.1, PhastCons<1.0, PhyloP<0.1
ANKRD26	NM_014915.2	c.641G>C	Benign synonymous, SpliceAI<=0.1, PhastCons<1.0, PhyloP<0.1
ANKRD26	NM_014915.2	c.641G>A	Benign synonymous, SpliceAI<=0.1, PhastCons<1.0, PhyloP<0.1
ATM	NM_000051.3	c.4800A>C	Benign synonymous, SpliceAI<=0.1, PhastCons<1.0
ATM	NM_000051.3	c.4801A>C	Benign synonymous, SpliceAI<=0.1, PhastCons<1.0
ATM	NM_000051.3	c.4801A>T	Benign synonymous, SpliceAI<=0.1, PhastCons<1.0
BAP1	NM_004656.4	c.672C>A	Benign synonymous, SpliceAI<=0.1, PhastCons<1.0
BAP1	NM_004656.4	c.663G>T	Benign synonymous, SpliceAI<=0.1, PhastCons<1.0
BAP1	NM_004656.4	c.663G>C	Benign synonymous, SpliceAI<=0.1, PhastCons<1.0
BARD1	NM_000465.4	c.1839A>T	Benign synonymous, SpliceAI<=0.1, PhastCons<1.0, PhyloP<0.1
BARD1	NM_000465.4	c.1839A>G	Benign synonymous, SpliceAI<=0.1, PhastCons<1.0, PhyloP<0.1
BARD1	NM_000465.4	c.1839A>C	Benign synonymous, SpliceAI<=0.1, PhastCons<1.0, PhyloP<0.1
BARD1	NM_000465.4	c.1569T>G	Benign synonymous, SpliceAI<=0.1, PhastCons<1.0
BARD1	NM_000465.4	c.1569T>A	Benign synonymous, SpliceAI<=0.1, PhastCons<1.0
BARD1	NM_000465.4	c.1395+4G>T	Benign synonymous, SpliceAI<=0.1, PhastCons<1.0, PhyloP<0.1
BARD1	NM_000465.4	c.1395+4G>C	Benign synonymous, SpliceAI<=0.1, PhastCons<1.0, PhyloP<0.1
BARD1	NM_000465.4	c.1395+4G>A	Benign synonymous, SpliceAI<=0.1, PhastCons<1.0, PhyloP<0.1
BARD1	NM_000465.4	c.908T>G	Benign synonymous, SpliceAI<=0.1, PhastCons<1.0, PhyloP<0.1
BARD1	NM_000465.4	c.908T>C	Benign synonymous, SpliceAI<=0.1, PhastCons<1.0, PhyloP<0.1
BARD1	NM_000465.4	c.908T>A	Benign synonymous, SpliceAI<=0.1, PhastCons<1.0, PhyloP<0.1
BARD1	NM_000465.4	c.907G>T	Benign synonymous, SpliceAI<=0.1, PhastCons<1.0, PhyloP<0.1
BARD1	NM_000465.4	c.907G>C	Benign synonymous, SpliceAI<=0.1, PhastCons<1.0, PhyloP<0.1
BARD1	NM_000465.4	c.907G>A	Benign synonymous, SpliceAI<=0.1, PhastCons<1.0, PhyloP<0.1
BARD1	NM_000465.4	c.156T>C	Benign synonymous, SpliceAI<=0.1, PhastCons<1.0, PhyloP<0.1
BARD1	NM_000465.4	c.156T>A	Benign synonymous, SpliceAI<=0.1, PhastCons<1.0, PhyloP<0.1
BMPR1A	NM_004329.2	c.1041A>C	Benign synonymous, SpliceAI<=0.1, PhastCons<1.0, PhyloP<0.1
BMPR1A	NM_004329.2	c.1041A>G	Benign synonymous, SpliceAI<=0.1, PhastCons<1.0, PhyloP<0.1
BMPR1A	NM_004329.2	c.1041A>T	Benign synonymous, SpliceAI<=0.1, PhastCons<1.0, PhyloP<0.1
BMPR1A	NM_004329.2	c.1503A>G	Benign synonymous, SpliceAI<=0.1, PhastCons<1.0
BMPR1A	NM_004329.2	c.1503A>T	Benign synonymous, SpliceAI<=0.1, PhastCons<1.0
BRCA1	NM_007294.4	c.5485G>T	Benign synonymous, SpliceAI<=0.1, PhastCons<1.0
BRCA1	NM_007294.4	c.5485G>C	Benign synonymous, SpliceAI<=0.1, PhastCons<1.0
BRCA1	NM_007294.4	c.5480T>G	Benign synonymous, SpliceAI<=0.1, PhastCons<1.0
BRCA1	NM_007294.4	c.5480T>A	Benign synonymous, SpliceAI<=0.1, PhastCons<1.0
BRCA1	NM_007294.4	c.5471T>A	Benign synonymous, SpliceAI<=0.1, PhastCons<1.0
BRCA1	NM_007294.4	c.5468C>G	Benign synonymous, SpliceAI<=0.1, PhastCons<1.0
BRCA1	NM_007294.4	c.5468C>A	Benign synonymous, SpliceAI<=0.1, PhastCons<1.0
BRCA1	NM_007294.4	c.5456A>T	Benign synonymous, SpliceAI<=0.1, PhastCons<1.0
BRCA1	NM_007294.4	c.5456A>C	Benign synonymous, SpliceAI<=0.1, PhastCons<1.0
BRCA1	NM_007294.4	c.5448A>T	Benign synonymous, SpliceAI<=0.1, PhastCons<1.0
BRCA1	NM_007294.4	c.5448A>G	Benign synonymous, SpliceAI<=0.1, PhastCons<1.0
BRCA1	NM_007294.4	c.5447C>G	Benign synonymous, SpliceAI<=0.1, PhastCons<1.0
BRCA1	NM_007294.4	c.5447C>A	Benign synonymous, SpliceAI<=0.1, PhastCons<1.0
BRCA1	NM_007294.4	c.5438A>T	Benign synonymous, SpliceAI<=0.1, PhastCons<1.0
BRCA1	NM_007294.4	c.5438A>C	Benign synonymous, SpliceAI<=0.1, PhastCons<1.0
BRCA1	NM_007294.4	c.5436A>T	Benign synonymous, SpliceAI<=0.1, PhastCons<1.0
BRCA1	NM_007294.4	c.5436A>G	Benign synonymous, SpliceAI<=0.1, PhastCons<1.0
BRCA1	NM_007294.4	c.5429T>G	Benign synonymous, SpliceAI<=0.1, PhastCons<1.0
BRCA1	NM_007294.4	c.5429T>A	Benign synonymous, SpliceAI<=0.1, PhastCons<1.0
BRCA1	NM_007294.4	c.5423T>A	Benign synonymous, SpliceAI<=0.1, PhastCons<1.0
BRCA1	NM_007294.4	c.5420T>G	Benign synonymous, SpliceAI<=0.1, PhastCons<1.0
BRCA1	NM_007294.4	c.5420T>A	Benign synonymous, SpliceAI<=0.1, PhastCons<1.0
BRCA1	NM_007294.4	c.5411T>G	Benign synonymous, SpliceAI<=0.1, PhastCons<1.0
BRCA1	NM_007294.4	c.5411T>A	Benign synonymous, SpliceAI<=0.1, PhastCons<1.0
BRCA2	NM_000059.3	c.9003A>C	Benign synonymous, SpliceAI<=0.1, PhastCons<1.0, PhyloP<0.1
BRCA2	NM_000059.3	c.9003A>G	Benign synonymous, SpliceAI<=0.1, PhastCons<1.0, PhyloP<0.1
BRCA2	NM_000059.3	c.9003A>T	Benign synonymous, SpliceAI<=0.1, PhastCons<1.0, PhyloP<0.1
BRCA2	NM_000059.3	c.9710G>A	Benign synonymous, SpliceAI<=0.1, PhastCons<1.0, PhyloP<0.1
BRCA2	NM_000059.3	c.9713A>C	Benign synonymous, SpliceAI<=0.1, PhastCons<1.0
BRCA2	NM_000059.3	c.9719T>A	Benign synonymous, SpliceAI<=0.1, PhastCons<1.0
BRCA2	NM_000059.3	c.9722C>A	Benign synonymous, SpliceAI<=0.1, PhastCons<1.0
BRCA2	NM_000059.3	c.9722C>G	Benign synonymous, SpliceAI<=0.1, PhastCons<1.0
BRCA2	NM_000059.3	c.9725C>A	Benign synonymous, SpliceAI<=0.1, PhastCons<1.0
BRCA2	NM_000059.3	c.9725C>G	Benign synonymous, SpliceAI<=0.1, PhastCons<1.0
BRCA2	NM_000059.3	c.9731T>A	Benign synonymous, SpliceAI<=0.1, PhastCons<1.0
BRCA2	NM_000059.3	c.9731T>G	Benign synonymous, SpliceAI<=0.1, PhastCons<1.0
BRCA2	NM_000059.3	c.9737C>A	Benign synonymous, SpliceAI<=0.1, PhastCons<1.0
BRCA2	NM_000059.3	c.9743T>A	Benign synonymous, SpliceAI<=0.1, PhastCons<1.0
BRCA2	NM_000059.3	c.9743T>G	Benign synonymous, SpliceAI<=0.1, PhastCons<1.0
BRCA2	NM_000059.3	c.9746C>A	Benign synonymous, SpliceAI<=0.1, PhastCons<1.0
BRCA2	NM_000059.3	c.9746C>G	Benign synonymous, SpliceAI<=0.1, PhastCons<1.0
BRCA2	NM_000059.3	c.9749C>A	Benign synonymous, SpliceAI<=0.1, PhastCons<1.0
BRCA2	NM_000059.3	c.9749C>G	Benign synonymous, SpliceAI<=0.1, PhastCons<1.0
BRCA2	NM_000059.3	c.9752A>C	Benign synonymous, SpliceAI<=0.1, PhastCons<1.0
BRCA2	NM_000059.3	c.9752A>T	Benign synonymous, SpliceAI<=0.1, PhastCons<1.0
BRCA2	NM_000059.3	c.9756T>A	Benign synonymous, SpliceAI<=0.1, PhastCons<1.0
BRCA2	NM_000059.3	c.9756T>G	Benign synonymous, SpliceAI<=0.1, PhastCons<1.0
BRCA2	NM_000059.3	c.9758G>C	Benign synonymous, SpliceAI<=0.1, PhastCons<1.0
BRCA2	NM_000059.3	c.9758G>T	Benign synonymous, SpliceAI<=0.1, PhastCons<1.0
BRCA2	NM_000059.3	c.9760A>C	Benign synonymous, SpliceAI<=0.1, PhastCons<1.0
BRCA2	NM_000059.3	c.9760A>T	Benign synonymous, SpliceAI<=0.1, PhastCons<1.0
BRCA2	NM_000059.3	c.9761A>C	Benign synonymous, SpliceAI<=0.1, PhastCons<1.0
BRCA2	NM_000059.3	c.9761A>T	Benign synonymous, SpliceAI<=0.1, PhastCons<1.0
BUB1B	NM_001211.5	c.34A>G	Benign synonymous, SpliceAI<=0.1, PhastCons<1.0
BUB1B	NM_001211.5	c.977A>C	Benign synonymous, SpliceAI<=0.1, PhastCons<1.0
BUB1B	NM_001211.5	c.977A>T	Benign synonymous, SpliceAI<=0.1, PhastCons<1.0
BUB1B	NM_001211.5	c.980C>A	Benign synonymous, SpliceAI<=0.1, PhastCons<1.0
BUB1B	NM_001211.5	c.980C>G	Benign synonymous, SpliceAI<=0.1, PhastCons<1.0
BUB1B	NM_001211.5	c.983C>A	Benign synonymous, SpliceAI<=0.1, PhastCons<1.0
BUB1B	NM_001211.5	c.983C>G	Benign synonymous, SpliceAI<=0.1, PhastCons<1.0
BUB1B	NM_001211.5	c.986C>A	Benign synonymous, SpliceAI<=0.1, PhastCons<1.0
BUB1B	NM_001211.5	c.986C>G	Benign synonymous, SpliceAI<=0.1, PhastCons<1.0
BUB1B	NM_001211.5	c.992T>A	Benign synonymous, SpliceAI<=0.1, PhastCons<1.0
BUB1B	NM_001211.5	c.992T>G	Benign synonymous, SpliceAI<=0.1, PhastCons<1.0
BUB1B	NM_001211.5	c.995C>A	Benign synonymous, SpliceAI<=0.1, PhastCons<1.0
BUB1B	NM_001211.5	c.995C>G	Benign synonymous, SpliceAI<=0.1, PhastCons<1.0
BUB1B	NM_001211.5	c.998T>A	Benign synonymous, SpliceAI<=0.1, PhastCons<1.0
BUB1B	NM_001211.5	c.998T>G	Benign synonymous, SpliceAI<=0.1, PhastCons<1.0
BUB1B	NM_001211.5	c.1007T>A	Benign synonymous, SpliceAI<=0.1, PhastCons<1.0
BUB1B	NM_001211.5	c.1007T>G	Benign synonymous, SpliceAI<=0.1, PhastCons<1.0
BUB1B	NM_001211.5	c.1016G>C	Benign synonymous, SpliceAI<=0.1, PhastCons<1.0
BUB1B	NM_001211.5	c.1016G>T	Benign synonymous, SpliceAI<=0.1, PhastCons<1.0
BUB1B	NM_001211.5	c.1022C>A	Benign synonymous, SpliceAI<=0.1, PhastCons<1.0
BUB1B	NM_001211.5	c.1022C>G	Benign synonymous, SpliceAI<=0.1, PhastCons<1.0
BUB1B	NM_001211.5	c.1055T>A	Benign synonymous, SpliceAI<=0.1, PhastCons<1.0
BUB1B	NM_001211.5	c.1289-13T>A	Benign synonymous, SpliceAI<=0.1, PhastCons<1.0
BUB1B	NM_001211.5	c.1289-13T>G	Benign synonymous, SpliceAI<=0.1, PhastCons<1.0
BUB1B	NM_001211.5	c.1289-11A>C	Benign synonymous, SpliceAI<=0.1, PhastCons<1.0
BUB1B	NM_001211.5	c.1289-11A>T	Benign synonymous, SpliceAI<=0.1, PhastCons<1.0
BUB1B	NM_001211.5	c.1289-10C>A	Benign synonymous, SpliceAI<=0.1, PhastCons<1.0
BUB1B	NM_001211.5	c.1289-5T>G	Benign synonymous, SpliceAI<=0.1, PhastCons<1.0
BUB1B	NM_001211.5	c.1289-4C>A	Benign synonymous, SpliceAI<=0.1, PhastCons<1.0
BUB1B	NM_001211.5	c.1289-4C>G	Benign synonymous, SpliceAI<=0.1, PhastCons<1.0
BUB1B	NM_001211.5	c.1568-4C>A	Benign synonymous, SpliceAI<=0.1, PhastCons<1.0
BUB1B	NM_001211.5	c.1568-4C>G	Benign synonymous, SpliceAI<=0.1, PhastCons<1.0
CASR	NM_001178065.2	c.1609-2A>C	Benign synonymous, SpliceAI<=0.1, PhastCons<1.0, PhyloP<0.1
CASR	NM_001178065.2	c.1609-2A>G	Benign synonymous, SpliceAI<=0.1, PhastCons<1.0, PhyloP<0.1
CASR	NM_001178065.2	c.1609-2A>T	Benign synonymous, SpliceAI<=0.1, PhastCons<1.0, PhyloP<0.1
CASR	NM_001178065.2	c.1609-1G>A	Benign synonymous, SpliceAI<=0.1, PhastCons<1.0, PhyloP<0.1
CASR	NM_001178065.2	c.1609-1G>C	Benign synonymous, SpliceAI<=0.1, PhastCons<1.0, PhyloP<0.1
CASR	NM_001178065.2	c.1609-1G>T	Benign synonymous, SpliceAI<=0.1, PhastCons<1.0, PhyloP<0.1
CASR	NM_001178065.2	c.1620T>A	Benign synonymous, SpliceAI<=0.1, PhastCons<1.0
CASR	NM_001178065.2	c.1620T>G	Benign synonymous, SpliceAI<=0.1, PhastCons<1.0
CASR	NM_001178065.2	c.1624C>A	Benign synonymous, SpliceAI<=0.1, PhastCons<1.0
CASR	NM_001178065.2	c.1624C>G	Benign synonymous, SpliceAI<=0.1, PhastCons<1.0
CBL	NM_005188.4	c.2577T>A	Benign synonymous, SpliceAI<=0.1, PhastCons<1.0, PhyloP<0.1
CBL	NM_005188.4	c.2577T>C	Benign synonymous, SpliceAI<=0.1, PhastCons<1.0, PhyloP<0.1
CDKN1A	NM_000389.5	c.183T>A	Benign synonymous, SpliceAI<=0.1, PhastCons<1.0, PhyloP<0.1
CDKN1A	NM_000389.5	c.183T>C	Benign synonymous, SpliceAI<=0.1, PhastCons<1.0, PhyloP<0.1
CDKN1A	NM_000389.5	c.183T>G	Benign synonymous, SpliceAI<=0.1, PhastCons<1.0, PhyloP<0.1
CDKN2A	NM_000077.4	c.*5A>T	Benign synonymous, SpliceAI<=0.1, PhastCons<1.0
CDKN2A	NM_000077.4	c.*5A>C	Benign synonymous, SpliceAI<=0.1, PhastCons<1.0
CDKN2A	NM_000077.4	c.*2A>T	Benign synonymous, SpliceAI<=0.1, PhastCons<1.0
CDKN2A	NM_000077.4	c.*2A>C	Benign synonymous, SpliceAI<=0.1, PhastCons<1.0
CDKN2A	NM_000077.4	c.470G>T	Benign synonymous, SpliceAI<=0.1, PhastCons<1.0
CDKN2A	NM_000077.4	c.470G>C	Benign synonymous, SpliceAI<=0.1, PhastCons<1.0
CDKN2A	NM_000077.4	c.468T>G	Benign synonymous, SpliceAI<=0.1, PhastCons<1.0
CDKN2A	NM_000077.4	c.468T>A	Benign synonymous, SpliceAI<=0.1, PhastCons<1.0
CDKN2A	NM_000077.4	c.465C>T	Benign synonymous, SpliceAI<=0.1, PhastCons<1.0
CDKN2A	NM_000077.4	c.465C>G	Benign synonymous, SpliceAI<=0.1, PhastCons<1.0
CDKN2A	NM_000077.4	c.461T>A	Benign synonymous, SpliceAI<=0.1, PhastCons<1.0
CDKN2A	NM_000077.4	c.384G>T	Benign synonymous, SpliceAI<=0.1, PhastCons<1.0, PhyloP<0.1
CDKN2A	NM_000077.4	c.384G>C	Benign synonymous, SpliceAI<=0.1, PhastCons<1.0, PhyloP<0.1
CDKN2A	NM_000077.4	c.384G>A	Benign synonymous, SpliceAI<=0.1, PhastCons<1.0, PhyloP<0.1
CDKN2A	NM_000077.4	c.382C>T	Benign synonymous, SpliceAI<=0.1, PhastCons<1.0
CEBPA	NM_004364.4	c.1076G>T	Benign synonymous, SpliceAI<=0.1, PhastCons<1.0
CEBPA	NM_004364.4	c.1076G>C	Benign synonymous, SpliceAI<=0.1, PhastCons<1.0
CEBPA	NM_004364.4	c.936G>T	Benign synonymous, SpliceAI<=0.1, PhastCons<1.0
CEBPA	NM_004364.4	c.936G>C	Benign synonymous, SpliceAI<=0.1, PhastCons<1.0
CEBPA	NM_004364.4	c.819G>T	Benign synonymous, SpliceAI<=0.1, PhastCons<1.0
CEBPA	NM_004364.4	c.819G>C	Benign synonymous, SpliceAI<=0.1, PhastCons<1.0
CEBPA	NM_004364.4	c.811G>C	Likely_benign FAF >0.1%, REVEL <0.29, SpliceAI<=0.1
CEBPA	NM_004364.4	c.807C>G	Benign synonymous, SpliceAI<=0.1, PhastCons<1.0
CEBPA	NM_004364.4	c.807C>A	Benign synonymous, SpliceAI<=0.1, PhastCons<1.0
CEBPA	NM_004364.4	c.798T>G	Benign synonymous, SpliceAI<=0.1, PhastCons<1.0
CEBPA	NM_004364.4	c.798T>A	Benign synonymous, SpliceAI<=0.1, PhastCons<1.0
CEBPA	NM_004364.4	c.766C>G	Benign synonymous, SpliceAI<=0.1, PhastCons<1.0
CEBPA	NM_004364.4	c.766C>A	Benign synonymous, SpliceAI<=0.1, PhastCons<1.0
CEBPA	NM_004364.4	c.762G>T	Benign synonymous, SpliceAI<=0.1, PhastCons<1.0
CEBPA	NM_004364.4	c.762G>C	Benign synonymous, SpliceAI<=0.1, PhastCons<1.0
CEBPA	NM_004364.4	c.753C>G	Benign synonymous, SpliceAI<=0.1, PhastCons<1.0
CEBPA	NM_004364.4	c.753C>A	Benign synonymous, SpliceAI<=0.1, PhastCons<1.0
CEBPA	NM_004364.4	c.667G>A	Likely_benign FAF >0.1%, REVEL <0.29, SpliceAI<=0.1
CEBPA	NM_004364.4	c.601C>G	Benign synonymous, SpliceAI<=0.1, PhastCons<1.0
CEBPA	NM_004364.4	c.601C>A	Benign synonymous, SpliceAI<=0.1, PhastCons<1.0
CEBPA	NM_004364.4	c.600C>G	Benign synonymous, SpliceAI<=0.1, PhastCons<1.0
CEBPA	NM_004364.4	c.600C>A	Benign synonymous, SpliceAI<=0.1, PhastCons<1.0
CEBPA	NM_004364.4	c.573C>G	Benign synonymous, SpliceAI<=0.1, PhastCons<1.0
CEBPA	NM_004364.4	c.573C>A	Benign synonymous, SpliceAI<=0.1, PhastCons<1.0
CEBPA	NM_004364.4	c.517C>G	Benign synonymous, SpliceAI<=0.1, PhastCons<1.0
CEBPA	NM_004364.4	c.517C>A	Benign synonymous, SpliceAI<=0.1, PhastCons<1.0
CEBPA	NM_004364.4	c.507A>T	Benign synonymous, SpliceAI<=0.1, PhastCons<1.0
CEBPA	NM_004364.4	c.507A>C	Benign synonymous, SpliceAI<=0.1, PhastCons<1.0
CEBPA	NM_004364.4	c.486G>T	Benign synonymous, SpliceAI<=0.1, PhastCons<1.0
CEBPA	NM_004364.4	c.486G>C	Benign synonymous, SpliceAI<=0.1, PhastCons<1.0
CEBPA	NM_004364.4	c.472C>G	Benign synonymous, SpliceAI<=0.1, PhastCons<1.0
CEBPA	NM_004364.4	c.472C>A	Benign synonymous, SpliceAI<=0.1, PhastCons<1.0
CEBPA	NM_004364.4	c.444G>T	Benign synonymous, SpliceAI<=0.1, PhastCons<1.0
CEBPA	NM_004364.4	c.444G>C	Benign synonymous, SpliceAI<=0.1, PhastCons<1.0
CEBPA	NM_004364.4	c.436C>G	Benign synonymous, SpliceAI<=0.1, PhastCons<1.0
CEBPA	NM_004364.4	c.436C>A	Benign synonymous, SpliceAI<=0.1, PhastCons<1.0
CEBPA	NM_004364.4	c.426G>T	Benign synonymous, SpliceAI<=0.1, PhastCons<1.0
CEBPA	NM_004364.4	c.426G>C	Benign synonymous, SpliceAI<=0.1, PhastCons<1.0
CEBPA	NM_004364.4	c.399C>G	Benign synonymous, SpliceAI<=0.1, PhastCons<1.0
CEBPA	NM_004364.4	c.399C>A	Benign synonymous, SpliceAI<=0.1, PhastCons<1.0
CEBPA	NM_004364.4	c.388G>A	Likely_benign FAF >0.1%, REVEL <0.29, SpliceAI<=0.1
CEBPA	NM_004364.4	c.375C>G	Benign synonymous, SpliceAI<=0.1, PhastCons<1.0
CEBPA	NM_004364.4	c.375C>A	Benign synonymous, SpliceAI<=0.1, PhastCons<1.0
CEBPA	NM_004364.4	c.324C>G	Benign synonymous, SpliceAI<=0.1, PhastCons<1.0
CEBPA	NM_004364.4	c.324C>A	Benign synonymous, SpliceAI<=0.1, PhastCons<1.0
CEBPA	NM_004364.4	c.315C>G	Benign synonymous, SpliceAI<=0.1, PhastCons<1.0
CEBPA	NM_004364.4	c.315C>A	Benign synonymous, SpliceAI<=0.1, PhastCons<1.0
CEBPA	NM_004364.4	c.276G>T	Benign synonymous, SpliceAI<=0.1, PhastCons<1.0
CEBPA	NM_004364.4	c.276G>C	Benign synonymous, SpliceAI<=0.1, PhastCons<1.0
CEBPA	NM_004364.4	c.267G>T	Benign synonymous, SpliceAI<=0.1, PhastCons<1.0
CEBPA	NM_004364.4	c.267G>C	Benign synonymous, SpliceAI<=0.1, PhastCons<1.0
CEBPA	NM_004364.4	c.264G>T	Benign synonymous, SpliceAI<=0.1, PhastCons<1.0
CEBPA	NM_004364.4	c.264G>C	Benign synonymous, SpliceAI<=0.1, PhastCons<1.0
CEBPA	NM_004364.4	c.184A>G	Likely_benign FAF >0.1%, REVEL <0.29, SpliceAI<=0.1
CEBPA	NM_004364.4	c.171G>T	Benign synonymous, SpliceAI<=0.1, PhastCons<1.0
CEBPA	NM_004364.4	c.171G>C	Benign synonymous, SpliceAI<=0.1, PhastCons<1.0
CEBPA	NM_004364.4	c.150G>T	Benign synonymous, SpliceAI<=0.1, PhastCons<1.0
CEBPA	NM_004364.4	c.150G>C	Benign synonymous, SpliceAI<=0.1, PhastCons<1.0
CEBPA	NM_004364.4	c.123G>T	Benign synonymous, SpliceAI<=0.1, PhastCons<1.0
CEBPA	NM_004364.4	c.123G>C	Benign synonymous, SpliceAI<=0.1, PhastCons<1.0
CEBPA	NM_004364.4	c.99T>G	Benign synonymous, SpliceAI<=0.1, PhastCons<1.0
CEBPA	NM_004364.4	c.99T>A	Benign synonymous, SpliceAI<=0.1, PhastCons<1.0
CEBPA	NM_004364.4	c.63C>G	Benign synonymous, SpliceAI<=0.1, PhastCons<1.0
CEBPA	NM_004364.4	c.63C>A	Benign synonymous, SpliceAI<=0.1, PhastCons<1.0
CEBPA	NM_004364.4	c.60G>T	Benign synonymous, SpliceAI<=0.1, PhastCons<1.0
CEBPA	NM_004364.4	c.60G>C	Benign synonymous, SpliceAI<=0.1, PhastCons<1.0
CEBPA	NM_004364.4	c.54C>G	Benign synonymous, SpliceAI<=0.1, PhastCons<1.0
CEBPA	NM_004364.4	c.54C>A	Benign synonymous, SpliceAI<=0.1, PhastCons<1.0
CEBPA	NM_004364.4	c.30G>T	Benign synonymous, SpliceAI<=0.1, PhastCons<1.0
CEBPA	NM_004364.4	c.30G>C	Benign synonymous, SpliceAI<=0.1, PhastCons<1.0
CHEK2	NM_007194.4	c.1532T>G	Benign synonymous, SpliceAI<=0.1, PhastCons<1.0, PhyloP<0.1
CHEK2	NM_007194.4	c.1532T>C	Benign synonymous, SpliceAI<=0.1, PhastCons<1.0, PhyloP<0.1
CHEK2	NM_007194.4	c.1532T>A	Benign synonymous, SpliceAI<=0.1, PhastCons<1.0, PhyloP<0.1
CHEK2	NM_007194.4	c.1531G>T	Benign synonymous, SpliceAI<=0.1, PhastCons<1.0, PhyloP<0.1
CHEK2	NM_007194.4	c.1531G>C	Benign synonymous, SpliceAI<=0.1, PhastCons<1.0, PhyloP<0.1
CHEK2	NM_007194.4	c.1531G>A	Benign synonymous, SpliceAI<=0.1, PhastCons<1.0, PhyloP<0.1
CTNNA1	NM_001903.5	c.1338T>A	Benign synonymous, SpliceAI<=0.1, PhastCons<1.0, PhyloP<0.1
CTNNA1	NM_001903.5	c.1338T>C	Benign synonymous, SpliceAI<=0.1, PhastCons<1.0, PhyloP<0.1
CTNNA1	NM_001903.5	c.1338T>G	Benign synonymous, SpliceAI<=0.1, PhastCons<1.0, PhyloP<0.1
DDX41	NM_016222.4	c.1734A>T	Benign synonymous, SpliceAI<=0.1, PhastCons<1.0, PhyloP<0.1
DDX41	NM_016222.4	c.1734A>G	Benign synonymous, SpliceAI<=0.1, PhastCons<1.0, PhyloP<0.1
DDX41	NM_016222.4	c.1734A>C	Benign synonymous, SpliceAI<=0.1, PhastCons<1.0, PhyloP<0.1
DDX41	NM_016222.4	c.799-6C>G	Benign synonymous, SpliceAI<=0.1, PhastCons<1.0
DDX41	NM_016222.4	c.799-6C>A	Benign synonymous, SpliceAI<=0.1, PhastCons<1.0
DDX41	NM_016222.4	c.799-7C>G	Benign synonymous, SpliceAI<=0.1, PhastCons<1.0
DDX41	NM_016222.4	c.571+5T>G	Benign synonymous, SpliceAI<=0.1, PhastCons<1.0, PhyloP<0.1
DDX41	NM_016222.4	c.571+5T>C	Benign synonymous, SpliceAI<=0.1, PhastCons<1.0, PhyloP<0.1
DDX41	NM_016222.4	c.571+5T>A	Benign synonymous, SpliceAI<=0.1, PhastCons<1.0, PhyloP<0.1
DGCR8	NM_022720.7	c.1953T>A	Benign synonymous, SpliceAI<=0.1, PhastCons<1.0, PhyloP<0.1
DGCR8	NM_022720.7	c.1953T>C	Benign synonymous, SpliceAI<=0.1, PhastCons<1.0, PhyloP<0.1
DICER1	NM_030621.4	c.5563C>G	Benign synonymous, SpliceAI<=0.1, PhastCons<1.0
DICER1	NM_030621.4	c.5563C>A	Benign synonymous, SpliceAI<=0.1, PhastCons<1.0
DICER1	NM_030621.4	c.307+5T>G	Benign synonymous, SpliceAI<=0.1, PhastCons<1.0
DICER1	NM_030621.4	c.307+5T>A	Benign synonymous, SpliceAI<=0.1, PhastCons<1.0
DIS3L2	NM_152383.4	c.954G>A	Benign synonymous, SpliceAI<=0.1, PhastCons<1.0, PhyloP<0.1
DIS3L2	NM_152383.4	c.954G>C	Benign synonymous, SpliceAI<=0.1, PhastCons<1.0, PhyloP<0.1
DIS3L2	NM_152383.4	c.954G>T	Benign synonymous, SpliceAI<=0.1, PhastCons<1.0, PhyloP<0.1
DIS3L2	NM_152383.4	c.1047A>C	Benign synonymous, SpliceAI<=0.1, PhastCons<1.0, PhyloP<0.1
DIS3L2	NM_152383.4	c.1047A>G	Benign synonymous, SpliceAI<=0.1, PhastCons<1.0, PhyloP<0.1
DIS3L2	NM_152383.4	c.1047A>T	Benign synonymous, SpliceAI<=0.1, PhastCons<1.0, PhyloP<0.1
DIS3L2	NM_152383.4	c.2011-13T>A	Benign synonymous, SpliceAI<=0.1, PhastCons<1.0
DKC1	NM_001363.5	c.567A>C	Benign synonymous, SpliceAI<=0.1, PhastCons<1.0, PhyloP<0.1
DKC1	NM_001363.5	c.567A>G	Benign synonymous, SpliceAI<=0.1, PhastCons<1.0, PhyloP<0.1
DKC1	NM_001363.5	c.567A>T	Benign synonymous, SpliceAI<=0.1, PhastCons<1.0, PhyloP<0.1
DKC1	NM_001363.5	c.641-4T>A	Benign synonymous, SpliceAI<=0.1, PhastCons<1.0
DKC1	NM_001363.5	c.641-4T>G	Benign synonymous, SpliceAI<=0.1, PhastCons<1.0
DKC1	NM_001363.5	c.1245G>A	Benign synonymous, SpliceAI<=0.1, PhastCons<1.0, PhyloP<0.1
DKC1	NM_001363.5	c.1245G>C	Benign synonymous, SpliceAI<=0.1, PhastCons<1.0, PhyloP<0.1
DKC1	NM_001363.5	c.1245G>T	Benign synonymous, SpliceAI<=0.1, PhastCons<1.0, PhyloP<0.1
DKC1	NM_001363.5	c.1260T>A	Benign synonymous, SpliceAI<=0.1, PhastCons<1.0
DKC1	NM_001363.5	c.1260T>G	Benign synonymous, SpliceAI<=0.1, PhastCons<1.0
DKC1	NM_001363.5	c.1493A>G	Benign synonymous, SpliceAI<=0.1, PhastCons<1.0
DKC1	NM_001363.5	c.1493A>T	Benign synonymous, SpliceAI<=0.1, PhastCons<1.0
DKC1	NM_001363.5	c.1495A>C	Benign synonymous, SpliceAI<=0.1, PhastCons<1.0
DKC1	NM_001363.5	c.1495A>T	Benign synonymous, SpliceAI<=0.1, PhastCons<1.0
DKC1	NM_001363.5	c.1516G>C	Benign synonymous, SpliceAI<=0.1, PhastCons<1.0
DKC1	NM_001363.5	c.1516G>T	Benign synonymous, SpliceAI<=0.1, PhastCons<1.0
DKC1	NM_001363.5	c.1519A>C	Benign synonymous, SpliceAI<=0.1, PhastCons<1.0
DKC1	NM_001363.5	c.1519A>T	Benign synonymous, SpliceAI<=0.1, PhastCons<1.0
DKC1	NM_001363.5	c.1522G>C	Benign synonymous, SpliceAI<=0.1, PhastCons<1.0
DKC1	NM_001363.5	c.1522G>T	Benign synonymous, SpliceAI<=0.1, PhastCons<1.0
DKC1	NM_001363.5	c.1523A>G	Benign synonymous, SpliceAI<=0.1, PhastCons<1.0
DKC1	NM_001363.5	c.1523A>T	Benign synonymous, SpliceAI<=0.1, PhastCons<1.0
DKC1	NM_001363.5	c.1525G>C	Benign synonymous, SpliceAI<=0.1, PhastCons<1.0
DKC1	NM_001363.5	c.1525G>T	Benign synonymous, SpliceAI<=0.1, PhastCons<1.0
DKC1	NM_001363.5	c.1528G>C	Benign synonymous, SpliceAI<=0.1, PhastCons<1.0
DKC1	NM_001363.5	c.1528G>T	Benign synonymous, SpliceAI<=0.1, PhastCons<1.0
DLST	NM_001933.5	c.18C>A	Benign synonymous, SpliceAI<=0.1, PhastCons<1.0
DLST	NM_001933.5	c.18C>G	Benign synonymous, SpliceAI<=0.1, PhastCons<1.0
DLST	NM_001933.5	c.147C>A	Benign synonymous, SpliceAI<=0.1, PhastCons<1.0
DLST	NM_001933.5	c.147C>G	Benign synonymous, SpliceAI<=0.1, PhastCons<1.0
EGFR	NM_005228.5	c.1207+3T>A	Benign synonymous, SpliceAI<=0.1, PhastCons<1.0
EGFR	NM_005228.5	c.1632T>A	Benign synonymous, SpliceAI<=0.1, PhastCons<1.0
EGFR	NM_005228.5	c.1632T>G	Benign synonymous, SpliceAI<=0.1, PhastCons<1.0
EGLN2	NM_080732.4	c.1173A>G	Benign synonymous, SpliceAI<=0.1, PhastCons<1.0, PhyloP<0.1
ELP1	NM_003640.5	c.3970A>T	Benign synonymous, SpliceAI<=0.1, PhastCons<1.0
ELP1	NM_003640.5	c.3970A>C	Benign synonymous, SpliceAI<=0.1, PhastCons<1.0
ELP1	NM_003640.5	c.3967A>T	Benign synonymous, SpliceAI<=0.1, PhastCons<1.0
ELP1	NM_003640.5	c.3967A>C	Benign synonymous, SpliceAI<=0.1, PhastCons<1.0
ELP1	NM_003640.5	c.3946A>T	Benign synonymous, SpliceAI<=0.1, PhastCons<1.0
ELP1	NM_003640.5	c.3946A>C	Benign synonymous, SpliceAI<=0.1, PhastCons<1.0
ELP1	NM_003640.5	c.3944T>G	Benign synonymous, SpliceAI<=0.1, PhastCons<1.0
ELP1	NM_003640.5	c.3944T>A	Benign synonymous, SpliceAI<=0.1, PhastCons<1.0
ELP1	NM_003640.5	c.3943T>G	Benign synonymous, SpliceAI<=0.1, PhastCons<1.0
ELP1	NM_003640.5	c.3943T>A	Benign synonymous, SpliceAI<=0.1, PhastCons<1.0
ELP1	NM_003640.5	c.3940C>G	Benign synonymous, SpliceAI<=0.1, PhastCons<1.0
ELP1	NM_003640.5	c.3940C>A	Benign synonymous, SpliceAI<=0.1, PhastCons<1.0
ELP1	NM_003640.5	c.1362T>G	Benign synonymous, SpliceAI<=0.1, PhastCons<1.0
EPCAM	NM_002354.3	c.76+6G>T	Likely_benign FAF >0.1%, REVEL <0.29, SpliceAI<=0.1
EPCAM	NM_002354.3	c.687G>A	Benign synonymous, SpliceAI<=0.1, PhastCons<1.0, PhyloP<0.1
EPCAM	NM_002354.3	c.687G>C	Benign synonymous, SpliceAI<=0.1, PhastCons<1.0, PhyloP<0.1
EPCAM	NM_002354.3	c.687G>T	Benign synonymous, SpliceAI<=0.1, PhastCons<1.0, PhyloP<0.1
EPCAM	NM_002354.3	c.904-12T>C	Benign FAF >5%
EPCAM	NM_002354.3	c.904-9C>A	Benign synonymous, SpliceAI<=0.1, PhastCons<1.0
EPCAM	NM_002354.3	c.904-9C>G	Benign synonymous, SpliceAI<=0.1, PhastCons<1.0
EPCAM	NM_002354.3	c.904-4T>A	Benign synonymous, SpliceAI<=0.1, PhastCons<1.0
EPCAM	NM_002354.3	c.904-4T>G	Benign synonymous, SpliceAI<=0.1, PhastCons<1.0
ERCC3	NM_000122.2	c.658-15C>G	Benign synonymous, SpliceAI<=0.1, PhastCons<1.0
ERCC3	NM_000122.2	c.658-15C>A	Benign synonymous, SpliceAI<=0.1, PhastCons<1.0
ERCC3	NM_000122.2	c.457A>T	Benign synonymous, SpliceAI<=0.1, PhastCons<1.0
ERCC3	NM_000122.2	c.457A>C	Benign synonymous, SpliceAI<=0.1, PhastCons<1.0
ERCC3	NM_000122.2	c.375A>T	Benign synonymous, SpliceAI<=0.1, PhastCons<1.0, PhyloP<0.1
ERCC3	NM_000122.2	c.375A>G	Benign synonymous, SpliceAI<=0.1, PhastCons<1.0, PhyloP<0.1
ERCC3	NM_000122.2	c.375A>C	Benign synonymous, SpliceAI<=0.1, PhastCons<1.0, PhyloP<0.1
ERCC3	NM_000122.2	c.235-13T>G	Benign synonymous, SpliceAI<=0.1, PhastCons<1.0
ERCC4	NM_005236.3	c.1102+6T>A	Benign synonymous, SpliceAI<=0.1, PhastCons<1.0
ERCC4	NM_005236.3	c.1102+6T>G	Benign synonymous, SpliceAI<=0.1, PhastCons<1.0
ERCC5	NM_000123.3	c.2034A>C	Benign synonymous, SpliceAI<=0.1, PhastCons<1.0, PhyloP<0.1
ERCC5	NM_000123.3	c.2034A>G	Benign synonymous, SpliceAI<=0.1, PhastCons<1.0, PhyloP<0.1
ERCC5	NM_000123.3	c.2034A>T	Benign synonymous, SpliceAI<=0.1, PhastCons<1.0, PhyloP<0.1
EXT1	NM_000127.2	c.2232G>T	Benign synonymous, SpliceAI<=0.1, PhastCons<1.0
EXT1	NM_000127.2	c.2232G>C	Benign synonymous, SpliceAI<=0.1, PhastCons<1.0
EXT1	NM_000127.2	c.2028G>T	Benign synonymous, SpliceAI<=0.1, PhastCons<1.0
EXT1	NM_000127.2	c.2028G>C	Benign synonymous, SpliceAI<=0.1, PhastCons<1.0
EXT1	NM_000127.2	c.1842C>G	Benign synonymous, SpliceAI<=0.1, PhastCons<1.0
EXT1	NM_000127.2	c.1842C>A	Benign synonymous, SpliceAI<=0.1, PhastCons<1.0
EXT1	NM_000127.2	c.1833G>T	Benign synonymous, SpliceAI<=0.1, PhastCons<1.0
EXT1	NM_000127.2	c.1833G>C	Benign synonymous, SpliceAI<=0.1, PhastCons<1.0
EXT1	NM_000127.2	c.1752C>G	Benign synonymous, SpliceAI<=0.1, PhastCons<1.0
EXT1	NM_000127.2	c.1752C>A	Benign synonymous, SpliceAI<=0.1, PhastCons<1.0
EXT1	NM_000127.2	c.1695C>G	Benign synonymous, SpliceAI<=0.1, PhastCons<1.0
EXT1	NM_000127.2	c.1695C>A	Benign synonymous, SpliceAI<=0.1, PhastCons<1.0
EXT1	NM_000127.2	c.1677C>G	Benign synonymous, SpliceAI<=0.1, PhastCons<1.0
EXT1	NM_000127.2	c.1677C>A	Benign synonymous, SpliceAI<=0.1, PhastCons<1.0
EXT1	NM_000127.2	c.1659C>A	Benign synonymous, SpliceAI<=0.1, PhastCons<1.0
EXT1	NM_000127.2	c.1650T>G	Benign synonymous, SpliceAI<=0.1, PhastCons<1.0
EXT1	NM_000127.2	c.1650T>A	Benign synonymous, SpliceAI<=0.1, PhastCons<1.0
EXT1	NM_000127.2	c.1626G>T	Benign synonymous, SpliceAI<=0.1, PhastCons<1.0
EXT1	NM_000127.2	c.1626G>C	Benign synonymous, SpliceAI<=0.1, PhastCons<1.0
EXT1	NM_000127.2	c.1518G>T	Benign synonymous, SpliceAI<=0.1, PhastCons<1.0
EXT1	NM_000127.2	c.1518G>C	Benign synonymous, SpliceAI<=0.1, PhastCons<1.0
EXT1	NM_000127.2	c.1479G>T	Benign synonymous, SpliceAI<=0.1, PhastCons<1.0
EXT1	NM_000127.2	c.1479G>C	Benign synonymous, SpliceAI<=0.1, PhastCons<1.0
EXT1	NM_000127.2	c.1455T>G	Benign synonymous, SpliceAI<=0.1, PhastCons<1.0
EXT1	NM_000127.2	c.1455T>A	Benign synonymous, SpliceAI<=0.1, PhastCons<1.0
EXT1	NM_000127.2	c.1425G>T	Benign synonymous, SpliceAI<=0.1, PhastCons<1.0
EXT1	NM_000127.2	c.1425G>C	Benign synonymous, SpliceAI<=0.1, PhastCons<1.0
EXT1	NM_000127.2	c.1383T>G	Benign synonymous, SpliceAI<=0.1, PhastCons<1.0
EXT1	NM_000127.2	c.1383T>A	Benign synonymous, SpliceAI<=0.1, PhastCons<1.0
EXT1	NM_000127.2	c.1344T>G	Benign synonymous, SpliceAI<=0.1, PhastCons<1.0
EXT1	NM_000127.2	c.1344T>A	Benign synonymous, SpliceAI<=0.1, PhastCons<1.0
EXT1	NM_000127.2	c.1098G>T	Benign synonymous, SpliceAI<=0.1, PhastCons<1.0
EXT1	NM_000127.2	c.1098G>C	Benign synonymous, SpliceAI<=0.1, PhastCons<1.0
EXT1	NM_000127.2	c.1096T>G	Benign synonymous, SpliceAI<=0.1, PhastCons<1.0
EXT1	NM_000127.2	c.1096T>A	Benign synonymous, SpliceAI<=0.1, PhastCons<1.0
EXT1	NM_000127.2	c.1086T>G	Benign synonymous, SpliceAI<=0.1, PhastCons<1.0
EXT1	NM_000127.2	c.1086T>A	Benign synonymous, SpliceAI<=0.1, PhastCons<1.0
EXT1	NM_000127.2	c.1065C>G	Benign synonymous, SpliceAI<=0.1, PhastCons<1.0
EXT1	NM_000127.2	c.1065C>A	Benign synonymous, SpliceAI<=0.1, PhastCons<1.0
EXT1	NM_000127.2	c.957T>G	Benign synonymous, SpliceAI<=0.1, PhastCons<1.0
EXT1	NM_000127.2	c.900T>G	Benign synonymous, SpliceAI<=0.1, PhastCons<1.0
EXT1	NM_000127.2	c.900T>A	Benign synonymous, SpliceAI<=0.1, PhastCons<1.0
EXT1	NM_000127.2	c.873C>G	Benign synonymous, SpliceAI<=0.1, PhastCons<1.0
EXT1	NM_000127.2	c.873C>A	Benign synonymous, SpliceAI<=0.1, PhastCons<1.0
EXT1	NM_000127.2	c.861T>G	Benign synonymous, SpliceAI<=0.1, PhastCons<1.0
EXT1	NM_000127.2	c.861T>A	Benign synonymous, SpliceAI<=0.1, PhastCons<1.0
EXT1	NM_000127.2	c.723T>G	Benign synonymous, SpliceAI<=0.1, PhastCons<1.0
EXT1	NM_000127.2	c.723T>A	Benign synonymous, SpliceAI<=0.1, PhastCons<1.0
EXT1	NM_000127.2	c.672A>T	Benign synonymous, SpliceAI<=0.1, PhastCons<1.0
EXT1	NM_000127.2	c.672A>C	Benign synonymous, SpliceAI<=0.1, PhastCons<1.0
EXT1	NM_000127.2	c.654A>T	Benign synonymous, SpliceAI<=0.1, PhastCons<1.0
EXT1	NM_000127.2	c.654A>C	Benign synonymous, SpliceAI<=0.1, PhastCons<1.0
EXT1	NM_000127.2	c.564G>T	Benign synonymous, SpliceAI<=0.1, PhastCons<1.0
EXT1	NM_000127.2	c.564G>C	Benign synonymous, SpliceAI<=0.1, PhastCons<1.0
EXT1	NM_000127.2	c.525A>T	Benign synonymous, SpliceAI<=0.1, PhastCons<1.0
EXT1	NM_000127.2	c.525A>C	Benign synonymous, SpliceAI<=0.1, PhastCons<1.0
EXT1	NM_000127.2	c.520T>G	Benign synonymous, SpliceAI<=0.1, PhastCons<1.0
EXT1	NM_000127.2	c.520T>A	Benign synonymous, SpliceAI<=0.1, PhastCons<1.0
EXT1	NM_000127.2	c.510T>G	Benign synonymous, SpliceAI<=0.1, PhastCons<1.0
EXT1	NM_000127.2	c.510T>A	Benign synonymous, SpliceAI<=0.1, PhastCons<1.0
EXT1	NM_000127.2	c.498G>T	Benign synonymous, SpliceAI<=0.1, PhastCons<1.0
EXT1	NM_000127.2	c.498G>C	Benign synonymous, SpliceAI<=0.1, PhastCons<1.0
EXT1	NM_000127.2	c.369A>T	Benign synonymous, SpliceAI<=0.1, PhastCons<1.0
EXT1	NM_000127.2	c.369A>C	Benign synonymous, SpliceAI<=0.1, PhastCons<1.0
EXT1	NM_000127.2	c.366A>T	Benign synonymous, SpliceAI<=0.1, PhastCons<1.0
EXT1	NM_000127.2	c.366A>C	Benign synonymous, SpliceAI<=0.1, PhastCons<1.0
EXT1	NM_000127.2	c.303G>T	Benign synonymous, SpliceAI<=0.1, PhastCons<1.0
EXT1	NM_000127.2	c.303G>C	Benign synonymous, SpliceAI<=0.1, PhastCons<1.0
EXT1	NM_000127.2	c.291G>T	Benign synonymous, SpliceAI<=0.1, PhastCons<1.0
EXT1	NM_000127.2	c.291G>C	Benign synonymous, SpliceAI<=0.1, PhastCons<1.0
EXT1	NM_000127.2	c.282A>T	Benign synonymous, SpliceAI<=0.1, PhastCons<1.0
EXT1	NM_000127.2	c.282A>C	Benign synonymous, SpliceAI<=0.1, PhastCons<1.0
EXT1	NM_000127.2	c.267C>G	Benign synonymous, SpliceAI<=0.1, PhastCons<1.0
EXT1	NM_000127.2	c.267C>A	Benign synonymous, SpliceAI<=0.1, PhastCons<1.0
EXT1	NM_000127.2	c.261T>G	Benign synonymous, SpliceAI<=0.1, PhastCons<1.0
EXT1	NM_000127.2	c.261T>A	Benign synonymous, SpliceAI<=0.1, PhastCons<1.0
EXT1	NM_000127.2	c.231C>G	Benign synonymous, SpliceAI<=0.1, PhastCons<1.0
EXT1	NM_000127.2	c.231C>A	Benign synonymous, SpliceAI<=0.1, PhastCons<1.0
EXT1	NM_000127.2	c.225T>G	Benign synonymous, SpliceAI<=0.1, PhastCons<1.0
EXT1	NM_000127.2	c.225T>A	Benign synonymous, SpliceAI<=0.1, PhastCons<1.0
EXT1	NM_000127.2	c.222G>T	Benign synonymous, SpliceAI<=0.1, PhastCons<1.0
EXT1	NM_000127.2	c.222G>C	Benign synonymous, SpliceAI<=0.1, PhastCons<1.0
EXT1	NM_000127.2	c.219C>G	Benign synonymous, SpliceAI<=0.1, PhastCons<1.0
EXT1	NM_000127.2	c.219C>A	Benign synonymous, SpliceAI<=0.1, PhastCons<1.0
EXT1	NM_000127.2	c.216A>T	Benign synonymous, SpliceAI<=0.1, PhastCons<1.0
EXT1	NM_000127.2	c.216A>C	Benign synonymous, SpliceAI<=0.1, PhastCons<1.0
EXT1	NM_000127.2	c.213G>T	Benign synonymous, SpliceAI<=0.1, PhastCons<1.0
EXT1	NM_000127.2	c.213G>C	Benign synonymous, SpliceAI<=0.1, PhastCons<1.0
EXT1	NM_000127.2	c.211T>G	Benign synonymous, SpliceAI<=0.1, PhastCons<1.0
EXT1	NM_000127.2	c.211T>A	Benign synonymous, SpliceAI<=0.1, PhastCons<1.0
EXT1	NM_000127.2	c.210A>T	Benign synonymous, SpliceAI<=0.1, PhastCons<1.0
EXT1	NM_000127.2	c.210A>C	Benign synonymous, SpliceAI<=0.1, PhastCons<1.0
EXT1	NM_000127.2	c.207T>G	Benign synonymous, SpliceAI<=0.1, PhastCons<1.0
EXT1	NM_000127.2	c.207T>A	Benign synonymous, SpliceAI<=0.1, PhastCons<1.0
EXT1	NM_000127.2	c.184C>G	Benign synonymous, SpliceAI<=0.1, PhastCons<1.0
EXT1	NM_000127.2	c.184C>A	Benign synonymous, SpliceAI<=0.1, PhastCons<1.0
EXT1	NM_000127.2	c.159T>G	Benign synonymous, SpliceAI<=0.1, PhastCons<1.0
EXT1	NM_000127.2	c.159T>A	Benign synonymous, SpliceAI<=0.1, PhastCons<1.0
EXT1	NM_000127.2	c.156T>G	Benign synonymous, SpliceAI<=0.1, PhastCons<1.0
EXT1	NM_000127.2	c.156T>A	Benign synonymous, SpliceAI<=0.1, PhastCons<1.0
EXT1	NM_000127.2	c.150T>G	Benign synonymous, SpliceAI<=0.1, PhastCons<1.0
EXT1	NM_000127.2	c.150T>A	Benign synonymous, SpliceAI<=0.1, PhastCons<1.0
EXT1	NM_000127.2	c.144C>G	Benign synonymous, SpliceAI<=0.1, PhastCons<1.0
EXT1	NM_000127.2	c.144C>A	Benign synonymous, SpliceAI<=0.1, PhastCons<1.0
EXT1	NM_000127.2	c.136T>G	Benign synonymous, SpliceAI<=0.1, PhastCons<1.0
EXT1	NM_000127.2	c.136T>A	Benign synonymous, SpliceAI<=0.1, PhastCons<1.0
EXT1	NM_000127.2	c.129G>T	Benign synonymous, SpliceAI<=0.1, PhastCons<1.0
EXT1	NM_000127.2	c.129G>C	Benign synonymous, SpliceAI<=0.1, PhastCons<1.0
EXT1	NM_000127.2	c.127A>T	Benign synonymous, SpliceAI<=0.1, PhastCons<1.0
EXT1	NM_000127.2	c.127A>G	Benign synonymous, SpliceAI<=0.1, PhastCons<1.0
EXT1	NM_000127.2	c.117A>T	Benign synonymous, SpliceAI<=0.1, PhastCons<1.0
EXT1	NM_000127.2	c.117A>C	Benign synonymous, SpliceAI<=0.1, PhastCons<1.0
EXT1	NM_000127.2	c.114A>T	Benign synonymous, SpliceAI<=0.1, PhastCons<1.0
EXT1	NM_000127.2	c.114A>C	Benign synonymous, SpliceAI<=0.1, PhastCons<1.0
EXT1	NM_000127.2	c.111A>T	Benign synonymous, SpliceAI<=0.1, PhastCons<1.0
EXT1	NM_000127.2	c.111A>C	Benign synonymous, SpliceAI<=0.1, PhastCons<1.0
EXT1	NM_000127.2	c.102C>G	Benign synonymous, SpliceAI<=0.1, PhastCons<1.0
EXT1	NM_000127.2	c.102C>A	Benign synonymous, SpliceAI<=0.1, PhastCons<1.0
EXT1	NM_000127.2	c.96G>T	Benign synonymous, SpliceAI<=0.1, PhastCons<1.0
EXT1	NM_000127.2	c.96G>C	Benign synonymous, SpliceAI<=0.1, PhastCons<1.0
EXT1	NM_000127.2	c.94A>T	Benign synonymous, SpliceAI<=0.1, PhastCons<1.0
EXT1	NM_000127.2	c.94A>G	Benign synonymous, SpliceAI<=0.1, PhastCons<1.0
EXT1	NM_000127.2	c.87G>T	Benign synonymous, SpliceAI<=0.1, PhastCons<1.0
EXT1	NM_000127.2	c.87G>C	Benign synonymous, SpliceAI<=0.1, PhastCons<1.0
EXT1	NM_000127.2	c.84T>G	Benign synonymous, SpliceAI<=0.1, PhastCons<1.0
EXT1	NM_000127.2	c.84T>A	Benign synonymous, SpliceAI<=0.1, PhastCons<1.0
EXT1	NM_000127.2	c.81G>C	Benign synonymous, SpliceAI<=0.1, PhastCons<1.0
EXT1	NM_000127.2	c.78G>T	Benign synonymous, SpliceAI<=0.1, PhastCons<1.0
EXT1	NM_000127.2	c.78G>C	Benign synonymous, SpliceAI<=0.1, PhastCons<1.0
EXT1	NM_000127.2	c.76T>G	Benign synonymous, SpliceAI<=0.1, PhastCons<1.0
EXT1	NM_000127.2	c.76T>A	Benign synonymous, SpliceAI<=0.1, PhastCons<1.0
EXT1	NM_000127.2	c.69C>G	Benign synonymous, SpliceAI<=0.1, PhastCons<1.0
EXT1	NM_000127.2	c.60G>T	Benign synonymous, SpliceAI<=0.1, PhastCons<1.0
EXT1	NM_000127.2	c.60G>C	Benign synonymous, SpliceAI<=0.1, PhastCons<1.0
FANCA	NM_000135.4	c.4215G>T	Benign synonymous, SpliceAI<=0.1, PhastCons<1.0, PhyloP<0.1
FANCA	NM_000135.4	c.4215G>C	Benign synonymous, SpliceAI<=0.1, PhastCons<1.0, PhyloP<0.1
FANCA	NM_000135.4	c.4215G>A	Benign synonymous, SpliceAI<=0.1, PhastCons<1.0, PhyloP<0.1
FANCA	NM_000135.4	c.4214A>T	Benign synonymous, SpliceAI<=0.1, PhastCons<1.0, PhyloP<0.1
FANCA	NM_000135.4	c.4214A>G	Benign synonymous, SpliceAI<=0.1, PhastCons<1.0, PhyloP<0.1
FANCA	NM_000135.4	c.4214A>C	Benign synonymous, SpliceAI<=0.1, PhastCons<1.0, PhyloP<0.1
FANCA	NM_000135.4	c.4163G>C	Benign synonymous, SpliceAI<=0.1, PhastCons<1.0, PhyloP<0.1
FANCA	NM_000135.4	c.4163G>A	Benign synonymous, SpliceAI<=0.1, PhastCons<1.0, PhyloP<0.1
FANCA	NM_000135.4	c.893+4T>G	Benign synonymous, SpliceAI<=0.1, PhastCons<1.0
FANCA	NM_000135.4	c.893+4T>A	Benign synonymous, SpliceAI<=0.1, PhastCons<1.0
FANCA	NM_000135.4	c.888G>C	Benign synonymous, SpliceAI<=0.1, PhastCons<1.0, PhyloP<0.1
FANCA	NM_000135.4	c.888G>A	Benign synonymous, SpliceAI<=0.1, PhastCons<1.0, PhyloP<0.1
FANCA	NM_000135.4	c.886A>T	Benign synonymous, SpliceAI<=0.1, PhastCons<1.0
FANCB	NM_001018113.3	c.1495C>A	Benign synonymous, SpliceAI<=0.1, PhastCons<1.0
FANCD2	NM_033084.5	c.273C>A (VV_FLAGGED:intergenic)	Benign synonymous, SpliceAI<=0.1, PhastCons<1.0
FANCD2	NM_033084.5	c.273C>G (VV_FLAGGED:intergenic)	Benign synonymous, SpliceAI<=0.1, PhastCons<1.0
FANCD2	NM_033084.5	c.276C>A (VV_FLAGGED:intergenic)	Benign synonymous, SpliceAI<=0.1, PhastCons<1.0
FANCD2	NM_033084.5	c.492T>A (VV_FLAGGED:intergenic)	Benign synonymous, SpliceAI<=0.1, PhastCons<1.0
FANCD2	NM_033084.5	c.492T>G (VV_FLAGGED:intergenic)	Benign synonymous, SpliceAI<=0.1, PhastCons<1.0
FANCD2	NM_033084.5	c.1948-1G>A (VV_FLAGGED:intergenic)	Benign synonymous, SpliceAI<=0.1, PhastCons<1.0, PhyloP<0.1
FANCD2	NM_033084.5	c.1948-1G>T (VV_FLAGGED:intergenic)	Benign synonymous, SpliceAI<=0.1, PhastCons<1.0, PhyloP<0.1
FANCD2	NM_033084.5	c.3225T>A (VV_FLAGGED:intergenic)	Benign synonymous, SpliceAI<=0.1, PhastCons<1.0
FANCD2	NM_033084.5	c.3225T>G (VV_FLAGGED:intergenic)	Benign synonymous, SpliceAI<=0.1, PhastCons<1.0
FANCD2	NM_033084.5	c.4288C>A (VV_FLAGGED:intergenic)	Benign synonymous, SpliceAI<=0.1, PhastCons<1.0
FANCD2	NM_033084.5	c.4288C>G (VV_FLAGGED:intergenic)	Benign synonymous, SpliceAI<=0.1, PhastCons<1.0
FANCD2	NM_033084.5	c.4293A>C (VV_FLAGGED:intergenic)	Benign synonymous, SpliceAI<=0.1, PhastCons<1.0
FANCD2	NM_033084.5	c.4293A>T (VV_FLAGGED:intergenic)	Benign synonymous, SpliceAI<=0.1, PhastCons<1.0
FANCD2	NM_033084.5	c.4296C>A (VV_FLAGGED:intergenic)	Benign synonymous, SpliceAI<=0.1, PhastCons<1.0
FANCD2	NM_033084.5	c.4296C>G (VV_FLAGGED:intergenic)	Benign synonymous, SpliceAI<=0.1, PhastCons<1.0
FANCD2	NM_033084.5	c.4305G>C (VV_FLAGGED:intergenic)	Benign synonymous, SpliceAI<=0.1, PhastCons<1.0
FANCD2	NM_033084.5	c.4305G>T (VV_FLAGGED:intergenic)	Benign synonymous, SpliceAI<=0.1, PhastCons<1.0
FANCD2	NM_033084.5	c.4317T>A (VV_FLAGGED:intergenic)	Benign synonymous, SpliceAI<=0.1, PhastCons<1.0
FANCD2	NM_033084.5	c.4317T>G (VV_FLAGGED:intergenic)	Benign synonymous, SpliceAI<=0.1, PhastCons<1.0
FANCD2	NM_033084.5	c.4323C>A (VV_FLAGGED:intergenic)	Benign synonymous, SpliceAI<=0.1, PhastCons<1.0
FANCD2	NM_033084.5	c.4323C>G (VV_FLAGGED:intergenic)	Benign synonymous, SpliceAI<=0.1, PhastCons<1.0
FANCD2	NM_033084.5	c.4327T>A (VV_FLAGGED:intergenic)	Benign synonymous, SpliceAI<=0.1, PhastCons<1.0
FANCD2	NM_033084.5	c.4327T>G (VV_FLAGGED:intergenic)	Benign synonymous, SpliceAI<=0.1, PhastCons<1.0
FANCD2	NM_033084.5	c.4329G>C (VV_FLAGGED:intergenic)	Benign synonymous, SpliceAI<=0.1, PhastCons<1.0
FANCD2	NM_033084.5	c.4329G>T (VV_FLAGGED:intergenic)	Benign synonymous, SpliceAI<=0.1, PhastCons<1.0
FANCD2	NM_033084.5	c.4330T>A (VV_FLAGGED:intergenic)	Benign synonymous, SpliceAI<=0.1, PhastCons<1.0
FANCD2	NM_033084.5	c.4330T>G (VV_FLAGGED:intergenic)	Benign synonymous, SpliceAI<=0.1, PhastCons<1.0
FANCD2	NM_033084.5	c.4332A>C (VV_FLAGGED:intergenic)	Benign synonymous, SpliceAI<=0.1, PhastCons<1.0
FANCD2	NM_033084.5	c.4332A>T (VV_FLAGGED:intergenic)	Benign synonymous, SpliceAI<=0.1, PhastCons<1.0
FANCD2	NM_033084.5	c.4339C>A (VV_FLAGGED:intergenic)	Benign synonymous, SpliceAI<=0.1, PhastCons<1.0
FANCD2	NM_033084.5	c.4339C>G (VV_FLAGGED:intergenic)	Benign synonymous, SpliceAI<=0.1, PhastCons<1.0
FANCD2	NM_033084.5	c.4344T>A (VV_FLAGGED:intergenic)	Benign synonymous, SpliceAI<=0.1, PhastCons<1.0
FANCD2	NM_033084.5	c.4344T>G (VV_FLAGGED:intergenic)	Benign synonymous, SpliceAI<=0.1, PhastCons<1.0
FANCD2	NM_033084.5	c.4353C>A (VV_FLAGGED:intergenic)	Benign synonymous, SpliceAI<=0.1, PhastCons<1.0
FANCD2	NM_033084.5	c.4353C>G (VV_FLAGGED:intergenic)	Benign synonymous, SpliceAI<=0.1, PhastCons<1.0
FANCD2	NM_033084.5	c.4354A>G (VV_FLAGGED:intergenic)	Benign synonymous, SpliceAI<=0.1, PhastCons<1.0
FANCD2	NM_033084.5	c.4354A>T (VV_FLAGGED:intergenic)	Benign synonymous, SpliceAI<=0.1, PhastCons<1.0
FANCD2	NM_033084.5	c.4356A>C (VV_FLAGGED:intergenic)	Benign synonymous, SpliceAI<=0.1, PhastCons<1.0
FANCD2	NM_033084.5	c.4356A>T (VV_FLAGGED:intergenic)	Benign synonymous, SpliceAI<=0.1, PhastCons<1.0
FANCD2	NM_033084.5	c.4360T>A (VV_FLAGGED:intergenic)	Benign synonymous, SpliceAI<=0.1, PhastCons<1.0
FANCD2	NM_033084.5	c.4360T>G (VV_FLAGGED:intergenic)	Benign synonymous, SpliceAI<=0.1, PhastCons<1.0
FANCD2	NM_033084.5	c.4362G>C (VV_FLAGGED:intergenic)	Benign synonymous, SpliceAI<=0.1, PhastCons<1.0
FANCD2	NM_033084.5	c.4362G>T (VV_FLAGGED:intergenic)	Benign synonymous, SpliceAI<=0.1, PhastCons<1.0
FANCD2	NM_033084.5	c.4371T>A (VV_FLAGGED:intergenic)	Benign synonymous, SpliceAI<=0.1, PhastCons<1.0
FANCD2	NM_033084.5	c.4371T>G (VV_FLAGGED:intergenic)	Benign synonymous, SpliceAI<=0.1, PhastCons<1.0
FANCD2	NM_033084.5	c.4377T>A (VV_FLAGGED:intergenic)	Benign synonymous, SpliceAI<=0.1, PhastCons<1.0
FANCD2	NM_033084.5	c.4377T>G (VV_FLAGGED:intergenic)	Benign synonymous, SpliceAI<=0.1, PhastCons<1.0
FANCD2	NM_033084.5	c.4380T>A (VV_FLAGGED:intergenic)	Benign synonymous, SpliceAI<=0.1, PhastCons<1.0
FANCD2	NM_033084.5	c.4380T>G (VV_FLAGGED:intergenic)	Benign synonymous, SpliceAI<=0.1, PhastCons<1.0
FANCD2	NM_033084.5	c.4383A>C (VV_FLAGGED:intergenic)	Benign synonymous, SpliceAI<=0.1, PhastCons<1.0
FANCD2	NM_033084.5	c.4383A>T (VV_FLAGGED:intergenic)	Benign synonymous, SpliceAI<=0.1, PhastCons<1.0
FANCD2	NM_033084.5	c.4390C>G (VV_FLAGGED:intergenic)	Benign synonymous, SpliceAI<=0.1, PhastCons<1.0
FANCD2	NM_033084.5	c.4395C>A (VV_FLAGGED:intergenic)	Benign synonymous, SpliceAI<=0.1, PhastCons<1.0
FANCD2	NM_033084.5	c.4395C>G (VV_FLAGGED:intergenic)	Benign synonymous, SpliceAI<=0.1, PhastCons<1.0
FANCD2	NM_033084.5	c.4396C>A (VV_FLAGGED:intergenic)	Likely_benign FAF >0.1%, REVEL <0.29, SpliceAI<=0.1
FANCD2	NM_033084.5	c.4401T>A (VV_FLAGGED:intergenic)	Benign synonymous, SpliceAI<=0.1, PhastCons<1.0
FANCD2	NM_033084.5	c.4401T>G (VV_FLAGGED:intergenic)	Benign synonymous, SpliceAI<=0.1, PhastCons<1.0
FANCD2	NM_033084.5	c.4407C>A (VV_FLAGGED:intergenic)	Benign synonymous, SpliceAI<=0.1, PhastCons<1.0
FANCD2	NM_033084.5	c.4407C>G (VV_FLAGGED:intergenic)	Benign synonymous, SpliceAI<=0.1, PhastCons<1.0
FANCD2	NM_033084.5	c.4415A>C (VV_FLAGGED:intergenic)	Benign synonymous, SpliceAI<=0.1, PhastCons<1.0
FANCD2	NM_033084.5	c.4416A>C (VV_FLAGGED:intergenic)	Benign synonymous, SpliceAI<=0.1, PhastCons<1.0
FANCD2	NM_033084.5	c.4416A>T (VV_FLAGGED:intergenic)	Benign synonymous, SpliceAI<=0.1, PhastCons<1.0
FANCE	NM_021922.3	c.1304T>A	Benign synonymous, SpliceAI<=0.1, PhastCons<1.0, PhyloP<0.1
FANCE	NM_021922.3	c.1304T>C	Benign synonymous, SpliceAI<=0.1, PhastCons<1.0, PhyloP<0.1
FANCE	NM_021922.3	c.1304T>G	Benign synonymous, SpliceAI<=0.1, PhastCons<1.0, PhyloP<0.1
FANCE	NM_021922.3	c.1514C>A	Benign synonymous, SpliceAI<=0.1, PhastCons<1.0
FANCE	NM_021922.3	c.1517A>G	Benign synonymous, SpliceAI<=0.1, PhastCons<1.0
FANCE	NM_021922.3	c.1517A>T	Benign synonymous, SpliceAI<=0.1, PhastCons<1.0
FANCE	NM_021922.3	c.1519A>C	Benign synonymous, SpliceAI<=0.1, PhastCons<1.0
FANCE	NM_021922.3	c.1519A>T	Benign synonymous, SpliceAI<=0.1, PhastCons<1.0
FANCE	NM_021922.3	c.1525A>C	Benign synonymous, SpliceAI<=0.1, PhastCons<1.0
FANCE	NM_021922.3	c.1525A>T	Benign synonymous, SpliceAI<=0.1, PhastCons<1.0
FANCE	NM_021922.3	c.1538C>A	Benign synonymous, SpliceAI<=0.1, PhastCons<1.0
FANCE	NM_021922.3	c.1538C>G	Benign synonymous, SpliceAI<=0.1, PhastCons<1.0
FANCE	NM_021922.3	c.1549G>C	Benign synonymous, SpliceAI<=0.1, PhastCons<1.0
FANCE	NM_021922.3	c.1549G>T	Benign synonymous, SpliceAI<=0.1, PhastCons<1.0
FANCF	NM_022725.4	c.1125G>T	Benign synonymous, SpliceAI<=0.1, PhastCons<1.0
FANCF	NM_022725.4	c.1125G>C	Benign synonymous, SpliceAI<=0.1, PhastCons<1.0
FANCF	NM_022725.4	c.1116T>G	Benign synonymous, SpliceAI<=0.1, PhastCons<1.0
FANCF	NM_022725.4	c.1116T>A	Benign synonymous, SpliceAI<=0.1, PhastCons<1.0
FANCF	NM_022725.4	c.1104C>G	Benign synonymous, SpliceAI<=0.1, PhastCons<1.0
FANCF	NM_022725.4	c.1104C>A	Benign synonymous, SpliceAI<=0.1, PhastCons<1.0
FANCF	NM_022725.4	c.1095G>T	Benign synonymous, SpliceAI<=0.1, PhastCons<1.0
FANCF	NM_022725.4	c.1095G>C	Benign synonymous, SpliceAI<=0.1, PhastCons<1.0
FANCF	NM_022725.4	c.1093T>G	Benign synonymous, SpliceAI<=0.1, PhastCons<1.0
FANCF	NM_022725.4	c.1093T>A	Benign synonymous, SpliceAI<=0.1, PhastCons<1.0
FANCF	NM_022725.4	c.1089A>T	Benign synonymous, SpliceAI<=0.1, PhastCons<1.0
FANCF	NM_022725.4	c.1089A>C	Benign synonymous, SpliceAI<=0.1, PhastCons<1.0
FANCF	NM_022725.4	c.1086A>T	Benign synonymous, SpliceAI<=0.1, PhastCons<1.0
FANCF	NM_022725.4	c.1086A>C	Benign synonymous, SpliceAI<=0.1, PhastCons<1.0
FANCF	NM_022725.4	c.1084A>T	Benign synonymous, SpliceAI<=0.1, PhastCons<1.0
FANCF	NM_022725.4	c.1084A>G	Benign synonymous, SpliceAI<=0.1, PhastCons<1.0
FANCF	NM_022725.4	c.1083A>T	Benign synonymous, SpliceAI<=0.1, PhastCons<1.0
FANCF	NM_022725.4	c.1083A>C	Benign synonymous, SpliceAI<=0.1, PhastCons<1.0
FANCF	NM_022725.4	c.1080G>T	Benign synonymous, SpliceAI<=0.1, PhastCons<1.0
FANCF	NM_022725.4	c.1080G>C	Benign synonymous, SpliceAI<=0.1, PhastCons<1.0
FANCF	NM_022725.4	c.1078A>T	Benign synonymous, SpliceAI<=0.1, PhastCons<1.0
FANCF	NM_022725.4	c.1078A>G	Benign synonymous, SpliceAI<=0.1, PhastCons<1.0
FANCF	NM_022725.4	c.1077T>G	Benign synonymous, SpliceAI<=0.1, PhastCons<1.0
FANCF	NM_022725.4	c.1077T>A	Benign synonymous, SpliceAI<=0.1, PhastCons<1.0
FANCF	NM_022725.4	c.1068T>G	Benign synonymous, SpliceAI<=0.1, PhastCons<1.0
FANCF	NM_022725.4	c.1068T>A	Benign synonymous, SpliceAI<=0.1, PhastCons<1.0
FANCF	NM_022725.4	c.1056A>T	Benign synonymous, SpliceAI<=0.1, PhastCons<1.0
FANCF	NM_022725.4	c.1056A>C	Benign synonymous, SpliceAI<=0.1, PhastCons<1.0
FANCF	NM_022725.4	c.1054T>G	Benign synonymous, SpliceAI<=0.1, PhastCons<1.0
FANCF	NM_022725.4	c.1054T>A	Benign synonymous, SpliceAI<=0.1, PhastCons<1.0
FANCF	NM_022725.4	c.1053A>T	Benign synonymous, SpliceAI<=0.1, PhastCons<1.0
FANCF	NM_022725.4	c.1053A>C	Benign synonymous, SpliceAI<=0.1, PhastCons<1.0
FANCF	NM_022725.4	c.1051T>G	Benign synonymous, SpliceAI<=0.1, PhastCons<1.0
FANCF	NM_022725.4	c.1051T>A	Benign synonymous, SpliceAI<=0.1, PhastCons<1.0
FANCF	NM_022725.4	c.1035C>G	Benign synonymous, SpliceAI<=0.1, PhastCons<1.0
FANCF	NM_022725.4	c.1035C>A	Benign synonymous, SpliceAI<=0.1, PhastCons<1.0
FANCF	NM_022725.4	c.1020A>T	Benign synonymous, SpliceAI<=0.1, PhastCons<1.0
FANCF	NM_022725.4	c.1020A>C	Benign synonymous, SpliceAI<=0.1, PhastCons<1.0
FANCF	NM_022725.4	c.1017T>G	Benign synonymous, SpliceAI<=0.1, PhastCons<1.0
FANCF	NM_022725.4	c.1017T>A	Benign synonymous, SpliceAI<=0.1, PhastCons<1.0
FANCF	NM_022725.4	c.1014T>G	Benign synonymous, SpliceAI<=0.1, PhastCons<1.0
FANCF	NM_022725.4	c.1014T>A	Benign synonymous, SpliceAI<=0.1, PhastCons<1.0
FANCF	NM_022725.4	c.1008T>G	Benign synonymous, SpliceAI<=0.1, PhastCons<1.0
FANCF	NM_022725.4	c.1008T>A	Benign synonymous, SpliceAI<=0.1, PhastCons<1.0
FANCF	NM_022725.4	c.1005G>T	Benign synonymous, SpliceAI<=0.1, PhastCons<1.0
FANCF	NM_022725.4	c.1005G>C	Benign synonymous, SpliceAI<=0.1, PhastCons<1.0
FANCF	NM_022725.4	c.999A>T	Benign synonymous, SpliceAI<=0.1, PhastCons<1.0
FANCF	NM_022725.4	c.999A>C	Benign synonymous, SpliceAI<=0.1, PhastCons<1.0
FANCF	NM_022725.4	c.996T>G	Benign synonymous, SpliceAI<=0.1, PhastCons<1.0
FANCF	NM_022725.4	c.996T>A	Benign synonymous, SpliceAI<=0.1, PhastCons<1.0
FANCF	NM_022725.4	c.990G>T	Benign synonymous, SpliceAI<=0.1, PhastCons<1.0
FANCF	NM_022725.4	c.990G>C	Benign synonymous, SpliceAI<=0.1, PhastCons<1.0
FANCF	NM_022725.4	c.985C>G	Benign synonymous, SpliceAI<=0.1, PhastCons<1.0
FANCF	NM_022725.4	c.985C>A	Benign synonymous, SpliceAI<=0.1, PhastCons<1.0
FANCF	NM_022725.4	c.976C>G	Benign synonymous, SpliceAI<=0.1, PhastCons<1.0
FANCF	NM_022725.4	c.976C>A	Benign synonymous, SpliceAI<=0.1, PhastCons<1.0
FANCF	NM_022725.4	c.972A>T	Benign synonymous, SpliceAI<=0.1, PhastCons<1.0
FANCF	NM_022725.4	c.972A>C	Benign synonymous, SpliceAI<=0.1, PhastCons<1.0
FANCF	NM_022725.4	c.970A>G	Likely_benign FAF >0.1%, REVEL <0.29, SpliceAI<=0.1
FANCF	NM_022725.4	c.969T>G	Benign synonymous, SpliceAI<=0.1, PhastCons<1.0
FANCF	NM_022725.4	c.969T>A	Benign synonymous, SpliceAI<=0.1, PhastCons<1.0
FANCF	NM_022725.4	c.966A>T	Benign synonymous, SpliceAI<=0.1, PhastCons<1.0
FANCF	NM_022725.4	c.966A>C	Benign synonymous, SpliceAI<=0.1, PhastCons<1.0
FANCF	NM_022725.4	c.961C>G	Benign synonymous, SpliceAI<=0.1, PhastCons<1.0
FANCF	NM_022725.4	c.961C>A	Benign synonymous, SpliceAI<=0.1, PhastCons<1.0
FANCF	NM_022725.4	c.959C>T	Likely_benign FAF >0.1%, REVEL <0.29, SpliceAI<=0.1
FANCF	NM_022725.4	c.948G>T	Benign synonymous, SpliceAI<=0.1, PhastCons<1.0
FANCF	NM_022725.4	c.948G>C	Benign synonymous, SpliceAI<=0.1, PhastCons<1.0
FANCF	NM_022725.4	c.945T>G	Benign synonymous, SpliceAI<=0.1, PhastCons<1.0
FANCF	NM_022725.4	c.945T>A	Benign synonymous, SpliceAI<=0.1, PhastCons<1.0
FANCF	NM_022725.4	c.939C>G	Benign synonymous, SpliceAI<=0.1, PhastCons<1.0
FANCF	NM_022725.4	c.939C>A	Benign synonymous, SpliceAI<=0.1, PhastCons<1.0
FANCF	NM_022725.4	c.936A>T	Benign synonymous, SpliceAI<=0.1, PhastCons<1.0
FANCF	NM_022725.4	c.936A>C	Benign synonymous, SpliceAI<=0.1, PhastCons<1.0
FANCF	NM_022725.4	c.933T>G	Benign synonymous, SpliceAI<=0.1, PhastCons<1.0
FANCF	NM_022725.4	c.933T>A	Benign synonymous, SpliceAI<=0.1, PhastCons<1.0
FANCF	NM_022725.4	c.930G>T	Benign synonymous, SpliceAI<=0.1, PhastCons<1.0
FANCF	NM_022725.4	c.930G>C	Benign synonymous, SpliceAI<=0.1, PhastCons<1.0
FANCF	NM_022725.4	c.928A>T	Benign synonymous, SpliceAI<=0.1, PhastCons<1.0
FANCF	NM_022725.4	c.928A>G	Benign synonymous, SpliceAI<=0.1, PhastCons<1.0
FANCF	NM_022725.4	c.927T>G	Benign synonymous, SpliceAI<=0.1, PhastCons<1.0
FANCF	NM_022725.4	c.927T>A	Benign synonymous, SpliceAI<=0.1, PhastCons<1.0
FANCF	NM_022725.4	c.924C>G	Benign synonymous, SpliceAI<=0.1, PhastCons<1.0
FANCF	NM_022725.4	c.924C>A	Benign synonymous, SpliceAI<=0.1, PhastCons<1.0
FANCF	NM_022725.4	c.921G>T	Benign synonymous, SpliceAI<=0.1, PhastCons<1.0
FANCF	NM_022725.4	c.921G>C	Benign synonymous, SpliceAI<=0.1, PhastCons<1.0
FANCF	NM_022725.4	c.919T>G	Benign synonymous, SpliceAI<=0.1, PhastCons<1.0
FANCF	NM_022725.4	c.919T>A	Benign synonymous, SpliceAI<=0.1, PhastCons<1.0
FANCF	NM_022725.4	c.918G>T	Benign synonymous, SpliceAI<=0.1, PhastCons<1.0
FANCF	NM_022725.4	c.918G>C	Benign synonymous, SpliceAI<=0.1, PhastCons<1.0
FANCF	NM_022725.4	c.915G>T	Benign synonymous, SpliceAI<=0.1, PhastCons<1.0
FANCF	NM_022725.4	c.915G>C	Benign synonymous, SpliceAI<=0.1, PhastCons<1.0
FANCF	NM_022725.4	c.903T>G	Benign synonymous, SpliceAI<=0.1, PhastCons<1.0
FANCF	NM_022725.4	c.903T>A	Benign synonymous, SpliceAI<=0.1, PhastCons<1.0
FANCF	NM_022725.4	c.900A>T	Benign synonymous, SpliceAI<=0.1, PhastCons<1.0
FANCF	NM_022725.4	c.900A>C	Benign synonymous, SpliceAI<=0.1, PhastCons<1.0
FANCF	NM_022725.4	c.894G>T	Benign synonymous, SpliceAI<=0.1, PhastCons<1.0
FANCF	NM_022725.4	c.894G>C	Benign synonymous, SpliceAI<=0.1, PhastCons<1.0
FANCF	NM_022725.4	c.883G>A	Likely_benign FAF >0.1%, REVEL <0.29, SpliceAI<=0.1
FANCF	NM_022725.4	c.873A>T	Benign synonymous, SpliceAI<=0.1, PhastCons<1.0
FANCF	NM_022725.4	c.873A>C	Benign synonymous, SpliceAI<=0.1, PhastCons<1.0
FANCF	NM_022725.4	c.870G>T	Benign synonymous, SpliceAI<=0.1, PhastCons<1.0
FANCF	NM_022725.4	c.870G>C	Benign synonymous, SpliceAI<=0.1, PhastCons<1.0
FANCF	NM_022725.4	c.861T>G	Benign synonymous, SpliceAI<=0.1, PhastCons<1.0
FANCF	NM_022725.4	c.861T>A	Benign synonymous, SpliceAI<=0.1, PhastCons<1.0
FANCF	NM_022725.4	c.858C>G	Benign synonymous, SpliceAI<=0.1, PhastCons<1.0
FANCF	NM_022725.4	c.858C>A	Benign synonymous, SpliceAI<=0.1, PhastCons<1.0
FANCF	NM_022725.4	c.855G>T	Benign synonymous, SpliceAI<=0.1, PhastCons<1.0
FANCF	NM_022725.4	c.855G>C	Benign synonymous, SpliceAI<=0.1, PhastCons<1.0
FANCF	NM_022725.4	c.853T>G	Benign synonymous, SpliceAI<=0.1, PhastCons<1.0
FANCF	NM_022725.4	c.853T>A	Benign synonymous, SpliceAI<=0.1, PhastCons<1.0
FANCF	NM_022725.4	c.849A>T	Benign synonymous, SpliceAI<=0.1, PhastCons<1.0
FANCF	NM_022725.4	c.849A>C	Benign synonymous, SpliceAI<=0.1, PhastCons<1.0
FANCF	NM_022725.4	c.840C>G	Benign synonymous, SpliceAI<=0.1, PhastCons<1.0
FANCF	NM_022725.4	c.840C>A	Benign synonymous, SpliceAI<=0.1, PhastCons<1.0
FANCF	NM_022725.4	c.832C>G	Benign synonymous, SpliceAI<=0.1, PhastCons<1.0
FANCF	NM_022725.4	c.832C>A	Benign synonymous, SpliceAI<=0.1, PhastCons<1.0
FANCF	NM_022725.4	c.829C>G	Benign synonymous, SpliceAI<=0.1, PhastCons<1.0
FANCF	NM_022725.4	c.829C>A	Benign synonymous, SpliceAI<=0.1, PhastCons<1.0
FANCF	NM_022725.4	c.823C>G	Benign synonymous, SpliceAI<=0.1, PhastCons<1.0
FANCF	NM_022725.4	c.823C>A	Benign synonymous, SpliceAI<=0.1, PhastCons<1.0
FANCF	NM_022725.4	c.822T>G	Benign synonymous, SpliceAI<=0.1, PhastCons<1.0
FANCF	NM_022725.4	c.822T>A	Benign synonymous, SpliceAI<=0.1, PhastCons<1.0
FANCF	NM_022725.4	c.808C>G	Benign synonymous, SpliceAI<=0.1, PhastCons<1.0
FANCF	NM_022725.4	c.808C>A	Benign synonymous, SpliceAI<=0.1, PhastCons<1.0
FANCF	NM_022725.4	c.801C>G	Benign synonymous, SpliceAI<=0.1, PhastCons<1.0
FANCF	NM_022725.4	c.801C>A	Benign synonymous, SpliceAI<=0.1, PhastCons<1.0
FANCF	NM_022725.4	c.795C>G	Benign synonymous, SpliceAI<=0.1, PhastCons<1.0
FANCF	NM_022725.4	c.795C>A	Benign synonymous, SpliceAI<=0.1, PhastCons<1.0
FANCF	NM_022725.4	c.786A>T	Benign synonymous, SpliceAI<=0.1, PhastCons<1.0
FANCF	NM_022725.4	c.786A>C	Benign synonymous, SpliceAI<=0.1, PhastCons<1.0
FANCF	NM_022725.4	c.784T>G	Benign synonymous, SpliceAI<=0.1, PhastCons<1.0
FANCF	NM_022725.4	c.784T>A	Benign synonymous, SpliceAI<=0.1, PhastCons<1.0
FANCF	NM_022725.4	c.780G>T	Benign synonymous, SpliceAI<=0.1, PhastCons<1.0
FANCF	NM_022725.4	c.780G>C	Benign synonymous, SpliceAI<=0.1, PhastCons<1.0
FANCF	NM_022725.4	c.778T>G	Benign synonymous, SpliceAI<=0.1, PhastCons<1.0
FANCF	NM_022725.4	c.778T>A	Benign synonymous, SpliceAI<=0.1, PhastCons<1.0
FANCF	NM_022725.4	c.753T>G	Benign synonymous, SpliceAI<=0.1, PhastCons<1.0
FANCF	NM_022725.4	c.753T>A	Benign synonymous, SpliceAI<=0.1, PhastCons<1.0
FANCF	NM_022725.4	c.744T>G	Benign synonymous, SpliceAI<=0.1, PhastCons<1.0
FANCF	NM_022725.4	c.744T>A	Benign synonymous, SpliceAI<=0.1, PhastCons<1.0
FANCF	NM_022725.4	c.738A>T	Benign synonymous, SpliceAI<=0.1, PhastCons<1.0
FANCF	NM_022725.4	c.738A>C	Benign synonymous, SpliceAI<=0.1, PhastCons<1.0
FANCF	NM_022725.4	c.732T>G	Benign synonymous, SpliceAI<=0.1, PhastCons<1.0
FANCF	NM_022725.4	c.732T>A	Benign synonymous, SpliceAI<=0.1, PhastCons<1.0
FANCF	NM_022725.4	c.724C>G	Benign synonymous, SpliceAI<=0.1, PhastCons<1.0
FANCF	NM_022725.4	c.724C>A	Benign synonymous, SpliceAI<=0.1, PhastCons<1.0
FANCF	NM_022725.4	c.717C>G	Benign synonymous, SpliceAI<=0.1, PhastCons<1.0
FANCF	NM_022725.4	c.717C>A	Benign synonymous, SpliceAI<=0.1, PhastCons<1.0
FANCF	NM_022725.4	c.709C>G	Benign synonymous, SpliceAI<=0.1, PhastCons<1.0
FANCF	NM_022725.4	c.709C>A	Benign synonymous, SpliceAI<=0.1, PhastCons<1.0
FANCF	NM_022725.4	c.705A>T	Benign synonymous, SpliceAI<=0.1, PhastCons<1.0
FANCF	NM_022725.4	c.705A>C	Benign synonymous, SpliceAI<=0.1, PhastCons<1.0
FANCF	NM_022725.4	c.702C>G	Benign synonymous, SpliceAI<=0.1, PhastCons<1.0
FANCF	NM_022725.4	c.702C>A	Benign synonymous, SpliceAI<=0.1, PhastCons<1.0
FANCF	NM_022725.4	c.696G>T	Benign synonymous, SpliceAI<=0.1, PhastCons<1.0
FANCF	NM_022725.4	c.696G>C	Benign synonymous, SpliceAI<=0.1, PhastCons<1.0
FANCF	NM_022725.4	c.684A>T	Benign synonymous, SpliceAI<=0.1, PhastCons<1.0
FANCF	NM_022725.4	c.684A>C	Benign synonymous, SpliceAI<=0.1, PhastCons<1.0
FANCF	NM_022725.4	c.681C>G	Benign synonymous, SpliceAI<=0.1, PhastCons<1.0
FANCF	NM_022725.4	c.681C>A	Benign synonymous, SpliceAI<=0.1, PhastCons<1.0
FANCF	NM_022725.4	c.669A>T	Benign synonymous, SpliceAI<=0.1, PhastCons<1.0
FANCF	NM_022725.4	c.669A>C	Benign synonymous, SpliceAI<=0.1, PhastCons<1.0
FANCF	NM_022725.4	c.666G>T	Benign synonymous, SpliceAI<=0.1, PhastCons<1.0
FANCF	NM_022725.4	c.666G>C	Benign synonymous, SpliceAI<=0.1, PhastCons<1.0
FANCF	NM_022725.4	c.664T>G	Benign synonymous, SpliceAI<=0.1, PhastCons<1.0
FANCF	NM_022725.4	c.664T>A	Benign synonymous, SpliceAI<=0.1, PhastCons<1.0
FANCF	NM_022725.4	c.663G>T	Benign synonymous, SpliceAI<=0.1, PhastCons<1.0
FANCF	NM_022725.4	c.663G>C	Benign synonymous, SpliceAI<=0.1, PhastCons<1.0
FANCF	NM_022725.4	c.660A>T	Benign synonymous, SpliceAI<=0.1, PhastCons<1.0
FANCF	NM_022725.4	c.660A>C	Benign synonymous, SpliceAI<=0.1, PhastCons<1.0
FANCF	NM_022725.4	c.657A>T	Benign synonymous, SpliceAI<=0.1, PhastCons<1.0
FANCF	NM_022725.4	c.657A>C	Benign synonymous, SpliceAI<=0.1, PhastCons<1.0
FANCF	NM_022725.4	c.649C>T	Benign synonymous, SpliceAI<=0.1, PhastCons<1.0
FANCF	NM_022725.4	c.649C>G	Benign synonymous, SpliceAI<=0.1, PhastCons<1.0
FANCF	NM_022725.4	c.642G>T	Benign synonymous, SpliceAI<=0.1, PhastCons<1.0
FANCF	NM_022725.4	c.642G>C	Benign synonymous, SpliceAI<=0.1, PhastCons<1.0
FANCF	NM_022725.4	c.640T>G	Benign synonymous, SpliceAI<=0.1, PhastCons<1.0
FANCF	NM_022725.4	c.640T>A	Benign synonymous, SpliceAI<=0.1, PhastCons<1.0
FANCF	NM_022725.4	c.637C>T	Likely_benign FAF >0.1%, REVEL <0.29, SpliceAI<=0.1
FANCF	NM_022725.4	c.633G>T	Benign synonymous, SpliceAI<=0.1, PhastCons<1.0
FANCF	NM_022725.4	c.633G>C	Benign synonymous, SpliceAI<=0.1, PhastCons<1.0
FANCF	NM_022725.4	c.630G>T	Benign synonymous, SpliceAI<=0.1, PhastCons<1.0
FANCF	NM_022725.4	c.630G>C	Benign synonymous, SpliceAI<=0.1, PhastCons<1.0
FANCF	NM_022725.4	c.628T>G	Benign synonymous, SpliceAI<=0.1, PhastCons<1.0
FANCF	NM_022725.4	c.628T>A	Benign synonymous, SpliceAI<=0.1, PhastCons<1.0
FANCF	NM_022725.4	c.609G>T	Benign synonymous, SpliceAI<=0.1, PhastCons<1.0
FANCF	NM_022725.4	c.609G>C	Benign synonymous, SpliceAI<=0.1, PhastCons<1.0
FANCF	NM_022725.4	c.604C>G	Benign synonymous, SpliceAI<=0.1, PhastCons<1.0
FANCF	NM_022725.4	c.604C>A	Benign synonymous, SpliceAI<=0.1, PhastCons<1.0
FANCF	NM_022725.4	c.603C>G	Benign synonymous, SpliceAI<=0.1, PhastCons<1.0
FANCF	NM_022725.4	c.603C>A	Benign synonymous, SpliceAI<=0.1, PhastCons<1.0
FANCF	NM_022725.4	c.600C>G	Benign synonymous, SpliceAI<=0.1, PhastCons<1.0
FANCF	NM_022725.4	c.600C>A	Benign synonymous, SpliceAI<=0.1, PhastCons<1.0
FANCF	NM_022725.4	c.597C>G	Benign synonymous, SpliceAI<=0.1, PhastCons<1.0
FANCF	NM_022725.4	c.597C>A	Benign synonymous, SpliceAI<=0.1, PhastCons<1.0
FANCF	NM_022725.4	c.594G>T	Benign synonymous, SpliceAI<=0.1, PhastCons<1.0
FANCF	NM_022725.4	c.594G>C	Benign synonymous, SpliceAI<=0.1, PhastCons<1.0
FANCF	NM_022725.4	c.588G>T	Benign synonymous, SpliceAI<=0.1, PhastCons<1.0
FANCF	NM_022725.4	c.588G>C	Benign synonymous, SpliceAI<=0.1, PhastCons<1.0
FANCF	NM_022725.4	c.586T>G	Benign synonymous, SpliceAI<=0.1, PhastCons<1.0
FANCF	NM_022725.4	c.586T>A	Benign synonymous, SpliceAI<=0.1, PhastCons<1.0
FANCF	NM_022725.4	c.582G>T	Benign synonymous, SpliceAI<=0.1, PhastCons<1.0
FANCF	NM_022725.4	c.582G>C	Benign synonymous, SpliceAI<=0.1, PhastCons<1.0
FANCF	NM_022725.4	c.574C>G	Benign synonymous, SpliceAI<=0.1, PhastCons<1.0
FANCF	NM_022725.4	c.574C>A	Benign synonymous, SpliceAI<=0.1, PhastCons<1.0
FANCF	NM_022725.4	c.573C>G	Benign synonymous, SpliceAI<=0.1, PhastCons<1.0
FANCF	NM_022725.4	c.573C>A	Benign synonymous, SpliceAI<=0.1, PhastCons<1.0
FANCF	NM_022725.4	c.570C>G	Benign synonymous, SpliceAI<=0.1, PhastCons<1.0
FANCF	NM_022725.4	c.570C>A	Benign synonymous, SpliceAI<=0.1, PhastCons<1.0
FANCF	NM_022725.4	c.564T>G	Benign synonymous, SpliceAI<=0.1, PhastCons<1.0
FANCF	NM_022725.4	c.564T>A	Benign synonymous, SpliceAI<=0.1, PhastCons<1.0
FANCF	NM_022725.4	c.561G>T	Benign synonymous, SpliceAI<=0.1, PhastCons<1.0
FANCF	NM_022725.4	c.561G>C	Benign synonymous, SpliceAI<=0.1, PhastCons<1.0
FANCF	NM_022725.4	c.559A>T	Benign synonymous, SpliceAI<=0.1, PhastCons<1.0
FANCF	NM_022725.4	c.559A>G	Benign synonymous, SpliceAI<=0.1, PhastCons<1.0
FANCF	NM_022725.4	c.557C>T	Likely_benign FAF >0.1%, REVEL <0.29, SpliceAI<=0.1
FANCF	NM_022725.4	c.549G>T	Benign synonymous, SpliceAI<=0.1, PhastCons<1.0
FANCF	NM_022725.4	c.549G>C	Benign synonymous, SpliceAI<=0.1, PhastCons<1.0
FANCF	NM_022725.4	c.543A>T	Benign synonymous, SpliceAI<=0.1, PhastCons<1.0
FANCF	NM_022725.4	c.543A>C	Benign synonymous, SpliceAI<=0.1, PhastCons<1.0
FANCF	NM_022725.4	c.537G>T	Benign synonymous, SpliceAI<=0.1, PhastCons<1.0
FANCF	NM_022725.4	c.537G>C	Benign synonymous, SpliceAI<=0.1, PhastCons<1.0
FANCF	NM_022725.4	c.528G>T	Benign synonymous, SpliceAI<=0.1, PhastCons<1.0
FANCF	NM_022725.4	c.528G>C	Benign synonymous, SpliceAI<=0.1, PhastCons<1.0
FANCF	NM_022725.4	c.525G>T	Benign synonymous, SpliceAI<=0.1, PhastCons<1.0
FANCF	NM_022725.4	c.525G>C	Benign synonymous, SpliceAI<=0.1, PhastCons<1.0
FANCF	NM_022725.4	c.520C>G	Benign synonymous, SpliceAI<=0.1, PhastCons<1.0
FANCF	NM_022725.4	c.520C>A	Benign synonymous, SpliceAI<=0.1, PhastCons<1.0
FANCF	NM_022725.4	c.516G>T	Benign synonymous, SpliceAI<=0.1, PhastCons<1.0
FANCF	NM_022725.4	c.516G>C	Benign synonymous, SpliceAI<=0.1, PhastCons<1.0
FANCF	NM_022725.4	c.511C>G	Benign synonymous, SpliceAI<=0.1, PhastCons<1.0
FANCF	NM_022725.4	c.511C>A	Benign synonymous, SpliceAI<=0.1, PhastCons<1.0
FANCF	NM_022725.4	c.504G>T	Benign synonymous, SpliceAI<=0.1, PhastCons<1.0
FANCF	NM_022725.4	c.504G>C	Benign synonymous, SpliceAI<=0.1, PhastCons<1.0
FANCF	NM_022725.4	c.492G>T	Benign synonymous, SpliceAI<=0.1, PhastCons<1.0
FANCF	NM_022725.4	c.492G>C	Benign synonymous, SpliceAI<=0.1, PhastCons<1.0
FANCF	NM_022725.4	c.484C>G	Benign synonymous, SpliceAI<=0.1, PhastCons<1.0
FANCF	NM_022725.4	c.484C>A	Benign synonymous, SpliceAI<=0.1, PhastCons<1.0
FANCF	NM_022725.4	c.480C>G	Benign synonymous, SpliceAI<=0.1, PhastCons<1.0
FANCF	NM_022725.4	c.480C>A	Benign synonymous, SpliceAI<=0.1, PhastCons<1.0
FANCF	NM_022725.4	c.477G>T	Benign synonymous, SpliceAI<=0.1, PhastCons<1.0
FANCF	NM_022725.4	c.477G>C	Benign synonymous, SpliceAI<=0.1, PhastCons<1.0
FANCF	NM_022725.4	c.474G>T	Benign synonymous, SpliceAI<=0.1, PhastCons<1.0
FANCF	NM_022725.4	c.474G>C	Benign synonymous, SpliceAI<=0.1, PhastCons<1.0
FANCF	NM_022725.4	c.468T>G	Benign synonymous, SpliceAI<=0.1, PhastCons<1.0
FANCF	NM_022725.4	c.468T>A	Benign synonymous, SpliceAI<=0.1, PhastCons<1.0
FANCF	NM_022725.4	c.462C>G	Benign synonymous, SpliceAI<=0.1, PhastCons<1.0
FANCF	NM_022725.4	c.462C>A	Benign synonymous, SpliceAI<=0.1, PhastCons<1.0
FANCF	NM_022725.4	c.459G>T	Benign synonymous, SpliceAI<=0.1, PhastCons<1.0
FANCF	NM_022725.4	c.459G>C	Benign synonymous, SpliceAI<=0.1, PhastCons<1.0
FANCF	NM_022725.4	c.456A>T	Benign synonymous, SpliceAI<=0.1, PhastCons<1.0
FANCF	NM_022725.4	c.456A>C	Benign synonymous, SpliceAI<=0.1, PhastCons<1.0
FANCF	NM_022725.4	c.454A>T	Benign synonymous, SpliceAI<=0.1, PhastCons<1.0
FANCF	NM_022725.4	c.454A>G	Benign synonymous, SpliceAI<=0.1, PhastCons<1.0
FANCF	NM_022725.4	c.453T>G	Benign synonymous, SpliceAI<=0.1, PhastCons<1.0
FANCF	NM_022725.4	c.453T>A	Benign synonymous, SpliceAI<=0.1, PhastCons<1.0
FANCF	NM_022725.4	c.447T>G	Benign synonymous, SpliceAI<=0.1, PhastCons<1.0
FANCF	NM_022725.4	c.447T>A	Benign synonymous, SpliceAI<=0.1, PhastCons<1.0
FANCF	NM_022725.4	c.444C>G	Benign synonymous, SpliceAI<=0.1, PhastCons<1.0
FANCF	NM_022725.4	c.444C>A	Benign synonymous, SpliceAI<=0.1, PhastCons<1.0
FANCF	NM_022725.4	c.432C>G	Benign synonymous, SpliceAI<=0.1, PhastCons<1.0
FANCF	NM_022725.4	c.432C>A	Benign synonymous, SpliceAI<=0.1, PhastCons<1.0
FANCF	NM_022725.4	c.418C>T	Benign synonymous, SpliceAI<=0.1, PhastCons<1.0
FANCF	NM_022725.4	c.418C>G	Benign synonymous, SpliceAI<=0.1, PhastCons<1.0
FANCF	NM_022725.4	c.415C>T	Benign synonymous, SpliceAI<=0.1, PhastCons<1.0
FANCF	NM_022725.4	c.415C>G	Benign synonymous, SpliceAI<=0.1, PhastCons<1.0
FANCF	NM_022725.4	c.412C>A	Likely_benign FAF >0.1%, REVEL <0.29, SpliceAI<=0.1
FANCF	NM_022725.4	c.397C>G	Benign synonymous, SpliceAI<=0.1, PhastCons<1.0
FANCF	NM_022725.4	c.397C>A	Benign synonymous, SpliceAI<=0.1, PhastCons<1.0
FANCF	NM_022725.4	c.396C>G	Benign synonymous, SpliceAI<=0.1, PhastCons<1.0
FANCF	NM_022725.4	c.396C>A	Benign synonymous, SpliceAI<=0.1, PhastCons<1.0
FANCF	NM_022725.4	c.393G>T	Benign synonymous, SpliceAI<=0.1, PhastCons<1.0
FANCF	NM_022725.4	c.393G>C	Benign synonymous, SpliceAI<=0.1, PhastCons<1.0
FANCF	NM_022725.4	c.390A>T	Benign synonymous, SpliceAI<=0.1, PhastCons<1.0
FANCF	NM_022725.4	c.390A>C	Benign synonymous, SpliceAI<=0.1, PhastCons<1.0
FANCF	NM_022725.4	c.381G>T	Benign synonymous, SpliceAI<=0.1, PhastCons<1.0
FANCF	NM_022725.4	c.381G>C	Benign synonymous, SpliceAI<=0.1, PhastCons<1.0
FANCF	NM_022725.4	c.378G>T	Benign synonymous, SpliceAI<=0.1, PhastCons<1.0
FANCF	NM_022725.4	c.378G>C	Benign synonymous, SpliceAI<=0.1, PhastCons<1.0
FANCF	NM_022725.4	c.375T>G	Benign synonymous, SpliceAI<=0.1, PhastCons<1.0
FANCF	NM_022725.4	c.375T>A	Benign synonymous, SpliceAI<=0.1, PhastCons<1.0
FANCF	NM_022725.4	c.373G>A	Likely_benign FAF >0.1%, REVEL <0.29, SpliceAI<=0.1
FANCF	NM_022725.4	c.369C>G	Benign synonymous, SpliceAI<=0.1, PhastCons<1.0
FANCF	NM_022725.4	c.369C>A	Benign synonymous, SpliceAI<=0.1, PhastCons<1.0
FANCF	NM_022725.4	c.364C>T	Benign synonymous, SpliceAI<=0.1, PhastCons<1.0
FANCF	NM_022725.4	c.364C>G	Benign synonymous, SpliceAI<=0.1, PhastCons<1.0
FANCF	NM_022725.4	c.349C>A	Likely_benign FAF >0.1%, REVEL <0.29, SpliceAI<=0.1
FANCF	NM_022725.4	c.348T>G	Benign synonymous, SpliceAI<=0.1, PhastCons<1.0
FANCF	NM_022725.4	c.348T>A	Benign synonymous, SpliceAI<=0.1, PhastCons<1.0
FANCF	NM_022725.4	c.342A>T	Benign synonymous, SpliceAI<=0.1, PhastCons<1.0
FANCF	NM_022725.4	c.342A>C	Benign synonymous, SpliceAI<=0.1, PhastCons<1.0
FANCF	NM_022725.4	c.339G>T	Benign synonymous, SpliceAI<=0.1, PhastCons<1.0
FANCF	NM_022725.4	c.339G>C	Benign synonymous, SpliceAI<=0.1, PhastCons<1.0
FANCF	NM_022725.4	c.331C>G	Benign synonymous, SpliceAI<=0.1, PhastCons<1.0
FANCF	NM_022725.4	c.331C>A	Benign synonymous, SpliceAI<=0.1, PhastCons<1.0
FANCF	NM_022725.4	c.330C>G	Benign synonymous, SpliceAI<=0.1, PhastCons<1.0
FANCF	NM_022725.4	c.330C>A	Benign synonymous, SpliceAI<=0.1, PhastCons<1.0
FANCF	NM_022725.4	c.327C>G	Benign synonymous, SpliceAI<=0.1, PhastCons<1.0
FANCF	NM_022725.4	c.327C>A	Benign synonymous, SpliceAI<=0.1, PhastCons<1.0
FANCF	NM_022725.4	c.315T>G	Benign synonymous, SpliceAI<=0.1, PhastCons<1.0
FANCF	NM_022725.4	c.315T>A	Benign synonymous, SpliceAI<=0.1, PhastCons<1.0
FANCF	NM_022725.4	c.301C>T	Benign synonymous, SpliceAI<=0.1, PhastCons<1.0
FANCF	NM_022725.4	c.301C>G	Benign synonymous, SpliceAI<=0.1, PhastCons<1.0
FANCF	NM_022725.4	c.297G>T	Benign synonymous, SpliceAI<=0.1, PhastCons<1.0
FANCF	NM_022725.4	c.297G>C	Benign synonymous, SpliceAI<=0.1, PhastCons<1.0
FANCF	NM_022725.4	c.289C>G	Benign synonymous, SpliceAI<=0.1, PhastCons<1.0
FANCF	NM_022725.4	c.289C>A	Benign synonymous, SpliceAI<=0.1, PhastCons<1.0
FANCF	NM_022725.4	c.283C>G	Benign synonymous, SpliceAI<=0.1, PhastCons<1.0
FANCF	NM_022725.4	c.283C>A	Benign synonymous, SpliceAI<=0.1, PhastCons<1.0
FANCF	NM_022725.4	c.274C>G	Benign synonymous, SpliceAI<=0.1, PhastCons<1.0
FANCF	NM_022725.4	c.274C>A	Benign synonymous, SpliceAI<=0.1, PhastCons<1.0
FANCF	NM_022725.4	c.270C>G	Benign synonymous, SpliceAI<=0.1, PhastCons<1.0
FANCF	NM_022725.4	c.270C>A	Benign synonymous, SpliceAI<=0.1, PhastCons<1.0
FANCF	NM_022725.4	c.267T>G	Benign synonymous, SpliceAI<=0.1, PhastCons<1.0
FANCF	NM_022725.4	c.267T>A	Benign synonymous, SpliceAI<=0.1, PhastCons<1.0
FANCF	NM_022725.4	c.264C>G	Benign synonymous, SpliceAI<=0.1, PhastCons<1.0
FANCF	NM_022725.4	c.264C>A	Benign synonymous, SpliceAI<=0.1, PhastCons<1.0
FANCF	NM_022725.4	c.252G>T	Benign synonymous, SpliceAI<=0.1, PhastCons<1.0
FANCF	NM_022725.4	c.252G>C	Benign synonymous, SpliceAI<=0.1, PhastCons<1.0
FANCF	NM_022725.4	c.249C>G	Benign synonymous, SpliceAI<=0.1, PhastCons<1.0
FANCF	NM_022725.4	c.249C>A	Benign synonymous, SpliceAI<=0.1, PhastCons<1.0
FANCF	NM_022725.4	c.246C>G	Benign synonymous, SpliceAI<=0.1, PhastCons<1.0
FANCF	NM_022725.4	c.246C>A	Benign synonymous, SpliceAI<=0.1, PhastCons<1.0
FANCF	NM_022725.4	c.240A>T	Benign synonymous, SpliceAI<=0.1, PhastCons<1.0
FANCF	NM_022725.4	c.240A>C	Benign synonymous, SpliceAI<=0.1, PhastCons<1.0
FANCF	NM_022725.4	c.238T>G	Benign synonymous, SpliceAI<=0.1, PhastCons<1.0
FANCF	NM_022725.4	c.238T>A	Benign synonymous, SpliceAI<=0.1, PhastCons<1.0
FANCF	NM_022725.4	c.220C>T	Benign synonymous, SpliceAI<=0.1, PhastCons<1.0
FANCF	NM_022725.4	c.220C>G	Benign synonymous, SpliceAI<=0.1, PhastCons<1.0
FANCF	NM_022725.4	c.216T>G	Benign synonymous, SpliceAI<=0.1, PhastCons<1.0
FANCF	NM_022725.4	c.216T>A	Benign synonymous, SpliceAI<=0.1, PhastCons<1.0
FANCF	NM_022725.4	c.207G>T	Benign synonymous, SpliceAI<=0.1, PhastCons<1.0
FANCF	NM_022725.4	c.207G>C	Benign synonymous, SpliceAI<=0.1, PhastCons<1.0
FANCF	NM_022725.4	c.204A>T	Benign synonymous, SpliceAI<=0.1, PhastCons<1.0
FANCF	NM_022725.4	c.204A>C	Benign synonymous, SpliceAI<=0.1, PhastCons<1.0
FANCF	NM_022725.4	c.201G>T	Benign synonymous, SpliceAI<=0.1, PhastCons<1.0
FANCF	NM_022725.4	c.201G>C	Benign synonymous, SpliceAI<=0.1, PhastCons<1.0
FANCF	NM_022725.4	c.199A>T	Benign synonymous, SpliceAI<=0.1, PhastCons<1.0
FANCF	NM_022725.4	c.199A>G	Benign synonymous, SpliceAI<=0.1, PhastCons<1.0
FANCF	NM_022725.4	c.195G>T	Benign synonymous, SpliceAI<=0.1, PhastCons<1.0
FANCF	NM_022725.4	c.195G>C	Benign synonymous, SpliceAI<=0.1, PhastCons<1.0
FANCF	NM_022725.4	c.192C>G	Benign synonymous, SpliceAI<=0.1, PhastCons<1.0
FANCF	NM_022725.4	c.192C>A	Benign synonymous, SpliceAI<=0.1, PhastCons<1.0
FANCF	NM_022725.4	c.189C>G	Benign synonymous, SpliceAI<=0.1, PhastCons<1.0
FANCF	NM_022725.4	c.189C>A	Benign synonymous, SpliceAI<=0.1, PhastCons<1.0
FANCF	NM_022725.4	c.184C>G	Benign synonymous, SpliceAI<=0.1, PhastCons<1.0
FANCF	NM_022725.4	c.184C>A	Benign synonymous, SpliceAI<=0.1, PhastCons<1.0
FANCF	NM_022725.4	c.181C>T	Benign synonymous, SpliceAI<=0.1, PhastCons<1.0
FANCF	NM_022725.4	c.181C>G	Benign synonymous, SpliceAI<=0.1, PhastCons<1.0
FANCF	NM_022725.4	c.178C>T	Benign synonymous, SpliceAI<=0.1, PhastCons<1.0
FANCF	NM_022725.4	c.178C>G	Benign synonymous, SpliceAI<=0.1, PhastCons<1.0
FANCF	NM_022725.4	c.177G>T	Benign synonymous, SpliceAI<=0.1, PhastCons<1.0
FANCF	NM_022725.4	c.177G>C	Benign synonymous, SpliceAI<=0.1, PhastCons<1.0
FANCF	NM_022725.4	c.172C>G	Benign synonymous, SpliceAI<=0.1, PhastCons<1.0
FANCF	NM_022725.4	c.172C>A	Benign synonymous, SpliceAI<=0.1, PhastCons<1.0
FANCF	NM_022725.4	c.153T>G	Benign synonymous, SpliceAI<=0.1, PhastCons<1.0
FANCF	NM_022725.4	c.153T>A	Benign synonymous, SpliceAI<=0.1, PhastCons<1.0
FANCF	NM_022725.4	c.148C>T	Benign synonymous, SpliceAI<=0.1, PhastCons<1.0
FANCF	NM_022725.4	c.148C>G	Benign synonymous, SpliceAI<=0.1, PhastCons<1.0
FANCF	NM_022725.4	c.144T>G	Benign synonymous, SpliceAI<=0.1, PhastCons<1.0
FANCF	NM_022725.4	c.144T>A	Benign synonymous, SpliceAI<=0.1, PhastCons<1.0
FANCF	NM_022725.4	c.136C>T	Benign synonymous, SpliceAI<=0.1, PhastCons<1.0
FANCF	NM_022725.4	c.136C>G	Benign synonymous, SpliceAI<=0.1, PhastCons<1.0
FANCF	NM_022725.4	c.135T>G	Benign synonymous, SpliceAI<=0.1, PhastCons<1.0
FANCF	NM_022725.4	c.135T>A	Benign synonymous, SpliceAI<=0.1, PhastCons<1.0
FANCF	NM_022725.4	c.129C>G	Benign synonymous, SpliceAI<=0.1, PhastCons<1.0
FANCF	NM_022725.4	c.129C>A	Benign synonymous, SpliceAI<=0.1, PhastCons<1.0
FANCF	NM_022725.4	c.105G>T	Benign synonymous, SpliceAI<=0.1, PhastCons<1.0
FANCF	NM_022725.4	c.105G>C	Benign synonymous, SpliceAI<=0.1, PhastCons<1.0
FANCF	NM_022725.4	c.103T>G	Benign synonymous, SpliceAI<=0.1, PhastCons<1.0
FANCF	NM_022725.4	c.103T>A	Benign synonymous, SpliceAI<=0.1, PhastCons<1.0
FANCF	NM_022725.4	c.97C>T	Benign synonymous, SpliceAI<=0.1, PhastCons<1.0
FANCF	NM_022725.4	c.97C>G	Benign synonymous, SpliceAI<=0.1, PhastCons<1.0
FANCF	NM_022725.4	c.81C>G	Benign synonymous, SpliceAI<=0.1, PhastCons<1.0
FANCF	NM_022725.4	c.81C>A	Benign synonymous, SpliceAI<=0.1, PhastCons<1.0
FANCF	NM_022725.4	c.72C>G	Benign synonymous, SpliceAI<=0.1, PhastCons<1.0
FANCF	NM_022725.4	c.72C>A	Benign synonymous, SpliceAI<=0.1, PhastCons<1.0
FANCF	NM_022725.4	c.66C>G	Benign synonymous, SpliceAI<=0.1, PhastCons<1.0
FANCF	NM_022725.4	c.66C>A	Benign synonymous, SpliceAI<=0.1, PhastCons<1.0
FANCF	NM_022725.4	c.57C>G	Benign synonymous, SpliceAI<=0.1, PhastCons<1.0
FANCF	NM_022725.4	c.57C>A	Benign synonymous, SpliceAI<=0.1, PhastCons<1.0
FANCF	NM_022725.4	c.43C>G	Benign synonymous, SpliceAI<=0.1, PhastCons<1.0
FANCF	NM_022725.4	c.43C>A	Benign synonymous, SpliceAI<=0.1, PhastCons<1.0
FANCF	NM_022725.4	c.39G>T	Benign synonymous, SpliceAI<=0.1, PhastCons<1.0
FANCF	NM_022725.4	c.39G>C	Benign synonymous, SpliceAI<=0.1, PhastCons<1.0
FANCF	NM_022725.4	c.33T>G	Benign synonymous, SpliceAI<=0.1, PhastCons<1.0
FANCF	NM_022725.4	c.33T>A	Benign synonymous, SpliceAI<=0.1, PhastCons<1.0
FANCF	NM_022725.4	c.27T>G	Benign synonymous, SpliceAI<=0.1, PhastCons<1.0
FANCF	NM_022725.4	c.27T>A	Benign synonymous, SpliceAI<=0.1, PhastCons<1.0
FANCF	NM_022725.4	c.22C>G	Benign synonymous, SpliceAI<=0.1, PhastCons<1.0
FANCF	NM_022725.4	c.22C>A	Benign synonymous, SpliceAI<=0.1, PhastCons<1.0
FANCF	NM_022725.4	c.21C>G	Benign synonymous, SpliceAI<=0.1, PhastCons<1.0
FANCF	NM_022725.4	c.21C>A	Benign synonymous, SpliceAI<=0.1, PhastCons<1.0
FANCF	NM_022725.4	c.18G>T	Benign synonymous, SpliceAI<=0.1, PhastCons<1.0
FANCF	NM_022725.4	c.18G>C	Benign synonymous, SpliceAI<=0.1, PhastCons<1.0
FANCF	NM_022725.4	c.13C>G	Benign synonymous, SpliceAI<=0.1, PhastCons<1.0
FANCF	NM_022725.4	c.13C>A	Benign synonymous, SpliceAI<=0.1, PhastCons<1.0
FANCF	NM_022725.4	c.6A>T	Benign synonymous, SpliceAI<=0.1, PhastCons<1.0
FANCF	NM_022725.4	c.6A>C	Benign synonymous, SpliceAI<=0.1, PhastCons<1.0
FANCG	NM_004629.1	c.1779A>T	Benign synonymous, SpliceAI<=0.1, PhastCons<1.0, PhyloP<0.1
FANCG	NM_004629.1	c.1779A>G	Benign synonymous, SpliceAI<=0.1, PhastCons<1.0, PhyloP<0.1
FANCG	NM_004629.1	c.1779A>C	Benign synonymous, SpliceAI<=0.1, PhastCons<1.0, PhyloP<0.1
FANCG	NM_004629.1	c.92A>T	Benign synonymous, SpliceAI<=0.1, PhastCons<1.0, PhyloP<0.1
FANCG	NM_004629.1	c.92A>G	Benign synonymous, SpliceAI<=0.1, PhastCons<1.0, PhyloP<0.1
FANCG	NM_004629.1	c.92A>C	Benign synonymous, SpliceAI<=0.1, PhastCons<1.0, PhyloP<0.1
FANCI	NM_001113378.1	c.669+6A>C	Benign synonymous, SpliceAI<=0.1, PhastCons<1.0
FANCI	NM_001113378.1	c.669+6A>T	Benign synonymous, SpliceAI<=0.1, PhastCons<1.0
FANCL	NM_001114636.1	c.852T>G	Benign synonymous, SpliceAI<=0.1, PhastCons<1.0
FANCL	NM_001114636.1	c.852T>A	Benign synonymous, SpliceAI<=0.1, PhastCons<1.0
FANCL	NM_001114636.1	c.729A>T	Benign synonymous, SpliceAI<=0.1, PhastCons<1.0, PhyloP<0.1
FANCL	NM_001114636.1	c.729A>G	Benign synonymous, SpliceAI<=0.1, PhastCons<1.0, PhyloP<0.1
FANCL	NM_001114636.1	c.729A>C	Benign synonymous, SpliceAI<=0.1, PhastCons<1.0, PhyloP<0.1
FANCL	NM_001114636.1	c.374+4T>A	Benign synonymous, SpliceAI<=0.1, PhastCons<1.0
FANCL	NM_001114636.1	c.225G>T	Benign synonymous, SpliceAI<=0.1, PhastCons<1.0, PhyloP<0.1
FANCL	NM_001114636.1	c.225G>C	Benign synonymous, SpliceAI<=0.1, PhastCons<1.0, PhyloP<0.1
FANCL	NM_001114636.1	c.225G>A	Benign synonymous, SpliceAI<=0.1, PhastCons<1.0, PhyloP<0.1
FANCM	NM_020937.4	c.517C>A	Benign synonymous, SpliceAI<=0.1, PhastCons<1.0
FANCM	NM_020937.4	c.517C>G	Benign synonymous, SpliceAI<=0.1, PhastCons<1.0
FANCM	NM_020937.4	c.524C>T	Benign FAF >5%
FANCM	NM_020937.4	c.538A>C	Benign synonymous, SpliceAI<=0.1, PhastCons<1.0
FANCM	NM_020937.4	c.538A>T	Benign synonymous, SpliceAI<=0.1, PhastCons<1.0
FANCM	NM_020937.4	c.559C>A	Benign synonymous, SpliceAI<=0.1, PhastCons<1.0
FANCM	NM_020937.4	c.559C>G	Benign synonymous, SpliceAI<=0.1, PhastCons<1.0
FANCM	NM_020937.4	c.585A>T	Benign synonymous, SpliceAI<=0.1, PhastCons<1.0
FANCM	NM_020937.4	c.5153T>A	Benign synonymous, SpliceAI<=0.1, PhastCons<1.0, PhyloP<0.1
FANCM	NM_020937.4	c.5153T>C	Benign synonymous, SpliceAI<=0.1, PhastCons<1.0, PhyloP<0.1
FANCM	NM_020937.4	c.5153T>G	Benign synonymous, SpliceAI<=0.1, PhastCons<1.0, PhyloP<0.1
FH	NM_000143.3	c.1390+5G>T	Benign synonymous, SpliceAI<=0.1, PhastCons<1.0
FH	NM_000143.3	c.1390+5G>C	Benign synonymous, SpliceAI<=0.1, PhastCons<1.0
FH	NM_000143.3	c.1053A>T	Benign synonymous, SpliceAI<=0.1, PhastCons<1.0, PhyloP<0.1
FH	NM_000143.3	c.1053A>G	Benign synonymous, SpliceAI<=0.1, PhastCons<1.0, PhyloP<0.1
FH	NM_000143.3	c.1053A>C	Benign synonymous, SpliceAI<=0.1, PhastCons<1.0, PhyloP<0.1
GATA2	NM_001145661.2	c.*5C>G	Benign synonymous, SpliceAI<=0.1, PhastCons<1.0
GATA2	NM_001145661.2	c.*5C>A	Benign synonymous, SpliceAI<=0.1, PhastCons<1.0
GATA2	NM_001145661.2	c.1401C>T	Benign synonymous, SpliceAI<=0.1, PhastCons<1.0
GATA2	NM_001145661.2	c.1401C>G	Benign synonymous, SpliceAI<=0.1, PhastCons<1.0
GATA2	NM_001145661.2	c.1347C>T	Benign synonymous, SpliceAI<=0.1, PhastCons<1.0
GATA2	NM_001145661.2	c.1347C>G	Benign synonymous, SpliceAI<=0.1, PhastCons<1.0
GATA2	NM_001145661.2	c.1242C>T	Benign synonymous, SpliceAI<=0.1, PhastCons<1.0
GATA2	NM_001145661.2	c.1242C>G	Benign synonymous, SpliceAI<=0.1, PhastCons<1.0
GATA2	NM_001145661.2	c.1233G>A	Benign FAF >5%
GATA2	NM_001145661.2	c.1229G>T	Benign synonymous, SpliceAI<=0.1, PhastCons<1.0
GATA2	NM_001145661.2	c.1229G>C	Benign synonymous, SpliceAI<=0.1, PhastCons<1.0
GATA2	NM_001145661.2	c.1227A>T	Benign synonymous, SpliceAI<=0.1, PhastCons<1.0
GATA2	NM_001145661.2	c.1227A>G	Benign synonymous, SpliceAI<=0.1, PhastCons<1.0
GATA2	NM_001145661.2	c.1220G>T	Benign synonymous, SpliceAI<=0.1, PhastCons<1.0
GATA2	NM_001145661.2	c.1220G>C	Benign synonymous, SpliceAI<=0.1, PhastCons<1.0
GATA2	NM_001145661.2	c.1205A>T	Benign synonymous, SpliceAI<=0.1, PhastCons<1.0
GATA2	NM_001145661.2	c.1205A>C	Benign synonymous, SpliceAI<=0.1, PhastCons<1.0
GCM2	NM_004752.4	c.1518T>G	Benign synonymous, SpliceAI<=0.1, PhastCons<1.0
GCM2	NM_004752.4	c.1518T>A	Benign synonymous, SpliceAI<=0.1, PhastCons<1.0
GCM2	NM_004752.4	c.1515T>G	Benign synonymous, SpliceAI<=0.1, PhastCons<1.0
GCM2	NM_004752.4	c.1515T>A	Benign synonymous, SpliceAI<=0.1, PhastCons<1.0
GCM2	NM_004752.4	c.1512G>T	Benign synonymous, SpliceAI<=0.1, PhastCons<1.0
GCM2	NM_004752.4	c.1512G>C	Benign synonymous, SpliceAI<=0.1, PhastCons<1.0
GCM2	NM_004752.4	c.1509T>G	Benign synonymous, SpliceAI<=0.1, PhastCons<1.0
GCM2	NM_004752.4	c.1509T>A	Benign synonymous, SpliceAI<=0.1, PhastCons<1.0
GCM2	NM_004752.4	c.1506C>G	Benign synonymous, SpliceAI<=0.1, PhastCons<1.0
GCM2	NM_004752.4	c.1506C>A	Benign synonymous, SpliceAI<=0.1, PhastCons<1.0
GCM2	NM_004752.4	c.1504A>C	Likely_benign FAF >0.1%, REVEL <0.29, SpliceAI<=0.1
GCM2	NM_004752.4	c.1503C>G	Benign synonymous, SpliceAI<=0.1, PhastCons<1.0
GCM2	NM_004752.4	c.1503C>A	Benign synonymous, SpliceAI<=0.1, PhastCons<1.0
GCM2	NM_004752.4	c.1497T>G	Benign synonymous, SpliceAI<=0.1, PhastCons<1.0
GCM2	NM_004752.4	c.1497T>A	Benign synonymous, SpliceAI<=0.1, PhastCons<1.0
GCM2	NM_004752.4	c.1494C>G	Benign synonymous, SpliceAI<=0.1, PhastCons<1.0
GCM2	NM_004752.4	c.1494C>A	Benign synonymous, SpliceAI<=0.1, PhastCons<1.0
GCM2	NM_004752.4	c.1482A>T	Benign synonymous, SpliceAI<=0.1, PhastCons<1.0
GCM2	NM_004752.4	c.1482A>C	Benign synonymous, SpliceAI<=0.1, PhastCons<1.0
GCM2	NM_004752.4	c.1480A>T	Benign synonymous, SpliceAI<=0.1, PhastCons<1.0
GCM2	NM_004752.4	c.1480A>G	Benign synonymous, SpliceAI<=0.1, PhastCons<1.0
GCM2	NM_004752.4	c.1479C>G	Benign synonymous, SpliceAI<=0.1, PhastCons<1.0
GCM2	NM_004752.4	c.1479C>A	Benign synonymous, SpliceAI<=0.1, PhastCons<1.0
GCM2	NM_004752.4	c.1473C>G	Benign synonymous, SpliceAI<=0.1, PhastCons<1.0
GCM2	NM_004752.4	c.1473C>A	Benign synonymous, SpliceAI<=0.1, PhastCons<1.0
GCM2	NM_004752.4	c.1470T>G	Benign synonymous, SpliceAI<=0.1, PhastCons<1.0
GCM2	NM_004752.4	c.1470T>A	Benign synonymous, SpliceAI<=0.1, PhastCons<1.0
GCM2	NM_004752.4	c.1453C>G	Benign synonymous, SpliceAI<=0.1, PhastCons<1.0
GCM2	NM_004752.4	c.1453C>A	Benign synonymous, SpliceAI<=0.1, PhastCons<1.0
GCM2	NM_004752.4	c.1444C>G	Benign synonymous, SpliceAI<=0.1, PhastCons<1.0
GCM2	NM_004752.4	c.1444C>A	Benign synonymous, SpliceAI<=0.1, PhastCons<1.0
GCM2	NM_004752.4	c.1443T>G	Benign synonymous, SpliceAI<=0.1, PhastCons<1.0
GCM2	NM_004752.4	c.1443T>A	Benign synonymous, SpliceAI<=0.1, PhastCons<1.0
GCM2	NM_004752.4	c.1437T>G	Benign synonymous, SpliceAI<=0.1, PhastCons<1.0
GCM2	NM_004752.4	c.1437T>A	Benign synonymous, SpliceAI<=0.1, PhastCons<1.0
GCM2	NM_004752.4	c.1428G>T	Benign synonymous, SpliceAI<=0.1, PhastCons<1.0
GCM2	NM_004752.4	c.1428G>C	Benign synonymous, SpliceAI<=0.1, PhastCons<1.0
GCM2	NM_004752.4	c.1422A>T	Benign synonymous, SpliceAI<=0.1, PhastCons<1.0
GCM2	NM_004752.4	c.1422A>C	Benign synonymous, SpliceAI<=0.1, PhastCons<1.0
GCM2	NM_004752.4	c.1419T>G	Benign synonymous, SpliceAI<=0.1, PhastCons<1.0
GCM2	NM_004752.4	c.1419T>A	Benign synonymous, SpliceAI<=0.1, PhastCons<1.0
GCM2	NM_004752.4	c.1413G>T	Benign synonymous, SpliceAI<=0.1, PhastCons<1.0
GCM2	NM_004752.4	c.1413G>C	Benign synonymous, SpliceAI<=0.1, PhastCons<1.0
GCM2	NM_004752.4	c.1411A>T	Benign synonymous, SpliceAI<=0.1, PhastCons<1.0
GCM2	NM_004752.4	c.1411A>G	Benign synonymous, SpliceAI<=0.1, PhastCons<1.0
GCM2	NM_004752.4	c.1398G>T	Benign synonymous, SpliceAI<=0.1, PhastCons<1.0
GCM2	NM_004752.4	c.1398G>C	Benign synonymous, SpliceAI<=0.1, PhastCons<1.0
GCM2	NM_004752.4	c.1395C>G	Benign synonymous, SpliceAI<=0.1, PhastCons<1.0
GCM2	NM_004752.4	c.1395C>A	Benign synonymous, SpliceAI<=0.1, PhastCons<1.0
GCM2	NM_004752.4	c.1363C>T	Benign synonymous, SpliceAI<=0.1, PhastCons<1.0
GCM2	NM_004752.4	c.1363C>G	Benign synonymous, SpliceAI<=0.1, PhastCons<1.0
GCM2	NM_004752.4	c.1362C>G	Benign synonymous, SpliceAI<=0.1, PhastCons<1.0
GCM2	NM_004752.4	c.1362C>A	Benign synonymous, SpliceAI<=0.1, PhastCons<1.0
GCM2	NM_004752.4	c.1359T>G	Benign synonymous, SpliceAI<=0.1, PhastCons<1.0
GCM2	NM_004752.4	c.1359T>A	Benign synonymous, SpliceAI<=0.1, PhastCons<1.0
GCM2	NM_004752.4	c.1347A>T	Benign synonymous, SpliceAI<=0.1, PhastCons<1.0
GCM2	NM_004752.4	c.1347A>C	Benign synonymous, SpliceAI<=0.1, PhastCons<1.0
GCM2	NM_004752.4	c.1314G>T	Benign synonymous, SpliceAI<=0.1, PhastCons<1.0
GCM2	NM_004752.4	c.1314G>C	Benign synonymous, SpliceAI<=0.1, PhastCons<1.0
GCM2	NM_004752.4	c.1312A>T	Benign synonymous, SpliceAI<=0.1, PhastCons<1.0
GCM2	NM_004752.4	c.1312A>G	Benign synonymous, SpliceAI<=0.1, PhastCons<1.0
GCM2	NM_004752.4	c.1298C>T	Likely_benign FAF >0.1%, REVEL <0.29, SpliceAI<=0.1
GCM2	NM_004752.4	c.1284A>T	Benign synonymous, SpliceAI<=0.1, PhastCons<1.0
GCM2	NM_004752.4	c.1284A>C	Benign synonymous, SpliceAI<=0.1, PhastCons<1.0
GCM2	NM_004752.4	c.1278T>G	Benign synonymous, SpliceAI<=0.1, PhastCons<1.0
GCM2	NM_004752.4	c.1278T>A	Benign synonymous, SpliceAI<=0.1, PhastCons<1.0
GCM2	NM_004752.4	c.1260T>G	Benign synonymous, SpliceAI<=0.1, PhastCons<1.0
GCM2	NM_004752.4	c.1260T>A	Benign synonymous, SpliceAI<=0.1, PhastCons<1.0
GCM2	NM_004752.4	c.1257A>T	Benign synonymous, SpliceAI<=0.1, PhastCons<1.0
GCM2	NM_004752.4	c.1257A>C	Benign synonymous, SpliceAI<=0.1, PhastCons<1.0
GCM2	NM_004752.4	c.1248T>G	Benign synonymous, SpliceAI<=0.1, PhastCons<1.0
GCM2	NM_004752.4	c.1248T>A	Benign synonymous, SpliceAI<=0.1, PhastCons<1.0
GCM2	NM_004752.4	c.1245C>A	Benign synonymous, SpliceAI<=0.1, PhastCons<1.0
GCM2	NM_004752.4	c.1242T>G	Benign synonymous, SpliceAI<=0.1, PhastCons<1.0
GCM2	NM_004752.4	c.1242T>A	Benign synonymous, SpliceAI<=0.1, PhastCons<1.0
GCM2	NM_004752.4	c.1227G>T	Benign synonymous, SpliceAI<=0.1, PhastCons<1.0
GCM2	NM_004752.4	c.1227G>C	Benign synonymous, SpliceAI<=0.1, PhastCons<1.0
GCM2	NM_004752.4	c.1221G>T	Benign synonymous, SpliceAI<=0.1, PhastCons<1.0
GCM2	NM_004752.4	c.1221G>C	Benign synonymous, SpliceAI<=0.1, PhastCons<1.0
GCM2	NM_004752.4	c.1217G>A	Likely_benign FAF >0.1%, REVEL <0.29, SpliceAI<=0.1
GCM2	NM_004752.4	c.1216C>T	Benign synonymous, SpliceAI<=0.1, PhastCons<1.0
GCM2	NM_004752.4	c.1216C>G	Benign synonymous, SpliceAI<=0.1, PhastCons<1.0
GCM2	NM_004752.4	c.1212T>G	Benign synonymous, SpliceAI<=0.1, PhastCons<1.0
GCM2	NM_004752.4	c.1212T>A	Benign synonymous, SpliceAI<=0.1, PhastCons<1.0
GCM2	NM_004752.4	c.1209C>G	Benign synonymous, SpliceAI<=0.1, PhastCons<1.0
GCM2	NM_004752.4	c.1209C>A	Benign synonymous, SpliceAI<=0.1, PhastCons<1.0
GCM2	NM_004752.4	c.1206T>G	Benign synonymous, SpliceAI<=0.1, PhastCons<1.0
GCM2	NM_004752.4	c.1206T>A	Benign synonymous, SpliceAI<=0.1, PhastCons<1.0
GCM2	NM_004752.4	c.1203C>G	Benign synonymous, SpliceAI<=0.1, PhastCons<1.0
GCM2	NM_004752.4	c.1203C>A	Benign synonymous, SpliceAI<=0.1, PhastCons<1.0
GCM2	NM_004752.4	c.1200A>T	Benign synonymous, SpliceAI<=0.1, PhastCons<1.0
GCM2	NM_004752.4	c.1200A>C	Benign synonymous, SpliceAI<=0.1, PhastCons<1.0
GCM2	NM_004752.4	c.1185G>T	Benign synonymous, SpliceAI<=0.1, PhastCons<1.0
GCM2	NM_004752.4	c.1185G>C	Benign synonymous, SpliceAI<=0.1, PhastCons<1.0
GCM2	NM_004752.4	c.1164A>T	Benign synonymous, SpliceAI<=0.1, PhastCons<1.0
GCM2	NM_004752.4	c.1164A>C	Benign synonymous, SpliceAI<=0.1, PhastCons<1.0
GCM2	NM_004752.4	c.1140A>T	Benign synonymous, SpliceAI<=0.1, PhastCons<1.0
GCM2	NM_004752.4	c.1140A>C	Benign synonymous, SpliceAI<=0.1, PhastCons<1.0
GCM2	NM_004752.4	c.1135C>G	Benign synonymous, SpliceAI<=0.1, PhastCons<1.0
GCM2	NM_004752.4	c.1135C>A	Benign synonymous, SpliceAI<=0.1, PhastCons<1.0
GCM2	NM_004752.4	c.1104C>G	Benign synonymous, SpliceAI<=0.1, PhastCons<1.0
GCM2	NM_004752.4	c.1104C>A	Benign synonymous, SpliceAI<=0.1, PhastCons<1.0
GCM2	NM_004752.4	c.1101G>T	Benign synonymous, SpliceAI<=0.1, PhastCons<1.0
GCM2	NM_004752.4	c.1101G>C	Benign synonymous, SpliceAI<=0.1, PhastCons<1.0
GCM2	NM_004752.4	c.1099A>T	Benign synonymous, SpliceAI<=0.1, PhastCons<1.0
GCM2	NM_004752.4	c.1099A>G	Benign synonymous, SpliceAI<=0.1, PhastCons<1.0
GCM2	NM_004752.4	c.1098C>G	Benign synonymous, SpliceAI<=0.1, PhastCons<1.0
GCM2	NM_004752.4	c.1098C>A	Benign synonymous, SpliceAI<=0.1, PhastCons<1.0
GCM2	NM_004752.4	c.1083C>G	Benign synonymous, SpliceAI<=0.1, PhastCons<1.0
GCM2	NM_004752.4	c.1083C>A	Benign synonymous, SpliceAI<=0.1, PhastCons<1.0
GCM2	NM_004752.4	c.1080T>G	Benign synonymous, SpliceAI<=0.1, PhastCons<1.0
GCM2	NM_004752.4	c.1080T>A	Benign synonymous, SpliceAI<=0.1, PhastCons<1.0
GCM2	NM_004752.4	c.1077T>G	Benign synonymous, SpliceAI<=0.1, PhastCons<1.0
GCM2	NM_004752.4	c.1077T>A	Benign synonymous, SpliceAI<=0.1, PhastCons<1.0
GCM2	NM_004752.4	c.1060A>G	Likely_benign FAF >0.1%, REVEL <0.29, SpliceAI<=0.1
GCM2	NM_004752.4	c.1056G>T	Benign synonymous, SpliceAI<=0.1, PhastCons<1.0
GCM2	NM_004752.4	c.1056G>C	Benign synonymous, SpliceAI<=0.1, PhastCons<1.0
GCM2	NM_004752.4	c.1053T>G	Benign synonymous, SpliceAI<=0.1, PhastCons<1.0
GCM2	NM_004752.4	c.1053T>A	Benign synonymous, SpliceAI<=0.1, PhastCons<1.0
GCM2	NM_004752.4	c.1050G>T	Benign synonymous, SpliceAI<=0.1, PhastCons<1.0
GCM2	NM_004752.4	c.1050G>C	Benign synonymous, SpliceAI<=0.1, PhastCons<1.0
GCM2	NM_004752.4	c.1044T>G	Benign synonymous, SpliceAI<=0.1, PhastCons<1.0
GCM2	NM_004752.4	c.1044T>A	Benign synonymous, SpliceAI<=0.1, PhastCons<1.0
GCM2	NM_004752.4	c.1041C>G	Benign synonymous, SpliceAI<=0.1, PhastCons<1.0
GCM2	NM_004752.4	c.1041C>A	Benign synonymous, SpliceAI<=0.1, PhastCons<1.0
GCM2	NM_004752.4	c.1035G>T	Benign synonymous, SpliceAI<=0.1, PhastCons<1.0
GCM2	NM_004752.4	c.1035G>C	Benign synonymous, SpliceAI<=0.1, PhastCons<1.0
GCM2	NM_004752.4	c.1033A>T	Benign synonymous, SpliceAI<=0.1, PhastCons<1.0
GCM2	NM_004752.4	c.1033A>G	Benign synonymous, SpliceAI<=0.1, PhastCons<1.0
GCM2	NM_004752.4	c.1032A>T	Benign synonymous, SpliceAI<=0.1, PhastCons<1.0
GCM2	NM_004752.4	c.1032A>C	Benign synonymous, SpliceAI<=0.1, PhastCons<1.0
GCM2	NM_004752.4	c.1023C>G	Benign synonymous, SpliceAI<=0.1, PhastCons<1.0
GCM2	NM_004752.4	c.1023C>A	Benign synonymous, SpliceAI<=0.1, PhastCons<1.0
GCM2	NM_004752.4	c.1017A>T	Benign synonymous, SpliceAI<=0.1, PhastCons<1.0
GCM2	NM_004752.4	c.1017A>C	Benign synonymous, SpliceAI<=0.1, PhastCons<1.0
GCM2	NM_004752.4	c.993T>G	Benign synonymous, SpliceAI<=0.1, PhastCons<1.0
GCM2	NM_004752.4	c.993T>A	Benign synonymous, SpliceAI<=0.1, PhastCons<1.0
GCM2	NM_004752.4	c.990G>T	Benign synonymous, SpliceAI<=0.1, PhastCons<1.0
GCM2	NM_004752.4	c.990G>C	Benign synonymous, SpliceAI<=0.1, PhastCons<1.0
GCM2	NM_004752.4	c.987A>T	Benign synonymous, SpliceAI<=0.1, PhastCons<1.0
GCM2	NM_004752.4	c.987A>C	Benign synonymous, SpliceAI<=0.1, PhastCons<1.0
GCM2	NM_004752.4	c.984C>G	Benign synonymous, SpliceAI<=0.1, PhastCons<1.0
GCM2	NM_004752.4	c.984C>A	Benign synonymous, SpliceAI<=0.1, PhastCons<1.0
GCM2	NM_004752.4	c.978C>G	Benign synonymous, SpliceAI<=0.1, PhastCons<1.0
GCM2	NM_004752.4	c.978C>A	Benign synonymous, SpliceAI<=0.1, PhastCons<1.0
GCM2	NM_004752.4	c.975T>G	Benign synonymous, SpliceAI<=0.1, PhastCons<1.0
GCM2	NM_004752.4	c.975T>A	Benign synonymous, SpliceAI<=0.1, PhastCons<1.0
GCM2	NM_004752.4	c.972T>G	Benign synonymous, SpliceAI<=0.1, PhastCons<1.0
GCM2	NM_004752.4	c.972T>A	Benign synonymous, SpliceAI<=0.1, PhastCons<1.0
GCM2	NM_004752.4	c.966A>T	Benign synonymous, SpliceAI<=0.1, PhastCons<1.0
GCM2	NM_004752.4	c.966A>C	Benign synonymous, SpliceAI<=0.1, PhastCons<1.0
GCM2	NM_004752.4	c.964A>T	Benign synonymous, SpliceAI<=0.1, PhastCons<1.0
GCM2	NM_004752.4	c.964A>G	Benign synonymous, SpliceAI<=0.1, PhastCons<1.0
GCM2	NM_004752.4	c.963G>T	Benign synonymous, SpliceAI<=0.1, PhastCons<1.0
GCM2	NM_004752.4	c.963G>C	Benign synonymous, SpliceAI<=0.1, PhastCons<1.0
GCM2	NM_004752.4	c.960T>G	Benign synonymous, SpliceAI<=0.1, PhastCons<1.0
GCM2	NM_004752.4	c.960T>A	Benign synonymous, SpliceAI<=0.1, PhastCons<1.0
GCM2	NM_004752.4	c.957C>G	Benign synonymous, SpliceAI<=0.1, PhastCons<1.0
GCM2	NM_004752.4	c.957C>A	Benign synonymous, SpliceAI<=0.1, PhastCons<1.0
GCM2	NM_004752.4	c.954C>G	Benign synonymous, SpliceAI<=0.1, PhastCons<1.0
GCM2	NM_004752.4	c.954C>A	Benign synonymous, SpliceAI<=0.1, PhastCons<1.0
GCM2	NM_004752.4	c.951C>G	Benign synonymous, SpliceAI<=0.1, PhastCons<1.0
GCM2	NM_004752.4	c.951C>A	Benign synonymous, SpliceAI<=0.1, PhastCons<1.0
GCM2	NM_004752.4	c.945T>G	Benign synonymous, SpliceAI<=0.1, PhastCons<1.0
GCM2	NM_004752.4	c.945T>A	Benign synonymous, SpliceAI<=0.1, PhastCons<1.0
GCM2	NM_004752.4	c.944A>G	Likely_benign FAF >0.1%, REVEL <0.29, SpliceAI<=0.1
GCM2	NM_004752.4	c.943A>G	Likely_benign FAF >0.1%, REVEL <0.29, SpliceAI<=0.1
GCM2	NM_004752.4	c.941T>G	Likely_benign FAF >0.1%, REVEL <0.29, SpliceAI<=0.1
GCM2	NM_004752.4	c.939T>G	Benign synonymous, SpliceAI<=0.1, PhastCons<1.0
GCM2	NM_004752.4	c.939T>A	Benign synonymous, SpliceAI<=0.1, PhastCons<1.0
GCM2	NM_004752.4	c.936T>G	Benign synonymous, SpliceAI<=0.1, PhastCons<1.0
GCM2	NM_004752.4	c.936T>A	Benign synonymous, SpliceAI<=0.1, PhastCons<1.0
GCM2	NM_004752.4	c.933A>T	Benign synonymous, SpliceAI<=0.1, PhastCons<1.0
GCM2	NM_004752.4	c.933A>C	Benign synonymous, SpliceAI<=0.1, PhastCons<1.0
GCM2	NM_004752.4	c.928C>G	Benign synonymous, SpliceAI<=0.1, PhastCons<1.0
GCM2	NM_004752.4	c.928C>A	Benign synonymous, SpliceAI<=0.1, PhastCons<1.0
GCM2	NM_004752.4	c.924C>G	Benign synonymous, SpliceAI<=0.1, PhastCons<1.0
GCM2	NM_004752.4	c.924C>A	Benign synonymous, SpliceAI<=0.1, PhastCons<1.0
GCM2	NM_004752.4	c.919C>G	Benign synonymous, SpliceAI<=0.1, PhastCons<1.0
GCM2	NM_004752.4	c.919C>A	Benign synonymous, SpliceAI<=0.1, PhastCons<1.0
GCM2	NM_004752.4	c.918T>G	Benign synonymous, SpliceAI<=0.1, PhastCons<1.0
GCM2	NM_004752.4	c.918T>A	Benign synonymous, SpliceAI<=0.1, PhastCons<1.0
GCM2	NM_004752.4	c.909C>G	Benign synonymous, SpliceAI<=0.1, PhastCons<1.0
GCM2	NM_004752.4	c.909C>A	Benign synonymous, SpliceAI<=0.1, PhastCons<1.0
GCM2	NM_004752.4	c.903C>G	Benign synonymous, SpliceAI<=0.1, PhastCons<1.0
GCM2	NM_004752.4	c.903C>A	Benign synonymous, SpliceAI<=0.1, PhastCons<1.0
GCM2	NM_004752.4	c.900T>G	Benign synonymous, SpliceAI<=0.1, PhastCons<1.0
GCM2	NM_004752.4	c.900T>A	Benign synonymous, SpliceAI<=0.1, PhastCons<1.0
GCM2	NM_004752.4	c.891T>G	Benign synonymous, SpliceAI<=0.1, PhastCons<1.0
GCM2	NM_004752.4	c.891T>A	Benign synonymous, SpliceAI<=0.1, PhastCons<1.0
GCM2	NM_004752.4	c.882T>G	Benign synonymous, SpliceAI<=0.1, PhastCons<1.0
GCM2	NM_004752.4	c.882T>A	Benign synonymous, SpliceAI<=0.1, PhastCons<1.0
GCM2	NM_004752.4	c.864T>G	Benign synonymous, SpliceAI<=0.1, PhastCons<1.0
GCM2	NM_004752.4	c.864T>A	Benign synonymous, SpliceAI<=0.1, PhastCons<1.0
GCM2	NM_004752.4	c.858C>G	Benign synonymous, SpliceAI<=0.1, PhastCons<1.0
GCM2	NM_004752.4	c.858C>A	Benign synonymous, SpliceAI<=0.1, PhastCons<1.0
GCM2	NM_004752.4	c.852T>G	Benign synonymous, SpliceAI<=0.1, PhastCons<1.0
GCM2	NM_004752.4	c.852T>A	Benign synonymous, SpliceAI<=0.1, PhastCons<1.0
GCM2	NM_004752.4	c.846T>G	Benign synonymous, SpliceAI<=0.1, PhastCons<1.0
GCM2	NM_004752.4	c.846T>A	Benign synonymous, SpliceAI<=0.1, PhastCons<1.0
GCM2	NM_004752.4	c.844T>G	Likely_benign FAF >0.1%, REVEL <0.29, SpliceAI<=0.1
GCM2	NM_004752.4	c.837C>G	Benign synonymous, SpliceAI<=0.1, PhastCons<1.0
GCM2	NM_004752.4	c.837C>A	Benign synonymous, SpliceAI<=0.1, PhastCons<1.0
GCM2	NM_004752.4	c.829T>G	Benign synonymous, SpliceAI<=0.1, PhastCons<1.0
GCM2	NM_004752.4	c.829T>A	Benign synonymous, SpliceAI<=0.1, PhastCons<1.0
GCM2	NM_004752.4	c.828A>T	Benign synonymous, SpliceAI<=0.1, PhastCons<1.0
GCM2	NM_004752.4	c.828A>C	Benign synonymous, SpliceAI<=0.1, PhastCons<1.0
GCM2	NM_004752.4	c.810G>T	Benign synonymous, SpliceAI<=0.1, PhastCons<1.0
GCM2	NM_004752.4	c.810G>C	Benign synonymous, SpliceAI<=0.1, PhastCons<1.0
GCM2	NM_004752.4	c.808A>T	Benign synonymous, SpliceAI<=0.1, PhastCons<1.0
GCM2	NM_004752.4	c.808A>G	Benign synonymous, SpliceAI<=0.1, PhastCons<1.0
GCM2	NM_004752.4	c.802T>G	Benign synonymous, SpliceAI<=0.1, PhastCons<1.0
GCM2	NM_004752.4	c.802T>A	Benign synonymous, SpliceAI<=0.1, PhastCons<1.0
GCM2	NM_004752.4	c.801T>G	Benign synonymous, SpliceAI<=0.1, PhastCons<1.0
GCM2	NM_004752.4	c.801T>A	Benign synonymous, SpliceAI<=0.1, PhastCons<1.0
GCM2	NM_004752.4	c.795A>T	Benign synonymous, SpliceAI<=0.1, PhastCons<1.0
GCM2	NM_004752.4	c.795A>C	Benign synonymous, SpliceAI<=0.1, PhastCons<1.0
GCM2	NM_004752.4	c.793A>T	Benign synonymous, SpliceAI<=0.1, PhastCons<1.0
GCM2	NM_004752.4	c.793A>G	Benign synonymous, SpliceAI<=0.1, PhastCons<1.0
GCM2	NM_004752.4	c.789C>G	Benign synonymous, SpliceAI<=0.1, PhastCons<1.0
GCM2	NM_004752.4	c.789C>A	Benign synonymous, SpliceAI<=0.1, PhastCons<1.0
GCM2	NM_004752.4	c.783C>G	Benign synonymous, SpliceAI<=0.1, PhastCons<1.0
GCM2	NM_004752.4	c.783C>A	Benign synonymous, SpliceAI<=0.1, PhastCons<1.0
GCM2	NM_004752.4	c.777G>T	Benign synonymous, SpliceAI<=0.1, PhastCons<1.0
GCM2	NM_004752.4	c.777G>C	Benign synonymous, SpliceAI<=0.1, PhastCons<1.0
GCM2	NM_004752.4	c.762A>T	Benign synonymous, SpliceAI<=0.1, PhastCons<1.0
GCM2	NM_004752.4	c.762A>C	Benign synonymous, SpliceAI<=0.1, PhastCons<1.0
GCM2	NM_004752.4	c.759C>G	Benign synonymous, SpliceAI<=0.1, PhastCons<1.0
GCM2	NM_004752.4	c.759C>A	Benign synonymous, SpliceAI<=0.1, PhastCons<1.0
GCM2	NM_004752.4	c.753A>T	Benign synonymous, SpliceAI<=0.1, PhastCons<1.0
GCM2	NM_004752.4	c.753A>C	Benign synonymous, SpliceAI<=0.1, PhastCons<1.0
GCM2	NM_004752.4	c.750T>G	Benign synonymous, SpliceAI<=0.1, PhastCons<1.0
GCM2	NM_004752.4	c.750T>A	Benign synonymous, SpliceAI<=0.1, PhastCons<1.0
GCM2	NM_004752.4	c.739C>G	Benign synonymous, SpliceAI<=0.1, PhastCons<1.0
GCM2	NM_004752.4	c.739C>A	Benign synonymous, SpliceAI<=0.1, PhastCons<1.0
GCM2	NM_004752.4	c.738C>G	Benign synonymous, SpliceAI<=0.1, PhastCons<1.0
GCM2	NM_004752.4	c.738C>A	Benign synonymous, SpliceAI<=0.1, PhastCons<1.0
GCM2	NM_004752.4	c.726A>T	Benign synonymous, SpliceAI<=0.1, PhastCons<1.0
GCM2	NM_004752.4	c.726A>C	Benign synonymous, SpliceAI<=0.1, PhastCons<1.0
GCM2	NM_004752.4	c.717T>G	Benign synonymous, SpliceAI<=0.1, PhastCons<1.0
GCM2	NM_004752.4	c.717T>A	Benign synonymous, SpliceAI<=0.1, PhastCons<1.0
GCM2	NM_004752.4	c.711G>T	Benign synonymous, SpliceAI<=0.1, PhastCons<1.0
GCM2	NM_004752.4	c.711G>C	Benign synonymous, SpliceAI<=0.1, PhastCons<1.0
GCM2	NM_004752.4	c.696C>G	Benign synonymous, SpliceAI<=0.1, PhastCons<1.0
GCM2	NM_004752.4	c.696C>A	Benign synonymous, SpliceAI<=0.1, PhastCons<1.0
GCM2	NM_004752.4	c.690G>T	Benign synonymous, SpliceAI<=0.1, PhastCons<1.0
GCM2	NM_004752.4	c.690G>C	Benign synonymous, SpliceAI<=0.1, PhastCons<1.0
GCM2	NM_004752.4	c.679A>G	Likely_benign FAF >0.1%, REVEL <0.29, SpliceAI<=0.1
GCM2	NM_004752.4	c.672C>G	Benign synonymous, SpliceAI<=0.1, PhastCons<1.0
GCM2	NM_004752.4	c.672C>A	Benign synonymous, SpliceAI<=0.1, PhastCons<1.0
GCM2	NM_004752.4	c.666A>T	Benign synonymous, SpliceAI<=0.1, PhastCons<1.0
GCM2	NM_004752.4	c.666A>C	Benign synonymous, SpliceAI<=0.1, PhastCons<1.0
GCM2	NM_004752.4	c.654T>G	Benign synonymous, SpliceAI<=0.1, PhastCons<1.0
GCM2	NM_004752.4	c.654T>A	Benign synonymous, SpliceAI<=0.1, PhastCons<1.0
GCM2	NM_004752.4	c.651T>G	Benign synonymous, SpliceAI<=0.1, PhastCons<1.0
GCM2	NM_004752.4	c.651T>A	Benign synonymous, SpliceAI<=0.1, PhastCons<1.0
GCM2	NM_004752.4	c.648C>G	Benign synonymous, SpliceAI<=0.1, PhastCons<1.0
GCM2	NM_004752.4	c.648C>A	Benign synonymous, SpliceAI<=0.1, PhastCons<1.0
GCM2	NM_004752.4	c.645A>T	Benign synonymous, SpliceAI<=0.1, PhastCons<1.0
GCM2	NM_004752.4	c.645A>C	Benign synonymous, SpliceAI<=0.1, PhastCons<1.0
GCM2	NM_004752.4	c.639T>G	Benign synonymous, SpliceAI<=0.1, PhastCons<1.0
GCM2	NM_004752.4	c.639T>A	Benign synonymous, SpliceAI<=0.1, PhastCons<1.0
GCM2	NM_004752.4	c.636A>T	Benign synonymous, SpliceAI<=0.1, PhastCons<1.0
GCM2	NM_004752.4	c.636A>C	Benign synonymous, SpliceAI<=0.1, PhastCons<1.0
GCM2	NM_004752.4	c.633G>T	Benign synonymous, SpliceAI<=0.1, PhastCons<1.0
GCM2	NM_004752.4	c.633G>C	Benign synonymous, SpliceAI<=0.1, PhastCons<1.0
GCM2	NM_004752.4	c.631T>G	Benign synonymous, SpliceAI<=0.1, PhastCons<1.0
GCM2	NM_004752.4	c.631T>A	Benign synonymous, SpliceAI<=0.1, PhastCons<1.0
GCM2	NM_004752.4	c.618C>G	Benign synonymous, SpliceAI<=0.1, PhastCons<1.0
GCM2	NM_004752.4	c.618C>A	Benign synonymous, SpliceAI<=0.1, PhastCons<1.0
GCM2	NM_004752.4	c.615C>G	Benign synonymous, SpliceAI<=0.1, PhastCons<1.0
GCM2	NM_004752.4	c.615C>A	Benign synonymous, SpliceAI<=0.1, PhastCons<1.0
GCM2	NM_004752.4	c.612T>A	Benign synonymous, SpliceAI<=0.1, PhastCons<1.0
GCM2	NM_004752.4	c.607G>A	Benign FAF >5%
GCM2	NM_004752.4	c.606T>G	Benign synonymous, SpliceAI<=0.1, PhastCons<1.0
GCM2	NM_004752.4	c.606T>A	Benign synonymous, SpliceAI<=0.1, PhastCons<1.0
GCM2	NM_004752.4	c.603C>G	Benign synonymous, SpliceAI<=0.1, PhastCons<1.0
GCM2	NM_004752.4	c.591A>T	Benign synonymous, SpliceAI<=0.1, PhastCons<1.0
GCM2	NM_004752.4	c.591A>C	Benign synonymous, SpliceAI<=0.1, PhastCons<1.0
GCM2	NM_004752.4	c.576A>T	Benign synonymous, SpliceAI<=0.1, PhastCons<1.0
GCM2	NM_004752.4	c.576A>C	Benign synonymous, SpliceAI<=0.1, PhastCons<1.0
GCM2	NM_004752.4	c.571C>T	Benign synonymous, SpliceAI<=0.1, PhastCons<1.0
GCM2	NM_004752.4	c.571C>G	Benign synonymous, SpliceAI<=0.1, PhastCons<1.0
GCM2	NM_004752.4	c.567A>T	Benign synonymous, SpliceAI<=0.1, PhastCons<1.0
GCM2	NM_004752.4	c.567A>C	Benign synonymous, SpliceAI<=0.1, PhastCons<1.0
GCM2	NM_004752.4	c.552A>T	Benign synonymous, SpliceAI<=0.1, PhastCons<1.0
GCM2	NM_004752.4	c.552A>C	Benign synonymous, SpliceAI<=0.1, PhastCons<1.0
GCM2	NM_004752.4	c.546C>G	Benign synonymous, SpliceAI<=0.1, PhastCons<1.0
GCM2	NM_004752.4	c.546C>A	Benign synonymous, SpliceAI<=0.1, PhastCons<1.0
GCM2	NM_004752.4	c.534A>T	Benign synonymous, SpliceAI<=0.1, PhastCons<1.0
GCM2	NM_004752.4	c.534A>C	Benign synonymous, SpliceAI<=0.1, PhastCons<1.0
GCM2	NM_004752.4	c.531A>T	Benign synonymous, SpliceAI<=0.1, PhastCons<1.0
GCM2	NM_004752.4	c.531A>C	Benign synonymous, SpliceAI<=0.1, PhastCons<1.0
GCM2	NM_004752.4	c.528G>T	Benign synonymous, SpliceAI<=0.1, PhastCons<1.0
GCM2	NM_004752.4	c.528G>C	Benign synonymous, SpliceAI<=0.1, PhastCons<1.0
GCM2	NM_004752.4	c.495A>T	Benign synonymous, SpliceAI<=0.1, PhastCons<1.0
GCM2	NM_004752.4	c.495A>C	Benign synonymous, SpliceAI<=0.1, PhastCons<1.0
GCM2	NM_004752.4	c.474T>G	Benign synonymous, SpliceAI<=0.1, PhastCons<1.0
GCM2	NM_004752.4	c.474T>A	Benign synonymous, SpliceAI<=0.1, PhastCons<1.0
GCM2	NM_004752.4	c.471T>G	Benign synonymous, SpliceAI<=0.1, PhastCons<1.0
GCM2	NM_004752.4	c.471T>A	Benign synonymous, SpliceAI<=0.1, PhastCons<1.0
GCM2	NM_004752.4	c.462G>T	Benign synonymous, SpliceAI<=0.1, PhastCons<1.0
GCM2	NM_004752.4	c.462G>C	Benign synonymous, SpliceAI<=0.1, PhastCons<1.0
GCM2	NM_004752.4	c.441C>G	Benign synonymous, SpliceAI<=0.1, PhastCons<1.0
GCM2	NM_004752.4	c.441C>A	Benign synonymous, SpliceAI<=0.1, PhastCons<1.0
GCM2	NM_004752.4	c.435T>G	Benign synonymous, SpliceAI<=0.1, PhastCons<1.0
GCM2	NM_004752.4	c.435T>A	Benign synonymous, SpliceAI<=0.1, PhastCons<1.0
GCM2	NM_004752.4	c.427C>T	Benign synonymous, SpliceAI<=0.1, PhastCons<1.0
GCM2	NM_004752.4	c.427C>G	Benign synonymous, SpliceAI<=0.1, PhastCons<1.0
GCM2	NM_004752.4	c.408C>G	Benign synonymous, SpliceAI<=0.1, PhastCons<1.0
GCM2	NM_004752.4	c.408C>A	Benign synonymous, SpliceAI<=0.1, PhastCons<1.0
GCM2	NM_004752.4	c.402C>G	Benign synonymous, SpliceAI<=0.1, PhastCons<1.0
GCM2	NM_004752.4	c.402C>A	Benign synonymous, SpliceAI<=0.1, PhastCons<1.0
GCM2	NM_004752.4	c.379T>A	Benign synonymous, SpliceAI<=0.1, PhastCons<1.0
GCM2	NM_004752.4	c.366T>G	Benign synonymous, SpliceAI<=0.1, PhastCons<1.0
GCM2	NM_004752.4	c.366T>A	Benign synonymous, SpliceAI<=0.1, PhastCons<1.0
GCM2	NM_004752.4	c.363T>G	Benign synonymous, SpliceAI<=0.1, PhastCons<1.0
GCM2	NM_004752.4	c.363T>A	Benign synonymous, SpliceAI<=0.1, PhastCons<1.0
GCM2	NM_004752.4	c.354C>G	Benign synonymous, SpliceAI<=0.1, PhastCons<1.0
GCM2	NM_004752.4	c.354C>A	Benign synonymous, SpliceAI<=0.1, PhastCons<1.0
GCM2	NM_004752.4	c.348G>T	Benign synonymous, SpliceAI<=0.1, PhastCons<1.0
GCM2	NM_004752.4	c.348G>C	Benign synonymous, SpliceAI<=0.1, PhastCons<1.0
GCM2	NM_004752.4	c.336A>T	Benign synonymous, SpliceAI<=0.1, PhastCons<1.0
GCM2	NM_004752.4	c.336A>C	Benign synonymous, SpliceAI<=0.1, PhastCons<1.0
GCM2	NM_004752.4	c.328C>T	Benign synonymous, SpliceAI<=0.1, PhastCons<1.0
GCM2	NM_004752.4	c.328C>G	Benign synonymous, SpliceAI<=0.1, PhastCons<1.0
GCM2	NM_004752.4	c.324G>T	Benign synonymous, SpliceAI<=0.1, PhastCons<1.0
GCM2	NM_004752.4	c.324G>C	Benign synonymous, SpliceAI<=0.1, PhastCons<1.0
GCM2	NM_004752.4	c.318C>G	Benign synonymous, SpliceAI<=0.1, PhastCons<1.0
GCM2	NM_004752.4	c.306G>T	Benign synonymous, SpliceAI<=0.1, PhastCons<1.0
GCM2	NM_004752.4	c.306G>C	Benign synonymous, SpliceAI<=0.1, PhastCons<1.0
GCM2	NM_004752.4	c.304A>T	Benign synonymous, SpliceAI<=0.1, PhastCons<1.0
GCM2	NM_004752.4	c.304A>G	Benign synonymous, SpliceAI<=0.1, PhastCons<1.0
GCM2	NM_004752.4	c.285C>G	Benign synonymous, SpliceAI<=0.1, PhastCons<1.0
GCM2	NM_004752.4	c.285C>A	Benign synonymous, SpliceAI<=0.1, PhastCons<1.0
GCM2	NM_004752.4	c.273C>G	Benign synonymous, SpliceAI<=0.1, PhastCons<1.0
GCM2	NM_004752.4	c.273C>A	Benign synonymous, SpliceAI<=0.1, PhastCons<1.0
GCM2	NM_004752.4	c.267G>T	Benign synonymous, SpliceAI<=0.1, PhastCons<1.0
GCM2	NM_004752.4	c.267G>C	Benign synonymous, SpliceAI<=0.1, PhastCons<1.0
GCM2	NM_004752.4	c.261T>G	Benign synonymous, SpliceAI<=0.1, PhastCons<1.0
GCM2	NM_004752.4	c.261T>A	Benign synonymous, SpliceAI<=0.1, PhastCons<1.0
GCM2	NM_004752.4	c.186C>G	Benign synonymous, SpliceAI<=0.1, PhastCons<1.0
GCM2	NM_004752.4	c.186C>A	Benign synonymous, SpliceAI<=0.1, PhastCons<1.0
GCM2	NM_004752.4	c.168G>T	Benign synonymous, SpliceAI<=0.1, PhastCons<1.0
GCM2	NM_004752.4	c.168G>C	Benign synonymous, SpliceAI<=0.1, PhastCons<1.0
GCM2	NM_004752.4	c.159T>G	Benign synonymous, SpliceAI<=0.1, PhastCons<1.0
GCM2	NM_004752.4	c.159T>A	Benign synonymous, SpliceAI<=0.1, PhastCons<1.0
GCM2	NM_004752.4	c.157G>A	Likely_benign FAF >0.1%, REVEL <0.29, SpliceAI<=0.1
GCM2	NM_004752.4	c.156C>G	Benign synonymous, SpliceAI<=0.1, PhastCons<1.0
GCM2	NM_004752.4	c.156C>A	Benign synonymous, SpliceAI<=0.1, PhastCons<1.0
GCM2	NM_004752.4	c.153C>A	Benign synonymous, SpliceAI<=0.1, PhastCons<1.0
GCM2	NM_004752.4	c.135T>G	Benign synonymous, SpliceAI<=0.1, PhastCons<1.0
GCM2	NM_004752.4	c.135T>A	Benign synonymous, SpliceAI<=0.1, PhastCons<1.0
GCM2	NM_004752.4	c.129C>G	Benign synonymous, SpliceAI<=0.1, PhastCons<1.0
GCM2	NM_004752.4	c.129C>A	Benign synonymous, SpliceAI<=0.1, PhastCons<1.0
GCM2	NM_004752.4	c.120G>T	Benign synonymous, SpliceAI<=0.1, PhastCons<1.0
GCM2	NM_004752.4	c.120G>C	Benign synonymous, SpliceAI<=0.1, PhastCons<1.0
GCM2	NM_004752.4	c.111A>T	Benign synonymous, SpliceAI<=0.1, PhastCons<1.0
GCM2	NM_004752.4	c.111A>C	Benign synonymous, SpliceAI<=0.1, PhastCons<1.0
GCM2	NM_004752.4	c.108C>G	Benign synonymous, SpliceAI<=0.1, PhastCons<1.0
GCM2	NM_004752.4	c.108C>A	Benign synonymous, SpliceAI<=0.1, PhastCons<1.0
GCM2	NM_004752.4	c.105T>G	Benign synonymous, SpliceAI<=0.1, PhastCons<1.0
GCM2	NM_004752.4	c.105T>A	Benign synonymous, SpliceAI<=0.1, PhastCons<1.0
GCM2	NM_004752.4	c.81G>T	Benign synonymous, SpliceAI<=0.1, PhastCons<1.0
GCM2	NM_004752.4	c.81G>C	Benign synonymous, SpliceAI<=0.1, PhastCons<1.0
GCM2	NM_004752.4	c.72C>G	Benign synonymous, SpliceAI<=0.1, PhastCons<1.0
GCM2	NM_004752.4	c.72C>A	Benign synonymous, SpliceAI<=0.1, PhastCons<1.0
GCM2	NM_004752.4	c.60C>G	Benign synonymous, SpliceAI<=0.1, PhastCons<1.0
GCM2	NM_004752.4	c.60C>A	Benign synonymous, SpliceAI<=0.1, PhastCons<1.0
GCM2	NM_004752.4	c.45C>G	Benign synonymous, SpliceAI<=0.1, PhastCons<1.0
GCM2	NM_004752.4	c.45C>A	Benign synonymous, SpliceAI<=0.1, PhastCons<1.0
GCM2	NM_004752.4	c.39C>G	Benign synonymous, SpliceAI<=0.1, PhastCons<1.0
GCM2	NM_004752.4	c.39C>A	Benign synonymous, SpliceAI<=0.1, PhastCons<1.0
GCM2	NM_004752.4	c.35T>A	Likely_benign FAF >0.1%, REVEL <0.29, SpliceAI<=0.1
GCM2	NM_004752.4	c.24A>T	Benign synonymous, SpliceAI<=0.1, PhastCons<1.0
GCM2	NM_004752.4	c.24A>C	Benign synonymous, SpliceAI<=0.1, PhastCons<1.0
GCM2	NM_004752.4	c.21G>T	Benign synonymous, SpliceAI<=0.1, PhastCons<1.0
GCM2	NM_004752.4	c.21G>C	Benign synonymous, SpliceAI<=0.1, PhastCons<1.0
GNA11	NM_002067.5	c.7C>A	Benign synonymous, SpliceAI<=0.1, PhastCons<1.0
GNA11	NM_002067.5	c.7C>G	Benign synonymous, SpliceAI<=0.1, PhastCons<1.0
GNA11	NM_002067.5	c.27T>A	Benign synonymous, SpliceAI<=0.1, PhastCons<1.0
GNA11	NM_002067.5	c.27T>G	Benign synonymous, SpliceAI<=0.1, PhastCons<1.0
GNA11	NM_002067.5	c.39T>A	Benign synonymous, SpliceAI<=0.1, PhastCons<1.0
GNA11	NM_002067.5	c.39T>G	Benign synonymous, SpliceAI<=0.1, PhastCons<1.0
GNA11	NM_002067.5	c.51G>C	Benign synonymous, SpliceAI<=0.1, PhastCons<1.0
GNA11	NM_002067.5	c.51G>T	Benign synonymous, SpliceAI<=0.1, PhastCons<1.0
GNA11	NM_002067.5	c.57G>C	Benign synonymous, SpliceAI<=0.1, PhastCons<1.0
GNA11	NM_002067.5	c.57G>T	Benign synonymous, SpliceAI<=0.1, PhastCons<1.0
GNA11	NM_002067.5	c.58C>G	Benign synonymous, SpliceAI<=0.1, PhastCons<1.0
GNA11	NM_002067.5	c.58C>T	Benign synonymous, SpliceAI<=0.1, PhastCons<1.0
GNA11	NM_002067.5	c.66C>A	Benign synonymous, SpliceAI<=0.1, PhastCons<1.0
GNA11	NM_002067.5	c.66C>G	Benign synonymous, SpliceAI<=0.1, PhastCons<1.0
GNA11	NM_002067.5	c.78G>C	Benign synonymous, SpliceAI<=0.1, PhastCons<1.0
GNA11	NM_002067.5	c.78G>T	Benign synonymous, SpliceAI<=0.1, PhastCons<1.0
GNA11	NM_002067.5	c.91C>G	Benign synonymous, SpliceAI<=0.1, PhastCons<1.0
GNA11	NM_002067.5	c.91C>T	Benign synonymous, SpliceAI<=0.1, PhastCons<1.0
GNA11	NM_002067.5	c.96C>A	Benign synonymous, SpliceAI<=0.1, PhastCons<1.0
GNA11	NM_002067.5	c.96C>G	Benign synonymous, SpliceAI<=0.1, PhastCons<1.0
GNA11	NM_002067.5	c.109C>G	Benign synonymous, SpliceAI<=0.1, PhastCons<1.0
GNA11	NM_002067.5	c.109C>T	Benign synonymous, SpliceAI<=0.1, PhastCons<1.0
GNA11	NM_002067.5	c.123G>C	Benign synonymous, SpliceAI<=0.1, PhastCons<1.0
GNA11	NM_002067.5	c.123G>T	Benign synonymous, SpliceAI<=0.1, PhastCons<1.0
GNA11	NM_002067.5	c.127C>A	Benign synonymous, SpliceAI<=0.1, PhastCons<1.0
GNA11	NM_002067.5	c.127C>G	Benign synonymous, SpliceAI<=0.1, PhastCons<1.0
GNA11	NM_002067.5	c.150C>A	Benign synonymous, SpliceAI<=0.1, PhastCons<1.0
GNA11	NM_002067.5	c.150C>G	Benign synonymous, SpliceAI<=0.1, PhastCons<1.0
GNA11	NM_002067.5	c.156G>C	Benign synonymous, SpliceAI<=0.1, PhastCons<1.0
GNA11	NM_002067.5	c.156G>T	Benign synonymous, SpliceAI<=0.1, PhastCons<1.0
GNA11	NM_002067.5	c.189C>A	Benign synonymous, SpliceAI<=0.1, PhastCons<1.0
GNA11	NM_002067.5	c.189C>G	Benign synonymous, SpliceAI<=0.1, PhastCons<1.0
GNA11	NM_002067.5	c.193G>A	Likely_benign FAF >0.1%, REVEL <0.29, SpliceAI<=0.1
GNA11	NM_002067.5	c.207G>C	Benign synonymous, SpliceAI<=0.1, PhastCons<1.0
GNA11	NM_002067.5	c.207G>T	Benign synonymous, SpliceAI<=0.1, PhastCons<1.0
GNA11	NM_002067.5	c.213C>A	Benign synonymous, SpliceAI<=0.1, PhastCons<1.0
GNA11	NM_002067.5	c.213C>G	Benign synonymous, SpliceAI<=0.1, PhastCons<1.0
GNA11	NM_002067.5	c.274C>G	Benign synonymous, SpliceAI<=0.1, PhastCons<1.0
GNA11	NM_002067.5	c.274C>T	Benign synonymous, SpliceAI<=0.1, PhastCons<1.0
GNA11	NM_002067.5	c.285G>C	Benign synonymous, SpliceAI<=0.1, PhastCons<1.0
GNA11	NM_002067.5	c.285G>T	Benign synonymous, SpliceAI<=0.1, PhastCons<1.0
GNA11	NM_002067.5	c.294G>C	Benign synonymous, SpliceAI<=0.1, PhastCons<1.0
GNA11	NM_002067.5	c.294G>T	Benign synonymous, SpliceAI<=0.1, PhastCons<1.0
GNA11	NM_002067.5	c.303C>A	Benign synonymous, SpliceAI<=0.1, PhastCons<1.0
GNA11	NM_002067.5	c.303C>G	Benign synonymous, SpliceAI<=0.1, PhastCons<1.0
GNA11	NM_002067.5	c.306G>C	Benign synonymous, SpliceAI<=0.1, PhastCons<1.0
GNA11	NM_002067.5	c.306G>T	Benign synonymous, SpliceAI<=0.1, PhastCons<1.0
GNA11	NM_002067.5	c.309C>G	Benign synonymous, SpliceAI<=0.1, PhastCons<1.0
GNA11	NM_002067.5	c.312G>C	Benign synonymous, SpliceAI<=0.1, PhastCons<1.0
GNA11	NM_002067.5	c.312G>T	Benign synonymous, SpliceAI<=0.1, PhastCons<1.0
GNA11	NM_002067.5	c.327T>A	Benign synonymous, SpliceAI<=0.1, PhastCons<1.0
GNA11	NM_002067.5	c.327T>G	Benign synonymous, SpliceAI<=0.1, PhastCons<1.0
GNA11	NM_002067.5	c.334C>A	Benign synonymous, SpliceAI<=0.1, PhastCons<1.0
GNA11	NM_002067.5	c.334C>G	Benign synonymous, SpliceAI<=0.1, PhastCons<1.0
GNA11	NM_002067.5	c.340C>G	Benign synonymous, SpliceAI<=0.1, PhastCons<1.0
GNA11	NM_002067.5	c.340C>T	Benign synonymous, SpliceAI<=0.1, PhastCons<1.0
GNA11	NM_002067.5	c.345G>C	Benign synonymous, SpliceAI<=0.1, PhastCons<1.0
GNA11	NM_002067.5	c.345G>T	Benign synonymous, SpliceAI<=0.1, PhastCons<1.0
GNA11	NM_002067.5	c.351C>A	Benign synonymous, SpliceAI<=0.1, PhastCons<1.0
GNA11	NM_002067.5	c.351C>G	Benign synonymous, SpliceAI<=0.1, PhastCons<1.0
GNA11	NM_002067.5	c.357G>C	Benign synonymous, SpliceAI<=0.1, PhastCons<1.0
GNA11	NM_002067.5	c.357G>T	Benign synonymous, SpliceAI<=0.1, PhastCons<1.0
GNA11	NM_002067.5	c.372C>A	Benign synonymous, SpliceAI<=0.1, PhastCons<1.0
GNA11	NM_002067.5	c.372C>G	Benign synonymous, SpliceAI<=0.1, PhastCons<1.0
GNA11	NM_002067.5	c.378T>A	Benign synonymous, SpliceAI<=0.1, PhastCons<1.0
GNA11	NM_002067.5	c.378T>G	Benign synonymous, SpliceAI<=0.1, PhastCons<1.0
GNA11	NM_002067.5	c.381G>C	Benign synonymous, SpliceAI<=0.1, PhastCons<1.0
GNA11	NM_002067.5	c.381G>T	Benign synonymous, SpliceAI<=0.1, PhastCons<1.0
GNA11	NM_002067.5	c.390T>A	Benign synonymous, SpliceAI<=0.1, PhastCons<1.0
GNA11	NM_002067.5	c.390T>G	Benign synonymous, SpliceAI<=0.1, PhastCons<1.0
GNA11	NM_002067.5	c.399G>C	Benign synonymous, SpliceAI<=0.1, PhastCons<1.0
GNA11	NM_002067.5	c.399G>T	Benign synonymous, SpliceAI<=0.1, PhastCons<1.0
GNA11	NM_002067.5	c.403C>A	Benign synonymous, SpliceAI<=0.1, PhastCons<1.0
GNA11	NM_002067.5	c.403C>G	Benign synonymous, SpliceAI<=0.1, PhastCons<1.0
GNA11	NM_002067.5	c.411G>C	Benign synonymous, SpliceAI<=0.1, PhastCons<1.0
GNA11	NM_002067.5	c.411G>T	Benign synonymous, SpliceAI<=0.1, PhastCons<1.0
GNA11	NM_002067.5	c.432C>A	Benign synonymous, SpliceAI<=0.1, PhastCons<1.0
GNA11	NM_002067.5	c.435C>A	Benign synonymous, SpliceAI<=0.1, PhastCons<1.0
GNA11	NM_002067.5	c.435C>G	Benign synonymous, SpliceAI<=0.1, PhastCons<1.0
GNA11	NM_002067.5	c.438C>A	Benign synonymous, SpliceAI<=0.1, PhastCons<1.0
GNA11	NM_002067.5	c.438C>G	Benign synonymous, SpliceAI<=0.1, PhastCons<1.0
GNA11	NM_002067.5	c.442A>G	Benign synonymous, SpliceAI<=0.1, PhastCons<1.0
GNA11	NM_002067.5	c.442A>T	Benign synonymous, SpliceAI<=0.1, PhastCons<1.0
GNA11	NM_002067.5	c.474G>C	Benign synonymous, SpliceAI<=0.1, PhastCons<1.0
GNA11	NM_002067.5	c.474G>T	Benign synonymous, SpliceAI<=0.1, PhastCons<1.0
GNA11	NM_002067.5	c.489C>A	Benign synonymous, SpliceAI<=0.1, PhastCons<1.0
GNA11	NM_002067.5	c.489C>G	Benign synonymous, SpliceAI<=0.1, PhastCons<1.0
GNA11	NM_002067.5	c.508T>A	Benign synonymous, SpliceAI<=0.1, PhastCons<1.0
GNA11	NM_002067.5	c.508T>G	Benign synonymous, SpliceAI<=0.1, PhastCons<1.0
GNA11	NM_002067.5	c.510G>C	Benign synonymous, SpliceAI<=0.1, PhastCons<1.0
GNA11	NM_002067.5	c.510G>T	Benign synonymous, SpliceAI<=0.1, PhastCons<1.0
GNA11	NM_002067.5	c.517C>A	Benign synonymous, SpliceAI<=0.1, PhastCons<1.0
GNA11	NM_002067.5	c.517C>G	Benign synonymous, SpliceAI<=0.1, PhastCons<1.0
GNA11	NM_002067.5	c.534C>A	Benign synonymous, SpliceAI<=0.1, PhastCons<1.0
GNA11	NM_002067.5	c.534C>G	Benign synonymous, SpliceAI<=0.1, PhastCons<1.0
GNA11	NM_002067.5	c.582C>A	Benign synonymous, SpliceAI<=0.1, PhastCons<1.0
GNA11	NM_002067.5	c.582C>G	Benign synonymous, SpliceAI<=0.1, PhastCons<1.0
GNA11	NM_002067.5	c.615T>A	Benign synonymous, SpliceAI<=0.1, PhastCons<1.0
GNA11	NM_002067.5	c.615T>G	Benign synonymous, SpliceAI<=0.1, PhastCons<1.0
GNA11	NM_002067.5	c.628C>G	Benign synonymous, SpliceAI<=0.1, PhastCons<1.0
GNA11	NM_002067.5	c.628C>T	Benign synonymous, SpliceAI<=0.1, PhastCons<1.0
GNA11	NM_002067.5	c.640A>G	Benign synonymous, SpliceAI<=0.1, PhastCons<1.0
GNA11	NM_002067.5	c.640A>T	Benign synonymous, SpliceAI<=0.1, PhastCons<1.0
GNA11	NM_002067.5	c.660T>A	Benign synonymous, SpliceAI<=0.1, PhastCons<1.0
GNA11	NM_002067.5	c.660T>G	Benign synonymous, SpliceAI<=0.1, PhastCons<1.0
GNA11	NM_002067.5	c.666C>A	Benign synonymous, SpliceAI<=0.1, PhastCons<1.0
GNA11	NM_002067.5	c.684T>A	Benign synonymous, SpliceAI<=0.1, PhastCons<1.0
GNA11	NM_002067.5	c.684T>G	Benign synonymous, SpliceAI<=0.1, PhastCons<1.0
GNA11	NM_002067.5	c.699C>A	Benign synonymous, SpliceAI<=0.1, PhastCons<1.0
GNA11	NM_002067.5	c.705C>A	Benign synonymous, SpliceAI<=0.1, PhastCons<1.0
GNA11	NM_002067.5	c.705C>G	Benign synonymous, SpliceAI<=0.1, PhastCons<1.0
GNA11	NM_002067.5	c.711A>C	Benign synonymous, SpliceAI<=0.1, PhastCons<1.0
GNA11	NM_002067.5	c.711A>T	Benign synonymous, SpliceAI<=0.1, PhastCons<1.0
GNA11	NM_002067.5	c.732C>A	Benign synonymous, SpliceAI<=0.1, PhastCons<1.0
GNA11	NM_002067.5	c.732C>G	Benign synonymous, SpliceAI<=0.1, PhastCons<1.0
GNA11	NM_002067.5	c.756A>C	Benign synonymous, SpliceAI<=0.1, PhastCons<1.0
GNA11	NM_002067.5	c.756A>T	Benign synonymous, SpliceAI<=0.1, PhastCons<1.0
GNA11	NM_002067.5	c.760C>A	Benign synonymous, SpliceAI<=0.1, PhastCons<1.0
GNA11	NM_002067.5	c.760C>G	Benign synonymous, SpliceAI<=0.1, PhastCons<1.0
GNA11	NM_002067.5	c.765C>A	Benign synonymous, SpliceAI<=0.1, PhastCons<1.0
GNA11	NM_002067.5	c.765C>G	Benign synonymous, SpliceAI<=0.1, PhastCons<1.0
GNA11	NM_002067.5	c.766C>G	Benign synonymous, SpliceAI<=0.1, PhastCons<1.0
GNA11	NM_002067.5	c.766C>T	Benign synonymous, SpliceAI<=0.1, PhastCons<1.0
GNA11	NM_002067.5	c.832C>A	Benign synonymous, SpliceAI<=0.1, PhastCons<1.0
GNA11	NM_002067.5	c.832C>G	Benign synonymous, SpliceAI<=0.1, PhastCons<1.0
GNA11	NM_002067.5	c.835C>A	Benign synonymous, SpliceAI<=0.1, PhastCons<1.0
GNA11	NM_002067.5	c.835C>G	Benign synonymous, SpliceAI<=0.1, PhastCons<1.0
GNA11	NM_002067.5	c.843C>A	Benign synonymous, SpliceAI<=0.1, PhastCons<1.0
GNA11	NM_002067.5	c.843C>G	Benign synonymous, SpliceAI<=0.1, PhastCons<1.0
GNA11	NM_002067.5	c.855C>A	Benign synonymous, SpliceAI<=0.1, PhastCons<1.0
GNA11	NM_002067.5	c.855C>G	Benign synonymous, SpliceAI<=0.1, PhastCons<1.0
GNA11	NM_002067.5	c.870C>A	Benign synonymous, SpliceAI<=0.1, PhastCons<1.0
GNA11	NM_002067.5	c.885C>G	Benign synonymous, SpliceAI<=0.1, PhastCons<1.0
GNA11	NM_002067.5	c.888T>A	Benign synonymous, SpliceAI<=0.1, PhastCons<1.0
GNA11	NM_002067.5	c.888T>G	Benign synonymous, SpliceAI<=0.1, PhastCons<1.0
GNA11	NM_002067.5	c.897G>C	Benign synonymous, SpliceAI<=0.1, PhastCons<1.0
GNA11	NM_002067.5	c.897G>T	Benign synonymous, SpliceAI<=0.1, PhastCons<1.0
GNA11	NM_002067.5	c.898C>T	Benign synonymous, SpliceAI<=0.1, PhastCons<1.0
GNA11	NM_002067.5	c.903C>A	Benign synonymous, SpliceAI<=0.1, PhastCons<1.0
GNA11	NM_002067.5	c.903C>G	Benign synonymous, SpliceAI<=0.1, PhastCons<1.0
GNA11	NM_002067.5	c.916C>G	Benign synonymous, SpliceAI<=0.1, PhastCons<1.0
GNA11	NM_002067.5	c.916C>T	Benign synonymous, SpliceAI<=0.1, PhastCons<1.0
GNA11	NM_002067.5	c.928C>A	Benign synonymous, SpliceAI<=0.1, PhastCons<1.0
GNA11	NM_002067.5	c.928C>G	Benign synonymous, SpliceAI<=0.1, PhastCons<1.0
GNA11	NM_002067.5	c.939C>A	Benign synonymous, SpliceAI<=0.1, PhastCons<1.0
GNA11	NM_002067.5	c.939C>G	Benign synonymous, SpliceAI<=0.1, PhastCons<1.0
GNA11	NM_002067.5	c.951C>A	Benign synonymous, SpliceAI<=0.1, PhastCons<1.0
GNA11	NM_002067.5	c.951C>G	Benign synonymous, SpliceAI<=0.1, PhastCons<1.0
GNA11	NM_002067.5	c.960C>A	Benign synonymous, SpliceAI<=0.1, PhastCons<1.0
GNA11	NM_002067.5	c.960C>G	Benign synonymous, SpliceAI<=0.1, PhastCons<1.0
GNA11	NM_002067.5	c.963C>A	Benign synonymous, SpliceAI<=0.1, PhastCons<1.0
GNA11	NM_002067.5	c.963C>G	Benign synonymous, SpliceAI<=0.1, PhastCons<1.0
GNA11	NM_002067.5	c.990T>A	Benign synonymous, SpliceAI<=0.1, PhastCons<1.0
GNA11	NM_002067.5	c.990T>G	Benign synonymous, SpliceAI<=0.1, PhastCons<1.0
GNA11	NM_002067.5	c.1017C>A	Benign synonymous, SpliceAI<=0.1, PhastCons<1.0
GNA11	NM_002067.5	c.1017C>G	Benign synonymous, SpliceAI<=0.1, PhastCons<1.0
GNA11	NM_002067.5	c.1023C>A	Benign synonymous, SpliceAI<=0.1, PhastCons<1.0
GNA11	NM_002067.5	c.1023C>G	Benign synonymous, SpliceAI<=0.1, PhastCons<1.0
GNA11	NM_002067.5	c.1065G>C	Benign synonymous, SpliceAI<=0.1, PhastCons<1.0
GNA11	NM_002067.5	c.1065G>T	Benign synonymous, SpliceAI<=0.1, PhastCons<1.0
GNA11	NM_002067.5	c.1068C>A	Benign synonymous, SpliceAI<=0.1, PhastCons<1.0
GNA11	NM_002067.5	c.1068C>G	Benign synonymous, SpliceAI<=0.1, PhastCons<1.0
GREM1	NM_013372.7	c.105G>A	Benign synonymous, SpliceAI<=0.1, PhastCons<1.0, PhyloP<0.1
GREM1	NM_013372.7	c.105G>C	Benign synonymous, SpliceAI<=0.1, PhastCons<1.0, PhyloP<0.1
GREM1	NM_013372.7	c.105G>T	Benign synonymous, SpliceAI<=0.1, PhastCons<1.0, PhyloP<0.1
HOXB13	NM_006361.5	c.855A>T	Benign synonymous, SpliceAI<=0.1, PhastCons<1.0
HOXB13	NM_006361.5	c.855A>C	Benign synonymous, SpliceAI<=0.1, PhastCons<1.0
HOXB13	NM_006361.5	c.854A>T	Benign synonymous, SpliceAI<=0.1, PhastCons<1.0
HOXB13	NM_006361.5	c.854A>C	Benign synonymous, SpliceAI<=0.1, PhastCons<1.0
HOXB13	NM_006361.5	c.843C>A	Benign synonymous, SpliceAI<=0.1, PhastCons<1.0
HOXB13	NM_006361.5	c.840C>G	Benign synonymous, SpliceAI<=0.1, PhastCons<1.0
HOXB13	NM_006361.5	c.840C>A	Benign synonymous, SpliceAI<=0.1, PhastCons<1.0
HOXB13	NM_006361.5	c.837G>C	Benign synonymous, SpliceAI<=0.1, PhastCons<1.0
HOXB13	NM_006361.5	c.832G>T	Likely_benign FAF >0.1%, REVEL <0.29, SpliceAI<=0.1
HOXB13	NM_006361.5	c.831G>T	Benign synonymous, SpliceAI<=0.1, PhastCons<1.0
HOXB13	NM_006361.5	c.831G>C	Benign synonymous, SpliceAI<=0.1, PhastCons<1.0
HOXB13	NM_006361.5	c.819G>T	Benign synonymous, SpliceAI<=0.1, PhastCons<1.0
HOXB13	NM_006361.5	c.819G>C	Benign synonymous, SpliceAI<=0.1, PhastCons<1.0
HOXB13	NM_006361.5	c.816G>T	Benign synonymous, SpliceAI<=0.1, PhastCons<1.0
HOXB13	NM_006361.5	c.816G>C	Benign synonymous, SpliceAI<=0.1, PhastCons<1.0
HOXB13	NM_006361.5	c.810A>T	Benign synonymous, SpliceAI<=0.1, PhastCons<1.0
HOXB13	NM_006361.5	c.810A>C	Benign synonymous, SpliceAI<=0.1, PhastCons<1.0
HOXB13	NM_006361.5	c.802C>T	Benign synonymous, SpliceAI<=0.1, PhastCons<1.0
HOXB13	NM_006361.5	c.802C>G	Benign synonymous, SpliceAI<=0.1, PhastCons<1.0
HOXB13	NM_006361.5	c.795G>T	Benign synonymous, SpliceAI<=0.1, PhastCons<1.0
HOXB13	NM_006361.5	c.795G>C	Benign synonymous, SpliceAI<=0.1, PhastCons<1.0
HOXB13	NM_006361.5	c.771G>T	Benign synonymous, SpliceAI<=0.1, PhastCons<1.0
HOXB13	NM_006361.5	c.771G>C	Benign synonymous, SpliceAI<=0.1, PhastCons<1.0
HOXB13	NM_006361.5	c.729G>T	Benign synonymous, SpliceAI<=0.1, PhastCons<1.0
HOXB13	NM_006361.5	c.729G>C	Benign synonymous, SpliceAI<=0.1, PhastCons<1.0
HOXB13	NM_006361.5	c.717G>T	Benign synonymous, SpliceAI<=0.1, PhastCons<1.0
HOXB13	NM_006361.5	c.717G>C	Benign synonymous, SpliceAI<=0.1, PhastCons<1.0
HOXB13	NM_006361.5	c.705T>G	Benign synonymous, SpliceAI<=0.1, PhastCons<1.0
HOXB13	NM_006361.5	c.705T>A	Benign synonymous, SpliceAI<=0.1, PhastCons<1.0
HOXB13	NM_006361.5	c.702G>T	Benign synonymous, SpliceAI<=0.1, PhastCons<1.0
HOXB13	NM_006361.5	c.702G>C	Benign synonymous, SpliceAI<=0.1, PhastCons<1.0
HOXB13	NM_006361.5	c.697C>T	Benign synonymous, SpliceAI<=0.1, PhastCons<1.0
HOXB13	NM_006361.5	c.697C>G	Benign synonymous, SpliceAI<=0.1, PhastCons<1.0
HOXB13	NM_006361.5	c.696G>T	Benign synonymous, SpliceAI<=0.1, PhastCons<1.0
HOXB13	NM_006361.5	c.696G>C	Benign synonymous, SpliceAI<=0.1, PhastCons<1.0
HOXB13	NM_006361.5	c.690G>T	Benign synonymous, SpliceAI<=0.1, PhastCons<1.0
HOXB13	NM_006361.5	c.690G>C	Benign synonymous, SpliceAI<=0.1, PhastCons<1.0
HOXB13	NM_006361.5	c.685C>T	Benign synonymous, SpliceAI<=0.1, PhastCons<1.0
HOXB13	NM_006361.5	c.685C>G	Benign synonymous, SpliceAI<=0.1, PhastCons<1.0
HOXB13	NM_006361.5	c.684G>T	Benign synonymous, SpliceAI<=0.1, PhastCons<1.0
HOXB13	NM_006361.5	c.684G>C	Benign synonymous, SpliceAI<=0.1, PhastCons<1.0
HOXB13	NM_006361.5	c.682T>G	Benign synonymous, SpliceAI<=0.1, PhastCons<1.0
HOXB13	NM_006361.5	c.682T>A	Benign synonymous, SpliceAI<=0.1, PhastCons<1.0
HOXB13	NM_006361.5	c.681G>T	Benign synonymous, SpliceAI<=0.1, PhastCons<1.0
HOXB13	NM_006361.5	c.681G>C	Benign synonymous, SpliceAI<=0.1, PhastCons<1.0
HOXB13	NM_006361.5	c.675G>T	Benign synonymous, SpliceAI<=0.1, PhastCons<1.0
HOXB13	NM_006361.5	c.675G>C	Benign synonymous, SpliceAI<=0.1, PhastCons<1.0
HOXB13	NM_006361.5	c.657A>T	Benign synonymous, SpliceAI<=0.1, PhastCons<1.0
HOXB13	NM_006361.5	c.657A>C	Benign synonymous, SpliceAI<=0.1, PhastCons<1.0
HOXB13	NM_006361.5	c.634G>A	Likely_benign FAF >0.1%, REVEL <0.29, SpliceAI<=0.1
HOXB13	NM_006361.5	c.633C>G	Benign synonymous, SpliceAI<=0.1, PhastCons<1.0
HOXB13	NM_006361.5	c.633C>A	Benign synonymous, SpliceAI<=0.1, PhastCons<1.0
HOXB13	NM_006361.5	c.627C>G	Benign synonymous, SpliceAI<=0.1, PhastCons<1.0
HOXB13	NM_006361.5	c.627C>A	Benign synonymous, SpliceAI<=0.1, PhastCons<1.0
HOXB13	NM_006361.5	c.618C>G	Benign synonymous, SpliceAI<=0.1, PhastCons<1.0
HOXB13	NM_006361.5	c.618C>A	Benign synonymous, SpliceAI<=0.1, PhastCons<1.0
HOXB13	NM_006361.5	c.609C>G	Benign synonymous, SpliceAI<=0.1, PhastCons<1.0
HOXB13	NM_006361.5	c.609C>A	Benign synonymous, SpliceAI<=0.1, PhastCons<1.0
HOXB13	NM_006361.5	c.603C>G	Benign synonymous, SpliceAI<=0.1, PhastCons<1.0
HOXB13	NM_006361.5	c.603C>A	Benign synonymous, SpliceAI<=0.1, PhastCons<1.0
HOXB13	NM_006361.5	c.597T>G	Benign synonymous, SpliceAI<=0.1, PhastCons<1.0
HOXB13	NM_006361.5	c.597T>A	Benign synonymous, SpliceAI<=0.1, PhastCons<1.0
HOXB13	NM_006361.5	c.588G>T	Benign synonymous, SpliceAI<=0.1, PhastCons<1.0
HOXB13	NM_006361.5	c.588G>C	Benign synonymous, SpliceAI<=0.1, PhastCons<1.0
HOXB13	NM_006361.5	c.582T>G	Benign synonymous, SpliceAI<=0.1, PhastCons<1.0
HOXB13	NM_006361.5	c.582T>A	Benign synonymous, SpliceAI<=0.1, PhastCons<1.0
HOXB13	NM_006361.5	c.567C>G	Benign synonymous, SpliceAI<=0.1, PhastCons<1.0
HOXB13	NM_006361.5	c.567C>A	Benign synonymous, SpliceAI<=0.1, PhastCons<1.0
HOXB13	NM_006361.5	c.564G>T	Benign synonymous, SpliceAI<=0.1, PhastCons<1.0
HOXB13	NM_006361.5	c.564G>C	Benign synonymous, SpliceAI<=0.1, PhastCons<1.0
HOXB13	NM_006361.5	c.561A>T	Benign synonymous, SpliceAI<=0.1, PhastCons<1.0
HOXB13	NM_006361.5	c.561A>C	Benign synonymous, SpliceAI<=0.1, PhastCons<1.0
HOXB13	NM_006361.5	c.543G>T	Benign synonymous, SpliceAI<=0.1, PhastCons<1.0
HOXB13	NM_006361.5	c.543G>C	Benign synonymous, SpliceAI<=0.1, PhastCons<1.0
HOXB13	NM_006361.5	c.540C>G	Benign synonymous, SpliceAI<=0.1, PhastCons<1.0
HOXB13	NM_006361.5	c.540C>A	Benign synonymous, SpliceAI<=0.1, PhastCons<1.0
HOXB13	NM_006361.5	c.537C>G	Benign synonymous, SpliceAI<=0.1, PhastCons<1.0
HOXB13	NM_006361.5	c.537C>A	Benign synonymous, SpliceAI<=0.1, PhastCons<1.0
HOXB13	NM_006361.5	c.504T>A	Benign synonymous, SpliceAI<=0.1, PhastCons<1.0
HOXB13	NM_006361.5	c.501C>G	Benign synonymous, SpliceAI<=0.1, PhastCons<1.0
HOXB13	NM_006361.5	c.501C>A	Benign synonymous, SpliceAI<=0.1, PhastCons<1.0
HOXB13	NM_006361.5	c.492G>T	Benign synonymous, SpliceAI<=0.1, PhastCons<1.0
HOXB13	NM_006361.5	c.492G>C	Benign synonymous, SpliceAI<=0.1, PhastCons<1.0
HOXB13	NM_006361.5	c.490T>G	Benign synonymous, SpliceAI<=0.1, PhastCons<1.0
HOXB13	NM_006361.5	c.490T>A	Benign synonymous, SpliceAI<=0.1, PhastCons<1.0
HOXB13	NM_006361.5	c.487C>G	Benign synonymous, SpliceAI<=0.1, PhastCons<1.0
HOXB13	NM_006361.5	c.487C>A	Benign synonymous, SpliceAI<=0.1, PhastCons<1.0
HOXB13	NM_006361.5	c.483C>G	Benign synonymous, SpliceAI<=0.1, PhastCons<1.0
HOXB13	NM_006361.5	c.483C>A	Benign synonymous, SpliceAI<=0.1, PhastCons<1.0
HOXB13	NM_006361.5	c.480T>G	Benign synonymous, SpliceAI<=0.1, PhastCons<1.0
HOXB13	NM_006361.5	c.480T>A	Benign synonymous, SpliceAI<=0.1, PhastCons<1.0
HOXB13	NM_006361.5	c.475C>T	Benign synonymous, SpliceAI<=0.1, PhastCons<1.0
HOXB13	NM_006361.5	c.475C>G	Benign synonymous, SpliceAI<=0.1, PhastCons<1.0
HOXB13	NM_006361.5	c.471A>T	Benign synonymous, SpliceAI<=0.1, PhastCons<1.0
HOXB13	NM_006361.5	c.471A>C	Benign synonymous, SpliceAI<=0.1, PhastCons<1.0
HOXB13	NM_006361.5	c.454C>G	Benign synonymous, SpliceAI<=0.1, PhastCons<1.0
HOXB13	NM_006361.5	c.454C>A	Benign synonymous, SpliceAI<=0.1, PhastCons<1.0
HOXB13	NM_006361.5	c.450G>T	Benign synonymous, SpliceAI<=0.1, PhastCons<1.0
HOXB13	NM_006361.5	c.450G>C	Benign synonymous, SpliceAI<=0.1, PhastCons<1.0
HOXB13	NM_006361.5	c.435C>G	Benign synonymous, SpliceAI<=0.1, PhastCons<1.0
HOXB13	NM_006361.5	c.435C>A	Benign synonymous, SpliceAI<=0.1, PhastCons<1.0
HOXB13	NM_006361.5	c.426T>A	Benign synonymous, SpliceAI<=0.1, PhastCons<1.0
HOXB13	NM_006361.5	c.399T>G	Benign synonymous, SpliceAI<=0.1, PhastCons<1.0
HOXB13	NM_006361.5	c.399T>A	Benign synonymous, SpliceAI<=0.1, PhastCons<1.0
HOXB13	NM_006361.5	c.390T>G	Benign synonymous, SpliceAI<=0.1, PhastCons<1.0
HOXB13	NM_006361.5	c.390T>A	Benign synonymous, SpliceAI<=0.1, PhastCons<1.0
HOXB13	NM_006361.5	c.381T>G	Benign synonymous, SpliceAI<=0.1, PhastCons<1.0
HOXB13	NM_006361.5	c.381T>A	Benign synonymous, SpliceAI<=0.1, PhastCons<1.0
HOXB13	NM_006361.5	c.378G>T	Benign synonymous, SpliceAI<=0.1, PhastCons<1.0
HOXB13	NM_006361.5	c.378G>C	Benign synonymous, SpliceAI<=0.1, PhastCons<1.0
HOXB13	NM_006361.5	c.366C>G	Benign synonymous, SpliceAI<=0.1, PhastCons<1.0
HOXB13	NM_006361.5	c.366C>A	Benign synonymous, SpliceAI<=0.1, PhastCons<1.0
HOXB13	NM_006361.5	c.360C>G	Benign synonymous, SpliceAI<=0.1, PhastCons<1.0
HOXB13	NM_006361.5	c.360C>A	Benign synonymous, SpliceAI<=0.1, PhastCons<1.0
HOXB13	NM_006361.5	c.357G>T	Benign synonymous, SpliceAI<=0.1, PhastCons<1.0
HOXB13	NM_006361.5	c.357G>C	Benign synonymous, SpliceAI<=0.1, PhastCons<1.0
HOXB13	NM_006361.5	c.354A>T	Benign synonymous, SpliceAI<=0.1, PhastCons<1.0
HOXB13	NM_006361.5	c.354A>C	Benign synonymous, SpliceAI<=0.1, PhastCons<1.0
HOXB13	NM_006361.5	c.336G>T	Benign synonymous, SpliceAI<=0.1, PhastCons<1.0
HOXB13	NM_006361.5	c.336G>C	Benign synonymous, SpliceAI<=0.1, PhastCons<1.0
HOXB13	NM_006361.5	c.327C>G	Benign synonymous, SpliceAI<=0.1, PhastCons<1.0
HOXB13	NM_006361.5	c.327C>A	Benign synonymous, SpliceAI<=0.1, PhastCons<1.0
HOXB13	NM_006361.5	c.316C>G	Benign synonymous, SpliceAI<=0.1, PhastCons<1.0
HOXB13	NM_006361.5	c.316C>A	Benign synonymous, SpliceAI<=0.1, PhastCons<1.0
HOXB13	NM_006361.5	c.300T>G	Benign synonymous, SpliceAI<=0.1, PhastCons<1.0
HOXB13	NM_006361.5	c.300T>A	Benign synonymous, SpliceAI<=0.1, PhastCons<1.0
HOXB13	NM_006361.5	c.294A>T	Benign synonymous, SpliceAI<=0.1, PhastCons<1.0
HOXB13	NM_006361.5	c.294A>C	Benign synonymous, SpliceAI<=0.1, PhastCons<1.0
HOXB13	NM_006361.5	c.289C>G	Benign synonymous, SpliceAI<=0.1, PhastCons<1.0
HOXB13	NM_006361.5	c.289C>A	Benign synonymous, SpliceAI<=0.1, PhastCons<1.0
HOXB13	NM_006361.5	c.285C>G	Benign synonymous, SpliceAI<=0.1, PhastCons<1.0
HOXB13	NM_006361.5	c.285C>A	Benign synonymous, SpliceAI<=0.1, PhastCons<1.0
HOXB13	NM_006361.5	c.264C>G	Benign synonymous, SpliceAI<=0.1, PhastCons<1.0
HOXB13	NM_006361.5	c.264C>A	Benign synonymous, SpliceAI<=0.1, PhastCons<1.0
HOXB13	NM_006361.5	c.249T>G	Benign synonymous, SpliceAI<=0.1, PhastCons<1.0
HOXB13	NM_006361.5	c.249T>A	Benign synonymous, SpliceAI<=0.1, PhastCons<1.0
HOXB13	NM_006361.5	c.240T>G	Benign synonymous, SpliceAI<=0.1, PhastCons<1.0
HOXB13	NM_006361.5	c.240T>A	Benign synonymous, SpliceAI<=0.1, PhastCons<1.0
HOXB13	NM_006361.5	c.213G>T	Benign synonymous, SpliceAI<=0.1, PhastCons<1.0
HOXB13	NM_006361.5	c.213G>C	Benign synonymous, SpliceAI<=0.1, PhastCons<1.0
HOXB13	NM_006361.5	c.198C>G	Benign synonymous, SpliceAI<=0.1, PhastCons<1.0
HOXB13	NM_006361.5	c.198C>A	Benign synonymous, SpliceAI<=0.1, PhastCons<1.0
HOXB13	NM_006361.5	c.192C>G	Benign synonymous, SpliceAI<=0.1, PhastCons<1.0
HOXB13	NM_006361.5	c.192C>A	Benign synonymous, SpliceAI<=0.1, PhastCons<1.0
HOXB13	NM_006361.5	c.183G>T	Benign synonymous, SpliceAI<=0.1, PhastCons<1.0
HOXB13	NM_006361.5	c.183G>C	Benign synonymous, SpliceAI<=0.1, PhastCons<1.0
HOXB13	NM_006361.5	c.174G>T	Benign synonymous, SpliceAI<=0.1, PhastCons<1.0
HOXB13	NM_006361.5	c.174G>C	Benign synonymous, SpliceAI<=0.1, PhastCons<1.0
HOXB13	NM_006361.5	c.157C>G	Benign synonymous, SpliceAI<=0.1, PhastCons<1.0
HOXB13	NM_006361.5	c.157C>A	Benign synonymous, SpliceAI<=0.1, PhastCons<1.0
HOXB13	NM_006361.5	c.156T>G	Benign synonymous, SpliceAI<=0.1, PhastCons<1.0
HOXB13	NM_006361.5	c.156T>A	Benign synonymous, SpliceAI<=0.1, PhastCons<1.0
HOXB13	NM_006361.5	c.151T>G	Benign synonymous, SpliceAI<=0.1, PhastCons<1.0
HOXB13	NM_006361.5	c.151T>A	Benign synonymous, SpliceAI<=0.1, PhastCons<1.0
HOXB13	NM_006361.5	c.144T>G	Benign synonymous, SpliceAI<=0.1, PhastCons<1.0
HOXB13	NM_006361.5	c.144T>A	Benign synonymous, SpliceAI<=0.1, PhastCons<1.0
HOXB13	NM_006361.5	c.124C>G	Benign synonymous, SpliceAI<=0.1, PhastCons<1.0
HOXB13	NM_006361.5	c.124C>A	Benign synonymous, SpliceAI<=0.1, PhastCons<1.0
HOXB13	NM_006361.5	c.108C>G	Benign synonymous, SpliceAI<=0.1, PhastCons<1.0
HOXB13	NM_006361.5	c.108C>A	Benign synonymous, SpliceAI<=0.1, PhastCons<1.0
HOXB13	NM_006361.5	c.97C>G	Benign synonymous, SpliceAI<=0.1, PhastCons<1.0
HOXB13	NM_006361.5	c.97C>A	Benign synonymous, SpliceAI<=0.1, PhastCons<1.0
HOXB13	NM_006361.5	c.73C>T	Benign synonymous, SpliceAI<=0.1, PhastCons<1.0
HOXB13	NM_006361.5	c.73C>G	Benign synonymous, SpliceAI<=0.1, PhastCons<1.0
HOXB13	NM_006361.5	c.55C>G	Benign synonymous, SpliceAI<=0.1, PhastCons<1.0
HOXB13	NM_006361.5	c.55C>A	Benign synonymous, SpliceAI<=0.1, PhastCons<1.0
HOXB13	NM_006361.5	c.54G>T	Benign synonymous, SpliceAI<=0.1, PhastCons<1.0
HOXB13	NM_006361.5	c.54G>C	Benign synonymous, SpliceAI<=0.1, PhastCons<1.0
HOXB13	NM_006361.5	c.52T>G	Benign synonymous, SpliceAI<=0.1, PhastCons<1.0
HOXB13	NM_006361.5	c.52T>A	Benign synonymous, SpliceAI<=0.1, PhastCons<1.0
HOXB13	NM_006361.5	c.48A>T	Benign synonymous, SpliceAI<=0.1, PhastCons<1.0
HOXB13	NM_006361.5	c.48A>C	Benign synonymous, SpliceAI<=0.1, PhastCons<1.0
HOXB13	NM_006361.5	c.42T>G	Benign synonymous, SpliceAI<=0.1, PhastCons<1.0
HOXB13	NM_006361.5	c.42T>A	Benign synonymous, SpliceAI<=0.1, PhastCons<1.0
HOXB13	NM_006361.5	c.30T>G	Benign synonymous, SpliceAI<=0.1, PhastCons<1.0
HOXB13	NM_006361.5	c.30T>A	Benign synonymous, SpliceAI<=0.1, PhastCons<1.0
KMT2D	NM_003482.3	c.16350C>G	Benign synonymous, SpliceAI<=0.1, PhastCons<1.0
KMT2D	NM_003482.3	c.16350C>A	Benign synonymous, SpliceAI<=0.1, PhastCons<1.0
KMT2D	NM_003482.3	c.16344A>T	Benign synonymous, SpliceAI<=0.1, PhastCons<1.0
KMT2D	NM_003482.3	c.16344A>G	Benign synonymous, SpliceAI<=0.1, PhastCons<1.0
KMT2D	NM_003482.3	c.16339-4C>G	Benign synonymous, SpliceAI<=0.1, PhastCons<1.0
KMT2D	NM_003482.3	c.16339-4C>A	Benign synonymous, SpliceAI<=0.1, PhastCons<1.0
KMT2D	NM_003482.3	c.16339-5T>G	Benign synonymous, SpliceAI<=0.1, PhastCons<1.0
KMT2D	NM_003482.3	c.16339-5T>A	Benign synonymous, SpliceAI<=0.1, PhastCons<1.0
KMT2D	NM_003482.3	c.10441-4G>T	Benign synonymous, SpliceAI<=0.1, PhastCons<1.0
KMT2D	NM_003482.3	c.10441-4G>C	Benign synonymous, SpliceAI<=0.1, PhastCons<1.0
KMT2D	NM_003482.3	c.10441-6T>A	Benign synonymous, SpliceAI<=0.1, PhastCons<1.0
LZTR1	NM_006767.4	c.1452G>A	Benign synonymous, SpliceAI<=0.1, PhastCons<1.0, PhyloP<0.1
LZTR1	NM_006767.4	c.1452G>C	Benign synonymous, SpliceAI<=0.1, PhastCons<1.0, PhyloP<0.1
LZTR1	NM_006767.4	c.1452G>T	Benign synonymous, SpliceAI<=0.1, PhastCons<1.0, PhyloP<0.1
MAD2L2	NM_006341.4	c.232-4G>T	Benign synonymous, SpliceAI<=0.1, PhastCons<1.0
MAD2L2	NM_006341.4	c.232-4G>C	Benign synonymous, SpliceAI<=0.1, PhastCons<1.0
MAD2L2	NM_006341.4	c.232-6T>G	Benign synonymous, SpliceAI<=0.1, PhastCons<1.0
MAD2L2	NM_006341.4	c.232-6T>A	Benign synonymous, SpliceAI<=0.1, PhastCons<1.0
MAD2L2	NM_006341.4	c.232-13C>G	Benign synonymous, SpliceAI<=0.1, PhastCons<1.0
MAD2L2	NM_006341.4	c.232-13C>A	Benign synonymous, SpliceAI<=0.1, PhastCons<1.0
MBD4	NM_001276270.2	c.1657G>C	Benign synonymous, SpliceAI<=0.1, PhastCons<1.0
MBD4	NM_001276270.2	c.1596T>G	Benign synonymous, SpliceAI<=0.1, PhastCons<1.0, PhyloP<0.1
MBD4	NM_001276270.2	c.1596T>C	Benign synonymous, SpliceAI<=0.1, PhastCons<1.0, PhyloP<0.1
MBD4	NM_001276270.2	c.1596T>A	Benign synonymous, SpliceAI<=0.1, PhastCons<1.0, PhyloP<0.1
MBD4	NM_001276270.2	c.1185A>T	Benign synonymous, SpliceAI<=0.1, PhastCons<1.0
MBD4	NM_001276270.2	c.1185A>C	Benign synonymous, SpliceAI<=0.1, PhastCons<1.0
MBD4	NM_001276270.2	c.249T>G	Benign synonymous, SpliceAI<=0.1, PhastCons<1.0, PhyloP<0.1
MBD4	NM_001276270.2	c.249T>C	Benign synonymous, SpliceAI<=0.1, PhastCons<1.0, PhyloP<0.1
MBD4	NM_001276270.2	c.249T>A	Benign synonymous, SpliceAI<=0.1, PhastCons<1.0, PhyloP<0.1
MBD4	NM_001276270.2	c.248G>T	Benign synonymous, SpliceAI<=0.1, PhastCons<1.0, PhyloP<0.1
MBD4	NM_001276270.2	c.248G>C	Benign synonymous, SpliceAI<=0.1, PhastCons<1.0, PhyloP<0.1
MBD4	NM_001276270.2	c.248G>A	Benign synonymous, SpliceAI<=0.1, PhastCons<1.0, PhyloP<0.1
MDH2	NM_005918.4	c.633+6C>A	Benign synonymous, SpliceAI<=0.1, PhastCons<1.0
MDH2	NM_005918.4	c.633+6C>G	Benign synonymous, SpliceAI<=0.1, PhastCons<1.0
MDH2	NM_005918.4	c.891G>A	Benign synonymous, SpliceAI<=0.1, PhastCons<1.0, PhyloP<0.1
MDH2	NM_005918.4	c.891G>C	Benign synonymous, SpliceAI<=0.1, PhastCons<1.0, PhyloP<0.1
MDH2	NM_005918.4	c.891G>T	Benign synonymous, SpliceAI<=0.1, PhastCons<1.0, PhyloP<0.1
MEN1	NM_130803.2	c.934G>T	Benign synonymous, SpliceAI<=0.1, PhastCons<1.0
MEN1	NM_130803.2	c.934G>C	Benign synonymous, SpliceAI<=0.1, PhastCons<1.0
MET	NM_001127500.3	c.-13T>A	Benign synonymous, SpliceAI<=0.1, PhastCons<1.0
MET	NM_001127500.3	c.-13T>G	Benign synonymous, SpliceAI<=0.1, PhastCons<1.0
MET	NM_001127500.3	c.-10A>C	Benign synonymous, SpliceAI<=0.1, PhastCons<1.0
MET	NM_001127500.3	c.-10A>T	Benign synonymous, SpliceAI<=0.1, PhastCons<1.0
MET	NM_001127500.3	c.2277A>C	Benign synonymous, SpliceAI<=0.1, PhastCons<1.0
MET	NM_001127500.3	c.2277A>T	Benign synonymous, SpliceAI<=0.1, PhastCons<1.0
MET	NM_001127500.3	c.2280A>C	Benign synonymous, SpliceAI<=0.1, PhastCons<1.0
MET	NM_001127500.3	c.2280A>T	Benign synonymous, SpliceAI<=0.1, PhastCons<1.0
MET	NM_001127500.3	c.2289C>A	Benign synonymous, SpliceAI<=0.1, PhastCons<1.0
MET	NM_001127500.3	c.2298T>A	Benign synonymous, SpliceAI<=0.1, PhastCons<1.0
MET	NM_001127500.3	c.2298T>G	Benign synonymous, SpliceAI<=0.1, PhastCons<1.0
MET	NM_001127500.3	c.2302C>A	Benign synonymous, SpliceAI<=0.1, PhastCons<1.0
MET	NM_001127500.3	c.2302C>G	Benign synonymous, SpliceAI<=0.1, PhastCons<1.0
MET	NM_001127500.3	c.2310C>A	Benign synonymous, SpliceAI<=0.1, PhastCons<1.0
MET	NM_001127500.3	c.2313T>A	Benign synonymous, SpliceAI<=0.1, PhastCons<1.0
MITF	NM_000248.3	c.924A>G	Benign synonymous, SpliceAI<=0.1, PhastCons<1.0, PhyloP<0.1
MITF	NM_000248.3	c.933G>C	Benign synonymous, SpliceAI<=0.1, PhastCons<1.0
MITF	NM_000248.3	c.933G>T	Benign synonymous, SpliceAI<=0.1, PhastCons<1.0
MLH1	NM_000249.3	c.1896+5G>C	Benign synonymous, SpliceAI<=0.1, PhastCons<1.0
MLH1	NM_000249.3	c.1896+5G>T	Benign synonymous, SpliceAI<=0.1, PhastCons<1.0
MLH1	NM_000249.3	c.2105G>C	Benign synonymous, SpliceAI<=0.1, PhastCons<1.0
MLH1	NM_000249.3	c.2105G>T	Benign synonymous, SpliceAI<=0.1, PhastCons<1.0
MLH1	NM_000249.3	c.2107G>C	Benign synonymous, SpliceAI<=0.1, PhastCons<1.0
MLH1	NM_000249.3	c.2110G>C	Benign synonymous, SpliceAI<=0.1, PhastCons<1.0
MLH1	NM_000249.3	c.2110G>T	Benign synonymous, SpliceAI<=0.1, PhastCons<1.0
MLH1	NM_000249.3	c.2113C>A	Benign synonymous, SpliceAI<=0.1, PhastCons<1.0
MLH1	NM_000249.3	c.2113C>G	Benign synonymous, SpliceAI<=0.1, PhastCons<1.0
MLH1	NM_000249.3	c.2114C>A	Benign synonymous, SpliceAI<=0.1, PhastCons<1.0
MLH1	NM_000249.3	c.2114C>G	Benign synonymous, SpliceAI<=0.1, PhastCons<1.0
MLH1	NM_000249.3	c.2125C>A	Benign synonymous, SpliceAI<=0.1, PhastCons<1.0
MLH1	NM_000249.3	c.2125C>G	Benign synonymous, SpliceAI<=0.1, PhastCons<1.0
MLH1	NM_000249.3	c.2128A>C	Benign synonymous, SpliceAI<=0.1, PhastCons<1.0
MLH1	NM_000249.3	c.2128A>T	Benign synonymous, SpliceAI<=0.1, PhastCons<1.0
MLH1	NM_000249.3	c.2156T>A	Benign synonymous, SpliceAI<=0.1, PhastCons<1.0
MLH1	NM_000249.3	c.2156T>G	Benign synonymous, SpliceAI<=0.1, PhastCons<1.0
MLH1	NM_000249.3	c.2158G>C	Benign synonymous, SpliceAI<=0.1, PhastCons<1.0
MLH1	NM_000249.3	c.2158G>T	Benign synonymous, SpliceAI<=0.1, PhastCons<1.0
MLH1	NM_000249.3	c.2173C>A	Benign synonymous, SpliceAI<=0.1, PhastCons<1.0
MLH1	NM_000249.3	c.2173C>G	Benign synonymous, SpliceAI<=0.1, PhastCons<1.0
MLH1	NM_000249.3	c.2179C>A	Benign synonymous, SpliceAI<=0.1, PhastCons<1.0
MLH1	NM_000249.3	c.2179C>G	Benign synonymous, SpliceAI<=0.1, PhastCons<1.0
MLH1	NM_000249.3	c.2185C>A	Benign synonymous, SpliceAI<=0.1, PhastCons<1.0
MLH1	NM_000249.3	c.2185C>G	Benign synonymous, SpliceAI<=0.1, PhastCons<1.0
MLH1	NM_000249.3	c.2197C>A	Benign synonymous, SpliceAI<=0.1, PhastCons<1.0
MLH1	NM_000249.3	c.2197C>G	Benign synonymous, SpliceAI<=0.1, PhastCons<1.0
MLH1	NM_000249.3	c.2215A>C	Benign synonymous, SpliceAI<=0.1, PhastCons<1.0
MLH1	NM_000249.3	c.2215A>T	Benign synonymous, SpliceAI<=0.1, PhastCons<1.0
MSH2	NM_000251.3	c.214G>A	Benign synonymous, SpliceAI<=0.1, PhastCons<1.0, PhyloP<0.1
MSH2	NM_000251.3	c.214G>C	Benign synonymous, SpliceAI<=0.1, PhastCons<1.0, PhyloP<0.1
MSH2	NM_000251.3	c.214G>T	Benign synonymous, SpliceAI<=0.1, PhastCons<1.0, PhyloP<0.1
MSH2	NM_000251.3	c.2493A>C	Benign synonymous, SpliceAI<=0.1, PhastCons<1.0, PhyloP<0.1
MSH2	NM_000251.3	c.2493A>G	Benign synonymous, SpliceAI<=0.1, PhastCons<1.0, PhyloP<0.1
MSH2	NM_000251.3	c.2493A>T	Benign synonymous, SpliceAI<=0.1, PhastCons<1.0, PhyloP<0.1
MSH6	NM_000179.2	c.239T>A	Benign synonymous, SpliceAI<=0.1, PhastCons<1.0, PhyloP<0.1
MSH6	NM_000179.2	c.239T>C	Benign synonymous, SpliceAI<=0.1, PhastCons<1.0, PhyloP<0.1
MSH6	NM_000179.2	c.239T>G	Benign synonymous, SpliceAI<=0.1, PhastCons<1.0, PhyloP<0.1
MSH6	NM_000179.2	c.3173-5A>C	Benign synonymous, SpliceAI<=0.1, PhastCons<1.0
MSH6	NM_000179.2	c.3173-5A>T	Benign synonymous, SpliceAI<=0.1, PhastCons<1.0
MSH6	NM_000179.2	c.3345A>C	Benign synonymous, SpliceAI<=0.1, PhastCons<1.0, PhyloP<0.1
MSH6	NM_000179.2	c.3345A>G	Benign synonymous, SpliceAI<=0.1, PhastCons<1.0, PhyloP<0.1
MSH6	NM_000179.2	c.3345A>T	Benign synonymous, SpliceAI<=0.1, PhastCons<1.0, PhyloP<0.1
MSH6	NM_000179.2	c.3564T>A	Benign synonymous, SpliceAI<=0.1, PhastCons<1.0
MSH6	NM_000179.2	c.3564T>G	Benign synonymous, SpliceAI<=0.1, PhastCons<1.0
MUTYH	NM_001128425.1	c.1592A>T	Benign synonymous, SpliceAI<=0.1, PhastCons<1.0
MUTYH	NM_001128425.1	c.1592A>C	Benign synonymous, SpliceAI<=0.1, PhastCons<1.0
MUTYH	NM_001128425.1	c.1591A>T	Benign synonymous, SpliceAI<=0.1, PhastCons<1.0
MUTYH	NM_001128425.1	c.1591A>C	Benign synonymous, SpliceAI<=0.1, PhastCons<1.0
MUTYH	NM_001128425.1	c.1585C>A	Likely_benign FAF >0.1%, REVEL <0.29, SpliceAI<=0.1
MUTYH	NM_001128425.1	c.1571T>G	Benign synonymous, SpliceAI<=0.1, PhastCons<1.0
MUTYH	NM_001128425.1	c.1571T>A	Benign synonymous, SpliceAI<=0.1, PhastCons<1.0
MUTYH	NM_001128425.1	c.1562A>T	Benign synonymous, SpliceAI<=0.1, PhastCons<1.0
MUTYH	NM_001128425.1	c.1562A>C	Benign synonymous, SpliceAI<=0.1, PhastCons<1.0
MUTYH	NM_001128425.1	c.1559A>T	Benign synonymous, SpliceAI<=0.1, PhastCons<1.0
MUTYH	NM_001128425.1	c.1559A>C	Benign synonymous, SpliceAI<=0.1, PhastCons<1.0
MUTYH	NM_001128425.1	c.1553G>T	Benign synonymous, SpliceAI<=0.1, PhastCons<1.0
MUTYH	NM_001128425.1	c.1553G>C	Benign synonymous, SpliceAI<=0.1, PhastCons<1.0
MUTYH	NM_001128425.1	c.1523C>G	Benign synonymous, SpliceAI<=0.1, PhastCons<1.0
MUTYH	NM_001128425.1	c.1523C>A	Benign synonymous, SpliceAI<=0.1, PhastCons<1.0
MUTYH	NM_001128425.1	c.1197A>T	Benign synonymous, SpliceAI<=0.1, PhastCons<1.0, PhyloP<0.1
MUTYH	NM_001128425.1	c.1197A>G	Benign synonymous, SpliceAI<=0.1, PhastCons<1.0, PhyloP<0.1
MUTYH	NM_001128425.1	c.1197A>C	Benign synonymous, SpliceAI<=0.1, PhastCons<1.0, PhyloP<0.1
NBN	NM_002485.4	c.*5G>T	Benign synonymous, SpliceAI<=0.1, PhastCons<1.0
NBN	NM_002485.4	c.*5G>C	Benign synonymous, SpliceAI<=0.1, PhastCons<1.0
NBN	NM_002485.4	c.2249T>G	Benign synonymous, SpliceAI<=0.1, PhastCons<1.0
NBN	NM_002485.4	c.2249T>A	Benign synonymous, SpliceAI<=0.1, PhastCons<1.0
NBN	NM_002485.4	c.2246A>T	Benign synonymous, SpliceAI<=0.1, PhastCons<1.0
NBN	NM_002485.4	c.2246A>C	Benign synonymous, SpliceAI<=0.1, PhastCons<1.0
NBN	NM_002485.4	c.2244T>G	Benign synonymous, SpliceAI<=0.1, PhastCons<1.0
NBN	NM_002485.4	c.2244T>A	Benign synonymous, SpliceAI<=0.1, PhastCons<1.0
NBN	NM_002485.4	c.708G>T	Benign synonymous, SpliceAI<=0.1, PhastCons<1.0, PhyloP<0.1
NBN	NM_002485.4	c.708G>C	Benign synonymous, SpliceAI<=0.1, PhastCons<1.0, PhyloP<0.1
NBN	NM_002485.4	c.708G>A	Benign synonymous, SpliceAI<=0.1, PhastCons<1.0, PhyloP<0.1
NF1	NM_001042492.3	c.1641+6G>C	Benign synonymous, SpliceAI<=0.1, PhastCons<1.0
NF1	NM_001042492.3	c.1641+6G>T	Benign synonymous, SpliceAI<=0.1, PhastCons<1.0
NTHL1	NM_002528.7	c.687A>T	Benign synonymous, SpliceAI<=0.1, PhastCons<1.0, PhyloP<0.1
NTHL1	NM_002528.7	c.687A>G	Benign synonymous, SpliceAI<=0.1, PhastCons<1.0, PhyloP<0.1
NTHL1	NM_002528.7	c.687A>C	Benign synonymous, SpliceAI<=0.1, PhastCons<1.0, PhyloP<0.1
NTHL1	NM_002528.7	c.531G>T	Benign synonymous, SpliceAI<=0.1, PhastCons<1.0, PhyloP<0.1
NTHL1	NM_002528.7	c.531G>C	Benign synonymous, SpliceAI<=0.1, PhastCons<1.0, PhyloP<0.1
NTHL1	NM_002528.7	c.531G>A	Benign synonymous, SpliceAI<=0.1, PhastCons<1.0, PhyloP<0.1
NTHL1	NM_002528.7	c.-7G>T	Benign synonymous, SpliceAI<=0.1, PhastCons<1.0
NTHL1	NM_002528.7	c.-7G>C	Benign synonymous, SpliceAI<=0.1, PhastCons<1.0
NTHL1	NM_002528.7	c.-10G>T	Benign synonymous, SpliceAI<=0.1, PhastCons<1.0
NTHL1	NM_002528.7	c.-10G>C	Benign synonymous, SpliceAI<=0.1, PhastCons<1.0
PDGFRA	NM_006206.6	c.-10T>A	Benign synonymous, SpliceAI<=0.1, PhastCons<1.0
PDGFRA	NM_006206.6	c.-10T>G	Benign synonymous, SpliceAI<=0.1, PhastCons<1.0
PDGFRA	NM_006206.6	c.-6A>G	Benign synonymous, SpliceAI<=0.1, PhastCons<1.0
PDGFRA	NM_006206.6	c.-6A>T	Benign synonymous, SpliceAI<=0.1, PhastCons<1.0
PDGFRA	NM_006206.6	c.-4A>C	Benign synonymous, SpliceAI<=0.1, PhastCons<1.0
PDGFRA	NM_006206.6	c.-4A>T	Benign synonymous, SpliceAI<=0.1, PhastCons<1.0
PHOX2B	NM_003924.4	c.922T>G	Benign synonymous, SpliceAI<=0.1, PhastCons<1.0
PHOX2B	NM_003924.4	c.922T>A	Benign synonymous, SpliceAI<=0.1, PhastCons<1.0
PHOX2B	NM_003924.4	c.915A>T	Benign synonymous, SpliceAI<=0.1, PhastCons<1.0
PHOX2B	NM_003924.4	c.915A>C	Benign synonymous, SpliceAI<=0.1, PhastCons<1.0
PHOX2B	NM_003924.4	c.813A>T	Benign synonymous, SpliceAI<=0.1, PhastCons<1.0
PHOX2B	NM_003924.4	c.813A>C	Benign synonymous, SpliceAI<=0.1, PhastCons<1.0
PHOX2B	NM_003924.4	c.787C>G	Benign synonymous, SpliceAI<=0.1, PhastCons<1.0
PHOX2B	NM_003924.4	c.787C>A	Benign synonymous, SpliceAI<=0.1, PhastCons<1.0
PHOX2B	NM_003924.4	c.714G>T	Benign synonymous, SpliceAI<=0.1, PhastCons<1.0
PHOX2B	NM_003924.4	c.714G>C	Benign synonymous, SpliceAI<=0.1, PhastCons<1.0
PHOX2B	NM_003924.4	c.705A>T	Benign synonymous, SpliceAI<=0.1, PhastCons<1.0
PHOX2B	NM_003924.4	c.705A>C	Benign synonymous, SpliceAI<=0.1, PhastCons<1.0
PHOX2B	NM_003924.4	c.633T>G	Benign synonymous, SpliceAI<=0.1, PhastCons<1.0
PHOX2B	NM_003924.4	c.633T>A	Benign synonymous, SpliceAI<=0.1, PhastCons<1.0
PHOX2B	NM_003924.4	c.624C>G	Benign synonymous, SpliceAI<=0.1, PhastCons<1.0
PHOX2B	NM_003924.4	c.624C>A	Benign synonymous, SpliceAI<=0.1, PhastCons<1.0
PHOX2B	NM_003924.4	c.609C>G	Benign synonymous, SpliceAI<=0.1, PhastCons<1.0
PHOX2B	NM_003924.4	c.609C>A	Benign synonymous, SpliceAI<=0.1, PhastCons<1.0
PHOX2B	NM_003924.4	c.564G>T	Benign synonymous, SpliceAI<=0.1, PhastCons<1.0
PHOX2B	NM_003924.4	c.564G>C	Benign synonymous, SpliceAI<=0.1, PhastCons<1.0
PHOX2B	NM_003924.4	c.558G>T	Benign synonymous, SpliceAI<=0.1, PhastCons<1.0
PHOX2B	NM_003924.4	c.558G>C	Benign synonymous, SpliceAI<=0.1, PhastCons<1.0
PHOX2B	NM_003924.4	c.555A>T	Benign synonymous, SpliceAI<=0.1, PhastCons<1.0
PHOX2B	NM_003924.4	c.555A>C	Benign synonymous, SpliceAI<=0.1, PhastCons<1.0
PHOX2B	NM_003924.4	c.549G>T	Benign synonymous, SpliceAI<=0.1, PhastCons<1.0
PHOX2B	NM_003924.4	c.549G>C	Benign synonymous, SpliceAI<=0.1, PhastCons<1.0
PHOX2B	NM_003924.4	c.543C>G	Benign synonymous, SpliceAI<=0.1, PhastCons<1.0
PHOX2B	NM_003924.4	c.543C>A	Benign synonymous, SpliceAI<=0.1, PhastCons<1.0
PHOX2B	NM_003924.4	c.540G>T	Benign synonymous, SpliceAI<=0.1, PhastCons<1.0
PHOX2B	NM_003924.4	c.540G>C	Benign synonymous, SpliceAI<=0.1, PhastCons<1.0
PHOX2B	NM_003924.4	c.538A>T	Benign synonymous, SpliceAI<=0.1, PhastCons<1.0
PHOX2B	NM_003924.4	c.538A>G	Benign synonymous, SpliceAI<=0.1, PhastCons<1.0
PHOX2B	NM_003924.4	c.531C>G	Benign synonymous, SpliceAI<=0.1, PhastCons<1.0
PHOX2B	NM_003924.4	c.531C>A	Benign synonymous, SpliceAI<=0.1, PhastCons<1.0
PHOX2B	NM_003924.4	c.525G>T	Benign synonymous, SpliceAI<=0.1, PhastCons<1.0
PHOX2B	NM_003924.4	c.525G>C	Benign synonymous, SpliceAI<=0.1, PhastCons<1.0
PHOX2B	NM_003924.4	c.504G>T	Benign synonymous, SpliceAI<=0.1, PhastCons<1.0
PHOX2B	NM_003924.4	c.504G>C	Benign synonymous, SpliceAI<=0.1, PhastCons<1.0
PHOX2B	NM_003924.4	c.465G>T	Benign synonymous, SpliceAI<=0.1, PhastCons<1.0
PHOX2B	NM_003924.4	c.465G>C	Benign synonymous, SpliceAI<=0.1, PhastCons<1.0
PHOX2B	NM_003924.4	c.456G>T	Benign synonymous, SpliceAI<=0.1, PhastCons<1.0
PHOX2B	NM_003924.4	c.456G>C	Benign synonymous, SpliceAI<=0.1, PhastCons<1.0
PHOX2B	NM_003924.4	c.421C>G	Benign synonymous, SpliceAI<=0.1, PhastCons<1.0
PHOX2B	NM_003924.4	c.402G>T	Benign synonymous, SpliceAI<=0.1, PhastCons<1.0
PHOX2B	NM_003924.4	c.402G>C	Benign synonymous, SpliceAI<=0.1, PhastCons<1.0
PHOX2B	NM_003924.4	c.387G>T	Benign synonymous, SpliceAI<=0.1, PhastCons<1.0
PHOX2B	NM_003924.4	c.387G>C	Benign synonymous, SpliceAI<=0.1, PhastCons<1.0
PHOX2B	NM_003924.4	c.333A>T	Benign synonymous, SpliceAI<=0.1, PhastCons<1.0
PHOX2B	NM_003924.4	c.333A>C	Benign synonymous, SpliceAI<=0.1, PhastCons<1.0
PHOX2B	NM_003924.4	c.321T>G	Benign synonymous, SpliceAI<=0.1, PhastCons<1.0
PHOX2B	NM_003924.4	c.321T>A	Benign synonymous, SpliceAI<=0.1, PhastCons<1.0
PMS2	NM_000535.7	c.540G>T	Benign synonymous, SpliceAI<=0.1, PhastCons<1.0, PhyloP<0.1
PMS2	NM_000535.7	c.540G>C	Benign synonymous, SpliceAI<=0.1, PhastCons<1.0, PhyloP<0.1
PMS2	NM_000535.7	c.540G>A	Benign synonymous, SpliceAI<=0.1, PhastCons<1.0, PhyloP<0.1
PMS2	NM_000535.7	c.354C>G	Benign synonymous, SpliceAI<=0.1, PhastCons<1.0
PMS2	NM_000535.7	c.354C>A	Benign synonymous, SpliceAI<=0.1, PhastCons<1.0
PMS2	NM_000535.7	c.231A>T	Benign synonymous, SpliceAI<=0.1, PhastCons<1.0
PMS2	NM_000535.7	c.231A>G	Benign synonymous, SpliceAI<=0.1, PhastCons<1.0
PMS2	NM_000535.7	c.225A>T	Benign synonymous, SpliceAI<=0.1, PhastCons<1.0
PMS2	NM_000535.7	c.225A>G	Benign synonymous, SpliceAI<=0.1, PhastCons<1.0
POLD1	NM_001256849.1	c.317-11T>G	Benign synonymous, SpliceAI<=0.1, PhastCons<1.0
POLD1	NM_001256849.1	c.317-8C>A	Benign synonymous, SpliceAI<=0.1, PhastCons<1.0
RAD51	NM_002875.5	c.516G>A	Benign synonymous, SpliceAI<=0.1, PhastCons<1.0, PhyloP<0.1
RAD51	NM_002875.5	c.516G>C	Benign synonymous, SpliceAI<=0.1, PhastCons<1.0, PhyloP<0.1
RAD51	NM_002875.5	c.516G>T	Benign synonymous, SpliceAI<=0.1, PhastCons<1.0, PhyloP<0.1
RAD51	NM_002875.5	c.933C>A	Benign synonymous, SpliceAI<=0.1, PhastCons<1.0
RAD51	NM_002875.5	c.933C>G	Benign synonymous, SpliceAI<=0.1, PhastCons<1.0
RAD51	NM_002875.5	c.954C>A	Benign synonymous, SpliceAI<=0.1, PhastCons<1.0
RAD51	NM_002875.5	c.954C>G	Benign synonymous, SpliceAI<=0.1, PhastCons<1.0
RAD51D	NM_002878.3	c.736G>T	Benign synonymous, SpliceAI<=0.1, PhastCons<1.0, PhyloP<0.1
RAD51D	NM_002878.3	c.736G>C	Benign synonymous, SpliceAI<=0.1, PhastCons<1.0, PhyloP<0.1
RAD51D	NM_002878.3	c.736G>A	Benign synonymous, SpliceAI<=0.1, PhastCons<1.0, PhyloP<0.1
RB1	NM_000321.2	c.540G>C	Benign synonymous, SpliceAI<=0.1, PhastCons<1.0
RB1	NM_000321.2	c.540G>T	Benign synonymous, SpliceAI<=0.1, PhastCons<1.0
RB1	NM_000321.2	c.2714-12T>A	Benign synonymous, SpliceAI<=0.1, PhastCons<1.0
RB1	NM_000321.2	c.2714-6T>A	Benign synonymous, SpliceAI<=0.1, PhastCons<1.0
RB1	NM_000321.2	c.2714-6T>G	Benign synonymous, SpliceAI<=0.1, PhastCons<1.0
REST	NM_005612.5	c.303T>A	Benign synonymous, SpliceAI<=0.1, PhastCons<1.0, PhyloP<0.1
REST	NM_005612.5	c.303T>C	Benign synonymous, SpliceAI<=0.1, PhastCons<1.0, PhyloP<0.1
REST	NM_005612.5	c.303T>G	Benign synonymous, SpliceAI<=0.1, PhastCons<1.0, PhyloP<0.1
REST	NM_005612.5	c.696A>C	Benign synonymous, SpliceAI<=0.1, PhastCons<1.0, PhyloP<0.1
REST	NM_005612.5	c.696A>G	Benign synonymous, SpliceAI<=0.1, PhastCons<1.0, PhyloP<0.1
REST	NM_005612.5	c.696A>T	Benign synonymous, SpliceAI<=0.1, PhastCons<1.0, PhyloP<0.1
REST	NM_005612.5	c.2934A>C	Benign synonymous, SpliceAI<=0.1, PhastCons<1.0, PhyloP<0.1
REST	NM_005612.5	c.2934A>G	Benign synonymous, SpliceAI<=0.1, PhastCons<1.0, PhyloP<0.1
REST	NM_005612.5	c.2934A>T	Benign synonymous, SpliceAI<=0.1, PhastCons<1.0, PhyloP<0.1
REST	NM_005612.5	c.2935G>A	Benign synonymous, SpliceAI<=0.1, PhastCons<1.0, PhyloP<0.1
REST	NM_005612.5	c.2935G>C	Benign synonymous, SpliceAI<=0.1, PhastCons<1.0, PhyloP<0.1
REST	NM_005612.5	c.2935G>T	Benign synonymous, SpliceAI<=0.1, PhastCons<1.0, PhyloP<0.1
RET	NM_020975.6	c.1524T>A	Benign synonymous, SpliceAI<=0.1, PhastCons<1.0
RET	NM_020975.6	c.1524T>G	Benign synonymous, SpliceAI<=0.1, PhastCons<1.0
RHBDF2	NM_024599.5	c.1998C>G	Benign synonymous, SpliceAI<=0.1, PhastCons<1.0
RHBDF2	NM_024599.5	c.1998C>A	Benign synonymous, SpliceAI<=0.1, PhastCons<1.0
RPS20	NM_001023.3	c.207T>G	Benign synonymous, SpliceAI<=0.1, PhastCons<1.0
RPS20	NM_001023.3	c.207T>A	Benign synonymous, SpliceAI<=0.1, PhastCons<1.0
RPS20	NM_001023.3	c.195A>G	Benign FAF >5%
RTEL1	NM_001283009.2	c.1481+4C>A	Benign synonymous, SpliceAI<=0.1, PhastCons<1.0
RTEL1	NM_001283009.2	c.1481+4C>G	Benign synonymous, SpliceAI<=0.1, PhastCons<1.0
RUNX1	NM_001754.4	c.807T>G	Benign synonymous, SpliceAI<=0.1, PhastCons<1.0
RUNX1	NM_001754.4	c.807T>A	Benign synonymous, SpliceAI<=0.1, PhastCons<1.0
SBDS	NM_016038.4	c.351C>G	Benign synonymous, SpliceAI<=0.1, PhastCons<1.0
SBDS	NM_016038.4	c.351C>A	Benign synonymous, SpliceAI<=0.1, PhastCons<1.0
SBDS	NM_016038.4	c.348A>T	Benign synonymous, SpliceAI<=0.1, PhastCons<1.0, PhyloP<0.1
SBDS	NM_016038.4	c.348A>G	Benign synonymous, SpliceAI<=0.1, PhastCons<1.0, PhyloP<0.1
SBDS	NM_016038.4	c.348A>C	Benign synonymous, SpliceAI<=0.1, PhastCons<1.0, PhyloP<0.1
SDHA	NM_004168.4	c.61G>A	Benign synonymous, SpliceAI<=0.1, PhastCons<1.0, PhyloP<0.1
SDHA	NM_004168.4	c.61G>C	Benign synonymous, SpliceAI<=0.1, PhastCons<1.0, PhyloP<0.1
SDHA	NM_004168.4	c.61G>T	Benign synonymous, SpliceAI<=0.1, PhastCons<1.0, PhyloP<0.1
SDHA	NM_004168.4	c.62C>A	Benign synonymous, SpliceAI<=0.1, PhastCons<1.0, PhyloP<0.1
SDHA	NM_004168.4	c.62C>G	Benign synonymous, SpliceAI<=0.1, PhastCons<1.0, PhyloP<0.1
SDHA	NM_004168.4	c.64-12C>A	Benign synonymous, SpliceAI<=0.1, PhastCons<1.0
SDHA	NM_004168.4	c.64-12C>G	Benign synonymous, SpliceAI<=0.1, PhastCons<1.0
SDHA	NM_004168.4	c.315A>G	Benign synonymous, SpliceAI<=0.1, PhastCons<1.0
SDHA	NM_004168.4	c.315A>T	Benign synonymous, SpliceAI<=0.1, PhastCons<1.0
SDHA	NM_004168.4	c.372C>T	Benign synonymous, SpliceAI<=0.1, PhastCons<1.0
SDHA	NM_004168.4	c.390C>G	Benign synonymous, SpliceAI<=0.1, PhastCons<1.0
SDHA	NM_004168.4	c.390C>T	Benign synonymous, SpliceAI<=0.1, PhastCons<1.0
SDHA	NM_004168.4	c.420C>A	Benign synonymous, SpliceAI<=0.1, PhastCons<1.0
SDHA	NM_004168.4	c.420C>G	Benign synonymous, SpliceAI<=0.1, PhastCons<1.0
SDHA	NM_004168.4	c.453C>G	Benign synonymous, SpliceAI<=0.1, PhastCons<1.0
SDHA	NM_004168.4	c.453C>T	Benign synonymous, SpliceAI<=0.1, PhastCons<1.0
SDHA	NM_004168.4	c.896-8T>A	Benign synonymous, SpliceAI<=0.1, PhastCons<1.0
SDHA	NM_004168.4	c.896-8T>G	Benign synonymous, SpliceAI<=0.1, PhastCons<1.0
SDHA	NM_004168.4	c.896-5T>G	Benign synonymous, SpliceAI<=0.1, PhastCons<1.0
SDHA	NM_004168.4	c.945A>C	Benign synonymous, SpliceAI<=0.1, PhastCons<1.0, PhyloP<0.1
SDHA	NM_004168.4	c.945A>G	Benign synonymous, SpliceAI<=0.1, PhastCons<1.0, PhyloP<0.1
SDHA	NM_004168.4	c.945A>T	Benign synonymous, SpliceAI<=0.1, PhastCons<1.0, PhyloP<0.1
SDHA	NM_004168.4	c.1551+4A>G	Benign synonymous, SpliceAI<=0.1, PhastCons<1.0
SDHA	NM_004168.4	c.1551+4A>T	Benign synonymous, SpliceAI<=0.1, PhastCons<1.0
SDHA	NM_004168.4	c.1551+6A>C	Benign synonymous, SpliceAI<=0.1, PhastCons<1.0
SDHA	NM_004168.4	c.1551+6A>T	Benign synonymous, SpliceAI<=0.1, PhastCons<1.0
SDHA	NM_004168.4	c.1855G>C	Benign synonymous, SpliceAI<=0.1, PhastCons<1.0
SDHA	NM_004168.4	c.1855G>T	Benign synonymous, SpliceAI<=0.1, PhastCons<1.0
SDHA	NM_004168.4	c.1856A>G	Benign synonymous, SpliceAI<=0.1, PhastCons<1.0
SDHA	NM_004168.4	c.1856A>T	Benign synonymous, SpliceAI<=0.1, PhastCons<1.0
SDHA	NM_004168.4	c.1858G>C	Benign synonymous, SpliceAI<=0.1, PhastCons<1.0
SDHA	NM_004168.4	c.1858G>T	Benign synonymous, SpliceAI<=0.1, PhastCons<1.0
SDHA	NM_004168.4	c.1886A>T	Benign FAF >5%
SDHA	NM_004168.4	c.1895T>A	Benign synonymous, SpliceAI<=0.1, PhastCons<1.0
SDHA	NM_004168.4	c.1895T>G	Benign synonymous, SpliceAI<=0.1, PhastCons<1.0
SDHA	NM_004168.4	c.1897G>C	Benign synonymous, SpliceAI<=0.1, PhastCons<1.0
SDHA	NM_004168.4	c.1897G>T	Benign synonymous, SpliceAI<=0.1, PhastCons<1.0
SDHA	NM_004168.4	c.1911C>T	Likely_benign FAF >0.1%, REVEL <0.29, SpliceAI<=0.1
SDHA	NM_004168.4	c.1932G>C	Benign synonymous, SpliceAI<=0.1, PhastCons<1.0
SDHA	NM_004168.4	c.1932G>T	Benign synonymous, SpliceAI<=0.1, PhastCons<1.0
SDHAF2	NM_017841.2	c.111T>A	Benign synonymous, SpliceAI<=0.1, PhastCons<1.0, PhyloP<0.1
SDHAF2	NM_017841.2	c.111T>C	Benign synonymous, SpliceAI<=0.1, PhastCons<1.0, PhyloP<0.1
SDHAF2	NM_017841.2	c.111T>G	Benign synonymous, SpliceAI<=0.1, PhastCons<1.0, PhyloP<0.1
SDHAF2	NM_017841.2	c.339T>A	Benign synonymous, SpliceAI<=0.1, PhastCons<1.0, PhyloP<0.1
SDHAF2	NM_017841.2	c.339T>C	Benign synonymous, SpliceAI<=0.1, PhastCons<1.0, PhyloP<0.1
SDHAF2	NM_017841.2	c.339T>G	Benign synonymous, SpliceAI<=0.1, PhastCons<1.0, PhyloP<0.1
SDHAF2	NM_017841.2	c.388G>C	Benign synonymous, SpliceAI<=0.1, PhastCons<1.0
SDHAF2	NM_017841.2	c.391A>C	Benign synonymous, SpliceAI<=0.1, PhastCons<1.0
SDHAF2	NM_017841.2	c.391A>T	Benign synonymous, SpliceAI<=0.1, PhastCons<1.0
SDHAF2	NM_017841.2	c.406G>C	Benign synonymous, SpliceAI<=0.1, PhastCons<1.0
SDHAF2	NM_017841.2	c.406G>T	Benign synonymous, SpliceAI<=0.1, PhastCons<1.0
SDHC	NM_003001.3	c.141T>A	Benign synonymous, SpliceAI<=0.1, PhastCons<1.0, PhyloP<0.1
SDHC	NM_003001.3	c.141T>C	Benign synonymous, SpliceAI<=0.1, PhastCons<1.0, PhyloP<0.1
SDHC	NM_003001.3	c.141T>G	Benign synonymous, SpliceAI<=0.1, PhastCons<1.0, PhyloP<0.1
SDHD	NM_003002.4	c.72A>C	Benign synonymous, SpliceAI<=0.1, PhastCons<1.0, PhyloP<0.1
SDHD	NM_003002.4	c.72A>G	Benign synonymous, SpliceAI<=0.1, PhastCons<1.0, PhyloP<0.1
SDHD	NM_003002.4	c.72A>T	Benign synonymous, SpliceAI<=0.1, PhastCons<1.0, PhyloP<0.1
SDHD	NM_003002.4	c.309T>A	Benign synonymous, SpliceAI<=0.1, PhastCons<1.0, PhyloP<0.1
SDHD	NM_003002.4	c.309T>C	Benign synonymous, SpliceAI<=0.1, PhastCons<1.0, PhyloP<0.1
SDHD	NM_003002.4	c.309T>G	Benign synonymous, SpliceAI<=0.1, PhastCons<1.0, PhyloP<0.1
SLC25A11	NM_003562.5	c.249G>T	Benign synonymous, SpliceAI<=0.1, PhastCons<1.0
SLC25A11	NM_003562.5	c.249G>C	Benign synonymous, SpliceAI<=0.1, PhastCons<1.0
SLC25A11	NM_003562.5	c.249-11C>G	Benign synonymous, SpliceAI<=0.1, PhastCons<1.0
SLC25A11	NM_003562.5	c.249-11C>A	Benign synonymous, SpliceAI<=0.1, PhastCons<1.0
SLC25A11	NM_003562.5	c.248+4T>A	Benign synonymous, SpliceAI<=0.1, PhastCons<1.0
SLX4	NM_032444.4	c.5504G>T	Benign synonymous, SpliceAI<=0.1, PhastCons<1.0
SLX4	NM_032444.4	c.5504G>C	Benign synonymous, SpliceAI<=0.1, PhastCons<1.0
SLX4	NM_032444.4	c.5502C>G	Benign synonymous, SpliceAI<=0.1, PhastCons<1.0
SLX4	NM_032444.4	c.5502C>A	Benign synonymous, SpliceAI<=0.1, PhastCons<1.0
SLX4	NM_032444.4	c.5501A>G	Likely_benign FAF >0.1%, REVEL <0.29, SpliceAI<=0.1
SLX4	NM_032444.4	c.5497C>T	Benign synonymous, SpliceAI<=0.1, PhastCons<1.0
SLX4	NM_032444.4	c.5497C>G	Benign synonymous, SpliceAI<=0.1, PhastCons<1.0
SLX4	NM_032444.4	c.5496G>T	Benign synonymous, SpliceAI<=0.1, PhastCons<1.0
SLX4	NM_032444.4	c.5496G>C	Benign synonymous, SpliceAI<=0.1, PhastCons<1.0
SLX4	NM_032444.4	c.5490G>T	Benign synonymous, SpliceAI<=0.1, PhastCons<1.0
SLX4	NM_032444.4	c.5490G>C	Benign synonymous, SpliceAI<=0.1, PhastCons<1.0
SLX4	NM_032444.4	c.5487G>T	Benign synonymous, SpliceAI<=0.1, PhastCons<1.0
SLX4	NM_032444.4	c.5487G>C	Benign synonymous, SpliceAI<=0.1, PhastCons<1.0
SLX4	NM_032444.4	c.5484G>T	Benign synonymous, SpliceAI<=0.1, PhastCons<1.0
SLX4	NM_032444.4	c.5484G>C	Benign synonymous, SpliceAI<=0.1, PhastCons<1.0
SLX4	NM_032444.4	c.5476C>T	Benign synonymous, SpliceAI<=0.1, PhastCons<1.0
SLX4	NM_032444.4	c.5476C>G	Benign synonymous, SpliceAI<=0.1, PhastCons<1.0
SLX4	NM_032444.4	c.5472G>T	Benign synonymous, SpliceAI<=0.1, PhastCons<1.0
SLX4	NM_032444.4	c.5472G>C	Benign synonymous, SpliceAI<=0.1, PhastCons<1.0
SLX4	NM_032444.4	c.5467C>T	Benign synonymous, SpliceAI<=0.1, PhastCons<1.0
SLX4	NM_032444.4	c.5467C>G	Benign synonymous, SpliceAI<=0.1, PhastCons<1.0
SLX4	NM_032444.4	c.5466G>T	Benign synonymous, SpliceAI<=0.1, PhastCons<1.0
SLX4	NM_032444.4	c.5466G>C	Benign synonymous, SpliceAI<=0.1, PhastCons<1.0
SLX4	NM_032444.4	c.5464A>T	Benign synonymous, SpliceAI<=0.1, PhastCons<1.0
SLX4	NM_032444.4	c.5464A>G	Benign synonymous, SpliceAI<=0.1, PhastCons<1.0
SLX4	NM_032444.4	c.5463G>T	Benign synonymous, SpliceAI<=0.1, PhastCons<1.0
SLX4	NM_032444.4	c.5463G>C	Benign synonymous, SpliceAI<=0.1, PhastCons<1.0
SLX4	NM_032444.4	c.5461A>T	Benign synonymous, SpliceAI<=0.1, PhastCons<1.0
SLX4	NM_032444.4	c.5461A>G	Benign synonymous, SpliceAI<=0.1, PhastCons<1.0
SLX4	NM_032444.4	c.5457G>T	Benign synonymous, SpliceAI<=0.1, PhastCons<1.0
SLX4	NM_032444.4	c.5457G>C	Benign synonymous, SpliceAI<=0.1, PhastCons<1.0
SLX4	NM_032444.4	c.5451G>T	Benign synonymous, SpliceAI<=0.1, PhastCons<1.0
SLX4	NM_032444.4	c.5451G>C	Benign synonymous, SpliceAI<=0.1, PhastCons<1.0
SLX4	NM_032444.4	c.5445G>T	Benign synonymous, SpliceAI<=0.1, PhastCons<1.0
SLX4	NM_032444.4	c.5445G>C	Benign synonymous, SpliceAI<=0.1, PhastCons<1.0
SLX4	NM_032444.4	c.5443A>T	Benign synonymous, SpliceAI<=0.1, PhastCons<1.0
SLX4	NM_032444.4	c.5443A>G	Benign synonymous, SpliceAI<=0.1, PhastCons<1.0
SLX4	NM_032444.4	c.5412C>G	Benign synonymous, SpliceAI<=0.1, PhastCons<1.0
SLX4	NM_032444.4	c.5412C>A	Benign synonymous, SpliceAI<=0.1, PhastCons<1.0
SLX4	NM_032444.4	c.5406C>G	Benign synonymous, SpliceAI<=0.1, PhastCons<1.0
SLX4	NM_032444.4	c.5406C>A	Benign synonymous, SpliceAI<=0.1, PhastCons<1.0
SLX4	NM_032444.4	c.5372G>A	Likely_benign FAF >0.1%, REVEL <0.29, SpliceAI<=0.1
SLX4	NM_032444.4	c.5364C>G	Benign synonymous, SpliceAI<=0.1, PhastCons<1.0
SLX4	NM_032444.4	c.5364C>A	Benign synonymous, SpliceAI<=0.1, PhastCons<1.0
SLX4	NM_032444.4	c.5361G>C	Benign synonymous, SpliceAI<=0.1, PhastCons<1.0
SLX4	NM_032444.4	c.5358G>T	Benign synonymous, SpliceAI<=0.1, PhastCons<1.0
SLX4	NM_032444.4	c.5358G>C	Benign synonymous, SpliceAI<=0.1, PhastCons<1.0
SLX4	NM_032444.4	c.5352G>T	Benign synonymous, SpliceAI<=0.1, PhastCons<1.0
SLX4	NM_032444.4	c.5352G>C	Benign synonymous, SpliceAI<=0.1, PhastCons<1.0
SLX4	NM_032444.4	c.5340G>T	Benign synonymous, SpliceAI<=0.1, PhastCons<1.0
SLX4	NM_032444.4	c.5340G>C	Benign synonymous, SpliceAI<=0.1, PhastCons<1.0
SLX4	NM_032444.4	c.5331G>T	Benign synonymous, SpliceAI<=0.1, PhastCons<1.0
SLX4	NM_032444.4	c.5331G>C	Benign synonymous, SpliceAI<=0.1, PhastCons<1.0
SLX4	NM_032444.4	c.5328T>G	Benign synonymous, SpliceAI<=0.1, PhastCons<1.0
SLX4	NM_032444.4	c.5328T>A	Benign synonymous, SpliceAI<=0.1, PhastCons<1.0
SLX4	NM_032444.4	c.5314C>G	Benign synonymous, SpliceAI<=0.1, PhastCons<1.0
SLX4	NM_032444.4	c.5314C>A	Benign synonymous, SpliceAI<=0.1, PhastCons<1.0
SLX4	NM_032444.4	c.5307G>T	Benign synonymous, SpliceAI<=0.1, PhastCons<1.0
SLX4	NM_032444.4	c.5307G>C	Benign synonymous, SpliceAI<=0.1, PhastCons<1.0
SLX4	NM_032444.4	c.5304G>T	Benign synonymous, SpliceAI<=0.1, PhastCons<1.0
SLX4	NM_032444.4	c.5304G>C	Benign synonymous, SpliceAI<=0.1, PhastCons<1.0
SLX4	NM_032444.4	c.5289G>T	Benign synonymous, SpliceAI<=0.1, PhastCons<1.0
SLX4	NM_032444.4	c.5289G>C	Benign synonymous, SpliceAI<=0.1, PhastCons<1.0
SLX4	NM_032444.4	c.5281C>T	Likely_benign FAF >0.1%, REVEL <0.29, SpliceAI<=0.1
SLX4	NM_032444.4	c.5274C>G	Benign synonymous, SpliceAI<=0.1, PhastCons<1.0
SLX4	NM_032444.4	c.5274C>A	Benign synonymous, SpliceAI<=0.1, PhastCons<1.0
SLX4	NM_032444.4	c.5271G>T	Benign synonymous, SpliceAI<=0.1, PhastCons<1.0
SLX4	NM_032444.4	c.5271G>C	Benign synonymous, SpliceAI<=0.1, PhastCons<1.0
SLX4	NM_032444.4	c.5269A>T	Benign synonymous, SpliceAI<=0.1, PhastCons<1.0
SLX4	NM_032444.4	c.5269A>G	Benign synonymous, SpliceAI<=0.1, PhastCons<1.0
SLX4	NM_032444.4	c.5266C>G	Benign synonymous, SpliceAI<=0.1, PhastCons<1.0
SLX4	NM_032444.4	c.5266C>A	Benign synonymous, SpliceAI<=0.1, PhastCons<1.0
SLX4	NM_032444.4	c.5262G>T	Benign synonymous, SpliceAI<=0.1, PhastCons<1.0
SLX4	NM_032444.4	c.5262G>C	Benign synonymous, SpliceAI<=0.1, PhastCons<1.0
SLX4	NM_032444.4	c.5259C>G	Benign synonymous, SpliceAI<=0.1, PhastCons<1.0
SLX4	NM_032444.4	c.5259C>A	Benign synonymous, SpliceAI<=0.1, PhastCons<1.0
SLX4	NM_032444.4	c.5249C>T	Likely_benign FAF >0.1%, REVEL <0.29, SpliceAI<=0.1
SLX4	NM_032444.4	c.5248G>T	Likely_benign FAF >0.1%, REVEL <0.29, SpliceAI<=0.1
SLX4	NM_032444.4	c.5244G>T	Benign synonymous, SpliceAI<=0.1, PhastCons<1.0
SLX4	NM_032444.4	c.5244G>C	Benign synonymous, SpliceAI<=0.1, PhastCons<1.0
SLX4	NM_032444.4	c.5232G>T	Benign synonymous, SpliceAI<=0.1, PhastCons<1.0
SLX4	NM_032444.4	c.5232G>C	Benign synonymous, SpliceAI<=0.1, PhastCons<1.0
SLX4	NM_032444.4	c.5223T>G	Benign synonymous, SpliceAI<=0.1, PhastCons<1.0
SLX4	NM_032444.4	c.5223T>A	Benign synonymous, SpliceAI<=0.1, PhastCons<1.0
SLX4	NM_032444.4	c.5217G>T	Benign synonymous, SpliceAI<=0.1, PhastCons<1.0
SLX4	NM_032444.4	c.5217G>C	Benign synonymous, SpliceAI<=0.1, PhastCons<1.0
SLX4	NM_032444.4	c.5212G>T	Likely_benign FAF >0.1%, REVEL <0.29, SpliceAI<=0.1
SLX4	NM_032444.4	c.5211G>T	Benign synonymous, SpliceAI<=0.1, PhastCons<1.0
SLX4	NM_032444.4	c.5211G>C	Benign synonymous, SpliceAI<=0.1, PhastCons<1.0
SLX4	NM_032444.4	c.5205G>T	Benign synonymous, SpliceAI<=0.1, PhastCons<1.0
SLX4	NM_032444.4	c.5205G>C	Benign synonymous, SpliceAI<=0.1, PhastCons<1.0
SLX4	NM_032444.4	c.5202G>T	Benign synonymous, SpliceAI<=0.1, PhastCons<1.0
SLX4	NM_032444.4	c.5202G>C	Benign synonymous, SpliceAI<=0.1, PhastCons<1.0
SLX4	NM_032444.4	c.5199A>T	Benign synonymous, SpliceAI<=0.1, PhastCons<1.0
SLX4	NM_032444.4	c.5199A>C	Benign synonymous, SpliceAI<=0.1, PhastCons<1.0
SLX4	NM_032444.4	c.5184T>G	Benign synonymous, SpliceAI<=0.1, PhastCons<1.0
SLX4	NM_032444.4	c.5184T>A	Benign synonymous, SpliceAI<=0.1, PhastCons<1.0
SLX4	NM_032444.4	c.5172T>G	Benign synonymous, SpliceAI<=0.1, PhastCons<1.0
SLX4	NM_032444.4	c.5166T>G	Benign synonymous, SpliceAI<=0.1, PhastCons<1.0
SLX4	NM_032444.4	c.5166T>A	Benign synonymous, SpliceAI<=0.1, PhastCons<1.0
SLX4	NM_032444.4	c.5154T>G	Benign synonymous, SpliceAI<=0.1, PhastCons<1.0
SLX4	NM_032444.4	c.5154T>A	Benign synonymous, SpliceAI<=0.1, PhastCons<1.0
SLX4	NM_032444.4	c.5151G>C	Benign synonymous, SpliceAI<=0.1, PhastCons<1.0
SLX4	NM_032444.4	c.5146T>A	Likely_benign FAF >0.1%, REVEL <0.29, SpliceAI<=0.1
SLX4	NM_032444.4	c.5145C>G	Benign synonymous, SpliceAI<=0.1, PhastCons<1.0
SLX4	NM_032444.4	c.5145C>A	Benign synonymous, SpliceAI<=0.1, PhastCons<1.0
SLX4	NM_032444.4	c.5142G>C	Benign synonymous, SpliceAI<=0.1, PhastCons<1.0
SLX4	NM_032444.4	c.5130T>G	Benign synonymous, SpliceAI<=0.1, PhastCons<1.0
SLX4	NM_032444.4	c.5130T>A	Benign synonymous, SpliceAI<=0.1, PhastCons<1.0
SLX4	NM_032444.4	c.5124T>A	Benign synonymous, SpliceAI<=0.1, PhastCons<1.0
SLX4	NM_032444.4	c.5103A>T	Benign synonymous, SpliceAI<=0.1, PhastCons<1.0
SLX4	NM_032444.4	c.5103A>C	Benign synonymous, SpliceAI<=0.1, PhastCons<1.0
SLX4	NM_032444.4	c.5100A>T	Benign synonymous, SpliceAI<=0.1, PhastCons<1.0
SLX4	NM_032444.4	c.5100A>C	Benign synonymous, SpliceAI<=0.1, PhastCons<1.0
SLX4	NM_032444.4	c.5085G>T	Benign synonymous, SpliceAI<=0.1, PhastCons<1.0
SLX4	NM_032444.4	c.5085G>C	Benign synonymous, SpliceAI<=0.1, PhastCons<1.0
SLX4	NM_032444.4	c.5079C>G	Benign synonymous, SpliceAI<=0.1, PhastCons<1.0
SLX4	NM_032444.4	c.5079C>A	Benign synonymous, SpliceAI<=0.1, PhastCons<1.0
SLX4	NM_032444.4	c.5076T>G	Benign synonymous, SpliceAI<=0.1, PhastCons<1.0
SLX4	NM_032444.4	c.5076T>A	Benign synonymous, SpliceAI<=0.1, PhastCons<1.0
SLX4	NM_032444.4	c.5073T>G	Benign synonymous, SpliceAI<=0.1, PhastCons<1.0
SLX4	NM_032444.4	c.5073T>A	Benign synonymous, SpliceAI<=0.1, PhastCons<1.0
SLX4	NM_032444.4	c.5055G>T	Benign synonymous, SpliceAI<=0.1, PhastCons<1.0
SLX4	NM_032444.4	c.5055G>C	Benign synonymous, SpliceAI<=0.1, PhastCons<1.0
SLX4	NM_032444.4	c.5052G>T	Benign synonymous, SpliceAI<=0.1, PhastCons<1.0
SLX4	NM_032444.4	c.5052G>C	Benign synonymous, SpliceAI<=0.1, PhastCons<1.0
SLX4	NM_032444.4	c.5040G>T	Benign synonymous, SpliceAI<=0.1, PhastCons<1.0
SLX4	NM_032444.4	c.5040G>C	Benign synonymous, SpliceAI<=0.1, PhastCons<1.0
SLX4	NM_032444.4	c.5038A>T	Benign synonymous, SpliceAI<=0.1, PhastCons<1.0
SLX4	NM_032444.4	c.5038A>G	Benign synonymous, SpliceAI<=0.1, PhastCons<1.0
SLX4	NM_032444.4	c.5037C>G	Benign synonymous, SpliceAI<=0.1, PhastCons<1.0
SLX4	NM_032444.4	c.5037C>A	Benign synonymous, SpliceAI<=0.1, PhastCons<1.0
SLX4	NM_032444.4	c.5029C>T	Likely_benign FAF >0.1%, REVEL <0.29, SpliceAI<=0.1
SLX4	NM_032444.4	c.5022C>G	Benign synonymous, SpliceAI<=0.1, PhastCons<1.0
SLX4	NM_032444.4	c.5022C>A	Benign synonymous, SpliceAI<=0.1, PhastCons<1.0
SLX4	NM_032444.4	c.5019A>T	Benign synonymous, SpliceAI<=0.1, PhastCons<1.0
SLX4	NM_032444.4	c.5019A>C	Benign synonymous, SpliceAI<=0.1, PhastCons<1.0
SLX4	NM_032444.4	c.5016T>G	Benign synonymous, SpliceAI<=0.1, PhastCons<1.0
SLX4	NM_032444.4	c.5016T>A	Benign synonymous, SpliceAI<=0.1, PhastCons<1.0
SLX4	NM_032444.4	c.5013T>G	Benign synonymous, SpliceAI<=0.1, PhastCons<1.0
SLX4	NM_032444.4	c.5013T>A	Benign synonymous, SpliceAI<=0.1, PhastCons<1.0
SLX4	NM_032444.4	c.5010G>T	Benign synonymous, SpliceAI<=0.1, PhastCons<1.0
SLX4	NM_032444.4	c.5010G>C	Benign synonymous, SpliceAI<=0.1, PhastCons<1.0
SLX4	NM_032444.4	c.5007G>C	Benign synonymous, SpliceAI<=0.1, PhastCons<1.0
SLX4	NM_032444.4	c.5005A>T	Benign synonymous, SpliceAI<=0.1, PhastCons<1.0
SLX4	NM_032444.4	c.5005A>G	Benign synonymous, SpliceAI<=0.1, PhastCons<1.0
SLX4	NM_032444.4	c.5004A>T	Benign synonymous, SpliceAI<=0.1, PhastCons<1.0
SLX4	NM_032444.4	c.5004A>C	Benign synonymous, SpliceAI<=0.1, PhastCons<1.0
SLX4	NM_032444.4	c.5001T>G	Benign synonymous, SpliceAI<=0.1, PhastCons<1.0
SLX4	NM_032444.4	c.5001T>A	Benign synonymous, SpliceAI<=0.1, PhastCons<1.0
SLX4	NM_032444.4	c.4996C>T	Benign synonymous, SpliceAI<=0.1, PhastCons<1.0
SLX4	NM_032444.4	c.4996C>G	Benign synonymous, SpliceAI<=0.1, PhastCons<1.0
SLX4	NM_032444.4	c.4989G>T	Benign synonymous, SpliceAI<=0.1, PhastCons<1.0
SLX4	NM_032444.4	c.4989G>C	Benign synonymous, SpliceAI<=0.1, PhastCons<1.0
SLX4	NM_032444.4	c.4983G>T	Benign synonymous, SpliceAI<=0.1, PhastCons<1.0
SLX4	NM_032444.4	c.4983G>C	Benign synonymous, SpliceAI<=0.1, PhastCons<1.0
SLX4	NM_032444.4	c.4971G>T	Benign synonymous, SpliceAI<=0.1, PhastCons<1.0
SLX4	NM_032444.4	c.4971G>C	Benign synonymous, SpliceAI<=0.1, PhastCons<1.0
SLX4	NM_032444.4	c.4965G>T	Benign synonymous, SpliceAI<=0.1, PhastCons<1.0
SLX4	NM_032444.4	c.4965G>C	Benign synonymous, SpliceAI<=0.1, PhastCons<1.0
SLX4	NM_032444.4	c.4963A>T	Benign synonymous, SpliceAI<=0.1, PhastCons<1.0
SLX4	NM_032444.4	c.4963A>G	Benign synonymous, SpliceAI<=0.1, PhastCons<1.0
SLX4	NM_032444.4	c.4962T>G	Benign synonymous, SpliceAI<=0.1, PhastCons<1.0
SLX4	NM_032444.4	c.4962T>A	Benign synonymous, SpliceAI<=0.1, PhastCons<1.0
SLX4	NM_032444.4	c.4938G>T	Benign synonymous, SpliceAI<=0.1, PhastCons<1.0
SLX4	NM_032444.4	c.4938G>C	Benign synonymous, SpliceAI<=0.1, PhastCons<1.0
SLX4	NM_032444.4	c.4935G>T	Benign synonymous, SpliceAI<=0.1, PhastCons<1.0
SLX4	NM_032444.4	c.4935G>C	Benign synonymous, SpliceAI<=0.1, PhastCons<1.0
SLX4	NM_032444.4	c.4932G>T	Benign synonymous, SpliceAI<=0.1, PhastCons<1.0
SLX4	NM_032444.4	c.4932G>C	Benign synonymous, SpliceAI<=0.1, PhastCons<1.0
SLX4	NM_032444.4	c.4926T>G	Benign synonymous, SpliceAI<=0.1, PhastCons<1.0
SLX4	NM_032444.4	c.4926T>A	Benign synonymous, SpliceAI<=0.1, PhastCons<1.0
SLX4	NM_032444.4	c.4914G>T	Benign synonymous, SpliceAI<=0.1, PhastCons<1.0
SLX4	NM_032444.4	c.4914G>C	Benign synonymous, SpliceAI<=0.1, PhastCons<1.0
SLX4	NM_032444.4	c.4912A>T	Benign synonymous, SpliceAI<=0.1, PhastCons<1.0
SLX4	NM_032444.4	c.4912A>G	Benign synonymous, SpliceAI<=0.1, PhastCons<1.0
SLX4	NM_032444.4	c.4905G>T	Benign synonymous, SpliceAI<=0.1, PhastCons<1.0
SLX4	NM_032444.4	c.4905G>C	Benign synonymous, SpliceAI<=0.1, PhastCons<1.0
SLX4	NM_032444.4	c.4902C>G	Benign synonymous, SpliceAI<=0.1, PhastCons<1.0
SLX4	NM_032444.4	c.4902C>A	Benign synonymous, SpliceAI<=0.1, PhastCons<1.0
SLX4	NM_032444.4	c.4896G>T	Benign synonymous, SpliceAI<=0.1, PhastCons<1.0
SLX4	NM_032444.4	c.4896G>C	Benign synonymous, SpliceAI<=0.1, PhastCons<1.0
SLX4	NM_032444.4	c.4881G>T	Benign synonymous, SpliceAI<=0.1, PhastCons<1.0
SLX4	NM_032444.4	c.4881G>C	Benign synonymous, SpliceAI<=0.1, PhastCons<1.0
SLX4	NM_032444.4	c.4878C>G	Benign synonymous, SpliceAI<=0.1, PhastCons<1.0
SLX4	NM_032444.4	c.4878C>A	Benign synonymous, SpliceAI<=0.1, PhastCons<1.0
SLX4	NM_032444.4	c.4875C>G	Benign synonymous, SpliceAI<=0.1, PhastCons<1.0
SLX4	NM_032444.4	c.4875C>A	Benign synonymous, SpliceAI<=0.1, PhastCons<1.0
SLX4	NM_032444.4	c.4866G>T	Benign synonymous, SpliceAI<=0.1, PhastCons<1.0
SLX4	NM_032444.4	c.4866G>C	Benign synonymous, SpliceAI<=0.1, PhastCons<1.0
SLX4	NM_032444.4	c.4863G>T	Benign synonymous, SpliceAI<=0.1, PhastCons<1.0
SLX4	NM_032444.4	c.4863G>C	Benign synonymous, SpliceAI<=0.1, PhastCons<1.0
SLX4	NM_032444.4	c.4861T>G	Benign synonymous, SpliceAI<=0.1, PhastCons<1.0
SLX4	NM_032444.4	c.4861T>A	Benign synonymous, SpliceAI<=0.1, PhastCons<1.0
SLX4	NM_032444.4	c.4858C>G	Benign synonymous, SpliceAI<=0.1, PhastCons<1.0
SLX4	NM_032444.4	c.4858C>A	Benign synonymous, SpliceAI<=0.1, PhastCons<1.0
SLX4	NM_032444.4	c.4854G>T	Benign synonymous, SpliceAI<=0.1, PhastCons<1.0
SLX4	NM_032444.4	c.4854G>C	Benign synonymous, SpliceAI<=0.1, PhastCons<1.0
SLX4	NM_032444.4	c.4845G>T	Benign synonymous, SpliceAI<=0.1, PhastCons<1.0
SLX4	NM_032444.4	c.4845G>C	Benign synonymous, SpliceAI<=0.1, PhastCons<1.0
SLX4	NM_032444.4	c.4839G>T	Benign synonymous, SpliceAI<=0.1, PhastCons<1.0
SLX4	NM_032444.4	c.4839G>C	Benign synonymous, SpliceAI<=0.1, PhastCons<1.0
SLX4	NM_032444.4	c.4836C>G	Benign synonymous, SpliceAI<=0.1, PhastCons<1.0
SLX4	NM_032444.4	c.4836C>A	Benign synonymous, SpliceAI<=0.1, PhastCons<1.0
SLX4	NM_032444.4	c.4816C>G	Benign synonymous, SpliceAI<=0.1, PhastCons<1.0
SLX4	NM_032444.4	c.4816C>A	Benign synonymous, SpliceAI<=0.1, PhastCons<1.0
SLX4	NM_032444.4	c.4782G>T	Benign synonymous, SpliceAI<=0.1, PhastCons<1.0
SLX4	NM_032444.4	c.4782G>C	Benign synonymous, SpliceAI<=0.1, PhastCons<1.0
SLX4	NM_032444.4	c.4764A>T	Benign synonymous, SpliceAI<=0.1, PhastCons<1.0
SLX4	NM_032444.4	c.4764A>C	Benign synonymous, SpliceAI<=0.1, PhastCons<1.0
SLX4	NM_032444.4	c.4731A>T	Benign synonymous, SpliceAI<=0.1, PhastCons<1.0
SLX4	NM_032444.4	c.4731A>C	Benign synonymous, SpliceAI<=0.1, PhastCons<1.0
SLX4	NM_032444.4	c.4728G>T	Benign synonymous, SpliceAI<=0.1, PhastCons<1.0
SLX4	NM_032444.4	c.4728G>C	Benign synonymous, SpliceAI<=0.1, PhastCons<1.0
SLX4	NM_032444.4	c.4698T>G	Benign synonymous, SpliceAI<=0.1, PhastCons<1.0
SLX4	NM_032444.4	c.4698T>A	Benign synonymous, SpliceAI<=0.1, PhastCons<1.0
SLX4	NM_032444.4	c.4695G>T	Benign synonymous, SpliceAI<=0.1, PhastCons<1.0
SLX4	NM_032444.4	c.4695G>C	Benign synonymous, SpliceAI<=0.1, PhastCons<1.0
SLX4	NM_032444.4	c.4662G>T	Benign synonymous, SpliceAI<=0.1, PhastCons<1.0
SLX4	NM_032444.4	c.4662G>C	Benign synonymous, SpliceAI<=0.1, PhastCons<1.0
SLX4	NM_032444.4	c.4660T>G	Benign synonymous, SpliceAI<=0.1, PhastCons<1.0
SLX4	NM_032444.4	c.4660T>A	Benign synonymous, SpliceAI<=0.1, PhastCons<1.0
SLX4	NM_032444.4	c.4659C>G	Benign synonymous, SpliceAI<=0.1, PhastCons<1.0
SLX4	NM_032444.4	c.4659C>A	Benign synonymous, SpliceAI<=0.1, PhastCons<1.0
SLX4	NM_032444.4	c.4658A>T	Likely_benign FAF >0.1%, REVEL <0.29, SpliceAI<=0.1
SLX4	NM_032444.4	c.4656G>T	Benign synonymous, SpliceAI<=0.1, PhastCons<1.0
SLX4	NM_032444.4	c.4656G>C	Benign synonymous, SpliceAI<=0.1, PhastCons<1.0
SLX4	NM_032444.4	c.4648C>T	Benign synonymous, SpliceAI<=0.1, PhastCons<1.0
SLX4	NM_032444.4	c.4648C>G	Benign synonymous, SpliceAI<=0.1, PhastCons<1.0
SLX4	NM_032444.4	c.4647T>G	Benign synonymous, SpliceAI<=0.1, PhastCons<1.0
SLX4	NM_032444.4	c.4647T>A	Benign synonymous, SpliceAI<=0.1, PhastCons<1.0
SLX4	NM_032444.4	c.4626A>T	Benign synonymous, SpliceAI<=0.1, PhastCons<1.0
SLX4	NM_032444.4	c.4626A>C	Benign synonymous, SpliceAI<=0.1, PhastCons<1.0
SLX4	NM_032444.4	c.4624T>G	Benign synonymous, SpliceAI<=0.1, PhastCons<1.0
SLX4	NM_032444.4	c.4624T>A	Benign synonymous, SpliceAI<=0.1, PhastCons<1.0
SLX4	NM_032444.4	c.4620A>T	Benign synonymous, SpliceAI<=0.1, PhastCons<1.0
SLX4	NM_032444.4	c.4620A>C	Benign synonymous, SpliceAI<=0.1, PhastCons<1.0
SLX4	NM_032444.4	c.4614G>T	Benign synonymous, SpliceAI<=0.1, PhastCons<1.0
SLX4	NM_032444.4	c.4614G>C	Benign synonymous, SpliceAI<=0.1, PhastCons<1.0
SLX4	NM_032444.4	c.4611G>C	Benign synonymous, SpliceAI<=0.1, PhastCons<1.0
SLX4	NM_032444.4	c.4600G>A	Likely_benign FAF >0.1%, REVEL <0.29, SpliceAI<=0.1
SLX4	NM_032444.4	c.4596C>G	Benign synonymous, SpliceAI<=0.1, PhastCons<1.0
SLX4	NM_032444.4	c.4596C>A	Benign synonymous, SpliceAI<=0.1, PhastCons<1.0
SLX4	NM_032444.4	c.4587G>T	Benign synonymous, SpliceAI<=0.1, PhastCons<1.0
SLX4	NM_032444.4	c.4587G>C	Benign synonymous, SpliceAI<=0.1, PhastCons<1.0
SLX4	NM_032444.4	c.4569G>T	Benign synonymous, SpliceAI<=0.1, PhastCons<1.0
SLX4	NM_032444.4	c.4569G>C	Benign synonymous, SpliceAI<=0.1, PhastCons<1.0
SLX4	NM_032444.4	c.4560G>T	Benign synonymous, SpliceAI<=0.1, PhastCons<1.0
SLX4	NM_032444.4	c.4560G>C	Benign synonymous, SpliceAI<=0.1, PhastCons<1.0
SLX4	NM_032444.4	c.4558A>T	Benign synonymous, SpliceAI<=0.1, PhastCons<1.0
SLX4	NM_032444.4	c.4558A>G	Benign synonymous, SpliceAI<=0.1, PhastCons<1.0
SLX4	NM_032444.4	c.4557G>T	Benign synonymous, SpliceAI<=0.1, PhastCons<1.0
SLX4	NM_032444.4	c.4557G>C	Benign synonymous, SpliceAI<=0.1, PhastCons<1.0
SLX4	NM_032444.4	c.4554G>T	Benign synonymous, SpliceAI<=0.1, PhastCons<1.0
SLX4	NM_032444.4	c.4554G>C	Benign synonymous, SpliceAI<=0.1, PhastCons<1.0
SLX4	NM_032444.4	c.4551A>T	Benign synonymous, SpliceAI<=0.1, PhastCons<1.0
SLX4	NM_032444.4	c.4551A>C	Benign synonymous, SpliceAI<=0.1, PhastCons<1.0
SLX4	NM_032444.4	c.4545C>G	Benign synonymous, SpliceAI<=0.1, PhastCons<1.0
SLX4	NM_032444.4	c.4545C>A	Benign synonymous, SpliceAI<=0.1, PhastCons<1.0
SLX4	NM_032444.4	c.4536C>G	Benign synonymous, SpliceAI<=0.1, PhastCons<1.0
SLX4	NM_032444.4	c.4536C>A	Benign synonymous, SpliceAI<=0.1, PhastCons<1.0
SLX4	NM_032444.4	c.4528C>G	Benign synonymous, SpliceAI<=0.1, PhastCons<1.0
SLX4	NM_032444.4	c.4528C>A	Benign synonymous, SpliceAI<=0.1, PhastCons<1.0
SLX4	NM_032444.4	c.4521T>G	Benign synonymous, SpliceAI<=0.1, PhastCons<1.0
SLX4	NM_032444.4	c.4521T>A	Benign synonymous, SpliceAI<=0.1, PhastCons<1.0
SLX4	NM_032444.4	c.4516C>G	Benign synonymous, SpliceAI<=0.1, PhastCons<1.0
SLX4	NM_032444.4	c.4516C>A	Benign synonymous, SpliceAI<=0.1, PhastCons<1.0
SLX4	NM_032444.4	c.4515T>G	Benign synonymous, SpliceAI<=0.1, PhastCons<1.0
SLX4	NM_032444.4	c.4515T>A	Benign synonymous, SpliceAI<=0.1, PhastCons<1.0
SLX4	NM_032444.4	c.4506G>T	Benign synonymous, SpliceAI<=0.1, PhastCons<1.0
SLX4	NM_032444.4	c.4506G>C	Benign synonymous, SpliceAI<=0.1, PhastCons<1.0
SLX4	NM_032444.4	c.4504A>T	Benign synonymous, SpliceAI<=0.1, PhastCons<1.0
SLX4	NM_032444.4	c.4504A>G	Benign synonymous, SpliceAI<=0.1, PhastCons<1.0
SLX4	NM_032444.4	c.4503C>G	Benign synonymous, SpliceAI<=0.1, PhastCons<1.0
SLX4	NM_032444.4	c.4503C>A	Benign synonymous, SpliceAI<=0.1, PhastCons<1.0
SLX4	NM_032444.4	c.4500T>G	Benign synonymous, SpliceAI<=0.1, PhastCons<1.0
SLX4	NM_032444.4	c.4500T>A	Benign synonymous, SpliceAI<=0.1, PhastCons<1.0
SLX4	NM_032444.4	c.4492C>G	Benign synonymous, SpliceAI<=0.1, PhastCons<1.0
SLX4	NM_032444.4	c.4492C>A	Benign synonymous, SpliceAI<=0.1, PhastCons<1.0
SLX4	NM_032444.4	c.4473G>T	Benign synonymous, SpliceAI<=0.1, PhastCons<1.0
SLX4	NM_032444.4	c.4473G>C	Benign synonymous, SpliceAI<=0.1, PhastCons<1.0
SLX4	NM_032444.4	c.4470G>T	Benign synonymous, SpliceAI<=0.1, PhastCons<1.0
SLX4	NM_032444.4	c.4470G>C	Benign synonymous, SpliceAI<=0.1, PhastCons<1.0
SLX4	NM_032444.4	c.4467A>T	Benign synonymous, SpliceAI<=0.1, PhastCons<1.0
SLX4	NM_032444.4	c.4467A>C	Benign synonymous, SpliceAI<=0.1, PhastCons<1.0
SLX4	NM_032444.4	c.4464G>T	Benign synonymous, SpliceAI<=0.1, PhastCons<1.0
SLX4	NM_032444.4	c.4464G>C	Benign synonymous, SpliceAI<=0.1, PhastCons<1.0
SLX4	NM_032444.4	c.4462T>G	Benign synonymous, SpliceAI<=0.1, PhastCons<1.0
SLX4	NM_032444.4	c.4462T>A	Benign synonymous, SpliceAI<=0.1, PhastCons<1.0
SLX4	NM_032444.4	c.4461A>T	Benign synonymous, SpliceAI<=0.1, PhastCons<1.0
SLX4	NM_032444.4	c.4461A>C	Benign synonymous, SpliceAI<=0.1, PhastCons<1.0
SLX4	NM_032444.4	c.4458G>T	Benign synonymous, SpliceAI<=0.1, PhastCons<1.0
SLX4	NM_032444.4	c.4458G>C	Benign synonymous, SpliceAI<=0.1, PhastCons<1.0
SLX4	NM_032444.4	c.4456A>T	Benign synonymous, SpliceAI<=0.1, PhastCons<1.0
SLX4	NM_032444.4	c.4456A>G	Benign synonymous, SpliceAI<=0.1, PhastCons<1.0
SLX4	NM_032444.4	c.4455G>T	Benign synonymous, SpliceAI<=0.1, PhastCons<1.0
SLX4	NM_032444.4	c.4455G>C	Benign synonymous, SpliceAI<=0.1, PhastCons<1.0
SLX4	NM_032444.4	c.4446C>G	Benign synonymous, SpliceAI<=0.1, PhastCons<1.0
SLX4	NM_032444.4	c.4446C>A	Benign synonymous, SpliceAI<=0.1, PhastCons<1.0
SLX4	NM_032444.4	c.4443C>G	Benign synonymous, SpliceAI<=0.1, PhastCons<1.0
SLX4	NM_032444.4	c.4443C>A	Benign synonymous, SpliceAI<=0.1, PhastCons<1.0
SLX4	NM_032444.4	c.4435C>T	Benign synonymous, SpliceAI<=0.1, PhastCons<1.0
SLX4	NM_032444.4	c.4435C>G	Benign synonymous, SpliceAI<=0.1, PhastCons<1.0
SLX4	NM_032444.4	c.4422C>G	Benign synonymous, SpliceAI<=0.1, PhastCons<1.0
SLX4	NM_032444.4	c.4422C>A	Benign synonymous, SpliceAI<=0.1, PhastCons<1.0
SLX4	NM_032444.4	c.4417C>G	Benign synonymous, SpliceAI<=0.1, PhastCons<1.0
SLX4	NM_032444.4	c.4417C>A	Benign synonymous, SpliceAI<=0.1, PhastCons<1.0
SLX4	NM_032444.4	c.4401T>G	Benign synonymous, SpliceAI<=0.1, PhastCons<1.0
SLX4	NM_032444.4	c.4401T>A	Benign synonymous, SpliceAI<=0.1, PhastCons<1.0
SLX4	NM_032444.4	c.4398C>A	Benign synonymous, SpliceAI<=0.1, PhastCons<1.0
SLX4	NM_032444.4	c.4392C>G	Benign synonymous, SpliceAI<=0.1, PhastCons<1.0
SLX4	NM_032444.4	c.4392C>A	Benign synonymous, SpliceAI<=0.1, PhastCons<1.0
SLX4	NM_032444.4	c.4389C>G	Benign synonymous, SpliceAI<=0.1, PhastCons<1.0
SLX4	NM_032444.4	c.4389C>A	Benign synonymous, SpliceAI<=0.1, PhastCons<1.0
SLX4	NM_032444.4	c.4380G>T	Benign synonymous, SpliceAI<=0.1, PhastCons<1.0
SLX4	NM_032444.4	c.4380G>C	Benign synonymous, SpliceAI<=0.1, PhastCons<1.0
SLX4	NM_032444.4	c.4377C>G	Benign synonymous, SpliceAI<=0.1, PhastCons<1.0
SLX4	NM_032444.4	c.4377C>A	Benign synonymous, SpliceAI<=0.1, PhastCons<1.0
SLX4	NM_032444.4	c.4371G>T	Benign synonymous, SpliceAI<=0.1, PhastCons<1.0
SLX4	NM_032444.4	c.4371G>C	Benign synonymous, SpliceAI<=0.1, PhastCons<1.0
SLX4	NM_032444.4	c.4369A>T	Benign synonymous, SpliceAI<=0.1, PhastCons<1.0
SLX4	NM_032444.4	c.4369A>G	Benign synonymous, SpliceAI<=0.1, PhastCons<1.0
SLX4	NM_032444.4	c.4365C>G	Benign synonymous, SpliceAI<=0.1, PhastCons<1.0
SLX4	NM_032444.4	c.4365C>A	Benign synonymous, SpliceAI<=0.1, PhastCons<1.0
SLX4	NM_032444.4	c.4359C>G	Benign synonymous, SpliceAI<=0.1, PhastCons<1.0
SLX4	NM_032444.4	c.4359C>A	Benign synonymous, SpliceAI<=0.1, PhastCons<1.0
SLX4	NM_032444.4	c.4356C>G	Benign synonymous, SpliceAI<=0.1, PhastCons<1.0
SLX4	NM_032444.4	c.4356C>A	Benign synonymous, SpliceAI<=0.1, PhastCons<1.0
SLX4	NM_032444.4	c.4350C>G	Benign synonymous, SpliceAI<=0.1, PhastCons<1.0
SLX4	NM_032444.4	c.4350C>A	Benign synonymous, SpliceAI<=0.1, PhastCons<1.0
SLX4	NM_032444.4	c.4333C>T	Benign synonymous, SpliceAI<=0.1, PhastCons<1.0
SLX4	NM_032444.4	c.4333C>G	Benign synonymous, SpliceAI<=0.1, PhastCons<1.0
SLX4	NM_032444.4	c.4332G>T	Benign synonymous, SpliceAI<=0.1, PhastCons<1.0
SLX4	NM_032444.4	c.4332G>C	Benign synonymous, SpliceAI<=0.1, PhastCons<1.0
SLX4	NM_032444.4	c.4327C>G	Benign synonymous, SpliceAI<=0.1, PhastCons<1.0
SLX4	NM_032444.4	c.4327C>A	Benign synonymous, SpliceAI<=0.1, PhastCons<1.0
SLX4	NM_032444.4	c.4326C>G	Benign synonymous, SpliceAI<=0.1, PhastCons<1.0
SLX4	NM_032444.4	c.4326C>A	Benign synonymous, SpliceAI<=0.1, PhastCons<1.0
SLX4	NM_032444.4	c.4320C>G	Benign synonymous, SpliceAI<=0.1, PhastCons<1.0
SLX4	NM_032444.4	c.4320C>A	Benign synonymous, SpliceAI<=0.1, PhastCons<1.0
SLX4	NM_032444.4	c.4317C>G	Benign synonymous, SpliceAI<=0.1, PhastCons<1.0
SLX4	NM_032444.4	c.4317C>A	Benign synonymous, SpliceAI<=0.1, PhastCons<1.0
SLX4	NM_032444.4	c.4293G>T	Benign synonymous, SpliceAI<=0.1, PhastCons<1.0
SLX4	NM_032444.4	c.4293G>C	Benign synonymous, SpliceAI<=0.1, PhastCons<1.0
SLX4	NM_032444.4	c.4287C>G	Benign synonymous, SpliceAI<=0.1, PhastCons<1.0
SLX4	NM_032444.4	c.4287C>A	Benign synonymous, SpliceAI<=0.1, PhastCons<1.0
SLX4	NM_032444.4	c.4281C>G	Benign synonymous, SpliceAI<=0.1, PhastCons<1.0
SLX4	NM_032444.4	c.4281C>A	Benign synonymous, SpliceAI<=0.1, PhastCons<1.0
SLX4	NM_032444.4	c.4278C>G	Benign synonymous, SpliceAI<=0.1, PhastCons<1.0
SLX4	NM_032444.4	c.4278C>A	Benign synonymous, SpliceAI<=0.1, PhastCons<1.0
SLX4	NM_032444.4	c.4275C>G	Benign synonymous, SpliceAI<=0.1, PhastCons<1.0
SLX4	NM_032444.4	c.4275C>A	Benign synonymous, SpliceAI<=0.1, PhastCons<1.0
SLX4	NM_032444.4	c.4272C>G	Benign synonymous, SpliceAI<=0.1, PhastCons<1.0
SLX4	NM_032444.4	c.4272C>A	Benign synonymous, SpliceAI<=0.1, PhastCons<1.0
SLX4	NM_032444.4	c.4261A>T	Likely_benign FAF >0.1%, REVEL <0.29, SpliceAI<=0.1
SLX4	NM_032444.4	c.4254C>G	Benign synonymous, SpliceAI<=0.1, PhastCons<1.0
SLX4	NM_032444.4	c.4254C>A	Benign synonymous, SpliceAI<=0.1, PhastCons<1.0
SLX4	NM_032444.4	c.4251T>G	Benign synonymous, SpliceAI<=0.1, PhastCons<1.0
SLX4	NM_032444.4	c.4251T>A	Benign synonymous, SpliceAI<=0.1, PhastCons<1.0
SLX4	NM_032444.4	c.4248C>G	Benign synonymous, SpliceAI<=0.1, PhastCons<1.0
SLX4	NM_032444.4	c.4248C>A	Benign synonymous, SpliceAI<=0.1, PhastCons<1.0
SLX4	NM_032444.4	c.4243C>G	Benign synonymous, SpliceAI<=0.1, PhastCons<1.0
SLX4	NM_032444.4	c.4243C>A	Benign synonymous, SpliceAI<=0.1, PhastCons<1.0
SLX4	NM_032444.4	c.4241C>T	Likely_benign FAF >0.1%, REVEL <0.29, SpliceAI<=0.1
SLX4	NM_032444.4	c.4233A>T	Benign synonymous, SpliceAI<=0.1, PhastCons<1.0
SLX4	NM_032444.4	c.4233A>C	Benign synonymous, SpliceAI<=0.1, PhastCons<1.0
SLX4	NM_032444.4	c.4231A>T	Benign synonymous, SpliceAI<=0.1, PhastCons<1.0
SLX4	NM_032444.4	c.4231A>G	Benign synonymous, SpliceAI<=0.1, PhastCons<1.0
SLX4	NM_032444.4	c.4230C>G	Benign synonymous, SpliceAI<=0.1, PhastCons<1.0
SLX4	NM_032444.4	c.4230C>A	Benign synonymous, SpliceAI<=0.1, PhastCons<1.0
SLX4	NM_032444.4	c.4224G>T	Benign synonymous, SpliceAI<=0.1, PhastCons<1.0
SLX4	NM_032444.4	c.4224G>C	Benign synonymous, SpliceAI<=0.1, PhastCons<1.0
SLX4	NM_032444.4	c.4221T>G	Benign synonymous, SpliceAI<=0.1, PhastCons<1.0
SLX4	NM_032444.4	c.4221T>A	Benign synonymous, SpliceAI<=0.1, PhastCons<1.0
SLX4	NM_032444.4	c.4209G>T	Benign synonymous, SpliceAI<=0.1, PhastCons<1.0
SLX4	NM_032444.4	c.4209G>C	Benign synonymous, SpliceAI<=0.1, PhastCons<1.0
SLX4	NM_032444.4	c.4206G>T	Benign synonymous, SpliceAI<=0.1, PhastCons<1.0
SLX4	NM_032444.4	c.4206G>C	Benign synonymous, SpliceAI<=0.1, PhastCons<1.0
SLX4	NM_032444.4	c.4203G>T	Benign synonymous, SpliceAI<=0.1, PhastCons<1.0
SLX4	NM_032444.4	c.4203G>C	Benign synonymous, SpliceAI<=0.1, PhastCons<1.0
SLX4	NM_032444.4	c.4200T>G	Benign synonymous, SpliceAI<=0.1, PhastCons<1.0
SLX4	NM_032444.4	c.4200T>A	Benign synonymous, SpliceAI<=0.1, PhastCons<1.0
SLX4	NM_032444.4	c.4197C>G	Benign synonymous, SpliceAI<=0.1, PhastCons<1.0
SLX4	NM_032444.4	c.4197C>A	Benign synonymous, SpliceAI<=0.1, PhastCons<1.0
SLX4	NM_032444.4	c.4194T>G	Benign synonymous, SpliceAI<=0.1, PhastCons<1.0
SLX4	NM_032444.4	c.4194T>A	Benign synonymous, SpliceAI<=0.1, PhastCons<1.0
SLX4	NM_032444.4	c.4182A>T	Benign synonymous, SpliceAI<=0.1, PhastCons<1.0
SLX4	NM_032444.4	c.4182A>C	Benign synonymous, SpliceAI<=0.1, PhastCons<1.0
SLX4	NM_032444.4	c.4173A>T	Benign synonymous, SpliceAI<=0.1, PhastCons<1.0
SLX4	NM_032444.4	c.4173A>C	Benign synonymous, SpliceAI<=0.1, PhastCons<1.0
SLX4	NM_032444.4	c.4158G>T	Benign synonymous, SpliceAI<=0.1, PhastCons<1.0
SLX4	NM_032444.4	c.4158G>C	Benign synonymous, SpliceAI<=0.1, PhastCons<1.0
SLX4	NM_032444.4	c.4155C>G	Benign synonymous, SpliceAI<=0.1, PhastCons<1.0
SLX4	NM_032444.4	c.4155C>A	Benign synonymous, SpliceAI<=0.1, PhastCons<1.0
SLX4	NM_032444.4	c.4150C>G	Benign synonymous, SpliceAI<=0.1, PhastCons<1.0
SLX4	NM_032444.4	c.4150C>A	Benign synonymous, SpliceAI<=0.1, PhastCons<1.0
SLX4	NM_032444.4	c.4149C>G	Benign synonymous, SpliceAI<=0.1, PhastCons<1.0
SLX4	NM_032444.4	c.4149C>A	Benign synonymous, SpliceAI<=0.1, PhastCons<1.0
SLX4	NM_032444.4	c.4146C>G	Benign synonymous, SpliceAI<=0.1, PhastCons<1.0
SLX4	NM_032444.4	c.4146C>A	Benign synonymous, SpliceAI<=0.1, PhastCons<1.0
SLX4	NM_032444.4	c.4128C>G	Benign synonymous, SpliceAI<=0.1, PhastCons<1.0
SLX4	NM_032444.4	c.4128C>A	Benign synonymous, SpliceAI<=0.1, PhastCons<1.0
SLX4	NM_032444.4	c.4125A>T	Benign synonymous, SpliceAI<=0.1, PhastCons<1.0
SLX4	NM_032444.4	c.4125A>C	Benign synonymous, SpliceAI<=0.1, PhastCons<1.0
SLX4	NM_032444.4	c.4120C>G	Benign synonymous, SpliceAI<=0.1, PhastCons<1.0
SLX4	NM_032444.4	c.4120C>A	Benign synonymous, SpliceAI<=0.1, PhastCons<1.0
SLX4	NM_032444.4	c.4119C>G	Benign synonymous, SpliceAI<=0.1, PhastCons<1.0
SLX4	NM_032444.4	c.4119C>A	Benign synonymous, SpliceAI<=0.1, PhastCons<1.0
SLX4	NM_032444.4	c.4115G>A	Likely_benign FAF >0.1%, REVEL <0.29, SpliceAI<=0.1
SLX4	NM_032444.4	c.4114C>T	Benign synonymous, SpliceAI<=0.1, PhastCons<1.0
SLX4	NM_032444.4	c.4114C>G	Benign synonymous, SpliceAI<=0.1, PhastCons<1.0
SLX4	NM_032444.4	c.4113G>T	Benign synonymous, SpliceAI<=0.1, PhastCons<1.0
SLX4	NM_032444.4	c.4113G>C	Benign synonymous, SpliceAI<=0.1, PhastCons<1.0
SLX4	NM_032444.4	c.4111A>T	Benign synonymous, SpliceAI<=0.1, PhastCons<1.0
SLX4	NM_032444.4	c.4111A>G	Benign synonymous, SpliceAI<=0.1, PhastCons<1.0
SLX4	NM_032444.4	c.4110C>G	Benign synonymous, SpliceAI<=0.1, PhastCons<1.0
SLX4	NM_032444.4	c.4110C>A	Benign synonymous, SpliceAI<=0.1, PhastCons<1.0
SLX4	NM_032444.4	c.4107C>G	Benign synonymous, SpliceAI<=0.1, PhastCons<1.0
SLX4	NM_032444.4	c.4107C>A	Benign synonymous, SpliceAI<=0.1, PhastCons<1.0
SLX4	NM_032444.4	c.4104C>G	Benign synonymous, SpliceAI<=0.1, PhastCons<1.0
SLX4	NM_032444.4	c.4104C>A	Benign synonymous, SpliceAI<=0.1, PhastCons<1.0
SLX4	NM_032444.4	c.4099G>A	Likely_benign FAF >0.1%, REVEL <0.29, SpliceAI<=0.1
SLX4	NM_032444.4	c.4095C>G	Benign synonymous, SpliceAI<=0.1, PhastCons<1.0
SLX4	NM_032444.4	c.4095C>A	Benign synonymous, SpliceAI<=0.1, PhastCons<1.0
SLX4	NM_032444.4	c.4080T>G	Benign synonymous, SpliceAI<=0.1, PhastCons<1.0
SLX4	NM_032444.4	c.4080T>A	Benign synonymous, SpliceAI<=0.1, PhastCons<1.0
SLX4	NM_032444.4	c.4069C>G	Benign synonymous, SpliceAI<=0.1, PhastCons<1.0
SLX4	NM_032444.4	c.4069C>A	Benign synonymous, SpliceAI<=0.1, PhastCons<1.0
SLX4	NM_032444.4	c.4059C>G	Benign synonymous, SpliceAI<=0.1, PhastCons<1.0
SLX4	NM_032444.4	c.4059C>A	Benign synonymous, SpliceAI<=0.1, PhastCons<1.0
SLX4	NM_032444.4	c.4053C>G	Benign synonymous, SpliceAI<=0.1, PhastCons<1.0
SLX4	NM_032444.4	c.4053C>A	Benign synonymous, SpliceAI<=0.1, PhastCons<1.0
SLX4	NM_032444.4	c.4041C>G	Benign synonymous, SpliceAI<=0.1, PhastCons<1.0
SLX4	NM_032444.4	c.4041C>A	Benign synonymous, SpliceAI<=0.1, PhastCons<1.0
SLX4	NM_032444.4	c.4034G>A	Likely_benign FAF >0.1%, REVEL <0.29, SpliceAI<=0.1
SLX4	NM_032444.4	c.4023A>T	Benign synonymous, SpliceAI<=0.1, PhastCons<1.0
SLX4	NM_032444.4	c.4023A>C	Benign synonymous, SpliceAI<=0.1, PhastCons<1.0
SLX4	NM_032444.4	c.4021A>T	Benign synonymous, SpliceAI<=0.1, PhastCons<1.0
SLX4	NM_032444.4	c.4021A>G	Benign synonymous, SpliceAI<=0.1, PhastCons<1.0
SLX4	NM_032444.4	c.4020C>G	Benign synonymous, SpliceAI<=0.1, PhastCons<1.0
SLX4	NM_032444.4	c.4020C>A	Benign synonymous, SpliceAI<=0.1, PhastCons<1.0
SLX4	NM_032444.4	c.4014A>T	Benign synonymous, SpliceAI<=0.1, PhastCons<1.0
SLX4	NM_032444.4	c.4014A>C	Benign synonymous, SpliceAI<=0.1, PhastCons<1.0
SLX4	NM_032444.4	c.4011G>T	Benign synonymous, SpliceAI<=0.1, PhastCons<1.0
SLX4	NM_032444.4	c.4011G>C	Benign synonymous, SpliceAI<=0.1, PhastCons<1.0
SLX4	NM_032444.4	c.4009A>T	Benign synonymous, SpliceAI<=0.1, PhastCons<1.0
SLX4	NM_032444.4	c.4009A>G	Benign synonymous, SpliceAI<=0.1, PhastCons<1.0
SLX4	NM_032444.4	c.4008A>T	Benign synonymous, SpliceAI<=0.1, PhastCons<1.0
SLX4	NM_032444.4	c.4008A>C	Benign synonymous, SpliceAI<=0.1, PhastCons<1.0
SLX4	NM_032444.4	c.4006A>T	Benign synonymous, SpliceAI<=0.1, PhastCons<1.0
SLX4	NM_032444.4	c.4006A>G	Benign synonymous, SpliceAI<=0.1, PhastCons<1.0
SLX4	NM_032444.4	c.4002C>G	Benign synonymous, SpliceAI<=0.1, PhastCons<1.0
SLX4	NM_032444.4	c.4002C>A	Benign synonymous, SpliceAI<=0.1, PhastCons<1.0
SLX4	NM_032444.4	c.3972C>G	Benign synonymous, SpliceAI<=0.1, PhastCons<1.0
SLX4	NM_032444.4	c.3972C>A	Benign synonymous, SpliceAI<=0.1, PhastCons<1.0
SLX4	NM_032444.4	c.3957G>T	Benign synonymous, SpliceAI<=0.1, PhastCons<1.0
SLX4	NM_032444.4	c.3957G>C	Benign synonymous, SpliceAI<=0.1, PhastCons<1.0
SLX4	NM_032444.4	c.3942G>T	Benign synonymous, SpliceAI<=0.1, PhastCons<1.0
SLX4	NM_032444.4	c.3942G>C	Benign synonymous, SpliceAI<=0.1, PhastCons<1.0
SLX4	NM_032444.4	c.3940C>A	Likely_benign FAF >0.1%, REVEL <0.29, SpliceAI<=0.1
SLX4	NM_032444.4	c.3936G>T	Benign synonymous, SpliceAI<=0.1, PhastCons<1.0
SLX4	NM_032444.4	c.3936G>C	Benign synonymous, SpliceAI<=0.1, PhastCons<1.0
SLX4	NM_032444.4	c.3934A>T	Benign synonymous, SpliceAI<=0.1, PhastCons<1.0
SLX4	NM_032444.4	c.3934A>G	Benign synonymous, SpliceAI<=0.1, PhastCons<1.0
SLX4	NM_032444.4	c.3924T>G	Benign synonymous, SpliceAI<=0.1, PhastCons<1.0
SLX4	NM_032444.4	c.3924T>A	Benign synonymous, SpliceAI<=0.1, PhastCons<1.0
SLX4	NM_032444.4	c.3921G>T	Benign synonymous, SpliceAI<=0.1, PhastCons<1.0
SLX4	NM_032444.4	c.3921G>C	Benign synonymous, SpliceAI<=0.1, PhastCons<1.0
SLX4	NM_032444.4	c.3918G>T	Benign synonymous, SpliceAI<=0.1, PhastCons<1.0
SLX4	NM_032444.4	c.3918G>C	Benign synonymous, SpliceAI<=0.1, PhastCons<1.0
SLX4	NM_032444.4	c.3909A>T	Benign synonymous, SpliceAI<=0.1, PhastCons<1.0
SLX4	NM_032444.4	c.3909A>C	Benign synonymous, SpliceAI<=0.1, PhastCons<1.0
SLX4	NM_032444.4	c.3906C>G	Benign synonymous, SpliceAI<=0.1, PhastCons<1.0
SLX4	NM_032444.4	c.3906C>A	Benign synonymous, SpliceAI<=0.1, PhastCons<1.0
SLX4	NM_032444.4	c.3900A>T	Benign synonymous, SpliceAI<=0.1, PhastCons<1.0
SLX4	NM_032444.4	c.3900A>C	Benign synonymous, SpliceAI<=0.1, PhastCons<1.0
SLX4	NM_032444.4	c.3897G>T	Benign synonymous, SpliceAI<=0.1, PhastCons<1.0
SLX4	NM_032444.4	c.3897G>C	Benign synonymous, SpliceAI<=0.1, PhastCons<1.0
SLX4	NM_032444.4	c.3895A>T	Benign synonymous, SpliceAI<=0.1, PhastCons<1.0
SLX4	NM_032444.4	c.3895A>G	Benign synonymous, SpliceAI<=0.1, PhastCons<1.0
SLX4	NM_032444.4	c.3894C>G	Benign synonymous, SpliceAI<=0.1, PhastCons<1.0
SLX4	NM_032444.4	c.3894C>A	Benign synonymous, SpliceAI<=0.1, PhastCons<1.0
SLX4	NM_032444.4	c.3879G>T	Benign synonymous, SpliceAI<=0.1, PhastCons<1.0
SLX4	NM_032444.4	c.3879G>C	Benign synonymous, SpliceAI<=0.1, PhastCons<1.0
SLX4	NM_032444.4	c.3877A>T	Benign synonymous, SpliceAI<=0.1, PhastCons<1.0
SLX4	NM_032444.4	c.3877A>G	Benign synonymous, SpliceAI<=0.1, PhastCons<1.0
SLX4	NM_032444.4	c.3870C>G	Benign synonymous, SpliceAI<=0.1, PhastCons<1.0
SLX4	NM_032444.4	c.3870C>A	Benign synonymous, SpliceAI<=0.1, PhastCons<1.0
SLX4	NM_032444.4	c.3868C>A	Benign FAF >5%
SLX4	NM_032444.4	c.3867G>T	Benign synonymous, SpliceAI<=0.1, PhastCons<1.0
SLX4	NM_032444.4	c.3867G>C	Benign synonymous, SpliceAI<=0.1, PhastCons<1.0
SLX4	NM_032444.4	c.3857C>T	Likely_benign FAF >0.1%, REVEL <0.29, SpliceAI<=0.1
SLX4	NM_032444.4	c.3855G>T	Benign synonymous, SpliceAI<=0.1, PhastCons<1.0
SLX4	NM_032444.4	c.3855G>C	Benign synonymous, SpliceAI<=0.1, PhastCons<1.0
SLX4	NM_032444.4	c.3844C>G	Benign synonymous, SpliceAI<=0.1, PhastCons<1.0
SLX4	NM_032444.4	c.3844C>A	Benign synonymous, SpliceAI<=0.1, PhastCons<1.0
SLX4	NM_032444.4	c.3840C>G	Benign synonymous, SpliceAI<=0.1, PhastCons<1.0
SLX4	NM_032444.4	c.3840C>A	Benign synonymous, SpliceAI<=0.1, PhastCons<1.0
SLX4	NM_032444.4	c.3837G>T	Benign synonymous, SpliceAI<=0.1, PhastCons<1.0
SLX4	NM_032444.4	c.3837G>C	Benign synonymous, SpliceAI<=0.1, PhastCons<1.0
SLX4	NM_032444.4	c.3835A>T	Benign synonymous, SpliceAI<=0.1, PhastCons<1.0
SLX4	NM_032444.4	c.3835A>G	Benign synonymous, SpliceAI<=0.1, PhastCons<1.0
SLX4	NM_032444.4	c.3831C>G	Benign synonymous, SpliceAI<=0.1, PhastCons<1.0
SLX4	NM_032444.4	c.3831C>A	Benign synonymous, SpliceAI<=0.1, PhastCons<1.0
SLX4	NM_032444.4	c.3828C>G	Benign synonymous, SpliceAI<=0.1, PhastCons<1.0
SLX4	NM_032444.4	c.3828C>A	Benign synonymous, SpliceAI<=0.1, PhastCons<1.0
SLX4	NM_032444.4	c.3822A>T	Benign synonymous, SpliceAI<=0.1, PhastCons<1.0
SLX4	NM_032444.4	c.3822A>C	Benign synonymous, SpliceAI<=0.1, PhastCons<1.0
SLX4	NM_032444.4	c.3812C>T	Benign FAF >5%
SLX4	NM_032444.4	c.3807T>G	Benign synonymous, SpliceAI<=0.1, PhastCons<1.0
SLX4	NM_032444.4	c.3807T>A	Benign synonymous, SpliceAI<=0.1, PhastCons<1.0
SLX4	NM_032444.4	c.3804C>G	Benign synonymous, SpliceAI<=0.1, PhastCons<1.0
SLX4	NM_032444.4	c.3804C>A	Benign synonymous, SpliceAI<=0.1, PhastCons<1.0
SLX4	NM_032444.4	c.3798C>G	Benign synonymous, SpliceAI<=0.1, PhastCons<1.0
SLX4	NM_032444.4	c.3798C>A	Benign synonymous, SpliceAI<=0.1, PhastCons<1.0
SLX4	NM_032444.4	c.3795A>T	Benign synonymous, SpliceAI<=0.1, PhastCons<1.0
SLX4	NM_032444.4	c.3795A>C	Benign synonymous, SpliceAI<=0.1, PhastCons<1.0
SLX4	NM_032444.4	c.3793A>T	Benign synonymous, SpliceAI<=0.1, PhastCons<1.0
SLX4	NM_032444.4	c.3793A>G	Benign synonymous, SpliceAI<=0.1, PhastCons<1.0
SLX4	NM_032444.4	c.3792C>G	Benign synonymous, SpliceAI<=0.1, PhastCons<1.0
SLX4	NM_032444.4	c.3792C>A	Benign synonymous, SpliceAI<=0.1, PhastCons<1.0
SLX4	NM_032444.4	c.3784C>G	Benign synonymous, SpliceAI<=0.1, PhastCons<1.0
SLX4	NM_032444.4	c.3784C>A	Benign synonymous, SpliceAI<=0.1, PhastCons<1.0
SLX4	NM_032444.4	c.3770T>G	Likely_benign FAF >0.1%, REVEL <0.29, SpliceAI<=0.1
SLX4	NM_032444.4	c.3756C>G	Benign synonymous, SpliceAI<=0.1, PhastCons<1.0
SLX4	NM_032444.4	c.3756C>A	Benign synonymous, SpliceAI<=0.1, PhastCons<1.0
SLX4	NM_032444.4	c.3747C>G	Benign synonymous, SpliceAI<=0.1, PhastCons<1.0
SLX4	NM_032444.4	c.3747C>A	Benign synonymous, SpliceAI<=0.1, PhastCons<1.0
SLX4	NM_032444.4	c.3741G>T	Benign synonymous, SpliceAI<=0.1, PhastCons<1.0
SLX4	NM_032444.4	c.3741G>C	Benign synonymous, SpliceAI<=0.1, PhastCons<1.0
SLX4	NM_032444.4	c.3738C>G	Benign synonymous, SpliceAI<=0.1, PhastCons<1.0
SLX4	NM_032444.4	c.3738C>A	Benign synonymous, SpliceAI<=0.1, PhastCons<1.0
SLX4	NM_032444.4	c.3732C>G	Benign synonymous, SpliceAI<=0.1, PhastCons<1.0
SLX4	NM_032444.4	c.3732C>A	Benign synonymous, SpliceAI<=0.1, PhastCons<1.0
SLX4	NM_032444.4	c.3729C>G	Benign synonymous, SpliceAI<=0.1, PhastCons<1.0
SLX4	NM_032444.4	c.3729C>A	Benign synonymous, SpliceAI<=0.1, PhastCons<1.0
SLX4	NM_032444.4	c.3726G>T	Benign synonymous, SpliceAI<=0.1, PhastCons<1.0
SLX4	NM_032444.4	c.3726G>C	Benign synonymous, SpliceAI<=0.1, PhastCons<1.0
SLX4	NM_032444.4	c.3720C>G	Benign synonymous, SpliceAI<=0.1, PhastCons<1.0
SLX4	NM_032444.4	c.3720C>A	Benign synonymous, SpliceAI<=0.1, PhastCons<1.0
SLX4	NM_032444.4	c.3717T>G	Benign synonymous, SpliceAI<=0.1, PhastCons<1.0
SLX4	NM_032444.4	c.3717T>A	Benign synonymous, SpliceAI<=0.1, PhastCons<1.0
SLX4	NM_032444.4	c.3714C>G	Benign synonymous, SpliceAI<=0.1, PhastCons<1.0
SLX4	NM_032444.4	c.3714C>A	Benign synonymous, SpliceAI<=0.1, PhastCons<1.0
SLX4	NM_032444.4	c.3709C>G	Benign synonymous, SpliceAI<=0.1, PhastCons<1.0
SLX4	NM_032444.4	c.3709C>A	Benign synonymous, SpliceAI<=0.1, PhastCons<1.0
SLX4	NM_032444.4	c.3696A>T	Benign synonymous, SpliceAI<=0.1, PhastCons<1.0
SLX4	NM_032444.4	c.3696A>C	Benign synonymous, SpliceAI<=0.1, PhastCons<1.0
SLX4	NM_032444.4	c.3694A>T	Benign synonymous, SpliceAI<=0.1, PhastCons<1.0
SLX4	NM_032444.4	c.3694A>G	Benign synonymous, SpliceAI<=0.1, PhastCons<1.0
SLX4	NM_032444.4	c.3693G>T	Benign synonymous, SpliceAI<=0.1, PhastCons<1.0
SLX4	NM_032444.4	c.3693G>C	Benign synonymous, SpliceAI<=0.1, PhastCons<1.0
SLX4	NM_032444.4	c.3691A>T	Benign synonymous, SpliceAI<=0.1, PhastCons<1.0
SLX4	NM_032444.4	c.3691A>G	Benign synonymous, SpliceAI<=0.1, PhastCons<1.0
SLX4	NM_032444.4	c.3687G>T	Benign synonymous, SpliceAI<=0.1, PhastCons<1.0
SLX4	NM_032444.4	c.3687G>C	Benign synonymous, SpliceAI<=0.1, PhastCons<1.0
SLX4	NM_032444.4	c.3685T>G	Benign synonymous, SpliceAI<=0.1, PhastCons<1.0
SLX4	NM_032444.4	c.3685T>A	Benign synonymous, SpliceAI<=0.1, PhastCons<1.0
SLX4	NM_032444.4	c.3676C>T	Benign synonymous, SpliceAI<=0.1, PhastCons<1.0
SLX4	NM_032444.4	c.3676C>G	Benign synonymous, SpliceAI<=0.1, PhastCons<1.0
SLX4	NM_032444.4	c.3675T>G	Benign synonymous, SpliceAI<=0.1, PhastCons<1.0
SLX4	NM_032444.4	c.3675T>A	Benign synonymous, SpliceAI<=0.1, PhastCons<1.0
SLX4	NM_032444.4	c.3672G>T	Benign synonymous, SpliceAI<=0.1, PhastCons<1.0
SLX4	NM_032444.4	c.3672G>C	Benign synonymous, SpliceAI<=0.1, PhastCons<1.0
SLX4	NM_032444.4	c.3664C>G	Benign synonymous, SpliceAI<=0.1, PhastCons<1.0
SLX4	NM_032444.4	c.3664C>A	Benign synonymous, SpliceAI<=0.1, PhastCons<1.0
SLX4	NM_032444.4	c.3662C>T	Benign FAF >5%
SLX4	NM_032444.4	c.3657G>T	Benign synonymous, SpliceAI<=0.1, PhastCons<1.0
SLX4	NM_032444.4	c.3657G>C	Benign synonymous, SpliceAI<=0.1, PhastCons<1.0
SLX4	NM_032444.4	c.3654T>G	Benign synonymous, SpliceAI<=0.1, PhastCons<1.0
SLX4	NM_032444.4	c.3654T>A	Benign synonymous, SpliceAI<=0.1, PhastCons<1.0
SLX4	NM_032444.4	c.3651G>T	Benign synonymous, SpliceAI<=0.1, PhastCons<1.0
SLX4	NM_032444.4	c.3651G>C	Benign synonymous, SpliceAI<=0.1, PhastCons<1.0
SLX4	NM_032444.4	c.3648G>T	Benign synonymous, SpliceAI<=0.1, PhastCons<1.0
SLX4	NM_032444.4	c.3648G>C	Benign synonymous, SpliceAI<=0.1, PhastCons<1.0
SLX4	NM_032444.4	c.3645G>T	Benign synonymous, SpliceAI<=0.1, PhastCons<1.0
SLX4	NM_032444.4	c.3645G>C	Benign synonymous, SpliceAI<=0.1, PhastCons<1.0
SLX4	NM_032444.4	c.3640C>G	Benign synonymous, SpliceAI<=0.1, PhastCons<1.0
SLX4	NM_032444.4	c.3640C>A	Benign synonymous, SpliceAI<=0.1, PhastCons<1.0
SLX4	NM_032444.4	c.3634G>A	Likely_benign FAF >0.1%, REVEL <0.29, SpliceAI<=0.1
SLX4	NM_032444.4	c.3633A>T	Benign synonymous, SpliceAI<=0.1, PhastCons<1.0
SLX4	NM_032444.4	c.3633A>C	Benign synonymous, SpliceAI<=0.1, PhastCons<1.0
SLX4	NM_032444.4	c.3630C>G	Benign synonymous, SpliceAI<=0.1, PhastCons<1.0
SLX4	NM_032444.4	c.3630C>A	Benign synonymous, SpliceAI<=0.1, PhastCons<1.0
SLX4	NM_032444.4	c.3627A>T	Benign synonymous, SpliceAI<=0.1, PhastCons<1.0
SLX4	NM_032444.4	c.3627A>C	Benign synonymous, SpliceAI<=0.1, PhastCons<1.0
SLX4	NM_032444.4	c.3625A>T	Benign synonymous, SpliceAI<=0.1, PhastCons<1.0
SLX4	NM_032444.4	c.3625A>G	Benign synonymous, SpliceAI<=0.1, PhastCons<1.0
SLX4	NM_032444.4	c.3615G>T	Benign synonymous, SpliceAI<=0.1, PhastCons<1.0
SLX4	NM_032444.4	c.3615G>C	Benign synonymous, SpliceAI<=0.1, PhastCons<1.0
SLX4	NM_032444.4	c.3606A>T	Benign synonymous, SpliceAI<=0.1, PhastCons<1.0
SLX4	NM_032444.4	c.3606A>C	Benign synonymous, SpliceAI<=0.1, PhastCons<1.0
SLX4	NM_032444.4	c.3603G>T	Benign synonymous, SpliceAI<=0.1, PhastCons<1.0
SLX4	NM_032444.4	c.3603G>C	Benign synonymous, SpliceAI<=0.1, PhastCons<1.0
SLX4	NM_032444.4	c.3600T>G	Benign synonymous, SpliceAI<=0.1, PhastCons<1.0
SLX4	NM_032444.4	c.3600T>A	Benign synonymous, SpliceAI<=0.1, PhastCons<1.0
SLX4	NM_032444.4	c.3594T>G	Benign synonymous, SpliceAI<=0.1, PhastCons<1.0
SLX4	NM_032444.4	c.3594T>A	Benign synonymous, SpliceAI<=0.1, PhastCons<1.0
SLX4	NM_032444.4	c.3588T>G	Benign synonymous, SpliceAI<=0.1, PhastCons<1.0
SLX4	NM_032444.4	c.3588T>A	Benign synonymous, SpliceAI<=0.1, PhastCons<1.0
SLX4	NM_032444.4	c.3576T>G	Benign synonymous, SpliceAI<=0.1, PhastCons<1.0
SLX4	NM_032444.4	c.3576T>A	Benign synonymous, SpliceAI<=0.1, PhastCons<1.0
SLX4	NM_032444.4	c.3571C>G	Benign synonymous, SpliceAI<=0.1, PhastCons<1.0
SLX4	NM_032444.4	c.3571C>A	Benign synonymous, SpliceAI<=0.1, PhastCons<1.0
SLX4	NM_032444.4	c.3570G>T	Benign synonymous, SpliceAI<=0.1, PhastCons<1.0
SLX4	NM_032444.4	c.3570G>C	Benign synonymous, SpliceAI<=0.1, PhastCons<1.0
SLX4	NM_032444.4	c.3567T>G	Benign synonymous, SpliceAI<=0.1, PhastCons<1.0
SLX4	NM_032444.4	c.3567T>A	Benign synonymous, SpliceAI<=0.1, PhastCons<1.0
SLX4	NM_032444.4	c.3561G>T	Benign synonymous, SpliceAI<=0.1, PhastCons<1.0
SLX4	NM_032444.4	c.3561G>C	Benign synonymous, SpliceAI<=0.1, PhastCons<1.0
SLX4	NM_032444.4	c.3559A>T	Benign synonymous, SpliceAI<=0.1, PhastCons<1.0
SLX4	NM_032444.4	c.3559A>G	Benign synonymous, SpliceAI<=0.1, PhastCons<1.0
SLX4	NM_032444.4	c.3555C>G	Benign synonymous, SpliceAI<=0.1, PhastCons<1.0
SLX4	NM_032444.4	c.3555C>A	Benign synonymous, SpliceAI<=0.1, PhastCons<1.0
SLX4	NM_032444.4	c.3549A>T	Benign synonymous, SpliceAI<=0.1, PhastCons<1.0
SLX4	NM_032444.4	c.3549A>C	Benign synonymous, SpliceAI<=0.1, PhastCons<1.0
SLX4	NM_032444.4	c.3544C>G	Benign synonymous, SpliceAI<=0.1, PhastCons<1.0
SLX4	NM_032444.4	c.3544C>A	Benign synonymous, SpliceAI<=0.1, PhastCons<1.0
SLX4	NM_032444.4	c.3540A>T	Benign synonymous, SpliceAI<=0.1, PhastCons<1.0
SLX4	NM_032444.4	c.3540A>C	Benign synonymous, SpliceAI<=0.1, PhastCons<1.0
SLX4	NM_032444.4	c.3537G>T	Benign synonymous, SpliceAI<=0.1, PhastCons<1.0
SLX4	NM_032444.4	c.3537G>C	Benign synonymous, SpliceAI<=0.1, PhastCons<1.0
SLX4	NM_032444.4	c.3534A>T	Benign synonymous, SpliceAI<=0.1, PhastCons<1.0
SLX4	NM_032444.4	c.3534A>C	Benign synonymous, SpliceAI<=0.1, PhastCons<1.0
SLX4	NM_032444.4	c.3531A>T	Benign synonymous, SpliceAI<=0.1, PhastCons<1.0
SLX4	NM_032444.4	c.3531A>C	Benign synonymous, SpliceAI<=0.1, PhastCons<1.0
SLX4	NM_032444.4	c.3526C>G	Benign synonymous, SpliceAI<=0.1, PhastCons<1.0
SLX4	NM_032444.4	c.3526C>A	Benign synonymous, SpliceAI<=0.1, PhastCons<1.0
SLX4	NM_032444.4	c.3522T>G	Benign synonymous, SpliceAI<=0.1, PhastCons<1.0
SLX4	NM_032444.4	c.3522T>A	Benign synonymous, SpliceAI<=0.1, PhastCons<1.0
SLX4	NM_032444.4	c.3519T>G	Benign synonymous, SpliceAI<=0.1, PhastCons<1.0
SLX4	NM_032444.4	c.3519T>A	Benign synonymous, SpliceAI<=0.1, PhastCons<1.0
SLX4	NM_032444.4	c.3507G>T	Benign synonymous, SpliceAI<=0.1, PhastCons<1.0
SLX4	NM_032444.4	c.3507G>C	Benign synonymous, SpliceAI<=0.1, PhastCons<1.0
SLX4	NM_032444.4	c.3501A>T	Benign synonymous, SpliceAI<=0.1, PhastCons<1.0
SLX4	NM_032444.4	c.3501A>C	Benign synonymous, SpliceAI<=0.1, PhastCons<1.0
SLX4	NM_032444.4	c.3495A>T	Benign synonymous, SpliceAI<=0.1, PhastCons<1.0
SLX4	NM_032444.4	c.3495A>C	Benign synonymous, SpliceAI<=0.1, PhastCons<1.0
SLX4	NM_032444.4	c.3492A>T	Benign synonymous, SpliceAI<=0.1, PhastCons<1.0
SLX4	NM_032444.4	c.3492A>C	Benign synonymous, SpliceAI<=0.1, PhastCons<1.0
SLX4	NM_032444.4	c.3487C>G	Benign synonymous, SpliceAI<=0.1, PhastCons<1.0
SLX4	NM_032444.4	c.3487C>A	Benign synonymous, SpliceAI<=0.1, PhastCons<1.0
SLX4	NM_032444.4	c.3486G>T	Benign synonymous, SpliceAI<=0.1, PhastCons<1.0
SLX4	NM_032444.4	c.3486G>C	Benign synonymous, SpliceAI<=0.1, PhastCons<1.0
SLX4	NM_032444.4	c.3481C>G	Benign synonymous, SpliceAI<=0.1, PhastCons<1.0
SLX4	NM_032444.4	c.3481C>A	Benign synonymous, SpliceAI<=0.1, PhastCons<1.0
SLX4	NM_032444.4	c.3480G>T	Benign synonymous, SpliceAI<=0.1, PhastCons<1.0
SLX4	NM_032444.4	c.3480G>C	Benign synonymous, SpliceAI<=0.1, PhastCons<1.0
SLX4	NM_032444.4	c.3477G>T	Benign synonymous, SpliceAI<=0.1, PhastCons<1.0
SLX4	NM_032444.4	c.3477G>C	Benign synonymous, SpliceAI<=0.1, PhastCons<1.0
SLX4	NM_032444.4	c.3474T>G	Benign synonymous, SpliceAI<=0.1, PhastCons<1.0
SLX4	NM_032444.4	c.3474T>A	Benign synonymous, SpliceAI<=0.1, PhastCons<1.0
SLX4	NM_032444.4	c.3468C>G	Benign synonymous, SpliceAI<=0.1, PhastCons<1.0
SLX4	NM_032444.4	c.3468C>A	Benign synonymous, SpliceAI<=0.1, PhastCons<1.0
SLX4	NM_032444.4	c.3463C>G	Benign synonymous, SpliceAI<=0.1, PhastCons<1.0
SLX4	NM_032444.4	c.3463C>A	Benign synonymous, SpliceAI<=0.1, PhastCons<1.0
SLX4	NM_032444.4	c.3462A>T	Benign synonymous, SpliceAI<=0.1, PhastCons<1.0
SLX4	NM_032444.4	c.3462A>C	Benign synonymous, SpliceAI<=0.1, PhastCons<1.0
SLX4	NM_032444.4	c.3460T>G	Benign synonymous, SpliceAI<=0.1, PhastCons<1.0
SLX4	NM_032444.4	c.3460T>A	Benign synonymous, SpliceAI<=0.1, PhastCons<1.0
SLX4	NM_032444.4	c.3450G>T	Benign synonymous, SpliceAI<=0.1, PhastCons<1.0
SLX4	NM_032444.4	c.3450G>C	Benign synonymous, SpliceAI<=0.1, PhastCons<1.0
SLX4	NM_032444.4	c.3447T>G	Benign synonymous, SpliceAI<=0.1, PhastCons<1.0
SLX4	NM_032444.4	c.3447T>A	Benign synonymous, SpliceAI<=0.1, PhastCons<1.0
SLX4	NM_032444.4	c.3444A>T	Benign synonymous, SpliceAI<=0.1, PhastCons<1.0
SLX4	NM_032444.4	c.3444A>C	Benign synonymous, SpliceAI<=0.1, PhastCons<1.0
SLX4	NM_032444.4	c.3441A>T	Benign synonymous, SpliceAI<=0.1, PhastCons<1.0
SLX4	NM_032444.4	c.3441A>C	Benign synonymous, SpliceAI<=0.1, PhastCons<1.0
SLX4	NM_032444.4	c.3438C>G	Benign synonymous, SpliceAI<=0.1, PhastCons<1.0
SLX4	NM_032444.4	c.3438C>A	Benign synonymous, SpliceAI<=0.1, PhastCons<1.0
SLX4	NM_032444.4	c.3433C>G	Benign synonymous, SpliceAI<=0.1, PhastCons<1.0
SLX4	NM_032444.4	c.3433C>A	Benign synonymous, SpliceAI<=0.1, PhastCons<1.0
SLX4	NM_032444.4	c.3432A>T	Benign synonymous, SpliceAI<=0.1, PhastCons<1.0
SLX4	NM_032444.4	c.3432A>C	Benign synonymous, SpliceAI<=0.1, PhastCons<1.0
SLX4	NM_032444.4	c.3420A>T	Benign synonymous, SpliceAI<=0.1, PhastCons<1.0
SLX4	NM_032444.4	c.3420A>C	Benign synonymous, SpliceAI<=0.1, PhastCons<1.0
SLX4	NM_032444.4	c.3417G>T	Benign synonymous, SpliceAI<=0.1, PhastCons<1.0
SLX4	NM_032444.4	c.3417G>C	Benign synonymous, SpliceAI<=0.1, PhastCons<1.0
SLX4	NM_032444.4	c.3411A>T	Benign synonymous, SpliceAI<=0.1, PhastCons<1.0
SLX4	NM_032444.4	c.3411A>C	Benign synonymous, SpliceAI<=0.1, PhastCons<1.0
SLX4	NM_032444.4	c.3409A>T	Benign synonymous, SpliceAI<=0.1, PhastCons<1.0
SLX4	NM_032444.4	c.3409A>G	Benign synonymous, SpliceAI<=0.1, PhastCons<1.0
SLX4	NM_032444.4	c.3405C>G	Benign synonymous, SpliceAI<=0.1, PhastCons<1.0
SLX4	NM_032444.4	c.3405C>A	Benign synonymous, SpliceAI<=0.1, PhastCons<1.0
SLX4	NM_032444.4	c.3399T>G	Benign synonymous, SpliceAI<=0.1, PhastCons<1.0
SLX4	NM_032444.4	c.3399T>A	Benign synonymous, SpliceAI<=0.1, PhastCons<1.0
SLX4	NM_032444.4	c.3396C>G	Benign synonymous, SpliceAI<=0.1, PhastCons<1.0
SLX4	NM_032444.4	c.3396C>A	Benign synonymous, SpliceAI<=0.1, PhastCons<1.0
SLX4	NM_032444.4	c.3390T>G	Benign synonymous, SpliceAI<=0.1, PhastCons<1.0
SLX4	NM_032444.4	c.3390T>A	Benign synonymous, SpliceAI<=0.1, PhastCons<1.0
SLX4	NM_032444.4	c.3384G>T	Benign synonymous, SpliceAI<=0.1, PhastCons<1.0
SLX4	NM_032444.4	c.3384G>C	Benign synonymous, SpliceAI<=0.1, PhastCons<1.0
SLX4	NM_032444.4	c.3376C>G	Benign synonymous, SpliceAI<=0.1, PhastCons<1.0
SLX4	NM_032444.4	c.3376C>A	Benign synonymous, SpliceAI<=0.1, PhastCons<1.0
SLX4	NM_032444.4	c.3367T>C	Likely_benign FAF >0.1%, REVEL <0.29, SpliceAI<=0.1
SLX4	NM_032444.4	c.3365C>T	Benign FAF >5%
SLX4	NM_032444.4	c.3360A>T	Benign synonymous, SpliceAI<=0.1, PhastCons<1.0
SLX4	NM_032444.4	c.3360A>C	Benign synonymous, SpliceAI<=0.1, PhastCons<1.0
SLX4	NM_032444.4	c.3357A>T	Benign synonymous, SpliceAI<=0.1, PhastCons<1.0
SLX4	NM_032444.4	c.3357A>C	Benign synonymous, SpliceAI<=0.1, PhastCons<1.0
SLX4	NM_032444.4	c.3351C>G	Benign synonymous, SpliceAI<=0.1, PhastCons<1.0
SLX4	NM_032444.4	c.3351C>A	Benign synonymous, SpliceAI<=0.1, PhastCons<1.0
SLX4	NM_032444.4	c.3343C>G	Benign synonymous, SpliceAI<=0.1, PhastCons<1.0
SLX4	NM_032444.4	c.3343C>A	Benign synonymous, SpliceAI<=0.1, PhastCons<1.0
SLX4	NM_032444.4	c.3336G>T	Benign synonymous, SpliceAI<=0.1, PhastCons<1.0
SLX4	NM_032444.4	c.3336G>C	Benign synonymous, SpliceAI<=0.1, PhastCons<1.0
SLX4	NM_032444.4	c.3333T>G	Benign synonymous, SpliceAI<=0.1, PhastCons<1.0
SLX4	NM_032444.4	c.3333T>A	Benign synonymous, SpliceAI<=0.1, PhastCons<1.0
SLX4	NM_032444.4	c.3330A>T	Benign synonymous, SpliceAI<=0.1, PhastCons<1.0
SLX4	NM_032444.4	c.3330A>C	Benign synonymous, SpliceAI<=0.1, PhastCons<1.0
SLX4	NM_032444.4	c.3328A>T	Benign synonymous, SpliceAI<=0.1, PhastCons<1.0
SLX4	NM_032444.4	c.3328A>G	Benign synonymous, SpliceAI<=0.1, PhastCons<1.0
SLX4	NM_032444.4	c.3327C>G	Benign synonymous, SpliceAI<=0.1, PhastCons<1.0
SLX4	NM_032444.4	c.3327C>A	Benign synonymous, SpliceAI<=0.1, PhastCons<1.0
SLX4	NM_032444.4	c.3324G>T	Benign synonymous, SpliceAI<=0.1, PhastCons<1.0
SLX4	NM_032444.4	c.3324G>C	Benign synonymous, SpliceAI<=0.1, PhastCons<1.0
SLX4	NM_032444.4	c.3319C>G	Benign synonymous, SpliceAI<=0.1, PhastCons<1.0
SLX4	NM_032444.4	c.3319C>A	Benign synonymous, SpliceAI<=0.1, PhastCons<1.0
SLX4	NM_032444.4	c.3310C>T	Benign synonymous, SpliceAI<=0.1, PhastCons<1.0
SLX4	NM_032444.4	c.3310C>G	Benign synonymous, SpliceAI<=0.1, PhastCons<1.0
SLX4	NM_032444.4	c.3306G>T	Benign synonymous, SpliceAI<=0.1, PhastCons<1.0
SLX4	NM_032444.4	c.3306G>C	Benign synonymous, SpliceAI<=0.1, PhastCons<1.0
SLX4	NM_032444.4	c.3303A>T	Benign synonymous, SpliceAI<=0.1, PhastCons<1.0
SLX4	NM_032444.4	c.3303A>C	Benign synonymous, SpliceAI<=0.1, PhastCons<1.0
SLX4	NM_032444.4	c.3297A>T	Benign synonymous, SpliceAI<=0.1, PhastCons<1.0
SLX4	NM_032444.4	c.3297A>C	Benign synonymous, SpliceAI<=0.1, PhastCons<1.0
SLX4	NM_032444.4	c.3294G>T	Benign synonymous, SpliceAI<=0.1, PhastCons<1.0
SLX4	NM_032444.4	c.3294G>C	Benign synonymous, SpliceAI<=0.1, PhastCons<1.0
SLX4	NM_032444.4	c.3291C>G	Benign synonymous, SpliceAI<=0.1, PhastCons<1.0
SLX4	NM_032444.4	c.3291C>A	Benign synonymous, SpliceAI<=0.1, PhastCons<1.0
SLX4	NM_032444.4	c.3282G>T	Benign synonymous, SpliceAI<=0.1, PhastCons<1.0
SLX4	NM_032444.4	c.3282G>C	Benign synonymous, SpliceAI<=0.1, PhastCons<1.0
SLX4	NM_032444.4	c.3279A>T	Benign synonymous, SpliceAI<=0.1, PhastCons<1.0
SLX4	NM_032444.4	c.3279A>C	Benign synonymous, SpliceAI<=0.1, PhastCons<1.0
SLX4	NM_032444.4	c.3271C>G	Benign synonymous, SpliceAI<=0.1, PhastCons<1.0
SLX4	NM_032444.4	c.3271C>A	Benign synonymous, SpliceAI<=0.1, PhastCons<1.0
SLX4	NM_032444.4	c.3261C>G	Benign synonymous, SpliceAI<=0.1, PhastCons<1.0
SLX4	NM_032444.4	c.3261C>A	Benign synonymous, SpliceAI<=0.1, PhastCons<1.0
SLX4	NM_032444.4	c.3258G>T	Benign synonymous, SpliceAI<=0.1, PhastCons<1.0
SLX4	NM_032444.4	c.3258G>C	Benign synonymous, SpliceAI<=0.1, PhastCons<1.0
SLX4	NM_032444.4	c.3256A>T	Benign synonymous, SpliceAI<=0.1, PhastCons<1.0
SLX4	NM_032444.4	c.3256A>G	Benign synonymous, SpliceAI<=0.1, PhastCons<1.0
SLX4	NM_032444.4	c.3255C>G	Benign synonymous, SpliceAI<=0.1, PhastCons<1.0
SLX4	NM_032444.4	c.3255C>A	Benign synonymous, SpliceAI<=0.1, PhastCons<1.0
SLX4	NM_032444.4	c.3252G>T	Benign synonymous, SpliceAI<=0.1, PhastCons<1.0
SLX4	NM_032444.4	c.3252G>C	Benign synonymous, SpliceAI<=0.1, PhastCons<1.0
SLX4	NM_032444.4	c.3250A>T	Benign synonymous, SpliceAI<=0.1, PhastCons<1.0
SLX4	NM_032444.4	c.3250A>G	Benign synonymous, SpliceAI<=0.1, PhastCons<1.0
SLX4	NM_032444.4	c.3249A>T	Benign synonymous, SpliceAI<=0.1, PhastCons<1.0
SLX4	NM_032444.4	c.3249A>C	Benign synonymous, SpliceAI<=0.1, PhastCons<1.0
SLX4	NM_032444.4	c.3246G>T	Benign synonymous, SpliceAI<=0.1, PhastCons<1.0
SLX4	NM_032444.4	c.3246G>C	Benign synonymous, SpliceAI<=0.1, PhastCons<1.0
SLX4	NM_032444.4	c.3245A>G	Likely_benign FAF >0.1%, REVEL <0.29, SpliceAI<=0.1
SLX4	NM_032444.4	c.3243G>T	Benign synonymous, SpliceAI<=0.1, PhastCons<1.0
SLX4	NM_032444.4	c.3243G>C	Benign synonymous, SpliceAI<=0.1, PhastCons<1.0
SLX4	NM_032444.4	c.3220C>G	Benign synonymous, SpliceAI<=0.1, PhastCons<1.0
SLX4	NM_032444.4	c.3220C>A	Benign synonymous, SpliceAI<=0.1, PhastCons<1.0
SLX4	NM_032444.4	c.3219G>T	Benign synonymous, SpliceAI<=0.1, PhastCons<1.0
SLX4	NM_032444.4	c.3219G>C	Benign synonymous, SpliceAI<=0.1, PhastCons<1.0
SLX4	NM_032444.4	c.3217T>G	Benign synonymous, SpliceAI<=0.1, PhastCons<1.0
SLX4	NM_032444.4	c.3217T>A	Benign synonymous, SpliceAI<=0.1, PhastCons<1.0
SLX4	NM_032444.4	c.3201G>T	Benign synonymous, SpliceAI<=0.1, PhastCons<1.0
SLX4	NM_032444.4	c.3201G>C	Benign synonymous, SpliceAI<=0.1, PhastCons<1.0
SLX4	NM_032444.4	c.3178C>T	Benign synonymous, SpliceAI<=0.1, PhastCons<1.0
SLX4	NM_032444.4	c.3178C>G	Benign synonymous, SpliceAI<=0.1, PhastCons<1.0
SLX4	NM_032444.4	c.3166C>G	Benign synonymous, SpliceAI<=0.1, PhastCons<1.0
SLX4	NM_032444.4	c.3166C>A	Benign synonymous, SpliceAI<=0.1, PhastCons<1.0
SLX4	NM_032444.4	c.3156T>G	Benign synonymous, SpliceAI<=0.1, PhastCons<1.0
SLX4	NM_032444.4	c.3156T>A	Benign synonymous, SpliceAI<=0.1, PhastCons<1.0
SLX4	NM_032444.4	c.3150C>G	Benign synonymous, SpliceAI<=0.1, PhastCons<1.0
SLX4	NM_032444.4	c.3150C>A	Benign synonymous, SpliceAI<=0.1, PhastCons<1.0
SLX4	NM_032444.4	c.3147T>G	Benign synonymous, SpliceAI<=0.1, PhastCons<1.0
SLX4	NM_032444.4	c.3147T>A	Benign synonymous, SpliceAI<=0.1, PhastCons<1.0
SLX4	NM_032444.4	c.3132T>G	Benign synonymous, SpliceAI<=0.1, PhastCons<1.0
SLX4	NM_032444.4	c.3132T>A	Benign synonymous, SpliceAI<=0.1, PhastCons<1.0
SLX4	NM_032444.4	c.3123G>T	Benign synonymous, SpliceAI<=0.1, PhastCons<1.0
SLX4	NM_032444.4	c.3123G>C	Benign synonymous, SpliceAI<=0.1, PhastCons<1.0
SLX4	NM_032444.4	c.3111G>T	Benign synonymous, SpliceAI<=0.1, PhastCons<1.0
SLX4	NM_032444.4	c.3111G>C	Benign synonymous, SpliceAI<=0.1, PhastCons<1.0
SLX4	NM_032444.4	c.3109T>G	Benign synonymous, SpliceAI<=0.1, PhastCons<1.0
SLX4	NM_032444.4	c.3109T>A	Benign synonymous, SpliceAI<=0.1, PhastCons<1.0
SLX4	NM_032444.4	c.3106C>G	Benign synonymous, SpliceAI<=0.1, PhastCons<1.0
SLX4	NM_032444.4	c.3106C>A	Benign synonymous, SpliceAI<=0.1, PhastCons<1.0
SLX4	NM_032444.4	c.3105C>G	Benign synonymous, SpliceAI<=0.1, PhastCons<1.0
SLX4	NM_032444.4	c.3105C>A	Benign synonymous, SpliceAI<=0.1, PhastCons<1.0
SLX4	NM_032444.4	c.3099C>G	Benign synonymous, SpliceAI<=0.1, PhastCons<1.0
SLX4	NM_032444.4	c.3099C>A	Benign synonymous, SpliceAI<=0.1, PhastCons<1.0
SLX4	NM_032444.4	c.3093C>G	Benign synonymous, SpliceAI<=0.1, PhastCons<1.0
SLX4	NM_032444.4	c.3093C>A	Benign synonymous, SpliceAI<=0.1, PhastCons<1.0
SLX4	NM_032444.4	c.3078G>T	Benign synonymous, SpliceAI<=0.1, PhastCons<1.0
SLX4	NM_032444.4	c.3078G>C	Benign synonymous, SpliceAI<=0.1, PhastCons<1.0
SLX4	NM_032444.4	c.3064C>G	Benign synonymous, SpliceAI<=0.1, PhastCons<1.0
SLX4	NM_032444.4	c.3064C>A	Benign synonymous, SpliceAI<=0.1, PhastCons<1.0
SLX4	NM_032444.4	c.3060T>G	Benign synonymous, SpliceAI<=0.1, PhastCons<1.0
SLX4	NM_032444.4	c.3060T>A	Benign synonymous, SpliceAI<=0.1, PhastCons<1.0
SLX4	NM_032444.4	c.3051G>T	Benign synonymous, SpliceAI<=0.1, PhastCons<1.0
SLX4	NM_032444.4	c.3051G>C	Benign synonymous, SpliceAI<=0.1, PhastCons<1.0
SLX4	NM_032444.4	c.3046C>G	Benign synonymous, SpliceAI<=0.1, PhastCons<1.0
SLX4	NM_032444.4	c.3046C>A	Benign synonymous, SpliceAI<=0.1, PhastCons<1.0
SLX4	NM_032444.4	c.3042G>T	Benign synonymous, SpliceAI<=0.1, PhastCons<1.0
SLX4	NM_032444.4	c.3042G>C	Benign synonymous, SpliceAI<=0.1, PhastCons<1.0
SLX4	NM_032444.4	c.3040A>T	Benign synonymous, SpliceAI<=0.1, PhastCons<1.0
SLX4	NM_032444.4	c.3040A>G	Benign synonymous, SpliceAI<=0.1, PhastCons<1.0
SLX4	NM_032444.4	c.3039A>T	Benign synonymous, SpliceAI<=0.1, PhastCons<1.0
SLX4	NM_032444.4	c.3039A>C	Benign synonymous, SpliceAI<=0.1, PhastCons<1.0
SLX4	NM_032444.4	c.3036G>T	Benign synonymous, SpliceAI<=0.1, PhastCons<1.0
SLX4	NM_032444.4	c.3036G>C	Benign synonymous, SpliceAI<=0.1, PhastCons<1.0
SLX4	NM_032444.4	c.3034A>T	Benign synonymous, SpliceAI<=0.1, PhastCons<1.0
SLX4	NM_032444.4	c.3034A>G	Benign synonymous, SpliceAI<=0.1, PhastCons<1.0
SLX4	NM_032444.4	c.3024T>G	Benign synonymous, SpliceAI<=0.1, PhastCons<1.0
SLX4	NM_032444.4	c.3024T>A	Benign synonymous, SpliceAI<=0.1, PhastCons<1.0
SLX4	NM_032444.4	c.3021A>T	Benign synonymous, SpliceAI<=0.1, PhastCons<1.0
SLX4	NM_032444.4	c.3021A>C	Benign synonymous, SpliceAI<=0.1, PhastCons<1.0
SLX4	NM_032444.4	c.3018A>T	Benign synonymous, SpliceAI<=0.1, PhastCons<1.0
SLX4	NM_032444.4	c.3018A>C	Benign synonymous, SpliceAI<=0.1, PhastCons<1.0
SLX4	NM_032444.4	c.3015G>T	Benign synonymous, SpliceAI<=0.1, PhastCons<1.0
SLX4	NM_032444.4	c.3015G>C	Benign synonymous, SpliceAI<=0.1, PhastCons<1.0
SLX4	NM_032444.4	c.3009G>T	Benign synonymous, SpliceAI<=0.1, PhastCons<1.0
SLX4	NM_032444.4	c.3009G>C	Benign synonymous, SpliceAI<=0.1, PhastCons<1.0
SLX4	NM_032444.4	c.3006T>G	Benign synonymous, SpliceAI<=0.1, PhastCons<1.0
SLX4	NM_032444.4	c.3006T>A	Benign synonymous, SpliceAI<=0.1, PhastCons<1.0
SLX4	NM_032444.4	c.2997A>T	Benign synonymous, SpliceAI<=0.1, PhastCons<1.0
SLX4	NM_032444.4	c.2997A>C	Benign synonymous, SpliceAI<=0.1, PhastCons<1.0
SLX4	NM_032444.4	c.2988G>T	Benign synonymous, SpliceAI<=0.1, PhastCons<1.0
SLX4	NM_032444.4	c.2988G>C	Benign synonymous, SpliceAI<=0.1, PhastCons<1.0
SLX4	NM_032444.4	c.2979G>T	Benign synonymous, SpliceAI<=0.1, PhastCons<1.0
SLX4	NM_032444.4	c.2979G>C	Benign synonymous, SpliceAI<=0.1, PhastCons<1.0
SLX4	NM_032444.4	c.2975G>A	Likely_benign FAF >0.1%, REVEL <0.29, SpliceAI<=0.1
SLX4	NM_032444.4	c.2973G>T	Benign synonymous, SpliceAI<=0.1, PhastCons<1.0
SLX4	NM_032444.4	c.2973G>C	Benign synonymous, SpliceAI<=0.1, PhastCons<1.0
SLX4	NM_032444.4	c.2961C>G	Benign synonymous, SpliceAI<=0.1, PhastCons<1.0
SLX4	NM_032444.4	c.2961C>A	Benign synonymous, SpliceAI<=0.1, PhastCons<1.0
SLX4	NM_032444.4	c.2955G>T	Benign synonymous, SpliceAI<=0.1, PhastCons<1.0
SLX4	NM_032444.4	c.2955G>C	Benign synonymous, SpliceAI<=0.1, PhastCons<1.0
SLX4	NM_032444.4	c.2952A>T	Benign synonymous, SpliceAI<=0.1, PhastCons<1.0
SLX4	NM_032444.4	c.2952A>C	Benign synonymous, SpliceAI<=0.1, PhastCons<1.0
SLX4	NM_032444.4	c.2949C>G	Benign synonymous, SpliceAI<=0.1, PhastCons<1.0
SLX4	NM_032444.4	c.2949C>A	Benign synonymous, SpliceAI<=0.1, PhastCons<1.0
SLX4	NM_032444.4	c.2946T>G	Benign synonymous, SpliceAI<=0.1, PhastCons<1.0
SLX4	NM_032444.4	c.2946T>A	Benign synonymous, SpliceAI<=0.1, PhastCons<1.0
SLX4	NM_032444.4	c.2937T>G	Benign synonymous, SpliceAI<=0.1, PhastCons<1.0
SLX4	NM_032444.4	c.2937T>A	Benign synonymous, SpliceAI<=0.1, PhastCons<1.0
SLX4	NM_032444.4	c.2934T>G	Benign synonymous, SpliceAI<=0.1, PhastCons<1.0
SLX4	NM_032444.4	c.2934T>A	Benign synonymous, SpliceAI<=0.1, PhastCons<1.0
SLX4	NM_032444.4	c.2928C>G	Benign synonymous, SpliceAI<=0.1, PhastCons<1.0
SLX4	NM_032444.4	c.2928C>A	Benign synonymous, SpliceAI<=0.1, PhastCons<1.0
SLX4	NM_032444.4	c.2924C>T	Likely_benign FAF >0.1%, REVEL <0.29, SpliceAI<=0.1
SLX4	NM_032444.4	c.2913A>T	Benign synonymous, SpliceAI<=0.1, PhastCons<1.0
SLX4	NM_032444.4	c.2913A>C	Benign synonymous, SpliceAI<=0.1, PhastCons<1.0
SLX4	NM_032444.4	c.2910A>T	Benign synonymous, SpliceAI<=0.1, PhastCons<1.0
SLX4	NM_032444.4	c.2910A>C	Benign synonymous, SpliceAI<=0.1, PhastCons<1.0
SLX4	NM_032444.4	c.2907A>T	Benign synonymous, SpliceAI<=0.1, PhastCons<1.0
SLX4	NM_032444.4	c.2907A>C	Benign synonymous, SpliceAI<=0.1, PhastCons<1.0
SLX4	NM_032444.4	c.2905A>T	Benign synonymous, SpliceAI<=0.1, PhastCons<1.0
SLX4	NM_032444.4	c.2905A>G	Benign synonymous, SpliceAI<=0.1, PhastCons<1.0
SLX4	NM_032444.4	c.2904G>T	Benign synonymous, SpliceAI<=0.1, PhastCons<1.0
SLX4	NM_032444.4	c.2904G>C	Benign synonymous, SpliceAI<=0.1, PhastCons<1.0
SLX4	NM_032444.4	c.2898G>T	Benign synonymous, SpliceAI<=0.1, PhastCons<1.0
SLX4	NM_032444.4	c.2898G>C	Benign synonymous, SpliceAI<=0.1, PhastCons<1.0
SLX4	NM_032444.4	c.2895C>G	Benign synonymous, SpliceAI<=0.1, PhastCons<1.0
SLX4	NM_032444.4	c.2895C>A	Benign synonymous, SpliceAI<=0.1, PhastCons<1.0
SLX4	NM_032444.4	c.2892C>G	Benign synonymous, SpliceAI<=0.1, PhastCons<1.0
SLX4	NM_032444.4	c.2892C>A	Benign synonymous, SpliceAI<=0.1, PhastCons<1.0
SLX4	NM_032444.4	c.2889G>T	Benign synonymous, SpliceAI<=0.1, PhastCons<1.0
SLX4	NM_032444.4	c.2889G>C	Benign synonymous, SpliceAI<=0.1, PhastCons<1.0
SLX4	NM_032444.4	c.2887A>T	Benign synonymous, SpliceAI<=0.1, PhastCons<1.0
SLX4	NM_032444.4	c.2887A>G	Benign synonymous, SpliceAI<=0.1, PhastCons<1.0
SLX4	NM_032444.4	c.2880C>G	Benign synonymous, SpliceAI<=0.1, PhastCons<1.0
SLX4	NM_032444.4	c.2880C>A	Benign synonymous, SpliceAI<=0.1, PhastCons<1.0
SLX4	NM_032444.4	c.2874C>G	Benign synonymous, SpliceAI<=0.1, PhastCons<1.0
SLX4	NM_032444.4	c.2874C>A	Benign synonymous, SpliceAI<=0.1, PhastCons<1.0
SLX4	NM_032444.4	c.2871C>G	Benign synonymous, SpliceAI<=0.1, PhastCons<1.0
SLX4	NM_032444.4	c.2871C>A	Benign synonymous, SpliceAI<=0.1, PhastCons<1.0
SLX4	NM_032444.4	c.2865T>G	Benign synonymous, SpliceAI<=0.1, PhastCons<1.0
SLX4	NM_032444.4	c.2865T>A	Benign synonymous, SpliceAI<=0.1, PhastCons<1.0
SLX4	NM_032444.4	c.2855C>T	Benign FAF >5%
SLX4	NM_032444.4	c.2854G>A	Benign FAF >5%
SLX4	NM_032444.4	c.2853G>T	Benign synonymous, SpliceAI<=0.1, PhastCons<1.0
SLX4	NM_032444.4	c.2853G>C	Benign synonymous, SpliceAI<=0.1, PhastCons<1.0
SLX4	NM_032444.4	c.2850G>T	Benign synonymous, SpliceAI<=0.1, PhastCons<1.0
SLX4	NM_032444.4	c.2850G>C	Benign synonymous, SpliceAI<=0.1, PhastCons<1.0
SLX4	NM_032444.4	c.2841G>T	Benign synonymous, SpliceAI<=0.1, PhastCons<1.0
SLX4	NM_032444.4	c.2841G>C	Benign synonymous, SpliceAI<=0.1, PhastCons<1.0
SLX4	NM_032444.4	c.2838G>T	Benign synonymous, SpliceAI<=0.1, PhastCons<1.0
SLX4	NM_032444.4	c.2838G>C	Benign synonymous, SpliceAI<=0.1, PhastCons<1.0
SLX4	NM_032444.4	c.2835G>T	Benign synonymous, SpliceAI<=0.1, PhastCons<1.0
SLX4	NM_032444.4	c.2835G>C	Benign synonymous, SpliceAI<=0.1, PhastCons<1.0
SLX4	NM_032444.4	c.2826G>T	Benign synonymous, SpliceAI<=0.1, PhastCons<1.0
SLX4	NM_032444.4	c.2826G>C	Benign synonymous, SpliceAI<=0.1, PhastCons<1.0
SLX4	NM_032444.4	c.2824G>C	Benign FAF >5%
SLX4	NM_032444.4	c.2815C>T	Benign synonymous, SpliceAI<=0.1, PhastCons<1.0
SLX4	NM_032444.4	c.2815C>G	Benign synonymous, SpliceAI<=0.1, PhastCons<1.0
SLX4	NM_032444.4	c.2805C>G	Benign synonymous, SpliceAI<=0.1, PhastCons<1.0
SLX4	NM_032444.4	c.2805C>A	Benign synonymous, SpliceAI<=0.1, PhastCons<1.0
SLX4	NM_032444.4	c.2802G>T	Benign synonymous, SpliceAI<=0.1, PhastCons<1.0
SLX4	NM_032444.4	c.2802G>C	Benign synonymous, SpliceAI<=0.1, PhastCons<1.0
SLX4	NM_032444.4	c.2796G>T	Benign synonymous, SpliceAI<=0.1, PhastCons<1.0
SLX4	NM_032444.4	c.2796G>C	Benign synonymous, SpliceAI<=0.1, PhastCons<1.0
SLX4	NM_032444.4	c.2786C>T	Likely_benign FAF >0.1%, REVEL <0.29, SpliceAI<=0.1
SLX4	NM_032444.4	c.2778C>G	Benign synonymous, SpliceAI<=0.1, PhastCons<1.0
SLX4	NM_032444.4	c.2778C>A	Benign synonymous, SpliceAI<=0.1, PhastCons<1.0
SLX4	NM_032444.4	c.2775G>T	Benign synonymous, SpliceAI<=0.1, PhastCons<1.0
SLX4	NM_032444.4	c.2775G>C	Benign synonymous, SpliceAI<=0.1, PhastCons<1.0
SLX4	NM_032444.4	c.2766G>T	Benign synonymous, SpliceAI<=0.1, PhastCons<1.0
SLX4	NM_032444.4	c.2766G>C	Benign synonymous, SpliceAI<=0.1, PhastCons<1.0
SLX4	NM_032444.4	c.2763G>T	Benign synonymous, SpliceAI<=0.1, PhastCons<1.0
SLX4	NM_032444.4	c.2763G>C	Benign synonymous, SpliceAI<=0.1, PhastCons<1.0
SLX4	NM_032444.4	c.2756C>T	Likely_benign FAF >0.1%, REVEL <0.29, SpliceAI<=0.1
SLX4	NM_032444.4	c.2746G>T	Likely_benign FAF >0.1%, REVEL <0.29, SpliceAI<=0.1
SLX4	NM_032444.4	c.2745G>T	Benign synonymous, SpliceAI<=0.1, PhastCons<1.0
SLX4	NM_032444.4	c.2745G>C	Benign synonymous, SpliceAI<=0.1, PhastCons<1.0
SLX4	NM_032444.4	c.2742T>G	Benign synonymous, SpliceAI<=0.1, PhastCons<1.0
SLX4	NM_032444.4	c.2742T>A	Benign synonymous, SpliceAI<=0.1, PhastCons<1.0
SLX4	NM_032444.4	c.2739A>T	Benign synonymous, SpliceAI<=0.1, PhastCons<1.0
SLX4	NM_032444.4	c.2739A>C	Benign synonymous, SpliceAI<=0.1, PhastCons<1.0
SLX4	NM_032444.4	c.2737A>T	Benign synonymous, SpliceAI<=0.1, PhastCons<1.0
SLX4	NM_032444.4	c.2737A>G	Benign synonymous, SpliceAI<=0.1, PhastCons<1.0
SLX4	NM_032444.4	c.2730G>T	Benign synonymous, SpliceAI<=0.1, PhastCons<1.0
SLX4	NM_032444.4	c.2730G>C	Benign synonymous, SpliceAI<=0.1, PhastCons<1.0
SLX4	NM_032444.4	c.2727G>T	Benign synonymous, SpliceAI<=0.1, PhastCons<1.0
SLX4	NM_032444.4	c.2727G>C	Benign synonymous, SpliceAI<=0.1, PhastCons<1.0
SLX4	NM_032444.4	c.2725T>G	Benign synonymous, SpliceAI<=0.1, PhastCons<1.0
SLX4	NM_032444.4	c.2725T>A	Benign synonymous, SpliceAI<=0.1, PhastCons<1.0
SLX4	NM_032444.4	c.2721G>T	Benign synonymous, SpliceAI<=0.1, PhastCons<1.0
SLX4	NM_032444.4	c.2721G>C	Benign synonymous, SpliceAI<=0.1, PhastCons<1.0
SLX4	NM_032444.4	c.2715G>T	Benign synonymous, SpliceAI<=0.1, PhastCons<1.0
SLX4	NM_032444.4	c.2715G>C	Benign synonymous, SpliceAI<=0.1, PhastCons<1.0
SLX4	NM_032444.4	c.2712G>T	Benign synonymous, SpliceAI<=0.1, PhastCons<1.0
SLX4	NM_032444.4	c.2712G>C	Benign synonymous, SpliceAI<=0.1, PhastCons<1.0
SLX4	NM_032444.4	c.2706G>T	Benign synonymous, SpliceAI<=0.1, PhastCons<1.0
SLX4	NM_032444.4	c.2706G>C	Benign synonymous, SpliceAI<=0.1, PhastCons<1.0
SLX4	NM_032444.4	c.2703C>G	Benign synonymous, SpliceAI<=0.1, PhastCons<1.0
SLX4	NM_032444.4	c.2703C>A	Benign synonymous, SpliceAI<=0.1, PhastCons<1.0
SLX4	NM_032444.4	c.2697G>T	Benign synonymous, SpliceAI<=0.1, PhastCons<1.0
SLX4	NM_032444.4	c.2697G>C	Benign synonymous, SpliceAI<=0.1, PhastCons<1.0
SLX4	NM_032444.4	c.2694A>T	Benign synonymous, SpliceAI<=0.1, PhastCons<1.0
SLX4	NM_032444.4	c.2694A>C	Benign synonymous, SpliceAI<=0.1, PhastCons<1.0
SLX4	NM_032444.4	c.2691G>T	Benign synonymous, SpliceAI<=0.1, PhastCons<1.0
SLX4	NM_032444.4	c.2691G>C	Benign synonymous, SpliceAI<=0.1, PhastCons<1.0
SLX4	NM_032444.4	c.2685G>T	Benign synonymous, SpliceAI<=0.1, PhastCons<1.0
SLX4	NM_032444.4	c.2685G>C	Benign synonymous, SpliceAI<=0.1, PhastCons<1.0
SLX4	NM_032444.4	c.2671C>G	Benign synonymous, SpliceAI<=0.1, PhastCons<1.0
SLX4	NM_032444.4	c.2671C>A	Benign synonymous, SpliceAI<=0.1, PhastCons<1.0
SLX4	NM_032444.4	c.2667A>T	Benign synonymous, SpliceAI<=0.1, PhastCons<1.0
SLX4	NM_032444.4	c.2667A>C	Benign synonymous, SpliceAI<=0.1, PhastCons<1.0
SLX4	NM_032444.4	c.2652T>G	Benign synonymous, SpliceAI<=0.1, PhastCons<1.0
SLX4	NM_032444.4	c.2652T>A	Benign synonymous, SpliceAI<=0.1, PhastCons<1.0
SLX4	NM_032444.4	c.2643G>T	Benign synonymous, SpliceAI<=0.1, PhastCons<1.0
SLX4	NM_032444.4	c.2643G>C	Benign synonymous, SpliceAI<=0.1, PhastCons<1.0
SLX4	NM_032444.4	c.2638C>G	Benign synonymous, SpliceAI<=0.1, PhastCons<1.0
SLX4	NM_032444.4	c.2638C>A	Benign synonymous, SpliceAI<=0.1, PhastCons<1.0
SLX4	NM_032444.4	c.2634C>G	Benign synonymous, SpliceAI<=0.1, PhastCons<1.0
SLX4	NM_032444.4	c.2634C>A	Benign synonymous, SpliceAI<=0.1, PhastCons<1.0
SLX4	NM_032444.4	c.2628C>G	Benign synonymous, SpliceAI<=0.1, PhastCons<1.0
SLX4	NM_032444.4	c.2628C>A	Benign synonymous, SpliceAI<=0.1, PhastCons<1.0
SLX4	NM_032444.4	c.2625G>T	Benign synonymous, SpliceAI<=0.1, PhastCons<1.0
SLX4	NM_032444.4	c.2625G>C	Benign synonymous, SpliceAI<=0.1, PhastCons<1.0
SLX4	NM_032444.4	c.2607G>T	Benign synonymous, SpliceAI<=0.1, PhastCons<1.0
SLX4	NM_032444.4	c.2607G>C	Benign synonymous, SpliceAI<=0.1, PhastCons<1.0
SLX4	NM_032444.4	c.2605A>T	Benign synonymous, SpliceAI<=0.1, PhastCons<1.0
SLX4	NM_032444.4	c.2605A>G	Benign synonymous, SpliceAI<=0.1, PhastCons<1.0
SLX4	NM_032444.4	c.2604A>T	Benign synonymous, SpliceAI<=0.1, PhastCons<1.0
SLX4	NM_032444.4	c.2604A>C	Benign synonymous, SpliceAI<=0.1, PhastCons<1.0
SLX4	NM_032444.4	c.2601A>T	Benign synonymous, SpliceAI<=0.1, PhastCons<1.0
SLX4	NM_032444.4	c.2601A>C	Benign synonymous, SpliceAI<=0.1, PhastCons<1.0
SLX4	NM_032444.4	c.2598G>T	Benign synonymous, SpliceAI<=0.1, PhastCons<1.0
SLX4	NM_032444.4	c.2598G>C	Benign synonymous, SpliceAI<=0.1, PhastCons<1.0
SLX4	NM_032444.4	c.2584C>T	Benign synonymous, SpliceAI<=0.1, PhastCons<1.0
SLX4	NM_032444.4	c.2584C>G	Benign synonymous, SpliceAI<=0.1, PhastCons<1.0
SLX4	NM_032444.4	c.2571T>G	Benign synonymous, SpliceAI<=0.1, PhastCons<1.0
SLX4	NM_032444.4	c.2571T>A	Benign synonymous, SpliceAI<=0.1, PhastCons<1.0
SLX4	NM_032444.4	c.2559A>T	Benign synonymous, SpliceAI<=0.1, PhastCons<1.0
SLX4	NM_032444.4	c.2559A>C	Benign synonymous, SpliceAI<=0.1, PhastCons<1.0
SLX4	NM_032444.4	c.2556A>T	Benign synonymous, SpliceAI<=0.1, PhastCons<1.0
SLX4	NM_032444.4	c.2556A>C	Benign synonymous, SpliceAI<=0.1, PhastCons<1.0
SLX4	NM_032444.4	c.2550A>T	Benign synonymous, SpliceAI<=0.1, PhastCons<1.0
SLX4	NM_032444.4	c.2550A>C	Benign synonymous, SpliceAI<=0.1, PhastCons<1.0
SLX4	NM_032444.4	c.2544A>T	Benign synonymous, SpliceAI<=0.1, PhastCons<1.0
SLX4	NM_032444.4	c.2544A>C	Benign synonymous, SpliceAI<=0.1, PhastCons<1.0
SLX4	NM_032444.4	c.2535C>G	Benign synonymous, SpliceAI<=0.1, PhastCons<1.0
SLX4	NM_032444.4	c.2535C>A	Benign synonymous, SpliceAI<=0.1, PhastCons<1.0
SLX4	NM_032444.4	c.2532A>T	Benign synonymous, SpliceAI<=0.1, PhastCons<1.0
SLX4	NM_032444.4	c.2532A>C	Benign synonymous, SpliceAI<=0.1, PhastCons<1.0
SLX4	NM_032444.4	c.2529A>T	Benign synonymous, SpliceAI<=0.1, PhastCons<1.0
SLX4	NM_032444.4	c.2529A>C	Benign synonymous, SpliceAI<=0.1, PhastCons<1.0
SLX4	NM_032444.4	c.2526T>G	Benign synonymous, SpliceAI<=0.1, PhastCons<1.0
SLX4	NM_032444.4	c.2526T>A	Benign synonymous, SpliceAI<=0.1, PhastCons<1.0
SLX4	NM_032444.4	c.2523A>T	Benign synonymous, SpliceAI<=0.1, PhastCons<1.0
SLX4	NM_032444.4	c.2523A>C	Benign synonymous, SpliceAI<=0.1, PhastCons<1.0
SLX4	NM_032444.4	c.2520A>T	Benign synonymous, SpliceAI<=0.1, PhastCons<1.0
SLX4	NM_032444.4	c.2520A>C	Benign synonymous, SpliceAI<=0.1, PhastCons<1.0
SLX4	NM_032444.4	c.2517C>G	Benign synonymous, SpliceAI<=0.1, PhastCons<1.0
SLX4	NM_032444.4	c.2517C>A	Benign synonymous, SpliceAI<=0.1, PhastCons<1.0
SLX4	NM_032444.4	c.2514C>G	Benign synonymous, SpliceAI<=0.1, PhastCons<1.0
SLX4	NM_032444.4	c.2514C>A	Benign synonymous, SpliceAI<=0.1, PhastCons<1.0
SLX4	NM_032444.4	c.2511G>T	Benign synonymous, SpliceAI<=0.1, PhastCons<1.0
SLX4	NM_032444.4	c.2511G>C	Benign synonymous, SpliceAI<=0.1, PhastCons<1.0
SLX4	NM_032444.4	c.2505A>T	Benign synonymous, SpliceAI<=0.1, PhastCons<1.0
SLX4	NM_032444.4	c.2505A>C	Benign synonymous, SpliceAI<=0.1, PhastCons<1.0
SLX4	NM_032444.4	c.2502G>T	Benign synonymous, SpliceAI<=0.1, PhastCons<1.0
SLX4	NM_032444.4	c.2502G>C	Benign synonymous, SpliceAI<=0.1, PhastCons<1.0
SLX4	NM_032444.4	c.2500T>G	Benign synonymous, SpliceAI<=0.1, PhastCons<1.0
SLX4	NM_032444.4	c.2500T>A	Benign synonymous, SpliceAI<=0.1, PhastCons<1.0
SLX4	NM_032444.4	c.2499G>T	Benign synonymous, SpliceAI<=0.1, PhastCons<1.0
SLX4	NM_032444.4	c.2499G>C	Benign synonymous, SpliceAI<=0.1, PhastCons<1.0
SLX4	NM_032444.4	c.2497T>G	Benign synonymous, SpliceAI<=0.1, PhastCons<1.0
SLX4	NM_032444.4	c.2497T>A	Benign synonymous, SpliceAI<=0.1, PhastCons<1.0
SLX4	NM_032444.4	c.2493G>T	Benign synonymous, SpliceAI<=0.1, PhastCons<1.0
SLX4	NM_032444.4	c.2493G>C	Benign synonymous, SpliceAI<=0.1, PhastCons<1.0
SLX4	NM_032444.4	c.2487A>T	Benign synonymous, SpliceAI<=0.1, PhastCons<1.0
SLX4	NM_032444.4	c.2487A>C	Benign synonymous, SpliceAI<=0.1, PhastCons<1.0
SLX4	NM_032444.4	c.2481G>T	Benign synonymous, SpliceAI<=0.1, PhastCons<1.0
SLX4	NM_032444.4	c.2481G>C	Benign synonymous, SpliceAI<=0.1, PhastCons<1.0
SLX4	NM_032444.4	c.2478A>T	Benign synonymous, SpliceAI<=0.1, PhastCons<1.0
SLX4	NM_032444.4	c.2478A>C	Benign synonymous, SpliceAI<=0.1, PhastCons<1.0
SLX4	NM_032444.4	c.2475T>G	Benign synonymous, SpliceAI<=0.1, PhastCons<1.0
SLX4	NM_032444.4	c.2475T>A	Benign synonymous, SpliceAI<=0.1, PhastCons<1.0
SLX4	NM_032444.4	c.2455T>G	Benign synonymous, SpliceAI<=0.1, PhastCons<1.0
SLX4	NM_032444.4	c.2455T>A	Benign synonymous, SpliceAI<=0.1, PhastCons<1.0
SLX4	NM_032444.4	c.2451A>T	Benign synonymous, SpliceAI<=0.1, PhastCons<1.0
SLX4	NM_032444.4	c.2451A>C	Benign synonymous, SpliceAI<=0.1, PhastCons<1.0
SLX4	NM_032444.4	c.2448G>T	Benign synonymous, SpliceAI<=0.1, PhastCons<1.0
SLX4	NM_032444.4	c.2448G>C	Benign synonymous, SpliceAI<=0.1, PhastCons<1.0
SLX4	NM_032444.4	c.2442T>G	Benign synonymous, SpliceAI<=0.1, PhastCons<1.0
SLX4	NM_032444.4	c.2442T>A	Benign synonymous, SpliceAI<=0.1, PhastCons<1.0
SLX4	NM_032444.4	c.2439G>T	Benign synonymous, SpliceAI<=0.1, PhastCons<1.0
SLX4	NM_032444.4	c.2439G>C	Benign synonymous, SpliceAI<=0.1, PhastCons<1.0
SLX4	NM_032444.4	c.2433G>T	Benign synonymous, SpliceAI<=0.1, PhastCons<1.0
SLX4	NM_032444.4	c.2433G>C	Benign synonymous, SpliceAI<=0.1, PhastCons<1.0
SLX4	NM_032444.4	c.2431A>T	Benign synonymous, SpliceAI<=0.1, PhastCons<1.0
SLX4	NM_032444.4	c.2431A>G	Benign synonymous, SpliceAI<=0.1, PhastCons<1.0
SLX4	NM_032444.4	c.2430C>G	Benign synonymous, SpliceAI<=0.1, PhastCons<1.0
SLX4	NM_032444.4	c.2430C>A	Benign synonymous, SpliceAI<=0.1, PhastCons<1.0
SLX4	NM_032444.4	c.2427A>T	Benign synonymous, SpliceAI<=0.1, PhastCons<1.0
SLX4	NM_032444.4	c.2427A>C	Benign synonymous, SpliceAI<=0.1, PhastCons<1.0
SLX4	NM_032444.4	c.2424C>G	Benign synonymous, SpliceAI<=0.1, PhastCons<1.0
SLX4	NM_032444.4	c.2424C>A	Benign synonymous, SpliceAI<=0.1, PhastCons<1.0
SLX4	NM_032444.4	c.2421T>G	Benign synonymous, SpliceAI<=0.1, PhastCons<1.0
SLX4	NM_032444.4	c.2421T>A	Benign synonymous, SpliceAI<=0.1, PhastCons<1.0
SLX4	NM_032444.4	c.2418G>T	Benign synonymous, SpliceAI<=0.1, PhastCons<1.0
SLX4	NM_032444.4	c.2418G>C	Benign synonymous, SpliceAI<=0.1, PhastCons<1.0
SLX4	NM_032444.4	c.2412A>T	Benign synonymous, SpliceAI<=0.1, PhastCons<1.0
SLX4	NM_032444.4	c.2412A>C	Benign synonymous, SpliceAI<=0.1, PhastCons<1.0
SLX4	NM_032444.4	c.2409G>T	Benign synonymous, SpliceAI<=0.1, PhastCons<1.0
SLX4	NM_032444.4	c.2409G>C	Benign synonymous, SpliceAI<=0.1, PhastCons<1.0
SLX4	NM_032444.4	c.2406G>T	Benign synonymous, SpliceAI<=0.1, PhastCons<1.0
SLX4	NM_032444.4	c.2406G>C	Benign synonymous, SpliceAI<=0.1, PhastCons<1.0
SLX4	NM_032444.4	c.2403G>T	Benign synonymous, SpliceAI<=0.1, PhastCons<1.0
SLX4	NM_032444.4	c.2403G>C	Benign synonymous, SpliceAI<=0.1, PhastCons<1.0
SLX4	NM_032444.4	c.2394A>T	Benign synonymous, SpliceAI<=0.1, PhastCons<1.0
SLX4	NM_032444.4	c.2394A>C	Benign synonymous, SpliceAI<=0.1, PhastCons<1.0
SLX4	NM_032444.4	c.2388G>T	Benign synonymous, SpliceAI<=0.1, PhastCons<1.0
SLX4	NM_032444.4	c.2388G>C	Benign synonymous, SpliceAI<=0.1, PhastCons<1.0
SLX4	NM_032444.4	c.2382C>G	Benign synonymous, SpliceAI<=0.1, PhastCons<1.0
SLX4	NM_032444.4	c.2382C>A	Benign synonymous, SpliceAI<=0.1, PhastCons<1.0
SLX4	NM_032444.4	c.2364G>T	Benign synonymous, SpliceAI<=0.1, PhastCons<1.0
SLX4	NM_032444.4	c.2364G>C	Benign synonymous, SpliceAI<=0.1, PhastCons<1.0
SLX4	NM_032444.4	c.2361A>T	Benign synonymous, SpliceAI<=0.1, PhastCons<1.0
SLX4	NM_032444.4	c.2361A>C	Benign synonymous, SpliceAI<=0.1, PhastCons<1.0
SLX4	NM_032444.4	c.2359G>A	Likely_benign FAF >0.1%, REVEL <0.29, SpliceAI<=0.1
SLX4	NM_032444.4	c.2358C>G	Benign synonymous, SpliceAI<=0.1, PhastCons<1.0
SLX4	NM_032444.4	c.2358C>A	Benign synonymous, SpliceAI<=0.1, PhastCons<1.0
SLX4	NM_032444.4	c.2353C>G	Benign synonymous, SpliceAI<=0.1, PhastCons<1.0
SLX4	NM_032444.4	c.2353C>A	Benign synonymous, SpliceAI<=0.1, PhastCons<1.0
SLX4	NM_032444.4	c.2352C>G	Benign synonymous, SpliceAI<=0.1, PhastCons<1.0
SLX4	NM_032444.4	c.2352C>A	Benign synonymous, SpliceAI<=0.1, PhastCons<1.0
SLX4	NM_032444.4	c.2340T>G	Benign synonymous, SpliceAI<=0.1, PhastCons<1.0
SLX4	NM_032444.4	c.2340T>A	Benign synonymous, SpliceAI<=0.1, PhastCons<1.0
SLX4	NM_032444.4	c.2325C>A	Benign synonymous, SpliceAI<=0.1, PhastCons<1.0
SLX4	NM_032444.4	c.2313C>G	Benign synonymous, SpliceAI<=0.1, PhastCons<1.0
SLX4	NM_032444.4	c.2313C>A	Benign synonymous, SpliceAI<=0.1, PhastCons<1.0
SLX4	NM_032444.4	c.2308C>A	Benign synonymous, SpliceAI<=0.1, PhastCons<1.0
SLX4	NM_032444.4	c.2307G>T	Benign synonymous, SpliceAI<=0.1, PhastCons<1.0
SLX4	NM_032444.4	c.2307G>C	Benign synonymous, SpliceAI<=0.1, PhastCons<1.0
SLX4	NM_032444.4	c.2305G>C	Likely_benign FAF >0.1%, REVEL <0.29, SpliceAI<=0.1
SLX4	NM_032444.4	c.2301C>A	Benign synonymous, SpliceAI<=0.1, PhastCons<1.0
SLX4	NM_032444.4	c.2290C>G	Likely_benign FAF >0.1%, REVEL <0.29, SpliceAI<=0.1
SLX4	NM_032444.4	c.2277C>G	Benign synonymous, SpliceAI<=0.1, PhastCons<1.0
SLX4	NM_032444.4	c.2277C>A	Benign synonymous, SpliceAI<=0.1, PhastCons<1.0
SLX4	NM_032444.4	c.2259C>G	Benign synonymous, SpliceAI<=0.1, PhastCons<1.0
SLX4	NM_032444.4	c.2259C>A	Benign synonymous, SpliceAI<=0.1, PhastCons<1.0
SLX4	NM_032444.4	c.2249C>T	Likely_benign FAF >0.1%, REVEL <0.29, SpliceAI<=0.1
SLX4	NM_032444.4	c.2232C>G	Benign synonymous, SpliceAI<=0.1, PhastCons<1.0
SLX4	NM_032444.4	c.2232C>A	Benign synonymous, SpliceAI<=0.1, PhastCons<1.0
SLX4	NM_032444.4	c.2226C>A	Benign synonymous, SpliceAI<=0.1, PhastCons<1.0
SLX4	NM_032444.4	c.2208G>T	Benign synonymous, SpliceAI<=0.1, PhastCons<1.0
SLX4	NM_032444.4	c.2208G>C	Benign synonymous, SpliceAI<=0.1, PhastCons<1.0
SLX4	NM_032444.4	c.2200C>G	Benign synonymous, SpliceAI<=0.1, PhastCons<1.0
SLX4	NM_032444.4	c.2200C>A	Benign synonymous, SpliceAI<=0.1, PhastCons<1.0
SLX4	NM_032444.4	c.2193C>G	Benign synonymous, SpliceAI<=0.1, PhastCons<1.0
SLX4	NM_032444.4	c.2193C>A	Benign synonymous, SpliceAI<=0.1, PhastCons<1.0
SLX4	NM_032444.4	c.2190G>T	Benign synonymous, SpliceAI<=0.1, PhastCons<1.0
SLX4	NM_032444.4	c.2190G>C	Benign synonymous, SpliceAI<=0.1, PhastCons<1.0
SLX4	NM_032444.4	c.2178C>G	Benign synonymous, SpliceAI<=0.1, PhastCons<1.0
SLX4	NM_032444.4	c.2178C>A	Benign synonymous, SpliceAI<=0.1, PhastCons<1.0
SLX4	NM_032444.4	c.2172A>T	Benign synonymous, SpliceAI<=0.1, PhastCons<1.0
SLX4	NM_032444.4	c.2172A>C	Benign synonymous, SpliceAI<=0.1, PhastCons<1.0
SLX4	NM_032444.4	c.2169T>G	Benign synonymous, SpliceAI<=0.1, PhastCons<1.0
SLX4	NM_032444.4	c.2169T>A	Benign synonymous, SpliceAI<=0.1, PhastCons<1.0
SLX4	NM_032444.4	c.2166C>G	Benign synonymous, SpliceAI<=0.1, PhastCons<1.0
SLX4	NM_032444.4	c.2166C>A	Benign synonymous, SpliceAI<=0.1, PhastCons<1.0
SLX4	NM_032444.4	c.2160T>G	Benign synonymous, SpliceAI<=0.1, PhastCons<1.0
SLX4	NM_032444.4	c.2157G>T	Benign synonymous, SpliceAI<=0.1, PhastCons<1.0
SLX4	NM_032444.4	c.2157G>C	Benign synonymous, SpliceAI<=0.1, PhastCons<1.0
SLX4	NM_032444.4	c.2142C>G	Benign synonymous, SpliceAI<=0.1, PhastCons<1.0
SLX4	NM_032444.4	c.2142C>A	Benign synonymous, SpliceAI<=0.1, PhastCons<1.0
SLX4	NM_032444.4	c.2133T>G	Benign synonymous, SpliceAI<=0.1, PhastCons<1.0
SLX4	NM_032444.4	c.2133T>A	Benign synonymous, SpliceAI<=0.1, PhastCons<1.0
SLX4	NM_032444.4	c.2112C>G	Benign synonymous, SpliceAI<=0.1, PhastCons<1.0
SLX4	NM_032444.4	c.2112C>A	Benign synonymous, SpliceAI<=0.1, PhastCons<1.0
SLX4	NM_032444.4	c.2103G>T	Benign synonymous, SpliceAI<=0.1, PhastCons<1.0
SLX4	NM_032444.4	c.2103G>C	Benign synonymous, SpliceAI<=0.1, PhastCons<1.0
SLX4	NM_032444.4	c.2097C>G	Benign synonymous, SpliceAI<=0.1, PhastCons<1.0
SLX4	NM_032444.4	c.2097C>A	Benign synonymous, SpliceAI<=0.1, PhastCons<1.0
SLX4	NM_032444.4	c.2085T>G	Benign synonymous, SpliceAI<=0.1, PhastCons<1.0
SLX4	NM_032444.4	c.2085T>A	Benign synonymous, SpliceAI<=0.1, PhastCons<1.0
SLX4	NM_032444.4	c.2076T>G	Benign synonymous, SpliceAI<=0.1, PhastCons<1.0
SLX4	NM_032444.4	c.2076T>A	Benign synonymous, SpliceAI<=0.1, PhastCons<1.0
SLX4	NM_032444.4	c.2073T>G	Benign synonymous, SpliceAI<=0.1, PhastCons<1.0
SLX4	NM_032444.4	c.2073T>A	Benign synonymous, SpliceAI<=0.1, PhastCons<1.0
SLX4	NM_032444.4	c.2067C>A	Benign synonymous, SpliceAI<=0.1, PhastCons<1.0
SLX4	NM_032444.4	c.2058T>G	Benign synonymous, SpliceAI<=0.1, PhastCons<1.0
SLX4	NM_032444.4	c.2058T>A	Benign synonymous, SpliceAI<=0.1, PhastCons<1.0
SLX4	NM_032444.4	c.2047G>A	Likely_benign FAF >0.1%, REVEL <0.29, SpliceAI<=0.1
SLX4	NM_032444.4	c.2043T>G	Benign synonymous, SpliceAI<=0.1, PhastCons<1.0
SLX4	NM_032444.4	c.2043T>A	Benign synonymous, SpliceAI<=0.1, PhastCons<1.0
SLX4	NM_032444.4	c.2026C>G	Benign synonymous, SpliceAI<=0.1, PhastCons<1.0
SLX4	NM_032444.4	c.2026C>A	Benign synonymous, SpliceAI<=0.1, PhastCons<1.0
SLX4	NM_032444.4	c.2012T>C	Benign FAF >5%
SLX4	NM_032444.4	c.2011T>G	Benign synonymous, SpliceAI<=0.1, PhastCons<1.0
SLX4	NM_032444.4	c.2011T>A	Benign synonymous, SpliceAI<=0.1, PhastCons<1.0
SLX4	NM_032444.4	c.1998G>T	Benign synonymous, SpliceAI<=0.1, PhastCons<1.0
SLX4	NM_032444.4	c.1998G>C	Benign synonymous, SpliceAI<=0.1, PhastCons<1.0
SLX4	NM_032444.4	c.1996A>T	Benign synonymous, SpliceAI<=0.1, PhastCons<1.0
SLX4	NM_032444.4	c.1996A>G	Benign synonymous, SpliceAI<=0.1, PhastCons<1.0
SLX4	NM_032444.4	c.1995C>G	Benign synonymous, SpliceAI<=0.1, PhastCons<1.0
SLX4	NM_032444.4	c.1995C>A	Benign synonymous, SpliceAI<=0.1, PhastCons<1.0
SLX4	NM_032444.4	c.1989C>G	Benign synonymous, SpliceAI<=0.1, PhastCons<1.0
SLX4	NM_032444.4	c.1989C>A	Benign synonymous, SpliceAI<=0.1, PhastCons<1.0
SLX4	NM_032444.4	c.1986G>T	Benign synonymous, SpliceAI<=0.1, PhastCons<1.0
SLX4	NM_032444.4	c.1986G>C	Benign synonymous, SpliceAI<=0.1, PhastCons<1.0
SLX4	NM_032444.4	c.1983C>G	Benign synonymous, SpliceAI<=0.1, PhastCons<1.0
SLX4	NM_032444.4	c.1983C>A	Benign synonymous, SpliceAI<=0.1, PhastCons<1.0
SLX4	NM_032444.4	c.1980G>T	Benign synonymous, SpliceAI<=0.1, PhastCons<1.0
SLX4	NM_032444.4	c.1980G>C	Benign synonymous, SpliceAI<=0.1, PhastCons<1.0
SLX4	NM_032444.4	c.1954C>G	Benign synonymous, SpliceAI<=0.1, PhastCons<1.0
SLX4	NM_032444.4	c.1954C>A	Benign synonymous, SpliceAI<=0.1, PhastCons<1.0
SLX4	NM_032444.4	c.1932C>A	Benign synonymous, SpliceAI<=0.1, PhastCons<1.0
SLX4	NM_032444.4	c.1929G>T	Benign synonymous, SpliceAI<=0.1, PhastCons<1.0
SLX4	NM_032444.4	c.1929G>C	Benign synonymous, SpliceAI<=0.1, PhastCons<1.0
SLX4	NM_032444.4	c.1927T>G	Benign synonymous, SpliceAI<=0.1, PhastCons<1.0
SLX4	NM_032444.4	c.1927T>A	Benign synonymous, SpliceAI<=0.1, PhastCons<1.0
SLX4	NM_032444.4	c.1914A>T	Benign synonymous, SpliceAI<=0.1, PhastCons<1.0
SLX4	NM_032444.4	c.1914A>C	Benign synonymous, SpliceAI<=0.1, PhastCons<1.0
SLX4	NM_032444.4	c.1900C>G	Benign synonymous, SpliceAI<=0.1, PhastCons<1.0
SLX4	NM_032444.4	c.1900C>A	Benign synonymous, SpliceAI<=0.1, PhastCons<1.0
SLX4	NM_032444.4	c.1898G>A	Likely_benign FAF >0.1%, REVEL <0.29, SpliceAI<=0.1
SLX4	NM_032444.4	c.1893T>G	Benign synonymous, SpliceAI<=0.1, PhastCons<1.0
SLX4	NM_032444.4	c.1893T>A	Benign synonymous, SpliceAI<=0.1, PhastCons<1.0
SLX4	NM_032444.4	c.1872C>G	Benign synonymous, SpliceAI<=0.1, PhastCons<1.0
SLX4	NM_032444.4	c.1872C>A	Benign synonymous, SpliceAI<=0.1, PhastCons<1.0
SLX4	NM_032444.4	c.1867C>G	Benign synonymous, SpliceAI<=0.1, PhastCons<1.0
SLX4	NM_032444.4	c.1867C>A	Benign synonymous, SpliceAI<=0.1, PhastCons<1.0
SLX4	NM_032444.4	c.1860G>T	Benign synonymous, SpliceAI<=0.1, PhastCons<1.0
SLX4	NM_032444.4	c.1860G>C	Benign synonymous, SpliceAI<=0.1, PhastCons<1.0
SLX4	NM_032444.4	c.1858A>T	Benign synonymous, SpliceAI<=0.1, PhastCons<1.0
SLX4	NM_032444.4	c.1858A>G	Benign synonymous, SpliceAI<=0.1, PhastCons<1.0
SLX4	NM_032444.4	c.1852C>G	Benign synonymous, SpliceAI<=0.1, PhastCons<1.0
SLX4	NM_032444.4	c.1852C>A	Benign synonymous, SpliceAI<=0.1, PhastCons<1.0
SLX4	NM_032444.4	c.1851C>G	Benign synonymous, SpliceAI<=0.1, PhastCons<1.0
SLX4	NM_032444.4	c.1851C>A	Benign synonymous, SpliceAI<=0.1, PhastCons<1.0
SLX4	NM_032444.4	c.1827C>G	Benign synonymous, SpliceAI<=0.1, PhastCons<1.0
SLX4	NM_032444.4	c.1827C>A	Benign synonymous, SpliceAI<=0.1, PhastCons<1.0
SLX4	NM_032444.4	c.1824G>T	Benign synonymous, SpliceAI<=0.1, PhastCons<1.0
SLX4	NM_032444.4	c.1824G>C	Benign synonymous, SpliceAI<=0.1, PhastCons<1.0
SLX4	NM_032444.4	c.1821G>C	Benign synonymous, SpliceAI<=0.1, PhastCons<1.0
SLX4	NM_032444.4	c.1818G>T	Benign synonymous, SpliceAI<=0.1, PhastCons<1.0
SLX4	NM_032444.4	c.1818G>C	Benign synonymous, SpliceAI<=0.1, PhastCons<1.0
SLX4	NM_032444.4	c.1802C>T	Likely_benign FAF >0.1%, REVEL <0.29, SpliceAI<=0.1
SLX4	NM_032444.4	c.1794G>T	Benign synonymous, SpliceAI<=0.1, PhastCons<1.0
SLX4	NM_032444.4	c.1794G>C	Benign synonymous, SpliceAI<=0.1, PhastCons<1.0
SLX4	NM_032444.4	c.1792A>T	Benign synonymous, SpliceAI<=0.1, PhastCons<1.0
SLX4	NM_032444.4	c.1792A>G	Benign synonymous, SpliceAI<=0.1, PhastCons<1.0
SLX4	NM_032444.4	c.1785T>G	Benign synonymous, SpliceAI<=0.1, PhastCons<1.0
SLX4	NM_032444.4	c.1785T>A	Benign synonymous, SpliceAI<=0.1, PhastCons<1.0
SLX4	NM_032444.4	c.1764C>G	Benign synonymous, SpliceAI<=0.1, PhastCons<1.0
SLX4	NM_032444.4	c.1764C>A	Benign synonymous, SpliceAI<=0.1, PhastCons<1.0
SLX4	NM_032444.4	c.1749G>T	Benign synonymous, SpliceAI<=0.1, PhastCons<1.0
SLX4	NM_032444.4	c.1747A>T	Benign synonymous, SpliceAI<=0.1, PhastCons<1.0
SLX4	NM_032444.4	c.1747A>G	Benign synonymous, SpliceAI<=0.1, PhastCons<1.0
SLX4	NM_032444.4	c.1744C>T	Benign synonymous, SpliceAI<=0.1, PhastCons<1.0
SLX4	NM_032444.4	c.1744C>G	Benign synonymous, SpliceAI<=0.1, PhastCons<1.0
SLX4	NM_032444.4	c.1743G>T	Benign synonymous, SpliceAI<=0.1, PhastCons<1.0
SLX4	NM_032444.4	c.1743G>C	Benign synonymous, SpliceAI<=0.1, PhastCons<1.0
SLX4	NM_032444.4	c.1740C>G	Benign synonymous, SpliceAI<=0.1, PhastCons<1.0
SLX4	NM_032444.4	c.1740C>A	Benign synonymous, SpliceAI<=0.1, PhastCons<1.0
SLX4	NM_032444.4	c.1735C>A	Benign synonymous, SpliceAI<=0.1, PhastCons<1.0
SLX4	NM_032444.4	c.1734G>T	Benign synonymous, SpliceAI<=0.1, PhastCons<1.0
SLX4	NM_032444.4	c.1734G>C	Benign synonymous, SpliceAI<=0.1, PhastCons<1.0
SLX4	NM_032444.4	c.1728C>G	Benign synonymous, SpliceAI<=0.1, PhastCons<1.0
SLX4	NM_032444.4	c.1728C>A	Benign synonymous, SpliceAI<=0.1, PhastCons<1.0
SLX4	NM_032444.4	c.1725G>T	Benign synonymous, SpliceAI<=0.1, PhastCons<1.0
SLX4	NM_032444.4	c.1725G>C	Benign synonymous, SpliceAI<=0.1, PhastCons<1.0
SLX4	NM_032444.4	c.1711C>G	Benign synonymous, SpliceAI<=0.1, PhastCons<1.0
SLX4	NM_032444.4	c.1711C>A	Benign synonymous, SpliceAI<=0.1, PhastCons<1.0
SLX4	NM_032444.4	c.1706C>T	Likely_benign FAF >0.1%, REVEL <0.29, SpliceAI<=0.1
SLX4	NM_032444.4	c.1698G>T	Benign synonymous, SpliceAI<=0.1, PhastCons<1.0
SLX4	NM_032444.4	c.1698G>C	Benign synonymous, SpliceAI<=0.1, PhastCons<1.0
SLX4	NM_032444.4	c.1695G>T	Benign synonymous, SpliceAI<=0.1, PhastCons<1.0
SLX4	NM_032444.4	c.1695G>C	Benign synonymous, SpliceAI<=0.1, PhastCons<1.0
SLX4	NM_032444.4	c.1672C>T	Benign synonymous, SpliceAI<=0.1, PhastCons<1.0
SLX4	NM_032444.4	c.1672C>G	Benign synonymous, SpliceAI<=0.1, PhastCons<1.0
SLX4	NM_032444.4	c.1671G>T	Benign synonymous, SpliceAI<=0.1, PhastCons<1.0
SLX4	NM_032444.4	c.1671G>C	Benign synonymous, SpliceAI<=0.1, PhastCons<1.0
SLX4	NM_032444.4	c.1648C>G	Benign synonymous, SpliceAI<=0.1, PhastCons<1.0
SLX4	NM_032444.4	c.1648C>A	Benign synonymous, SpliceAI<=0.1, PhastCons<1.0
SLX4	NM_032444.4	c.1647G>T	Benign synonymous, SpliceAI<=0.1, PhastCons<1.0
SLX4	NM_032444.4	c.1647G>C	Benign synonymous, SpliceAI<=0.1, PhastCons<1.0
SLX4	NM_032444.4	c.1645A>T	Benign synonymous, SpliceAI<=0.1, PhastCons<1.0
SLX4	NM_032444.4	c.1645A>G	Benign synonymous, SpliceAI<=0.1, PhastCons<1.0
SLX4	NM_032444.4	c.1637A>G	Likely_benign FAF >0.1%, REVEL <0.29, SpliceAI<=0.1
SLX4	NM_032444.4	c.1632C>G	Benign synonymous, SpliceAI<=0.1, PhastCons<1.0
SLX4	NM_032444.4	c.1632C>A	Benign synonymous, SpliceAI<=0.1, PhastCons<1.0
SLX4	NM_032444.4	c.1629G>T	Benign synonymous, SpliceAI<=0.1, PhastCons<1.0
SLX4	NM_032444.4	c.1629G>C	Benign synonymous, SpliceAI<=0.1, PhastCons<1.0
SLX4	NM_032444.4	c.1606C>G	Benign synonymous, SpliceAI<=0.1, PhastCons<1.0
SLX4	NM_032444.4	c.1606C>A	Benign synonymous, SpliceAI<=0.1, PhastCons<1.0
SLX4	NM_032444.4	c.1602C>G	Benign synonymous, SpliceAI<=0.1, PhastCons<1.0
SLX4	NM_032444.4	c.1602C>A	Benign synonymous, SpliceAI<=0.1, PhastCons<1.0
SLX4	NM_032444.4	c.1596G>T	Benign synonymous, SpliceAI<=0.1, PhastCons<1.0
SLX4	NM_032444.4	c.1596G>C	Benign synonymous, SpliceAI<=0.1, PhastCons<1.0
SLX4	NM_032444.4	c.1588C>G	Benign synonymous, SpliceAI<=0.1, PhastCons<1.0
SLX4	NM_032444.4	c.1588C>A	Benign synonymous, SpliceAI<=0.1, PhastCons<1.0
SLX4	NM_032444.4	c.1587T>G	Benign synonymous, SpliceAI<=0.1, PhastCons<1.0
SLX4	NM_032444.4	c.1587T>A	Benign synonymous, SpliceAI<=0.1, PhastCons<1.0
SLX4	NM_032444.4	c.1584C>G	Benign synonymous, SpliceAI<=0.1, PhastCons<1.0
SLX4	NM_032444.4	c.1584C>A	Benign synonymous, SpliceAI<=0.1, PhastCons<1.0
SLX4	NM_032444.4	c.1581G>T	Benign synonymous, SpliceAI<=0.1, PhastCons<1.0
SLX4	NM_032444.4	c.1581G>C	Benign synonymous, SpliceAI<=0.1, PhastCons<1.0
SLX4	NM_032444.4	c.1578G>T	Benign synonymous, SpliceAI<=0.1, PhastCons<1.0
SLX4	NM_032444.4	c.1578G>C	Benign synonymous, SpliceAI<=0.1, PhastCons<1.0
SLX4	NM_032444.4	c.1572A>T	Benign synonymous, SpliceAI<=0.1, PhastCons<1.0
SLX4	NM_032444.4	c.1572A>C	Benign synonymous, SpliceAI<=0.1, PhastCons<1.0
SLX4	NM_032444.4	c.1557T>G	Benign synonymous, SpliceAI<=0.1, PhastCons<1.0
SLX4	NM_032444.4	c.1557T>A	Benign synonymous, SpliceAI<=0.1, PhastCons<1.0
SLX4	NM_032444.4	c.1554G>T	Benign synonymous, SpliceAI<=0.1, PhastCons<1.0
SLX4	NM_032444.4	c.1554G>C	Benign synonymous, SpliceAI<=0.1, PhastCons<1.0
SLX4	NM_032444.4	c.1545A>T	Benign synonymous, SpliceAI<=0.1, PhastCons<1.0
SLX4	NM_032444.4	c.1545A>C	Benign synonymous, SpliceAI<=0.1, PhastCons<1.0
SLX4	NM_032444.4	c.1543A>T	Benign synonymous, SpliceAI<=0.1, PhastCons<1.0
SLX4	NM_032444.4	c.1543A>G	Benign synonymous, SpliceAI<=0.1, PhastCons<1.0
SLX4	NM_032444.4	c.1542A>T	Benign synonymous, SpliceAI<=0.1, PhastCons<1.0
SLX4	NM_032444.4	c.1542A>C	Benign synonymous, SpliceAI<=0.1, PhastCons<1.0
SLX4	NM_032444.4	c.1533A>T	Benign synonymous, SpliceAI<=0.1, PhastCons<1.0
SLX4	NM_032444.4	c.1533A>C	Benign synonymous, SpliceAI<=0.1, PhastCons<1.0
SLX4	NM_032444.4	c.1530G>T	Benign synonymous, SpliceAI<=0.1, PhastCons<1.0
SLX4	NM_032444.4	c.1530G>C	Benign synonymous, SpliceAI<=0.1, PhastCons<1.0
SLX4	NM_032444.4	c.1527A>T	Benign synonymous, SpliceAI<=0.1, PhastCons<1.0
SLX4	NM_032444.4	c.1527A>C	Benign synonymous, SpliceAI<=0.1, PhastCons<1.0
SLX4	NM_032444.4	c.1525T>G	Benign synonymous, SpliceAI<=0.1, PhastCons<1.0
SLX4	NM_032444.4	c.1525T>A	Benign synonymous, SpliceAI<=0.1, PhastCons<1.0
SLX4	NM_032444.4	c.1521G>T	Benign synonymous, SpliceAI<=0.1, PhastCons<1.0
SLX4	NM_032444.4	c.1521G>C	Benign synonymous, SpliceAI<=0.1, PhastCons<1.0
SLX4	NM_032444.4	c.1519A>T	Benign synonymous, SpliceAI<=0.1, PhastCons<1.0
SLX4	NM_032444.4	c.1519A>G	Benign synonymous, SpliceAI<=0.1, PhastCons<1.0
SLX4	NM_032444.4	c.1511C>G	Likely_benign FAF >0.1%, REVEL <0.29, SpliceAI<=0.1
SLX4	NM_032444.4	c.1491G>T	Benign synonymous, SpliceAI<=0.1, PhastCons<1.0
SLX4	NM_032444.4	c.1491G>C	Benign synonymous, SpliceAI<=0.1, PhastCons<1.0
SLX4	NM_032444.4	c.1489T>G	Benign synonymous, SpliceAI<=0.1, PhastCons<1.0
SLX4	NM_032444.4	c.1489T>A	Benign synonymous, SpliceAI<=0.1, PhastCons<1.0
SLX4	NM_032444.4	c.1488A>T	Benign synonymous, SpliceAI<=0.1, PhastCons<1.0
SLX4	NM_032444.4	c.1488A>C	Benign synonymous, SpliceAI<=0.1, PhastCons<1.0
SLX4	NM_032444.4	c.1482A>T	Benign synonymous, SpliceAI<=0.1, PhastCons<1.0
SLX4	NM_032444.4	c.1482A>C	Benign synonymous, SpliceAI<=0.1, PhastCons<1.0
SLX4	NM_032444.4	c.1465C>G	Benign synonymous, SpliceAI<=0.1, PhastCons<1.0
SLX4	NM_032444.4	c.1465C>A	Benign synonymous, SpliceAI<=0.1, PhastCons<1.0
SLX4	NM_032444.4	c.1455C>G	Benign synonymous, SpliceAI<=0.1, PhastCons<1.0
SLX4	NM_032444.4	c.1455C>A	Benign synonymous, SpliceAI<=0.1, PhastCons<1.0
SLX4	NM_032444.4	c.1452G>T	Benign synonymous, SpliceAI<=0.1, PhastCons<1.0
SLX4	NM_032444.4	c.1452G>C	Benign synonymous, SpliceAI<=0.1, PhastCons<1.0
SLX4	NM_032444.4	c.1446G>T	Benign synonymous, SpliceAI<=0.1, PhastCons<1.0
SLX4	NM_032444.4	c.1446G>C	Benign synonymous, SpliceAI<=0.1, PhastCons<1.0
SLX4	NM_032444.4	c.1441C>T	Benign synonymous, SpliceAI<=0.1, PhastCons<1.0
SLX4	NM_032444.4	c.1441C>G	Benign synonymous, SpliceAI<=0.1, PhastCons<1.0
SLX4	NM_032444.4	c.1431A>T	Benign synonymous, SpliceAI<=0.1, PhastCons<1.0
SLX4	NM_032444.4	c.1431A>C	Benign synonymous, SpliceAI<=0.1, PhastCons<1.0
SLX4	NM_032444.4	c.1425C>G	Benign synonymous, SpliceAI<=0.1, PhastCons<1.0
SLX4	NM_032444.4	c.1425C>A	Benign synonymous, SpliceAI<=0.1, PhastCons<1.0
SLX4	NM_032444.4	c.1422G>T	Benign synonymous, SpliceAI<=0.1, PhastCons<1.0
SLX4	NM_032444.4	c.1422G>C	Benign synonymous, SpliceAI<=0.1, PhastCons<1.0
SLX4	NM_032444.4	c.1416A>C	Benign synonymous, SpliceAI<=0.1, PhastCons<1.0
SLX4	NM_032444.4	c.1414T>G	Benign synonymous, SpliceAI<=0.1, PhastCons<1.0
SLX4	NM_032444.4	c.1414T>A	Benign synonymous, SpliceAI<=0.1, PhastCons<1.0
SLX4	NM_032444.4	c.1413G>C	Benign synonymous, SpliceAI<=0.1, PhastCons<1.0
SLX4	NM_032444.4	c.1411T>G	Benign synonymous, SpliceAI<=0.1, PhastCons<1.0
SLX4	NM_032444.4	c.1411T>A	Benign synonymous, SpliceAI<=0.1, PhastCons<1.0
SLX4	NM_032444.4	c.1410G>T	Benign synonymous, SpliceAI<=0.1, PhastCons<1.0
SLX4	NM_032444.4	c.1410G>C	Benign synonymous, SpliceAI<=0.1, PhastCons<1.0
SLX4	NM_032444.4	c.1408T>G	Benign synonymous, SpliceAI<=0.1, PhastCons<1.0
SLX4	NM_032444.4	c.1408T>A	Benign synonymous, SpliceAI<=0.1, PhastCons<1.0
SLX4	NM_032444.4	c.1389A>T	Benign synonymous, SpliceAI<=0.1, PhastCons<1.0
SLX4	NM_032444.4	c.1389A>C	Benign synonymous, SpliceAI<=0.1, PhastCons<1.0
SLX4	NM_032444.4	c.1383G>C	Benign synonymous, SpliceAI<=0.1, PhastCons<1.0
SLX4	NM_032444.4	c.1377T>G	Benign synonymous, SpliceAI<=0.1, PhastCons<1.0
SLX4	NM_032444.4	c.1377T>A	Benign synonymous, SpliceAI<=0.1, PhastCons<1.0
SLX4	NM_032444.4	c.1374A>T	Benign synonymous, SpliceAI<=0.1, PhastCons<1.0
SLX4	NM_032444.4	c.1374A>C	Benign synonymous, SpliceAI<=0.1, PhastCons<1.0
SLX4	NM_032444.4	c.1372A>G	Likely_benign FAF >0.1%, REVEL <0.29, SpliceAI<=0.1
SLX4	NM_032444.4	c.1371T>G	Benign FAF >5%
SLX4	NM_032444.4	c.1371T>A	Benign synonymous, SpliceAI<=0.1, PhastCons<1.0
SLX4	NM_032444.4	c.1368G>T	Benign synonymous, SpliceAI<=0.1, PhastCons<1.0
SLX4	NM_032444.4	c.1368G>C	Benign synonymous, SpliceAI<=0.1, PhastCons<1.0
SLX4	NM_032444.4	c.1362A>T	Benign synonymous, SpliceAI<=0.1, PhastCons<1.0
SLX4	NM_032444.4	c.1362A>C	Benign synonymous, SpliceAI<=0.1, PhastCons<1.0
SLX4	NM_032444.4	c.1356A>T	Benign synonymous, SpliceAI<=0.1, PhastCons<1.0
SLX4	NM_032444.4	c.1356A>C	Benign synonymous, SpliceAI<=0.1, PhastCons<1.0
SLX4	NM_032444.4	c.1354A>T	Benign synonymous, SpliceAI<=0.1, PhastCons<1.0
SLX4	NM_032444.4	c.1354A>G	Benign synonymous, SpliceAI<=0.1, PhastCons<1.0
SLX4	NM_032444.4	c.1350G>T	Benign synonymous, SpliceAI<=0.1, PhastCons<1.0
SLX4	NM_032444.4	c.1350G>C	Benign synonymous, SpliceAI<=0.1, PhastCons<1.0
SLX4	NM_032444.4	c.1348A>T	Benign synonymous, SpliceAI<=0.1, PhastCons<1.0
SLX4	NM_032444.4	c.1348A>G	Benign synonymous, SpliceAI<=0.1, PhastCons<1.0
SLX4	NM_032444.4	c.1347G>T	Benign synonymous, SpliceAI<=0.1, PhastCons<1.0
SLX4	NM_032444.4	c.1347G>C	Benign synonymous, SpliceAI<=0.1, PhastCons<1.0
SLX4	NM_032444.4	c.1341T>G	Benign synonymous, SpliceAI<=0.1, PhastCons<1.0
SLX4	NM_032444.4	c.1341T>A	Benign synonymous, SpliceAI<=0.1, PhastCons<1.0
SLX4	NM_032444.4	c.1335T>G	Benign synonymous, SpliceAI<=0.1, PhastCons<1.0
SLX4	NM_032444.4	c.1335T>A	Benign synonymous, SpliceAI<=0.1, PhastCons<1.0
SLX4	NM_032444.4	c.1332A>T	Benign synonymous, SpliceAI<=0.1, PhastCons<1.0
SLX4	NM_032444.4	c.1332A>C	Benign synonymous, SpliceAI<=0.1, PhastCons<1.0
SLX4	NM_032444.4	c.1327C>G	Benign synonymous, SpliceAI<=0.1, PhastCons<1.0
SLX4	NM_032444.4	c.1327C>A	Benign synonymous, SpliceAI<=0.1, PhastCons<1.0
SLX4	NM_032444.4	c.1326G>T	Benign synonymous, SpliceAI<=0.1, PhastCons<1.0
SLX4	NM_032444.4	c.1326G>C	Benign synonymous, SpliceAI<=0.1, PhastCons<1.0
SLX4	NM_032444.4	c.1324A>T	Benign synonymous, SpliceAI<=0.1, PhastCons<1.0
SLX4	NM_032444.4	c.1324A>G	Benign synonymous, SpliceAI<=0.1, PhastCons<1.0
SLX4	NM_032444.4	c.1299G>T	Benign synonymous, SpliceAI<=0.1, PhastCons<1.0
SLX4	NM_032444.4	c.1299G>C	Benign synonymous, SpliceAI<=0.1, PhastCons<1.0
SLX4	NM_032444.4	c.1285C>T	Benign synonymous, SpliceAI<=0.1, PhastCons<1.0
SLX4	NM_032444.4	c.1285C>G	Benign synonymous, SpliceAI<=0.1, PhastCons<1.0
SLX4	NM_032444.4	c.1279C>G	Benign synonymous, SpliceAI<=0.1, PhastCons<1.0
SLX4	NM_032444.4	c.1279C>A	Benign synonymous, SpliceAI<=0.1, PhastCons<1.0
SLX4	NM_032444.4	c.1264C>G	Benign synonymous, SpliceAI<=0.1, PhastCons<1.0
SLX4	NM_032444.4	c.1264C>A	Benign synonymous, SpliceAI<=0.1, PhastCons<1.0
SLX4	NM_032444.4	c.1245G>T	Benign synonymous, SpliceAI<=0.1, PhastCons<1.0
SLX4	NM_032444.4	c.1245G>C	Benign synonymous, SpliceAI<=0.1, PhastCons<1.0
SLX4	NM_032444.4	c.1242C>G	Benign synonymous, SpliceAI<=0.1, PhastCons<1.0
SLX4	NM_032444.4	c.1242C>A	Benign synonymous, SpliceAI<=0.1, PhastCons<1.0
SLX4	NM_032444.4	c.1236G>T	Benign synonymous, SpliceAI<=0.1, PhastCons<1.0
SLX4	NM_032444.4	c.1236G>C	Benign synonymous, SpliceAI<=0.1, PhastCons<1.0
SLX4	NM_032444.4	c.1231C>T	Benign synonymous, SpliceAI<=0.1, PhastCons<1.0
SLX4	NM_032444.4	c.1231C>G	Benign synonymous, SpliceAI<=0.1, PhastCons<1.0
SLX4	NM_032444.4	c.1230G>T	Benign synonymous, SpliceAI<=0.1, PhastCons<1.0
SLX4	NM_032444.4	c.1230G>C	Benign synonymous, SpliceAI<=0.1, PhastCons<1.0
SLX4	NM_032444.4	c.1222C>T	Benign synonymous, SpliceAI<=0.1, PhastCons<1.0
SLX4	NM_032444.4	c.1222C>G	Benign synonymous, SpliceAI<=0.1, PhastCons<1.0
SLX4	NM_032444.4	c.1212G>T	Benign synonymous, SpliceAI<=0.1, PhastCons<1.0
SLX4	NM_032444.4	c.1212G>C	Benign synonymous, SpliceAI<=0.1, PhastCons<1.0
SLX4	NM_032444.4	c.1209C>G	Benign synonymous, SpliceAI<=0.1, PhastCons<1.0
SLX4	NM_032444.4	c.1209C>A	Benign synonymous, SpliceAI<=0.1, PhastCons<1.0
SLX4	NM_032444.4	c.1186C>G	Benign synonymous, SpliceAI<=0.1, PhastCons<1.0
SLX4	NM_032444.4	c.1186C>A	Benign synonymous, SpliceAI<=0.1, PhastCons<1.0
SLX4	NM_032444.4	c.1182A>T	Benign synonymous, SpliceAI<=0.1, PhastCons<1.0
SLX4	NM_032444.4	c.1182A>C	Benign synonymous, SpliceAI<=0.1, PhastCons<1.0
SLX4	NM_032444.4	c.1180A>T	Benign synonymous, SpliceAI<=0.1, PhastCons<1.0
SLX4	NM_032444.4	c.1180A>G	Benign synonymous, SpliceAI<=0.1, PhastCons<1.0
SLX4	NM_032444.4	c.1179T>G	Benign synonymous, SpliceAI<=0.1, PhastCons<1.0
SLX4	NM_032444.4	c.1179T>A	Benign synonymous, SpliceAI<=0.1, PhastCons<1.0
SLX4	NM_032444.4	c.1176C>G	Benign synonymous, SpliceAI<=0.1, PhastCons<1.0
SLX4	NM_032444.4	c.1176C>A	Benign synonymous, SpliceAI<=0.1, PhastCons<1.0
SLX4	NM_032444.4	c.1173T>A	Benign synonymous, SpliceAI<=0.1, PhastCons<1.0
SLX4	NM_032444.4	c.1170T>A	Benign synonymous, SpliceAI<=0.1, PhastCons<1.0
SLX4	NM_032444.4	c.1167C>G	Benign synonymous, SpliceAI<=0.1, PhastCons<1.0
SLX4	NM_032444.4	c.1167C>A	Benign synonymous, SpliceAI<=0.1, PhastCons<1.0
SLX4	NM_032444.4	c.1164C>G	Benign synonymous, SpliceAI<=0.1, PhastCons<1.0
SLX4	NM_032444.4	c.1164C>A	Benign synonymous, SpliceAI<=0.1, PhastCons<1.0
SLX4	NM_032444.4	c.1161C>G	Benign synonymous, SpliceAI<=0.1, PhastCons<1.0
SLX4	NM_032444.4	c.1161C>A	Benign synonymous, SpliceAI<=0.1, PhastCons<1.0
SLX4	NM_032444.4	c.1156A>G	Benign FAF >5%
SLX4	NM_032444.4	c.1153C>A	Likely_benign FAF >0.1%, REVEL <0.29, SpliceAI<=0.1
SLX4	NM_032444.4	c.1149C>G	Benign synonymous, SpliceAI<=0.1, PhastCons<1.0
SLX4	NM_032444.4	c.1149C>A	Benign synonymous, SpliceAI<=0.1, PhastCons<1.0
SLX4	NM_032444.4	c.1146C>G	Benign synonymous, SpliceAI<=0.1, PhastCons<1.0
SLX4	NM_032444.4	c.1146C>A	Benign synonymous, SpliceAI<=0.1, PhastCons<1.0
SLX4	NM_032444.4	c.1143C>G	Benign synonymous, SpliceAI<=0.1, PhastCons<1.0
SLX4	NM_032444.4	c.1143C>A	Benign synonymous, SpliceAI<=0.1, PhastCons<1.0
SLX4	NM_032444.4	c.1137G>T	Benign synonymous, SpliceAI<=0.1, PhastCons<1.0
SLX4	NM_032444.4	c.1137G>C	Benign synonymous, SpliceAI<=0.1, PhastCons<1.0
SLX4	NM_032444.4	c.1131G>T	Benign synonymous, SpliceAI<=0.1, PhastCons<1.0
SLX4	NM_032444.4	c.1131G>C	Benign synonymous, SpliceAI<=0.1, PhastCons<1.0
SLX4	NM_032444.4	c.1117C>G	Benign synonymous, SpliceAI<=0.1, PhastCons<1.0
SLX4	NM_032444.4	c.1117C>A	Benign synonymous, SpliceAI<=0.1, PhastCons<1.0
SLX4	NM_032444.4	c.1114C>T	Benign synonymous, SpliceAI<=0.1, PhastCons<1.0
SLX4	NM_032444.4	c.1114C>G	Benign synonymous, SpliceAI<=0.1, PhastCons<1.0
SLX4	NM_032444.4	c.1095G>T	Benign synonymous, SpliceAI<=0.1, PhastCons<1.0
SLX4	NM_032444.4	c.1095G>C	Benign synonymous, SpliceAI<=0.1, PhastCons<1.0
SLX4	NM_032444.4	c.1083G>T	Benign synonymous, SpliceAI<=0.1, PhastCons<1.0
SLX4	NM_032444.4	c.1083G>C	Benign synonymous, SpliceAI<=0.1, PhastCons<1.0
SLX4	NM_032444.4	c.1077G>T	Benign synonymous, SpliceAI<=0.1, PhastCons<1.0
SLX4	NM_032444.4	c.1077G>C	Benign synonymous, SpliceAI<=0.1, PhastCons<1.0
SLX4	NM_032444.4	c.1068T>G	Benign synonymous, SpliceAI<=0.1, PhastCons<1.0
SLX4	NM_032444.4	c.1068T>A	Benign synonymous, SpliceAI<=0.1, PhastCons<1.0
SLX4	NM_032444.4	c.1065G>T	Benign synonymous, SpliceAI<=0.1, PhastCons<1.0
SLX4	NM_032444.4	c.1065G>C	Benign synonymous, SpliceAI<=0.1, PhastCons<1.0
SLX4	NM_032444.4	c.1062G>T	Benign synonymous, SpliceAI<=0.1, PhastCons<1.0
SLX4	NM_032444.4	c.1062G>C	Benign synonymous, SpliceAI<=0.1, PhastCons<1.0
SLX4	NM_032444.4	c.1057T>G	Benign synonymous, SpliceAI<=0.1, PhastCons<1.0
SLX4	NM_032444.4	c.1057T>A	Benign synonymous, SpliceAI<=0.1, PhastCons<1.0
SLX4	NM_032444.4	c.1056C>G	Benign synonymous, SpliceAI<=0.1, PhastCons<1.0
SLX4	NM_032444.4	c.1056C>A	Benign synonymous, SpliceAI<=0.1, PhastCons<1.0
SLX4	NM_032444.4	c.1053T>G	Benign synonymous, SpliceAI<=0.1, PhastCons<1.0
SLX4	NM_032444.4	c.1053T>A	Benign synonymous, SpliceAI<=0.1, PhastCons<1.0
SLX4	NM_032444.4	c.1047A>T	Benign synonymous, SpliceAI<=0.1, PhastCons<1.0
SLX4	NM_032444.4	c.1047A>C	Benign synonymous, SpliceAI<=0.1, PhastCons<1.0
SLX4	NM_032444.4	c.1045A>T	Benign synonymous, SpliceAI<=0.1, PhastCons<1.0
SLX4	NM_032444.4	c.1045A>G	Benign synonymous, SpliceAI<=0.1, PhastCons<1.0
SLX4	NM_032444.4	c.1038A>T	Benign synonymous, SpliceAI<=0.1, PhastCons<1.0
SLX4	NM_032444.4	c.1036T>G	Benign synonymous, SpliceAI<=0.1, PhastCons<1.0
SLX4	NM_032444.4	c.1036T>A	Benign synonymous, SpliceAI<=0.1, PhastCons<1.0
SLX4	NM_032444.4	c.1029T>G	Benign synonymous, SpliceAI<=0.1, PhastCons<1.0
SLX4	NM_032444.4	c.1029T>A	Benign synonymous, SpliceAI<=0.1, PhastCons<1.0
SLX4	NM_032444.4	c.1023A>T	Benign synonymous, SpliceAI<=0.1, PhastCons<1.0
SLX4	NM_032444.4	c.1023A>C	Benign synonymous, SpliceAI<=0.1, PhastCons<1.0
SLX4	NM_032444.4	c.1005G>T	Benign synonymous, SpliceAI<=0.1, PhastCons<1.0
SLX4	NM_032444.4	c.1005G>C	Benign synonymous, SpliceAI<=0.1, PhastCons<1.0
SLX4	NM_032444.4	c.996G>T	Benign synonymous, SpliceAI<=0.1, PhastCons<1.0
SLX4	NM_032444.4	c.996G>C	Benign synonymous, SpliceAI<=0.1, PhastCons<1.0
SLX4	NM_032444.4	c.979A>G	Benign synonymous, SpliceAI<=0.1, PhastCons<1.0
SLX4	NM_032444.4	c.976C>G	Benign synonymous, SpliceAI<=0.1, PhastCons<1.0
SLX4	NM_032444.4	c.976C>A	Benign synonymous, SpliceAI<=0.1, PhastCons<1.0
SLX4	NM_032444.4	c.972G>C	Benign synonymous, SpliceAI<=0.1, PhastCons<1.0
SLX4	NM_032444.4	c.969A>T	Benign synonymous, SpliceAI<=0.1, PhastCons<1.0
SLX4	NM_032444.4	c.969A>C	Benign synonymous, SpliceAI<=0.1, PhastCons<1.0
SLX4	NM_032444.4	c.955T>G	Benign synonymous, SpliceAI<=0.1, PhastCons<1.0
SLX4	NM_032444.4	c.955T>A	Benign synonymous, SpliceAI<=0.1, PhastCons<1.0
SLX4	NM_032444.4	c.942T>A	Benign synonymous, SpliceAI<=0.1, PhastCons<1.0
SLX4	NM_032444.4	c.936A>T	Benign synonymous, SpliceAI<=0.1, PhastCons<1.0
SLX4	NM_032444.4	c.936A>C	Benign synonymous, SpliceAI<=0.1, PhastCons<1.0
SLX4	NM_032444.4	c.931A>T	Benign synonymous, SpliceAI<=0.1, PhastCons<1.0
SLX4	NM_032444.4	c.931A>G	Benign synonymous, SpliceAI<=0.1, PhastCons<1.0
SLX4	NM_032444.4	c.928C>T	Benign synonymous, SpliceAI<=0.1, PhastCons<1.0
SLX4	NM_032444.4	c.928C>G	Benign synonymous, SpliceAI<=0.1, PhastCons<1.0
SLX4	NM_032444.4	c.921C>A	Benign synonymous, SpliceAI<=0.1, PhastCons<1.0
SLX4	NM_032444.4	c.900A>T	Benign synonymous, SpliceAI<=0.1, PhastCons<1.0
SLX4	NM_032444.4	c.900A>C	Benign synonymous, SpliceAI<=0.1, PhastCons<1.0
SLX4	NM_032444.4	c.879G>T	Benign synonymous, SpliceAI<=0.1, PhastCons<1.0
SLX4	NM_032444.4	c.879G>C	Benign synonymous, SpliceAI<=0.1, PhastCons<1.0
SLX4	NM_032444.4	c.877T>G	Benign synonymous, SpliceAI<=0.1, PhastCons<1.0
SLX4	NM_032444.4	c.873G>T	Benign synonymous, SpliceAI<=0.1, PhastCons<1.0
SLX4	NM_032444.4	c.873G>C	Benign synonymous, SpliceAI<=0.1, PhastCons<1.0
SLX4	NM_032444.4	c.870A>T	Benign synonymous, SpliceAI<=0.1, PhastCons<1.0
SLX4	NM_032444.4	c.870A>C	Benign synonymous, SpliceAI<=0.1, PhastCons<1.0
SLX4	NM_032444.4	c.867G>T	Benign synonymous, SpliceAI<=0.1, PhastCons<1.0
SLX4	NM_032444.4	c.867G>C	Benign synonymous, SpliceAI<=0.1, PhastCons<1.0
SLX4	NM_032444.4	c.861C>G	Benign synonymous, SpliceAI<=0.1, PhastCons<1.0
SLX4	NM_032444.4	c.861C>A	Benign synonymous, SpliceAI<=0.1, PhastCons<1.0
SLX4	NM_032444.4	c.858T>G	Benign synonymous, SpliceAI<=0.1, PhastCons<1.0
SLX4	NM_032444.4	c.858T>A	Benign synonymous, SpliceAI<=0.1, PhastCons<1.0
SLX4	NM_032444.4	c.855T>G	Benign synonymous, SpliceAI<=0.1, PhastCons<1.0
SLX4	NM_032444.4	c.855T>A	Benign synonymous, SpliceAI<=0.1, PhastCons<1.0
SLX4	NM_032444.4	c.852T>G	Benign synonymous, SpliceAI<=0.1, PhastCons<1.0
SLX4	NM_032444.4	c.852T>A	Benign synonymous, SpliceAI<=0.1, PhastCons<1.0
SLX4	NM_032444.4	c.832C>T	Benign synonymous, SpliceAI<=0.1, PhastCons<1.0
SLX4	NM_032444.4	c.832C>G	Benign synonymous, SpliceAI<=0.1, PhastCons<1.0
SLX4	NM_032444.4	c.828T>G	Benign synonymous, SpliceAI<=0.1, PhastCons<1.0
SLX4	NM_032444.4	c.828T>A	Benign synonymous, SpliceAI<=0.1, PhastCons<1.0
SLX4	NM_032444.4	c.825G>T	Benign synonymous, SpliceAI<=0.1, PhastCons<1.0
SLX4	NM_032444.4	c.825G>C	Benign synonymous, SpliceAI<=0.1, PhastCons<1.0
SLX4	NM_032444.4	c.822G>T	Benign synonymous, SpliceAI<=0.1, PhastCons<1.0
SLX4	NM_032444.4	c.822G>C	Benign synonymous, SpliceAI<=0.1, PhastCons<1.0
SLX4	NM_032444.4	c.810G>T	Benign synonymous, SpliceAI<=0.1, PhastCons<1.0
SLX4	NM_032444.4	c.810G>C	Benign synonymous, SpliceAI<=0.1, PhastCons<1.0
SLX4	NM_032444.4	c.808T>G	Benign synonymous, SpliceAI<=0.1, PhastCons<1.0
SLX4	NM_032444.4	c.808T>A	Benign synonymous, SpliceAI<=0.1, PhastCons<1.0
SLX4	NM_032444.4	c.795C>A	Benign synonymous, SpliceAI<=0.1, PhastCons<1.0
SLX4	NM_032444.4	c.789G>T	Benign synonymous, SpliceAI<=0.1, PhastCons<1.0
SLX4	NM_032444.4	c.789G>C	Benign synonymous, SpliceAI<=0.1, PhastCons<1.0
SLX4	NM_032444.4	c.759T>G	Benign synonymous, SpliceAI<=0.1, PhastCons<1.0
SLX4	NM_032444.4	c.759T>A	Benign synonymous, SpliceAI<=0.1, PhastCons<1.0
SLX4	NM_032444.4	c.744G>T	Benign synonymous, SpliceAI<=0.1, PhastCons<1.0
SLX4	NM_032444.4	c.744G>C	Benign synonymous, SpliceAI<=0.1, PhastCons<1.0
SLX4	NM_032444.4	c.741G>T	Benign synonymous, SpliceAI<=0.1, PhastCons<1.0
SLX4	NM_032444.4	c.741G>C	Benign synonymous, SpliceAI<=0.1, PhastCons<1.0
SLX4	NM_032444.4	c.738A>T	Benign synonymous, SpliceAI<=0.1, PhastCons<1.0
SLX4	NM_032444.4	c.738A>C	Benign synonymous, SpliceAI<=0.1, PhastCons<1.0
SLX4	NM_032444.4	c.732T>G	Benign synonymous, SpliceAI<=0.1, PhastCons<1.0
SLX4	NM_032444.4	c.732T>A	Benign synonymous, SpliceAI<=0.1, PhastCons<1.0
SLX4	NM_032444.4	c.729G>T	Benign synonymous, SpliceAI<=0.1, PhastCons<1.0
SLX4	NM_032444.4	c.729G>C	Benign synonymous, SpliceAI<=0.1, PhastCons<1.0
SLX4	NM_032444.4	c.720T>G	Benign synonymous, SpliceAI<=0.1, PhastCons<1.0
SLX4	NM_032444.4	c.720T>A	Benign synonymous, SpliceAI<=0.1, PhastCons<1.0
SLX4	NM_032444.4	c.718A>G	Likely_benign FAF >0.1%, REVEL <0.29, SpliceAI<=0.1
SLX4	NM_032444.4	c.717A>T	Benign synonymous, SpliceAI<=0.1, PhastCons<1.0
SLX4	NM_032444.4	c.717A>C	Benign synonymous, SpliceAI<=0.1, PhastCons<1.0
SLX4	NM_032444.4	c.714A>T	Benign synonymous, SpliceAI<=0.1, PhastCons<1.0
SLX4	NM_032444.4	c.714A>C	Benign synonymous, SpliceAI<=0.1, PhastCons<1.0
SLX4	NM_032444.4	c.710G>A	Likely_benign FAF >0.1%, REVEL <0.29, SpliceAI<=0.1
SLX4	NM_032444.4	c.709C>T	Benign synonymous, SpliceAI<=0.1, PhastCons<1.0
SLX4	NM_032444.4	c.709C>G	Benign synonymous, SpliceAI<=0.1, PhastCons<1.0
SLX4	NM_032444.4	c.702G>T	Benign synonymous, SpliceAI<=0.1, PhastCons<1.0
SLX4	NM_032444.4	c.702G>C	Benign synonymous, SpliceAI<=0.1, PhastCons<1.0
SLX4	NM_032444.4	c.693C>G	Benign synonymous, SpliceAI<=0.1, PhastCons<1.0
SLX4	NM_032444.4	c.693C>A	Benign synonymous, SpliceAI<=0.1, PhastCons<1.0
SLX4	NM_032444.4	c.690G>T	Benign synonymous, SpliceAI<=0.1, PhastCons<1.0
SLX4	NM_032444.4	c.690G>C	Benign synonymous, SpliceAI<=0.1, PhastCons<1.0
SLX4	NM_032444.4	c.687A>T	Benign synonymous, SpliceAI<=0.1, PhastCons<1.0
SLX4	NM_032444.4	c.687A>C	Benign synonymous, SpliceAI<=0.1, PhastCons<1.0
SLX4	NM_032444.4	c.678C>G	Benign synonymous, SpliceAI<=0.1, PhastCons<1.0
SLX4	NM_032444.4	c.678C>A	Benign synonymous, SpliceAI<=0.1, PhastCons<1.0
SLX4	NM_032444.4	c.675A>T	Benign synonymous, SpliceAI<=0.1, PhastCons<1.0
SLX4	NM_032444.4	c.675A>C	Benign synonymous, SpliceAI<=0.1, PhastCons<1.0
SLX4	NM_032444.4	c.673A>T	Benign synonymous, SpliceAI<=0.1, PhastCons<1.0
SLX4	NM_032444.4	c.673A>G	Benign synonymous, SpliceAI<=0.1, PhastCons<1.0
SLX4	NM_032444.4	c.670T>G	Benign synonymous, SpliceAI<=0.1, PhastCons<1.0
SLX4	NM_032444.4	c.670T>A	Benign synonymous, SpliceAI<=0.1, PhastCons<1.0
SLX4	NM_032444.4	c.666G>T	Benign synonymous, SpliceAI<=0.1, PhastCons<1.0
SLX4	NM_032444.4	c.666G>C	Benign synonymous, SpliceAI<=0.1, PhastCons<1.0
SLX4	NM_032444.4	c.660C>G	Benign synonymous, SpliceAI<=0.1, PhastCons<1.0
SLX4	NM_032444.4	c.660C>A	Benign synonymous, SpliceAI<=0.1, PhastCons<1.0
SLX4	NM_032444.4	c.628C>G	Benign synonymous, SpliceAI<=0.1, PhastCons<1.0
SLX4	NM_032444.4	c.628C>A	Benign synonymous, SpliceAI<=0.1, PhastCons<1.0
SLX4	NM_032444.4	c.622T>G	Benign synonymous, SpliceAI<=0.1, PhastCons<1.0
SLX4	NM_032444.4	c.622T>A	Benign synonymous, SpliceAI<=0.1, PhastCons<1.0
SLX4	NM_032444.4	c.610C>T	Benign FAF >5%
SLX4	NM_032444.4	c.606A>T	Benign synonymous, SpliceAI<=0.1, PhastCons<1.0
SLX4	NM_032444.4	c.606A>C	Benign synonymous, SpliceAI<=0.1, PhastCons<1.0
SLX4	NM_032444.4	c.597T>G	Benign synonymous, SpliceAI<=0.1, PhastCons<1.0
SLX4	NM_032444.4	c.597T>A	Benign synonymous, SpliceAI<=0.1, PhastCons<1.0
SLX4	NM_032444.4	c.590T>C	Likely_benign FAF >0.1%, REVEL <0.29, SpliceAI<=0.1
SLX4	NM_032444.4	c.577T>G	Benign synonymous, SpliceAI<=0.1, PhastCons<1.0
SLX4	NM_032444.4	c.577T>A	Benign synonymous, SpliceAI<=0.1, PhastCons<1.0
SLX4	NM_032444.4	c.576T>G	Benign synonymous, SpliceAI<=0.1, PhastCons<1.0
SLX4	NM_032444.4	c.576T>A	Benign synonymous, SpliceAI<=0.1, PhastCons<1.0
SLX4	NM_032444.4	c.555C>G	Benign synonymous, SpliceAI<=0.1, PhastCons<1.0
SLX4	NM_032444.4	c.555C>A	Benign synonymous, SpliceAI<=0.1, PhastCons<1.0
SLX4	NM_032444.4	c.552C>A	Benign synonymous, SpliceAI<=0.1, PhastCons<1.0
SLX4	NM_032444.4	c.549C>G	Benign synonymous, SpliceAI<=0.1, PhastCons<1.0
SLX4	NM_032444.4	c.549C>A	Benign synonymous, SpliceAI<=0.1, PhastCons<1.0
SLX4	NM_032444.4	c.540T>A	Benign synonymous, SpliceAI<=0.1, PhastCons<1.0
SLX4	NM_032444.4	c.537G>T	Benign synonymous, SpliceAI<=0.1, PhastCons<1.0
SLX4	NM_032444.4	c.537G>C	Benign synonymous, SpliceAI<=0.1, PhastCons<1.0
SLX4	NM_032444.4	c.532A>T	Benign synonymous, SpliceAI<=0.1, PhastCons<1.0
SLX4	NM_032444.4	c.532A>G	Benign synonymous, SpliceAI<=0.1, PhastCons<1.0
SLX4	NM_032444.4	c.528A>T	Benign synonymous, SpliceAI<=0.1, PhastCons<1.0
SLX4	NM_032444.4	c.528A>C	Benign synonymous, SpliceAI<=0.1, PhastCons<1.0
SLX4	NM_032444.4	c.525G>T	Benign synonymous, SpliceAI<=0.1, PhastCons<1.0
SLX4	NM_032444.4	c.525G>C	Benign synonymous, SpliceAI<=0.1, PhastCons<1.0
SLX4	NM_032444.4	c.522A>T	Benign synonymous, SpliceAI<=0.1, PhastCons<1.0
SLX4	NM_032444.4	c.522A>C	Benign synonymous, SpliceAI<=0.1, PhastCons<1.0
SLX4	NM_032444.4	c.520A>T	Benign synonymous, SpliceAI<=0.1, PhastCons<1.0
SLX4	NM_032444.4	c.520A>G	Benign synonymous, SpliceAI<=0.1, PhastCons<1.0
SLX4	NM_032444.4	c.513C>G	Benign synonymous, SpliceAI<=0.1, PhastCons<1.0
SLX4	NM_032444.4	c.513C>A	Benign synonymous, SpliceAI<=0.1, PhastCons<1.0
SLX4	NM_032444.4	c.501A>T	Benign synonymous, SpliceAI<=0.1, PhastCons<1.0
SLX4	NM_032444.4	c.501A>C	Benign synonymous, SpliceAI<=0.1, PhastCons<1.0
SLX4	NM_032444.4	c.498A>T	Benign synonymous, SpliceAI<=0.1, PhastCons<1.0
SLX4	NM_032444.4	c.498A>C	Benign synonymous, SpliceAI<=0.1, PhastCons<1.0
SLX4	NM_032444.4	c.495G>T	Benign synonymous, SpliceAI<=0.1, PhastCons<1.0
SLX4	NM_032444.4	c.495G>C	Benign synonymous, SpliceAI<=0.1, PhastCons<1.0
SLX4	NM_032444.4	c.492C>A	Benign synonymous, SpliceAI<=0.1, PhastCons<1.0
SLX4	NM_032444.4	c.483G>T	Benign synonymous, SpliceAI<=0.1, PhastCons<1.0
SLX4	NM_032444.4	c.483G>C	Benign synonymous, SpliceAI<=0.1, PhastCons<1.0
SLX4	NM_032444.4	c.477C>G	Benign synonymous, SpliceAI<=0.1, PhastCons<1.0
SLX4	NM_032444.4	c.477C>A	Benign synonymous, SpliceAI<=0.1, PhastCons<1.0
SLX4	NM_032444.4	c.474A>T	Benign synonymous, SpliceAI<=0.1, PhastCons<1.0
SLX4	NM_032444.4	c.474A>C	Benign synonymous, SpliceAI<=0.1, PhastCons<1.0
SLX4	NM_032444.4	c.465A>T	Benign synonymous, SpliceAI<=0.1, PhastCons<1.0
SLX4	NM_032444.4	c.465A>C	Benign synonymous, SpliceAI<=0.1, PhastCons<1.0
SLX4	NM_032444.4	c.460C>T	Benign synonymous, SpliceAI<=0.1, PhastCons<1.0
SLX4	NM_032444.4	c.460C>G	Benign synonymous, SpliceAI<=0.1, PhastCons<1.0
SLX4	NM_032444.4	c.447T>G	Benign synonymous, SpliceAI<=0.1, PhastCons<1.0
SLX4	NM_032444.4	c.447T>A	Benign synonymous, SpliceAI<=0.1, PhastCons<1.0
SLX4	NM_032444.4	c.422G>T	Likely_benign FAF >0.1%, REVEL <0.29, SpliceAI<=0.1
SLX4	NM_032444.4	c.420G>T	Benign synonymous, SpliceAI<=0.1, PhastCons<1.0
SLX4	NM_032444.4	c.420G>C	Benign synonymous, SpliceAI<=0.1, PhastCons<1.0
SLX4	NM_032444.4	c.414T>G	Benign synonymous, SpliceAI<=0.1, PhastCons<1.0
SLX4	NM_032444.4	c.414T>A	Benign synonymous, SpliceAI<=0.1, PhastCons<1.0
SLX4	NM_032444.4	c.405C>G	Benign synonymous, SpliceAI<=0.1, PhastCons<1.0
SLX4	NM_032444.4	c.405C>A	Benign synonymous, SpliceAI<=0.1, PhastCons<1.0
SLX4	NM_032444.4	c.396A>T	Benign synonymous, SpliceAI<=0.1, PhastCons<1.0
SLX4	NM_032444.4	c.396A>C	Benign synonymous, SpliceAI<=0.1, PhastCons<1.0
SLX4	NM_032444.4	c.393T>G	Benign synonymous, SpliceAI<=0.1, PhastCons<1.0
SLX4	NM_032444.4	c.393T>A	Benign synonymous, SpliceAI<=0.1, PhastCons<1.0
SLX4	NM_032444.4	c.387A>T	Benign synonymous, SpliceAI<=0.1, PhastCons<1.0
SLX4	NM_032444.4	c.387A>C	Benign synonymous, SpliceAI<=0.1, PhastCons<1.0
SLX4	NM_032444.4	c.381A>T	Benign synonymous, SpliceAI<=0.1, PhastCons<1.0
SLX4	NM_032444.4	c.381A>C	Benign synonymous, SpliceAI<=0.1, PhastCons<1.0
SLX4	NM_032444.4	c.372G>T	Benign synonymous, SpliceAI<=0.1, PhastCons<1.0
SLX4	NM_032444.4	c.372G>C	Benign synonymous, SpliceAI<=0.1, PhastCons<1.0
SLX4	NM_032444.4	c.370A>T	Benign synonymous, SpliceAI<=0.1, PhastCons<1.0
SLX4	NM_032444.4	c.370A>G	Benign synonymous, SpliceAI<=0.1, PhastCons<1.0
SLX4	NM_032444.4	c.369A>T	Benign synonymous, SpliceAI<=0.1, PhastCons<1.0
SLX4	NM_032444.4	c.369A>C	Benign synonymous, SpliceAI<=0.1, PhastCons<1.0
SLX4	NM_032444.4	c.366G>T	Benign synonymous, SpliceAI<=0.1, PhastCons<1.0
SLX4	NM_032444.4	c.366G>C	Benign synonymous, SpliceAI<=0.1, PhastCons<1.0
SLX4	NM_032444.4	c.363A>T	Benign synonymous, SpliceAI<=0.1, PhastCons<1.0
SLX4	NM_032444.4	c.363A>C	Benign synonymous, SpliceAI<=0.1, PhastCons<1.0
SLX4	NM_032444.4	c.357G>T	Benign synonymous, SpliceAI<=0.1, PhastCons<1.0
SLX4	NM_032444.4	c.357G>C	Benign synonymous, SpliceAI<=0.1, PhastCons<1.0
SLX4	NM_032444.4	c.355A>T	Benign synonymous, SpliceAI<=0.1, PhastCons<1.0
SLX4	NM_032444.4	c.355A>G	Benign synonymous, SpliceAI<=0.1, PhastCons<1.0
SLX4	NM_032444.4	c.348G>T	Benign synonymous, SpliceAI<=0.1, PhastCons<1.0
SLX4	NM_032444.4	c.348G>C	Benign synonymous, SpliceAI<=0.1, PhastCons<1.0
SLX4	NM_032444.4	c.345C>G	Benign synonymous, SpliceAI<=0.1, PhastCons<1.0
SLX4	NM_032444.4	c.345C>A	Benign synonymous, SpliceAI<=0.1, PhastCons<1.0
SLX4	NM_032444.4	c.330A>T	Benign synonymous, SpliceAI<=0.1, PhastCons<1.0
SLX4	NM_032444.4	c.330A>C	Benign synonymous, SpliceAI<=0.1, PhastCons<1.0
SLX4	NM_032444.4	c.327G>T	Benign synonymous, SpliceAI<=0.1, PhastCons<1.0
SLX4	NM_032444.4	c.327G>C	Benign synonymous, SpliceAI<=0.1, PhastCons<1.0
SLX4	NM_032444.4	c.324G>T	Benign synonymous, SpliceAI<=0.1, PhastCons<1.0
SLX4	NM_032444.4	c.324G>C	Benign synonymous, SpliceAI<=0.1, PhastCons<1.0
SLX4	NM_032444.4	c.316C>T	Likely_benign FAF >0.1%, REVEL <0.29, SpliceAI<=0.1
SLX4	NM_032444.4	c.312A>T	Benign synonymous, SpliceAI<=0.1, PhastCons<1.0
SLX4	NM_032444.4	c.312A>C	Benign synonymous, SpliceAI<=0.1, PhastCons<1.0
SLX4	NM_032444.4	c.303A>T	Benign synonymous, SpliceAI<=0.1, PhastCons<1.0
SLX4	NM_032444.4	c.303A>C	Benign synonymous, SpliceAI<=0.1, PhastCons<1.0
SLX4	NM_032444.4	c.297G>T	Benign synonymous, SpliceAI<=0.1, PhastCons<1.0
SLX4	NM_032444.4	c.297G>C	Benign synonymous, SpliceAI<=0.1, PhastCons<1.0
SLX4	NM_032444.4	c.285A>T	Benign synonymous, SpliceAI<=0.1, PhastCons<1.0
SLX4	NM_032444.4	c.285A>C	Benign synonymous, SpliceAI<=0.1, PhastCons<1.0
SLX4	NM_032444.4	c.282A>T	Benign synonymous, SpliceAI<=0.1, PhastCons<1.0
SLX4	NM_032444.4	c.282A>C	Benign synonymous, SpliceAI<=0.1, PhastCons<1.0
SLX4	NM_032444.4	c.276G>T	Benign synonymous, SpliceAI<=0.1, PhastCons<1.0
SLX4	NM_032444.4	c.276G>C	Benign synonymous, SpliceAI<=0.1, PhastCons<1.0
SLX4	NM_032444.4	c.274A>T	Benign synonymous, SpliceAI<=0.1, PhastCons<1.0
SLX4	NM_032444.4	c.274A>G	Benign synonymous, SpliceAI<=0.1, PhastCons<1.0
SLX4	NM_032444.4	c.273A>T	Benign synonymous, SpliceAI<=0.1, PhastCons<1.0
SLX4	NM_032444.4	c.273A>C	Benign synonymous, SpliceAI<=0.1, PhastCons<1.0
SLX4	NM_032444.4	c.270G>T	Benign synonymous, SpliceAI<=0.1, PhastCons<1.0
SLX4	NM_032444.4	c.270G>C	Benign synonymous, SpliceAI<=0.1, PhastCons<1.0
SLX4	NM_032444.4	c.268T>G	Benign synonymous, SpliceAI<=0.1, PhastCons<1.0
SLX4	NM_032444.4	c.268T>A	Benign synonymous, SpliceAI<=0.1, PhastCons<1.0
SLX4	NM_032444.4	c.267A>T	Benign synonymous, SpliceAI<=0.1, PhastCons<1.0
SLX4	NM_032444.4	c.267A>C	Benign synonymous, SpliceAI<=0.1, PhastCons<1.0
SLX4	NM_032444.4	c.264C>G	Benign synonymous, SpliceAI<=0.1, PhastCons<1.0
SLX4	NM_032444.4	c.264C>A	Benign synonymous, SpliceAI<=0.1, PhastCons<1.0
SLX4	NM_032444.4	c.261A>T	Benign synonymous, SpliceAI<=0.1, PhastCons<1.0
SLX4	NM_032444.4	c.261A>C	Benign synonymous, SpliceAI<=0.1, PhastCons<1.0
SLX4	NM_032444.4	c.259A>T	Benign synonymous, SpliceAI<=0.1, PhastCons<1.0
SLX4	NM_032444.4	c.259A>G	Benign synonymous, SpliceAI<=0.1, PhastCons<1.0
SLX4	NM_032444.4	c.255G>T	Benign synonymous, SpliceAI<=0.1, PhastCons<1.0
SLX4	NM_032444.4	c.255G>C	Benign synonymous, SpliceAI<=0.1, PhastCons<1.0
SLX4	NM_032444.4	c.246C>G	Benign synonymous, SpliceAI<=0.1, PhastCons<1.0
SLX4	NM_032444.4	c.246C>A	Benign synonymous, SpliceAI<=0.1, PhastCons<1.0
SLX4	NM_032444.4	c.234G>T	Benign synonymous, SpliceAI<=0.1, PhastCons<1.0
SLX4	NM_032444.4	c.234G>C	Benign synonymous, SpliceAI<=0.1, PhastCons<1.0
SLX4	NM_032444.4	c.231A>T	Benign synonymous, SpliceAI<=0.1, PhastCons<1.0
SLX4	NM_032444.4	c.231A>C	Benign synonymous, SpliceAI<=0.1, PhastCons<1.0
SLX4	NM_032444.4	c.225G>T	Benign synonymous, SpliceAI<=0.1, PhastCons<1.0
SLX4	NM_032444.4	c.225G>C	Benign synonymous, SpliceAI<=0.1, PhastCons<1.0
SLX4	NM_032444.4	c.222G>T	Benign synonymous, SpliceAI<=0.1, PhastCons<1.0
SLX4	NM_032444.4	c.222G>C	Benign synonymous, SpliceAI<=0.1, PhastCons<1.0
SLX4	NM_032444.4	c.220A>T	Benign synonymous, SpliceAI<=0.1, PhastCons<1.0
SLX4	NM_032444.4	c.220A>G	Benign synonymous, SpliceAI<=0.1, PhastCons<1.0
SLX4	NM_032444.4	c.219A>T	Benign synonymous, SpliceAI<=0.1, PhastCons<1.0
SLX4	NM_032444.4	c.219A>C	Benign synonymous, SpliceAI<=0.1, PhastCons<1.0
SLX4	NM_032444.4	c.207A>T	Benign synonymous, SpliceAI<=0.1, PhastCons<1.0
SLX4	NM_032444.4	c.207A>C	Benign synonymous, SpliceAI<=0.1, PhastCons<1.0
SLX4	NM_032444.4	c.204G>T	Benign synonymous, SpliceAI<=0.1, PhastCons<1.0
SLX4	NM_032444.4	c.204G>C	Benign synonymous, SpliceAI<=0.1, PhastCons<1.0
SLX4	NM_032444.4	c.195T>G	Benign synonymous, SpliceAI<=0.1, PhastCons<1.0
SLX4	NM_032444.4	c.195T>A	Benign synonymous, SpliceAI<=0.1, PhastCons<1.0
SLX4	NM_032444.4	c.192A>T	Benign synonymous, SpliceAI<=0.1, PhastCons<1.0
SLX4	NM_032444.4	c.192A>C	Benign synonymous, SpliceAI<=0.1, PhastCons<1.0
SLX4	NM_032444.4	c.189A>T	Benign synonymous, SpliceAI<=0.1, PhastCons<1.0
SLX4	NM_032444.4	c.189A>C	Benign synonymous, SpliceAI<=0.1, PhastCons<1.0
SLX4	NM_032444.4	c.174T>G	Benign synonymous, SpliceAI<=0.1, PhastCons<1.0
SLX4	NM_032444.4	c.174T>A	Benign synonymous, SpliceAI<=0.1, PhastCons<1.0
SLX4	NM_032444.4	c.165C>G	Benign synonymous, SpliceAI<=0.1, PhastCons<1.0
SLX4	NM_032444.4	c.156A>T	Benign synonymous, SpliceAI<=0.1, PhastCons<1.0
SLX4	NM_032444.4	c.156A>C	Benign synonymous, SpliceAI<=0.1, PhastCons<1.0
SLX4	NM_032444.4	c.147G>T	Benign synonymous, SpliceAI<=0.1, PhastCons<1.0
SLX4	NM_032444.4	c.147G>C	Benign synonymous, SpliceAI<=0.1, PhastCons<1.0
SLX4	NM_032444.4	c.144T>G	Benign synonymous, SpliceAI<=0.1, PhastCons<1.0
SLX4	NM_032444.4	c.144T>A	Benign synonymous, SpliceAI<=0.1, PhastCons<1.0
SLX4	NM_032444.4	c.138G>T	Benign synonymous, SpliceAI<=0.1, PhastCons<1.0
SLX4	NM_032444.4	c.138G>C	Benign synonymous, SpliceAI<=0.1, PhastCons<1.0
SLX4	NM_032444.4	c.126G>T	Benign synonymous, SpliceAI<=0.1, PhastCons<1.0
SLX4	NM_032444.4	c.126G>C	Benign synonymous, SpliceAI<=0.1, PhastCons<1.0
SLX4	NM_032444.4	c.117A>T	Benign synonymous, SpliceAI<=0.1, PhastCons<1.0
SLX4	NM_032444.4	c.117A>C	Benign synonymous, SpliceAI<=0.1, PhastCons<1.0
SLX4	NM_032444.4	c.111C>G	Benign synonymous, SpliceAI<=0.1, PhastCons<1.0
SLX4	NM_032444.4	c.111C>A	Benign synonymous, SpliceAI<=0.1, PhastCons<1.0
SLX4	NM_032444.4	c.108A>T	Benign synonymous, SpliceAI<=0.1, PhastCons<1.0
SLX4	NM_032444.4	c.108A>C	Benign synonymous, SpliceAI<=0.1, PhastCons<1.0
SLX4	NM_032444.4	c.102G>T	Benign synonymous, SpliceAI<=0.1, PhastCons<1.0
SLX4	NM_032444.4	c.102G>C	Benign synonymous, SpliceAI<=0.1, PhastCons<1.0
SLX4	NM_032444.4	c.99C>G	Benign synonymous, SpliceAI<=0.1, PhastCons<1.0
SLX4	NM_032444.4	c.99C>A	Benign synonymous, SpliceAI<=0.1, PhastCons<1.0
SLX4	NM_032444.4	c.96A>T	Benign synonymous, SpliceAI<=0.1, PhastCons<1.0
SLX4	NM_032444.4	c.96A>C	Benign synonymous, SpliceAI<=0.1, PhastCons<1.0
SLX4	NM_032444.4	c.81C>G	Benign synonymous, SpliceAI<=0.1, PhastCons<1.0
SLX4	NM_032444.4	c.81C>A	Benign synonymous, SpliceAI<=0.1, PhastCons<1.0
SLX4	NM_032444.4	c.69T>G	Benign synonymous, SpliceAI<=0.1, PhastCons<1.0
SLX4	NM_032444.4	c.69T>A	Benign synonymous, SpliceAI<=0.1, PhastCons<1.0
SLX4	NM_032444.4	c.58C>G	Benign synonymous, SpliceAI<=0.1, PhastCons<1.0
SLX4	NM_032444.4	c.58C>A	Benign synonymous, SpliceAI<=0.1, PhastCons<1.0
SLX4	NM_032444.4	c.57T>A	Benign synonymous, SpliceAI<=0.1, PhastCons<1.0
SLX4	NM_032444.4	c.42G>T	Benign synonymous, SpliceAI<=0.1, PhastCons<1.0
SLX4	NM_032444.4	c.42G>C	Benign synonymous, SpliceAI<=0.1, PhastCons<1.0
SLX4	NM_032444.4	c.40T>G	Benign synonymous, SpliceAI<=0.1, PhastCons<1.0
SLX4	NM_032444.4	c.40T>A	Benign synonymous, SpliceAI<=0.1, PhastCons<1.0
SLX4	NM_032444.4	c.39C>G	Benign synonymous, SpliceAI<=0.1, PhastCons<1.0
SLX4	NM_032444.4	c.39C>A	Benign synonymous, SpliceAI<=0.1, PhastCons<1.0
SLX4	NM_032444.4	c.36C>G	Benign synonymous, SpliceAI<=0.1, PhastCons<1.0
SLX4	NM_032444.4	c.36C>A	Benign synonymous, SpliceAI<=0.1, PhastCons<1.0
SLX4	NM_032444.4	c.28C>G	Benign synonymous, SpliceAI<=0.1, PhastCons<1.0
SLX4	NM_032444.4	c.28C>A	Benign synonymous, SpliceAI<=0.1, PhastCons<1.0
SLX4	NM_032444.4	c.27G>T	Benign synonymous, SpliceAI<=0.1, PhastCons<1.0
SLX4	NM_032444.4	c.27G>C	Benign synonymous, SpliceAI<=0.1, PhastCons<1.0
SLX4	NM_032444.4	c.21G>T	Benign synonymous, SpliceAI<=0.1, PhastCons<1.0
SLX4	NM_032444.4	c.21G>C	Benign synonymous, SpliceAI<=0.1, PhastCons<1.0
SLX4	NM_032444.4	c.18T>G	Benign synonymous, SpliceAI<=0.1, PhastCons<1.0
SLX4	NM_032444.4	c.18T>A	Benign synonymous, SpliceAI<=0.1, PhastCons<1.0
SLX4	NM_032444.4	c.12T>G	Benign synonymous, SpliceAI<=0.1, PhastCons<1.0
SLX4	NM_032444.4	c.12T>A	Benign synonymous, SpliceAI<=0.1, PhastCons<1.0
SLX4	NM_032444.4	c.7C>G	Benign synonymous, SpliceAI<=0.1, PhastCons<1.0
SLX4	NM_032444.4	c.7C>A	Benign synonymous, SpliceAI<=0.1, PhastCons<1.0
SLX4	NM_032444.4	c.6A>T	Benign synonymous, SpliceAI<=0.1, PhastCons<1.0
SLX4	NM_032444.4	c.6A>C	Benign synonymous, SpliceAI<=0.1, PhastCons<1.0
SMAD4	NM_005359.6	c.1455A>C	Benign synonymous, SpliceAI<=0.1, PhastCons<1.0, PhyloP<0.1
SMAD4	NM_005359.6	c.1455A>G	Benign synonymous, SpliceAI<=0.1, PhastCons<1.0, PhyloP<0.1
SMAD4	NM_005359.6	c.1455A>T	Benign synonymous, SpliceAI<=0.1, PhastCons<1.0, PhyloP<0.1
SMARCA4	NM_001128849.2	c.589-1G>C (VV_FLAGGED:intergenic)	Benign synonymous, SpliceAI<=0.1, PhastCons<1.0, PhyloP<0.1
SMARCA4	NM_001128849.2	c.589-1G>T (VV_FLAGGED:intergenic)	Benign synonymous, SpliceAI<=0.1, PhastCons<1.0, PhyloP<0.1
SMARCA4	NM_001128849.2	c.1270C>A (VV_FLAGGED:intergenic)	Benign synonymous, SpliceAI<=0.1, PhastCons<1.0
SMARCA4	NM_001128849.2	c.2002-1G>A (VV_FLAGGED:intergenic)	Benign synonymous, SpliceAI<=0.1, PhastCons<1.0, PhyloP<0.1
SMARCA4	NM_001128849.2	c.2002-1G>C (VV_FLAGGED:intergenic)	Benign synonymous, SpliceAI<=0.1, PhastCons<1.0, PhyloP<0.1
SMARCA4	NM_001128849.2	c.2002-1G>T (VV_FLAGGED:intergenic)	Benign synonymous, SpliceAI<=0.1, PhastCons<1.0, PhyloP<0.1
SMARCA4	NM_001128849.2	c.579G>C (VV_FLAGGED:intergenic)	Benign synonymous, SpliceAI<=0.1, PhastCons<1.0
SMARCA4	NM_001128849.2	c.579G>T (VV_FLAGGED:intergenic)	Benign synonymous, SpliceAI<=0.1, PhastCons<1.0
SMARCE1	NM_003079.5	c.1028-8G>T	Benign synonymous, SpliceAI<=0.1, PhastCons<1.0
SMARCE1	NM_003079.5	c.1028-8G>C	Benign synonymous, SpliceAI<=0.1, PhastCons<1.0
SMARCE1	NM_003079.5	c.715-4G>T	Benign synonymous, SpliceAI<=0.1, PhastCons<1.0
SMARCE1	NM_003079.5	c.715-4G>C	Benign synonymous, SpliceAI<=0.1, PhastCons<1.0
SMARCE1	NM_003079.5	c.715-13T>A	Benign synonymous, SpliceAI<=0.1, PhastCons<1.0
STK11	NM_000455.5	c.465-12T>G	Benign synonymous, SpliceAI<=0.1, PhastCons<1.0
STK11	NM_000455.5	c.1119A>G	Benign synonymous, SpliceAI<=0.1, PhastCons<1.0
STK11	NM_000455.5	c.1119A>T	Benign synonymous, SpliceAI<=0.1, PhastCons<1.0
STK11	NM_000455.5	c.1121A>C	Benign synonymous, SpliceAI<=0.1, PhastCons<1.0
STK11	NM_000455.5	c.1121A>T	Benign synonymous, SpliceAI<=0.1, PhastCons<1.0
STK11	NM_000455.5	c.1122A>G	Benign synonymous, SpliceAI<=0.1, PhastCons<1.0
STK11	NM_000455.5	c.1122A>T	Benign synonymous, SpliceAI<=0.1, PhastCons<1.0
STK11	NM_000455.5	c.1133G>C	Benign synonymous, SpliceAI<=0.1, PhastCons<1.0
STK11	NM_000455.5	c.1133G>T	Benign synonymous, SpliceAI<=0.1, PhastCons<1.0
STK11	NM_000455.5	c.1139A>C	Benign synonymous, SpliceAI<=0.1, PhastCons<1.0
STK11	NM_000455.5	c.1139A>T	Benign synonymous, SpliceAI<=0.1, PhastCons<1.0
STK11	NM_000455.5	c.1179C>G	Benign synonymous, SpliceAI<=0.1, PhastCons<1.0
STK11	NM_000455.5	c.1179C>T	Benign synonymous, SpliceAI<=0.1, PhastCons<1.0
STK11	NM_000455.5	c.1184C>A	Benign synonymous, SpliceAI<=0.1, PhastCons<1.0
STK11	NM_000455.5	c.1184C>G	Benign synonymous, SpliceAI<=0.1, PhastCons<1.0
STK11	NM_000455.5	c.1185A>G	Benign synonymous, SpliceAI<=0.1, PhastCons<1.0
STK11	NM_000455.5	c.1185A>T	Benign synonymous, SpliceAI<=0.1, PhastCons<1.0
STK11	NM_000455.5	c.1202G>C	Benign synonymous, SpliceAI<=0.1, PhastCons<1.0
STK11	NM_000455.5	c.1202G>T	Benign synonymous, SpliceAI<=0.1, PhastCons<1.0
STK11	NM_000455.5	c.1205C>A	Benign synonymous, SpliceAI<=0.1, PhastCons<1.0
STK11	NM_000455.5	c.1205C>G	Benign synonymous, SpliceAI<=0.1, PhastCons<1.0
STK11	NM_000455.5	c.1208A>C	Benign synonymous, SpliceAI<=0.1, PhastCons<1.0
STK11	NM_000455.5	c.1208A>T	Benign synonymous, SpliceAI<=0.1, PhastCons<1.0
STK11	NM_000455.5	c.1214G>C	Benign synonymous, SpliceAI<=0.1, PhastCons<1.0
STK11	NM_000455.5	c.1214G>T	Benign synonymous, SpliceAI<=0.1, PhastCons<1.0
STK11	NM_000455.5	c.1241C>A	Benign synonymous, SpliceAI<=0.1, PhastCons<1.0
STK11	NM_000455.5	c.1241C>G	Benign synonymous, SpliceAI<=0.1, PhastCons<1.0
STK11	NM_000455.5	c.1251C>A	Benign synonymous, SpliceAI<=0.1, PhastCons<1.0
STK11	NM_000455.5	c.1251C>G	Benign synonymous, SpliceAI<=0.1, PhastCons<1.0
STK11	NM_000455.5	c.1287C>A	Benign synonymous, SpliceAI<=0.1, PhastCons<1.0
STK11	NM_000455.5	c.1287C>G	Benign synonymous, SpliceAI<=0.1, PhastCons<1.0
STK11	NM_000455.5	c.*3C>A	Benign synonymous, SpliceAI<=0.1, PhastCons<1.0
STK11	NM_000455.5	c.*3C>G	Benign synonymous, SpliceAI<=0.1, PhastCons<1.0
TINF2	NM_001099274.3	c.1116G>T	Benign synonymous, SpliceAI<=0.1, PhastCons<1.0
TINF2	NM_001099274.3	c.1116G>C	Benign synonymous, SpliceAI<=0.1, PhastCons<1.0
TINF2	NM_001099274.3	c.1115G>T	Benign synonymous, SpliceAI<=0.1, PhastCons<1.0, PhyloP<0.1
TINF2	NM_001099274.3	c.1115G>C	Benign synonymous, SpliceAI<=0.1, PhastCons<1.0, PhyloP<0.1
TINF2	NM_001099274.3	c.1115G>A	Benign synonymous, SpliceAI<=0.1, PhastCons<1.0, PhyloP<0.1
TINF2	NM_001099274.3	c.981G>T	Benign synonymous, SpliceAI<=0.1, PhastCons<1.0, PhyloP<0.1
TINF2	NM_001099274.3	c.981G>C	Benign synonymous, SpliceAI<=0.1, PhastCons<1.0, PhyloP<0.1
TINF2	NM_001099274.3	c.981G>A	Benign synonymous, SpliceAI<=0.1, PhastCons<1.0, PhyloP<0.1
TINF2	NM_001099274.3	c.619G>T	Benign synonymous, SpliceAI<=0.1, PhastCons<1.0
TINF2	NM_001099274.3	c.619G>C	Benign synonymous, SpliceAI<=0.1, PhastCons<1.0
TINF2	NM_001099274.3	c.617C>G	Benign synonymous, SpliceAI<=0.1, PhastCons<1.0
TINF2	NM_001099274.3	c.617C>A	Benign synonymous, SpliceAI<=0.1, PhastCons<1.0
TINF2	NM_001099274.3	c.614T>G	Benign synonymous, SpliceAI<=0.1, PhastCons<1.0
TINF2	NM_001099274.3	c.614T>A	Benign synonymous, SpliceAI<=0.1, PhastCons<1.0
TP53	NM_000546.5	c.1101-13C>G	Benign synonymous, SpliceAI<=0.1, PhastCons<1.0
TP53	NM_000546.5	c.1101-13C>A	Benign synonymous, SpliceAI<=0.1, PhastCons<1.0
TP53	NM_000546.5	c.1100+3G>T	Benign synonymous, SpliceAI<=0.1, PhastCons<1.0
TP53	NM_000546.5	c.1100+3G>C	Benign synonymous, SpliceAI<=0.1, PhastCons<1.0
TP53	NM_000546.5	c.783-4G>T	Benign synonymous, SpliceAI<=0.1, PhastCons<1.0, PhyloP<0.1
TP53	NM_000546.5	c.783-4G>C	Benign synonymous, SpliceAI<=0.1, PhastCons<1.0, PhyloP<0.1
TP53	NM_000546.5	c.783-4G>A	Benign synonymous, SpliceAI<=0.1, PhastCons<1.0, PhyloP<0.1
TRIM28	NM_005762.3	c.591A>C	Benign synonymous, SpliceAI<=0.1, PhastCons<1.0, PhyloP<0.1
TRIM28	NM_005762.3	c.591A>G	Benign synonymous, SpliceAI<=0.1, PhastCons<1.0, PhyloP<0.1
TRIM28	NM_005762.3	c.591A>T	Benign synonymous, SpliceAI<=0.1, PhastCons<1.0, PhyloP<0.1
TRIM28	NM_005762.3	c.849G>A	Benign synonymous, SpliceAI<=0.1, PhastCons<1.0, PhyloP<0.1
TRIM28	NM_005762.3	c.957G>C	Benign synonymous, SpliceAI<=0.1, PhastCons<1.0, PhyloP<0.1
TRIM28	NM_005762.3	c.957G>T	Benign synonymous, SpliceAI<=0.1, PhastCons<1.0, PhyloP<0.1
TRIP13	NM_004237.4	c.1023T>A	Benign synonymous, SpliceAI<=0.1, PhastCons<1.0
TRIP13	NM_004237.4	c.1023T>G	Benign synonymous, SpliceAI<=0.1, PhastCons<1.0
TRPV6	NM_018646.6	c.2297G>T	Benign synonymous, SpliceAI<=0.1, PhastCons<1.0
TRPV6	NM_018646.6	c.2297G>C	Benign synonymous, SpliceAI<=0.1, PhastCons<1.0
TRPV6	NM_018646.6	c.2289T>G	Benign synonymous, SpliceAI<=0.1, PhastCons<1.0
TRPV6	NM_018646.6	c.2289T>A	Benign synonymous, SpliceAI<=0.1, PhastCons<1.0
TRPV6	NM_018646.6	c.2286A>T	Benign synonymous, SpliceAI<=0.1, PhastCons<1.0
TRPV6	NM_018646.6	c.2286A>C	Benign synonymous, SpliceAI<=0.1, PhastCons<1.0
TRPV6	NM_018646.6	c.2280C>G	Benign synonymous, SpliceAI<=0.1, PhastCons<1.0
TRPV6	NM_018646.6	c.2280C>A	Benign synonymous, SpliceAI<=0.1, PhastCons<1.0
TRPV6	NM_018646.6	c.2277G>T	Benign synonymous, SpliceAI<=0.1, PhastCons<1.0
TRPV6	NM_018646.6	c.2277G>C	Benign synonymous, SpliceAI<=0.1, PhastCons<1.0
TRPV6	NM_018646.6	c.2271C>G	Benign synonymous, SpliceAI<=0.1, PhastCons<1.0
TRPV6	NM_018646.6	c.2271C>A	Benign synonymous, SpliceAI<=0.1, PhastCons<1.0
TRPV6	NM_018646.6	c.2268G>T	Benign synonymous, SpliceAI<=0.1, PhastCons<1.0
TRPV6	NM_018646.6	c.2268G>C	Benign synonymous, SpliceAI<=0.1, PhastCons<1.0
TRPV6	NM_018646.6	c.2263C>G	Benign synonymous, SpliceAI<=0.1, PhastCons<1.0
TRPV6	NM_018646.6	c.2263C>A	Benign synonymous, SpliceAI<=0.1, PhastCons<1.0
TRPV6	NM_018646.6	c.2259G>T	Benign synonymous, SpliceAI<=0.1, PhastCons<1.0
TRPV6	NM_018646.6	c.2259G>C	Benign synonymous, SpliceAI<=0.1, PhastCons<1.0
TRPV6	NM_018646.6	c.2257A>T	Benign synonymous, SpliceAI<=0.1, PhastCons<1.0
TRPV6	NM_018646.6	c.2257A>G	Benign synonymous, SpliceAI<=0.1, PhastCons<1.0
TRPV6	NM_018646.6	c.2256C>G	Benign synonymous, SpliceAI<=0.1, PhastCons<1.0
TRPV6	NM_018646.6	c.2256C>A	Benign synonymous, SpliceAI<=0.1, PhastCons<1.0
TRPV6	NM_018646.6	c.2239C>G	Benign synonymous, SpliceAI<=0.1, PhastCons<1.0
TRPV6	NM_018646.6	c.2239C>A	Benign synonymous, SpliceAI<=0.1, PhastCons<1.0
TRPV6	NM_018646.6	c.2238C>G	Benign synonymous, SpliceAI<=0.1, PhastCons<1.0
TRPV6	NM_018646.6	c.2238C>A	Benign synonymous, SpliceAI<=0.1, PhastCons<1.0
TRPV6	NM_018646.6	c.2235A>T	Benign synonymous, SpliceAI<=0.1, PhastCons<1.0
TRPV6	NM_018646.6	c.2235A>C	Benign synonymous, SpliceAI<=0.1, PhastCons<1.0
TRPV6	NM_018646.6	c.2233A>T	Benign synonymous, SpliceAI<=0.1, PhastCons<1.0
TRPV6	NM_018646.6	c.2233A>G	Benign synonymous, SpliceAI<=0.1, PhastCons<1.0
TRPV6	NM_018646.6	c.2232G>T	Benign synonymous, SpliceAI<=0.1, PhastCons<1.0
TRPV6	NM_018646.6	c.2232G>C	Benign synonymous, SpliceAI<=0.1, PhastCons<1.0
TRPV6	NM_018646.6	c.2230A>T	Benign synonymous, SpliceAI<=0.1, PhastCons<1.0
TRPV6	NM_018646.6	c.2230A>G	Benign synonymous, SpliceAI<=0.1, PhastCons<1.0
TRPV6	NM_018646.6	c.2227C>G	Benign synonymous, SpliceAI<=0.1, PhastCons<1.0
TRPV6	NM_018646.6	c.2227C>A	Benign synonymous, SpliceAI<=0.1, PhastCons<1.0
TRPV6	NM_018646.6	c.2220A>T	Benign synonymous, SpliceAI<=0.1, PhastCons<1.0
TRPV6	NM_018646.6	c.2220A>C	Benign synonymous, SpliceAI<=0.1, PhastCons<1.0
TRPV6	NM_018646.6	c.2215C>T	Benign synonymous, SpliceAI<=0.1, PhastCons<1.0
TRPV6	NM_018646.6	c.2215C>G	Benign synonymous, SpliceAI<=0.1, PhastCons<1.0
TRPV6	NM_018646.6	c.2211G>T	Benign synonymous, SpliceAI<=0.1, PhastCons<1.0
TRPV6	NM_018646.6	c.2211G>C	Benign synonymous, SpliceAI<=0.1, PhastCons<1.0
TRPV6	NM_018646.6	c.2209A>T	Benign synonymous, SpliceAI<=0.1, PhastCons<1.0
TRPV6	NM_018646.6	c.2209A>G	Benign synonymous, SpliceAI<=0.1, PhastCons<1.0
TRPV6	NM_018646.6	c.2208A>T	Benign synonymous, SpliceAI<=0.1, PhastCons<1.0
TRPV6	NM_018646.6	c.2208A>C	Benign synonymous, SpliceAI<=0.1, PhastCons<1.0
TRPV6	NM_018646.6	c.2196T>G	Benign synonymous, SpliceAI<=0.1, PhastCons<1.0
TRPV6	NM_018646.6	c.2196T>A	Benign synonymous, SpliceAI<=0.1, PhastCons<1.0
TRPV6	NM_018646.6	c.2193C>G	Benign synonymous, SpliceAI<=0.1, PhastCons<1.0
TRPV6	NM_018646.6	c.2193C>A	Benign synonymous, SpliceAI<=0.1, PhastCons<1.0
TRPV6	NM_018646.6	c.2181T>G	Benign synonymous, SpliceAI<=0.1, PhastCons<1.0
TRPV6	NM_018646.6	c.2181T>A	Benign synonymous, SpliceAI<=0.1, PhastCons<1.0
TRPV6	NM_018646.6	c.2176C>T	Benign synonymous, SpliceAI<=0.1, PhastCons<1.0
TRPV6	NM_018646.6	c.2176C>G	Benign synonymous, SpliceAI<=0.1, PhastCons<1.0
TRPV6	NM_018646.6	c.2162T>C	Benign FAF >5%
TRPV6	NM_018646.6	c.2149C>G	Benign synonymous, SpliceAI<=0.1, PhastCons<1.0
TRPV6	NM_018646.6	c.2149C>A	Benign synonymous, SpliceAI<=0.1, PhastCons<1.0
TRPV6	NM_018646.6	c.2148C>G	Benign synonymous, SpliceAI<=0.1, PhastCons<1.0
TRPV6	NM_018646.6	c.2148C>A	Benign synonymous, SpliceAI<=0.1, PhastCons<1.0
TRPV6	NM_018646.6	c.2142C>G	Benign synonymous, SpliceAI<=0.1, PhastCons<1.0
TRPV6	NM_018646.6	c.2142C>A	Benign synonymous, SpliceAI<=0.1, PhastCons<1.0
TRPV6	NM_018646.6	c.2139C>G	Benign synonymous, SpliceAI<=0.1, PhastCons<1.0
TRPV6	NM_018646.6	c.2139C>A	Benign synonymous, SpliceAI<=0.1, PhastCons<1.0
TRPV6	NM_018646.6	c.2133T>G	Benign synonymous, SpliceAI<=0.1, PhastCons<1.0
TRPV6	NM_018646.6	c.2133T>A	Benign synonymous, SpliceAI<=0.1, PhastCons<1.0
TRPV6	NM_018646.6	c.2125C>G	Benign synonymous, SpliceAI<=0.1, PhastCons<1.0
TRPV6	NM_018646.6	c.2125C>A	Benign synonymous, SpliceAI<=0.1, PhastCons<1.0
TRPV6	NM_018646.6	c.2124G>T	Benign synonymous, SpliceAI<=0.1, PhastCons<1.0
TRPV6	NM_018646.6	c.2124G>C	Benign synonymous, SpliceAI<=0.1, PhastCons<1.0
TRPV6	NM_018646.6	c.2119C>G	Benign synonymous, SpliceAI<=0.1, PhastCons<1.0
TRPV6	NM_018646.6	c.2119C>A	Benign synonymous, SpliceAI<=0.1, PhastCons<1.0
TRPV6	NM_018646.6	c.2118A>T	Benign synonymous, SpliceAI<=0.1, PhastCons<1.0
TRPV6	NM_018646.6	c.2118A>C	Benign synonymous, SpliceAI<=0.1, PhastCons<1.0
TRPV6	NM_018646.6	c.2115A>T	Benign synonymous, SpliceAI<=0.1, PhastCons<1.0
TRPV6	NM_018646.6	c.2115A>C	Benign synonymous, SpliceAI<=0.1, PhastCons<1.0
TRPV6	NM_018646.6	c.2106C>G	Benign synonymous, SpliceAI<=0.1, PhastCons<1.0
TRPV6	NM_018646.6	c.2106C>A	Benign synonymous, SpliceAI<=0.1, PhastCons<1.0
TRPV6	NM_018646.6	c.2103A>T	Benign synonymous, SpliceAI<=0.1, PhastCons<1.0
TRPV6	NM_018646.6	c.2103A>C	Benign synonymous, SpliceAI<=0.1, PhastCons<1.0
TRPV6	NM_018646.6	c.2100C>G	Benign synonymous, SpliceAI<=0.1, PhastCons<1.0
TRPV6	NM_018646.6	c.2100C>A	Benign synonymous, SpliceAI<=0.1, PhastCons<1.0
TRPV6	NM_018646.6	c.2097G>T	Benign synonymous, SpliceAI<=0.1, PhastCons<1.0
TRPV6	NM_018646.6	c.2097G>C	Benign synonymous, SpliceAI<=0.1, PhastCons<1.0
TRPV6	NM_018646.6	c.2095T>G	Benign synonymous, SpliceAI<=0.1, PhastCons<1.0
TRPV6	NM_018646.6	c.2095T>A	Benign synonymous, SpliceAI<=0.1, PhastCons<1.0
TRPV6	NM_018646.6	c.2094T>G	Benign synonymous, SpliceAI<=0.1, PhastCons<1.0
TRPV6	NM_018646.6	c.2094T>A	Benign synonymous, SpliceAI<=0.1, PhastCons<1.0
TRPV6	NM_018646.6	c.2091G>T	Benign synonymous, SpliceAI<=0.1, PhastCons<1.0
TRPV6	NM_018646.6	c.2091G>C	Benign synonymous, SpliceAI<=0.1, PhastCons<1.0
TRPV6	NM_018646.6	c.2080C>T	Benign synonymous, SpliceAI<=0.1, PhastCons<1.0
TRPV6	NM_018646.6	c.2080C>G	Benign synonymous, SpliceAI<=0.1, PhastCons<1.0
TRPV6	NM_018646.6	c.2076C>G	Benign synonymous, SpliceAI<=0.1, PhastCons<1.0
TRPV6	NM_018646.6	c.2076C>A	Benign synonymous, SpliceAI<=0.1, PhastCons<1.0
TRPV6	NM_018646.6	c.2073C>G	Benign synonymous, SpliceAI<=0.1, PhastCons<1.0
TRPV6	NM_018646.6	c.2073C>A	Benign synonymous, SpliceAI<=0.1, PhastCons<1.0
TRPV6	NM_018646.6	c.2067G>T	Benign synonymous, SpliceAI<=0.1, PhastCons<1.0
TRPV6	NM_018646.6	c.2067G>C	Benign synonymous, SpliceAI<=0.1, PhastCons<1.0
TRPV6	NM_018646.6	c.2061C>G	Benign synonymous, SpliceAI<=0.1, PhastCons<1.0
TRPV6	NM_018646.6	c.2061C>A	Benign synonymous, SpliceAI<=0.1, PhastCons<1.0
TRPV6	NM_018646.6	c.2055A>T	Benign synonymous, SpliceAI<=0.1, PhastCons<1.0
TRPV6	NM_018646.6	c.2055A>C	Benign synonymous, SpliceAI<=0.1, PhastCons<1.0
TRPV6	NM_018646.6	c.2046G>T	Benign synonymous, SpliceAI<=0.1, PhastCons<1.0
TRPV6	NM_018646.6	c.2046G>C	Benign synonymous, SpliceAI<=0.1, PhastCons<1.0
TRPV6	NM_018646.6	c.2041C>T	Benign synonymous, SpliceAI<=0.1, PhastCons<1.0
TRPV6	NM_018646.6	c.2041C>G	Benign synonymous, SpliceAI<=0.1, PhastCons<1.0
TRPV6	NM_018646.6	c.2040C>G	Benign synonymous, SpliceAI<=0.1, PhastCons<1.0
TRPV6	NM_018646.6	c.2040C>A	Benign synonymous, SpliceAI<=0.1, PhastCons<1.0
TRPV6	NM_018646.6	c.2034T>G	Benign synonymous, SpliceAI<=0.1, PhastCons<1.0
TRPV6	NM_018646.6	c.2034T>A	Benign synonymous, SpliceAI<=0.1, PhastCons<1.0
TRPV6	NM_018646.6	c.2031A>T	Benign synonymous, SpliceAI<=0.1, PhastCons<1.0
TRPV6	NM_018646.6	c.2031A>C	Benign synonymous, SpliceAI<=0.1, PhastCons<1.0
TRPV6	NM_018646.6	c.2028G>T	Benign synonymous, SpliceAI<=0.1, PhastCons<1.0
TRPV6	NM_018646.6	c.2028G>C	Benign synonymous, SpliceAI<=0.1, PhastCons<1.0
TRPV6	NM_018646.6	c.2026A>T	Benign synonymous, SpliceAI<=0.1, PhastCons<1.0
TRPV6	NM_018646.6	c.2026A>G	Benign synonymous, SpliceAI<=0.1, PhastCons<1.0
TRPV6	NM_018646.6	c.2022A>T	Benign synonymous, SpliceAI<=0.1, PhastCons<1.0
TRPV6	NM_018646.6	c.2022A>C	Benign synonymous, SpliceAI<=0.1, PhastCons<1.0
TRPV6	NM_018646.6	c.1989T>G	Benign synonymous, SpliceAI<=0.1, PhastCons<1.0
TRPV6	NM_018646.6	c.1989T>A	Benign synonymous, SpliceAI<=0.1, PhastCons<1.0
TRPV6	NM_018646.6	c.1986G>T	Benign synonymous, SpliceAI<=0.1, PhastCons<1.0
TRPV6	NM_018646.6	c.1986G>C	Benign synonymous, SpliceAI<=0.1, PhastCons<1.0
TRPV6	NM_018646.6	c.1981C>T	Benign synonymous, SpliceAI<=0.1, PhastCons<1.0
TRPV6	NM_018646.6	c.1981C>G	Benign synonymous, SpliceAI<=0.1, PhastCons<1.0
TRPV6	NM_018646.6	c.1977C>G	Benign synonymous, SpliceAI<=0.1, PhastCons<1.0
TRPV6	NM_018646.6	c.1977C>A	Benign synonymous, SpliceAI<=0.1, PhastCons<1.0
TRPV6	NM_018646.6	c.1942C>G	Benign synonymous, SpliceAI<=0.1, PhastCons<1.0
TRPV6	NM_018646.6	c.1942C>A	Benign synonymous, SpliceAI<=0.1, PhastCons<1.0
TRPV6	NM_018646.6	c.1941G>T	Benign synonymous, SpliceAI<=0.1, PhastCons<1.0
TRPV6	NM_018646.6	c.1941G>C	Benign synonymous, SpliceAI<=0.1, PhastCons<1.0
TRPV6	NM_018646.6	c.1936C>T	Benign synonymous, SpliceAI<=0.1, PhastCons<1.0
TRPV6	NM_018646.6	c.1936C>G	Benign synonymous, SpliceAI<=0.1, PhastCons<1.0
TRPV6	NM_018646.6	c.1935G>T	Benign synonymous, SpliceAI<=0.1, PhastCons<1.0
TRPV6	NM_018646.6	c.1935G>C	Benign synonymous, SpliceAI<=0.1, PhastCons<1.0
TRPV6	NM_018646.6	c.1909A>G	Likely_benign FAF >0.1%, REVEL <0.29, SpliceAI<=0.1
TRPV6	NM_018646.6	c.1885C>T	Benign synonymous, SpliceAI<=0.1, PhastCons<1.0
TRPV6	NM_018646.6	c.1885C>G	Benign synonymous, SpliceAI<=0.1, PhastCons<1.0
TRPV6	NM_018646.6	c.1881T>G	Benign synonymous, SpliceAI<=0.1, PhastCons<1.0
TRPV6	NM_018646.6	c.1881T>A	Benign synonymous, SpliceAI<=0.1, PhastCons<1.0
TRPV6	NM_018646.6	c.1822C>G	Benign synonymous, SpliceAI<=0.1, PhastCons<1.0
TRPV6	NM_018646.6	c.1822C>A	Benign synonymous, SpliceAI<=0.1, PhastCons<1.0
TRPV6	NM_018646.6	c.1806T>G	Benign synonymous, SpliceAI<=0.1, PhastCons<1.0
TRPV6	NM_018646.6	c.1806T>A	Benign synonymous, SpliceAI<=0.1, PhastCons<1.0
TRPV6	NM_018646.6	c.1797T>G	Benign synonymous, SpliceAI<=0.1, PhastCons<1.0
TRPV6	NM_018646.6	c.1797T>A	Benign synonymous, SpliceAI<=0.1, PhastCons<1.0
TRPV6	NM_018646.6	c.1788C>A	Benign synonymous, SpliceAI<=0.1, PhastCons<1.0
TRPV6	NM_018646.6	c.1785C>G	Benign synonymous, SpliceAI<=0.1, PhastCons<1.0
TRPV6	NM_018646.6	c.1785C>A	Benign synonymous, SpliceAI<=0.1, PhastCons<1.0
TRPV6	NM_018646.6	c.1771C>G	Benign synonymous, SpliceAI<=0.1, PhastCons<1.0
TRPV6	NM_018646.6	c.1771C>A	Benign synonymous, SpliceAI<=0.1, PhastCons<1.0
TRPV6	NM_018646.6	c.1770C>G	Benign synonymous, SpliceAI<=0.1, PhastCons<1.0
TRPV6	NM_018646.6	c.1770C>A	Benign synonymous, SpliceAI<=0.1, PhastCons<1.0
TRPV6	NM_018646.6	c.1764C>G	Benign synonymous, SpliceAI<=0.1, PhastCons<1.0
TRPV6	NM_018646.6	c.1764C>A	Benign synonymous, SpliceAI<=0.1, PhastCons<1.0
TRPV6	NM_018646.6	c.1761C>G	Benign synonymous, SpliceAI<=0.1, PhastCons<1.0
TRPV6	NM_018646.6	c.1746T>G	Benign synonymous, SpliceAI<=0.1, PhastCons<1.0
TRPV6	NM_018646.6	c.1746T>A	Benign synonymous, SpliceAI<=0.1, PhastCons<1.0
TRPV6	NM_018646.6	c.1722C>G	Benign synonymous, SpliceAI<=0.1, PhastCons<1.0
TRPV6	NM_018646.6	c.1722C>A	Benign synonymous, SpliceAI<=0.1, PhastCons<1.0
TRPV6	NM_018646.6	c.1695C>G	Benign synonymous, SpliceAI<=0.1, PhastCons<1.0
TRPV6	NM_018646.6	c.1695C>A	Benign synonymous, SpliceAI<=0.1, PhastCons<1.0
TRPV6	NM_018646.6	c.1692C>G	Benign synonymous, SpliceAI<=0.1, PhastCons<1.0
TRPV6	NM_018646.6	c.1686C>G	Benign synonymous, SpliceAI<=0.1, PhastCons<1.0
TRPV6	NM_018646.6	c.1686C>A	Benign synonymous, SpliceAI<=0.1, PhastCons<1.0
TRPV6	NM_018646.6	c.1678C>G	Benign synonymous, SpliceAI<=0.1, PhastCons<1.0
TRPV6	NM_018646.6	c.1678C>A	Benign synonymous, SpliceAI<=0.1, PhastCons<1.0
TRPV6	NM_018646.6	c.1677G>T	Benign synonymous, SpliceAI<=0.1, PhastCons<1.0
TRPV6	NM_018646.6	c.1677G>C	Benign synonymous, SpliceAI<=0.1, PhastCons<1.0
TRPV6	NM_018646.6	c.1674G>T	Benign synonymous, SpliceAI<=0.1, PhastCons<1.0
TRPV6	NM_018646.6	c.1674G>C	Benign synonymous, SpliceAI<=0.1, PhastCons<1.0
TRPV6	NM_018646.6	c.1672G>A	Likely_benign FAF >0.1%, REVEL <0.29, SpliceAI<=0.1
TRPV6	NM_018646.6	c.1668C>G	Benign synonymous, SpliceAI<=0.1, PhastCons<1.0
TRPV6	NM_018646.6	c.1668C>A	Benign synonymous, SpliceAI<=0.1, PhastCons<1.0
TRPV6	NM_018646.6	c.1647T>A	Benign synonymous, SpliceAI<=0.1, PhastCons<1.0
TRPV6	NM_018646.6	c.1624C>G	Benign synonymous, SpliceAI<=0.1, PhastCons<1.0
TRPV6	NM_018646.6	c.1624C>A	Benign synonymous, SpliceAI<=0.1, PhastCons<1.0
TRPV6	NM_018646.6	c.1251C>G	Benign synonymous, SpliceAI<=0.1, PhastCons<1.0
TRPV6	NM_018646.6	c.1251C>A	Benign synonymous, SpliceAI<=0.1, PhastCons<1.0
TRPV6	NM_018646.6	c.1245A>T	Benign synonymous, SpliceAI<=0.1, PhastCons<1.0
TRPV6	NM_018646.6	c.1245A>C	Benign synonymous, SpliceAI<=0.1, PhastCons<1.0
TRPV6	NM_018646.6	c.1234C>A	Benign synonymous, SpliceAI<=0.1, PhastCons<1.0
TRPV6	NM_018646.6	c.1233G>T	Benign synonymous, SpliceAI<=0.1, PhastCons<1.0
TRPV6	NM_018646.6	c.1233G>C	Benign synonymous, SpliceAI<=0.1, PhastCons<1.0
TRPV6	NM_018646.6	c.1227G>T	Benign synonymous, SpliceAI<=0.1, PhastCons<1.0
TRPV6	NM_018646.6	c.1227G>C	Benign synonymous, SpliceAI<=0.1, PhastCons<1.0
TRPV6	NM_018646.6	c.1224A>T	Benign synonymous, SpliceAI<=0.1, PhastCons<1.0
TRPV6	NM_018646.6	c.1224A>C	Benign synonymous, SpliceAI<=0.1, PhastCons<1.0
TRPV6	NM_018646.6	c.1222T>G	Benign synonymous, SpliceAI<=0.1, PhastCons<1.0
TRPV6	NM_018646.6	c.1222T>A	Benign synonymous, SpliceAI<=0.1, PhastCons<1.0
TRPV6	NM_018646.6	c.1215C>G	Benign synonymous, SpliceAI<=0.1, PhastCons<1.0
TRPV6	NM_018646.6	c.1215C>A	Benign synonymous, SpliceAI<=0.1, PhastCons<1.0
TRPV6	NM_018646.6	c.1207C>T	Benign synonymous, SpliceAI<=0.1, PhastCons<1.0
TRPV6	NM_018646.6	c.1207C>G	Benign synonymous, SpliceAI<=0.1, PhastCons<1.0
TRPV6	NM_018646.6	c.1203C>G	Benign synonymous, SpliceAI<=0.1, PhastCons<1.0
TRPV6	NM_018646.6	c.1203C>A	Benign synonymous, SpliceAI<=0.1, PhastCons<1.0
TRPV6	NM_018646.6	c.1194C>G	Benign synonymous, SpliceAI<=0.1, PhastCons<1.0
TRPV6	NM_018646.6	c.1194C>A	Benign synonymous, SpliceAI<=0.1, PhastCons<1.0
TRPV6	NM_018646.6	c.1191T>G	Benign synonymous, SpliceAI<=0.1, PhastCons<1.0
TRPV6	NM_018646.6	c.1191T>A	Benign synonymous, SpliceAI<=0.1, PhastCons<1.0
TRPV6	NM_018646.6	c.1185G>T	Benign synonymous, SpliceAI<=0.1, PhastCons<1.0
TRPV6	NM_018646.6	c.1185G>C	Benign synonymous, SpliceAI<=0.1, PhastCons<1.0
TRPV6	NM_018646.6	c.1183A>T	Benign synonymous, SpliceAI<=0.1, PhastCons<1.0
TRPV6	NM_018646.6	c.1183A>G	Benign synonymous, SpliceAI<=0.1, PhastCons<1.0
TRPV6	NM_018646.6	c.1179G>T	Benign synonymous, SpliceAI<=0.1, PhastCons<1.0
TRPV6	NM_018646.6	c.1179G>C	Benign synonymous, SpliceAI<=0.1, PhastCons<1.0
TRPV6	NM_018646.6	c.1161C>G	Benign synonymous, SpliceAI<=0.1, PhastCons<1.0
TRPV6	NM_018646.6	c.1161C>A	Benign synonymous, SpliceAI<=0.1, PhastCons<1.0
TRPV6	NM_018646.6	c.1141A>G	Likely_benign FAF >0.1%, REVEL <0.29, SpliceAI<=0.1
TRPV6	NM_018646.6	c.1132C>G	Benign synonymous, SpliceAI<=0.1, PhastCons<1.0
TRPV6	NM_018646.6	c.1132C>A	Benign synonymous, SpliceAI<=0.1, PhastCons<1.0
TRPV6	NM_018646.6	c.1129C>G	Benign synonymous, SpliceAI<=0.1, PhastCons<1.0
TRPV6	NM_018646.6	c.1129C>A	Benign synonymous, SpliceAI<=0.1, PhastCons<1.0
TRPV6	NM_018646.6	c.1128T>G	Benign synonymous, SpliceAI<=0.1, PhastCons<1.0
TRPV6	NM_018646.6	c.1128T>A	Benign synonymous, SpliceAI<=0.1, PhastCons<1.0
TRPV6	NM_018646.6	c.1110C>G	Benign synonymous, SpliceAI<=0.1, PhastCons<1.0
TRPV6	NM_018646.6	c.1110C>A	Benign synonymous, SpliceAI<=0.1, PhastCons<1.0
TRPV6	NM_018646.6	c.1087C>T	Benign synonymous, SpliceAI<=0.1, PhastCons<1.0
TRPV6	NM_018646.6	c.1086G>T	Benign synonymous, SpliceAI<=0.1, PhastCons<1.0
TRPV6	NM_018646.6	c.1062G>T	Benign synonymous, SpliceAI<=0.1, PhastCons<1.0
TRPV6	NM_018646.6	c.1062G>C	Benign synonymous, SpliceAI<=0.1, PhastCons<1.0
TRPV6	NM_018646.6	c.1050G>T	Benign synonymous, SpliceAI<=0.1, PhastCons<1.0
TRPV6	NM_018646.6	c.1050G>C	Benign synonymous, SpliceAI<=0.1, PhastCons<1.0
TRPV6	NM_018646.6	c.1047C>G	Benign synonymous, SpliceAI<=0.1, PhastCons<1.0
TRPV6	NM_018646.6	c.1047C>A	Benign synonymous, SpliceAI<=0.1, PhastCons<1.0
TRPV6	NM_018646.6	c.1038G>T	Benign synonymous, SpliceAI<=0.1, PhastCons<1.0
TRPV6	NM_018646.6	c.1038G>C	Benign synonymous, SpliceAI<=0.1, PhastCons<1.0
TRPV6	NM_018646.6	c.1002A>T	Benign synonymous, SpliceAI<=0.1, PhastCons<1.0
TRPV6	NM_018646.6	c.1002A>C	Benign synonymous, SpliceAI<=0.1, PhastCons<1.0
TRPV6	NM_018646.6	c.997C>G	Benign synonymous, SpliceAI<=0.1, PhastCons<1.0
TRPV6	NM_018646.6	c.997C>A	Benign synonymous, SpliceAI<=0.1, PhastCons<1.0
TRPV6	NM_018646.6	c.994C>G	Benign synonymous, SpliceAI<=0.1, PhastCons<1.0
TRPV6	NM_018646.6	c.994C>A	Benign synonymous, SpliceAI<=0.1, PhastCons<1.0
TRPV6	NM_018646.6	c.990G>T	Benign synonymous, SpliceAI<=0.1, PhastCons<1.0
TRPV6	NM_018646.6	c.990G>C	Benign synonymous, SpliceAI<=0.1, PhastCons<1.0
TRPV6	NM_018646.6	c.987G>T	Benign synonymous, SpliceAI<=0.1, PhastCons<1.0
TRPV6	NM_018646.6	c.987G>C	Benign synonymous, SpliceAI<=0.1, PhastCons<1.0
TRPV6	NM_018646.6	c.984T>G	Benign synonymous, SpliceAI<=0.1, PhastCons<1.0
TRPV6	NM_018646.6	c.984T>A	Benign synonymous, SpliceAI<=0.1, PhastCons<1.0
TRPV6	NM_018646.6	c.954T>G	Benign synonymous, SpliceAI<=0.1, PhastCons<1.0
TRPV6	NM_018646.6	c.954T>A	Benign synonymous, SpliceAI<=0.1, PhastCons<1.0
TRPV6	NM_018646.6	c.937C>G	Benign synonymous, SpliceAI<=0.1, PhastCons<1.0
TRPV6	NM_018646.6	c.937C>A	Benign synonymous, SpliceAI<=0.1, PhastCons<1.0
TRPV6	NM_018646.6	c.930T>G	Benign synonymous, SpliceAI<=0.1, PhastCons<1.0
TRPV6	NM_018646.6	c.930T>A	Benign synonymous, SpliceAI<=0.1, PhastCons<1.0
TRPV6	NM_018646.6	c.926C>T	Likely_benign FAF >0.1%, REVEL <0.29, SpliceAI<=0.1
TRPV6	NM_018646.6	c.915C>G	Benign synonymous, SpliceAI<=0.1, PhastCons<1.0
TRPV6	NM_018646.6	c.915C>A	Benign synonymous, SpliceAI<=0.1, PhastCons<1.0
TRPV6	NM_018646.6	c.912G>T	Benign synonymous, SpliceAI<=0.1, PhastCons<1.0
TRPV6	NM_018646.6	c.912G>C	Benign synonymous, SpliceAI<=0.1, PhastCons<1.0
TRPV6	NM_018646.6	c.907C>T	Benign synonymous, SpliceAI<=0.1, PhastCons<1.0
TRPV6	NM_018646.6	c.907C>G	Benign synonymous, SpliceAI<=0.1, PhastCons<1.0
TRPV6	NM_018646.6	c.906G>T	Benign synonymous, SpliceAI<=0.1, PhastCons<1.0
TRPV6	NM_018646.6	c.906G>C	Benign synonymous, SpliceAI<=0.1, PhastCons<1.0
TRPV6	NM_018646.6	c.891G>C	Benign synonymous, SpliceAI<=0.1, PhastCons<1.0
TRPV6	NM_018646.6	c.837G>T	Benign synonymous, SpliceAI<=0.1, PhastCons<1.0
TRPV6	NM_018646.6	c.837G>C	Benign synonymous, SpliceAI<=0.1, PhastCons<1.0
TRPV6	NM_018646.6	c.819C>G	Benign synonymous, SpliceAI<=0.1, PhastCons<1.0
TRPV6	NM_018646.6	c.819C>A	Benign synonymous, SpliceAI<=0.1, PhastCons<1.0
TRPV6	NM_018646.6	c.810G>T	Benign synonymous, SpliceAI<=0.1, PhastCons<1.0
TRPV6	NM_018646.6	c.810G>C	Benign synonymous, SpliceAI<=0.1, PhastCons<1.0
TRPV6	NM_018646.6	c.805C>G	Benign synonymous, SpliceAI<=0.1, PhastCons<1.0
TRPV6	NM_018646.6	c.805C>A	Benign synonymous, SpliceAI<=0.1, PhastCons<1.0
TRPV6	NM_018646.6	c.804C>G	Benign synonymous, SpliceAI<=0.1, PhastCons<1.0
TRPV6	NM_018646.6	c.804C>A	Benign synonymous, SpliceAI<=0.1, PhastCons<1.0
TRPV6	NM_018646.6	c.801C>G	Benign synonymous, SpliceAI<=0.1, PhastCons<1.0
TRPV6	NM_018646.6	c.801C>A	Benign synonymous, SpliceAI<=0.1, PhastCons<1.0
TRPV6	NM_018646.6	c.795T>G	Benign synonymous, SpliceAI<=0.1, PhastCons<1.0
TRPV6	NM_018646.6	c.795T>A	Benign synonymous, SpliceAI<=0.1, PhastCons<1.0
TRPV6	NM_018646.6	c.792A>T	Benign synonymous, SpliceAI<=0.1, PhastCons<1.0
TRPV6	NM_018646.6	c.792A>C	Benign synonymous, SpliceAI<=0.1, PhastCons<1.0
TRPV6	NM_018646.6	c.790A>T	Benign synonymous, SpliceAI<=0.1, PhastCons<1.0
TRPV6	NM_018646.6	c.790A>G	Benign synonymous, SpliceAI<=0.1, PhastCons<1.0
TRPV6	NM_018646.6	c.789C>G	Benign synonymous, SpliceAI<=0.1, PhastCons<1.0
TRPV6	NM_018646.6	c.789C>A	Benign synonymous, SpliceAI<=0.1, PhastCons<1.0
TRPV6	NM_018646.6	c.787G>A	Likely_benign FAF >0.1%, REVEL <0.29, SpliceAI<=0.1
TRPV6	NM_018646.6	c.786C>A	Benign synonymous, SpliceAI<=0.1, PhastCons<1.0
TRPV6	NM_018646.6	c.777G>C	Benign synonymous, SpliceAI<=0.1, PhastCons<1.0
TRPV6	NM_018646.6	c.775T>G	Benign synonymous, SpliceAI<=0.1, PhastCons<1.0
TRPV6	NM_018646.6	c.775T>A	Benign synonymous, SpliceAI<=0.1, PhastCons<1.0
TRPV6	NM_018646.6	c.772C>G	Benign synonymous, SpliceAI<=0.1, PhastCons<1.0
TRPV6	NM_018646.6	c.772C>A	Benign synonymous, SpliceAI<=0.1, PhastCons<1.0
TRPV6	NM_018646.6	c.753T>G	Benign synonymous, SpliceAI<=0.1, PhastCons<1.0
TRPV6	NM_018646.6	c.753T>A	Benign synonymous, SpliceAI<=0.1, PhastCons<1.0
TRPV6	NM_018646.6	c.747A>T	Benign synonymous, SpliceAI<=0.1, PhastCons<1.0
TRPV6	NM_018646.6	c.747A>C	Benign synonymous, SpliceAI<=0.1, PhastCons<1.0
TRPV6	NM_018646.6	c.720A>C	Benign synonymous, SpliceAI<=0.1, PhastCons<1.0
TRPV6	NM_018646.6	c.703C>G	Benign synonymous, SpliceAI<=0.1, PhastCons<1.0
TRPV6	NM_018646.6	c.703C>A	Benign synonymous, SpliceAI<=0.1, PhastCons<1.0
TRPV6	NM_018646.6	c.675T>G	Benign synonymous, SpliceAI<=0.1, PhastCons<1.0
TRPV6	NM_018646.6	c.675T>A	Benign synonymous, SpliceAI<=0.1, PhastCons<1.0
TRPV6	NM_018646.6	c.672G>T	Benign synonymous, SpliceAI<=0.1, PhastCons<1.0
TRPV6	NM_018646.6	c.672G>C	Benign synonymous, SpliceAI<=0.1, PhastCons<1.0
TRPV6	NM_018646.6	c.661C>G	Benign synonymous, SpliceAI<=0.1, PhastCons<1.0
TRPV6	NM_018646.6	c.661C>A	Benign synonymous, SpliceAI<=0.1, PhastCons<1.0
TRPV6	NM_018646.6	c.658C>T	Benign synonymous, SpliceAI<=0.1, PhastCons<1.0
TRPV6	NM_018646.6	c.658C>G	Benign synonymous, SpliceAI<=0.1, PhastCons<1.0
TRPV6	NM_018646.6	c.645T>G	Benign synonymous, SpliceAI<=0.1, PhastCons<1.0
TRPV6	NM_018646.6	c.645T>A	Benign synonymous, SpliceAI<=0.1, PhastCons<1.0
TRPV6	NM_018646.6	c.642C>G	Benign synonymous, SpliceAI<=0.1, PhastCons<1.0
TRPV6	NM_018646.6	c.642C>A	Benign synonymous, SpliceAI<=0.1, PhastCons<1.0
TRPV6	NM_018646.6	c.636T>G	Benign synonymous, SpliceAI<=0.1, PhastCons<1.0
TRPV6	NM_018646.6	c.636T>A	Benign synonymous, SpliceAI<=0.1, PhastCons<1.0
TRPV6	NM_018646.6	c.606T>G	Benign synonymous, SpliceAI<=0.1, PhastCons<1.0
TRPV6	NM_018646.6	c.606T>A	Benign synonymous, SpliceAI<=0.1, PhastCons<1.0
TRPV6	NM_018646.6	c.594C>G	Benign synonymous, SpliceAI<=0.1, PhastCons<1.0
TRPV6	NM_018646.6	c.594C>A	Benign synonymous, SpliceAI<=0.1, PhastCons<1.0
TRPV6	NM_018646.6	c.591C>G	Benign synonymous, SpliceAI<=0.1, PhastCons<1.0
TRPV6	NM_018646.6	c.591C>A	Benign synonymous, SpliceAI<=0.1, PhastCons<1.0
TRPV6	NM_018646.6	c.589T>C	Benign FAF >5%
TRPV6	NM_018646.6	c.585T>G	Benign synonymous, SpliceAI<=0.1, PhastCons<1.0
TRPV6	NM_018646.6	c.585T>A	Benign synonymous, SpliceAI<=0.1, PhastCons<1.0
TRPV6	NM_018646.6	c.558A>T	Benign synonymous, SpliceAI<=0.1, PhastCons<1.0
TRPV6	NM_018646.6	c.558A>C	Benign synonymous, SpliceAI<=0.1, PhastCons<1.0
TRPV6	NM_018646.6	c.556A>T	Benign synonymous, SpliceAI<=0.1, PhastCons<1.0
TRPV6	NM_018646.6	c.556A>G	Benign synonymous, SpliceAI<=0.1, PhastCons<1.0
TRPV6	NM_018646.6	c.546T>G	Benign synonymous, SpliceAI<=0.1, PhastCons<1.0
TRPV6	NM_018646.6	c.546T>A	Benign synonymous, SpliceAI<=0.1, PhastCons<1.0
TRPV6	NM_018646.6	c.540G>T	Benign synonymous, SpliceAI<=0.1, PhastCons<1.0
TRPV6	NM_018646.6	c.540G>C	Benign synonymous, SpliceAI<=0.1, PhastCons<1.0
TRPV6	NM_018646.6	c.538A>T	Benign synonymous, SpliceAI<=0.1, PhastCons<1.0
TRPV6	NM_018646.6	c.538A>G	Benign synonymous, SpliceAI<=0.1, PhastCons<1.0
TRPV6	NM_018646.6	c.535C>T	Likely_benign FAF >0.1%, REVEL <0.29, SpliceAI<=0.1
TRPV6	NM_018646.6	c.526C>G	Benign synonymous, SpliceAI<=0.1, PhastCons<1.0
TRPV6	NM_018646.6	c.526C>A	Benign synonymous, SpliceAI<=0.1, PhastCons<1.0
TRPV6	NM_018646.6	c.520C>T	Benign synonymous, SpliceAI<=0.1, PhastCons<1.0
TRPV6	NM_018646.6	c.520C>G	Benign synonymous, SpliceAI<=0.1, PhastCons<1.0
TRPV6	NM_018646.6	c.514C>G	Benign synonymous, SpliceAI<=0.1, PhastCons<1.0
TRPV6	NM_018646.6	c.514C>A	Benign synonymous, SpliceAI<=0.1, PhastCons<1.0
TRPV6	NM_018646.6	c.513C>G	Benign synonymous, SpliceAI<=0.1, PhastCons<1.0
TRPV6	NM_018646.6	c.513C>A	Benign synonymous, SpliceAI<=0.1, PhastCons<1.0
TRPV6	NM_018646.6	c.333G>T	Benign synonymous, SpliceAI<=0.1, PhastCons<1.0
TRPV6	NM_018646.6	c.333G>C	Benign synonymous, SpliceAI<=0.1, PhastCons<1.0
TRPV6	NM_018646.6	c.330C>G	Benign synonymous, SpliceAI<=0.1, PhastCons<1.0
TRPV6	NM_018646.6	c.330C>A	Benign synonymous, SpliceAI<=0.1, PhastCons<1.0
TRPV6	NM_018646.6	c.327T>G	Benign synonymous, SpliceAI<=0.1, PhastCons<1.0
TRPV6	NM_018646.6	c.327T>A	Benign synonymous, SpliceAI<=0.1, PhastCons<1.0
TRPV6	NM_018646.6	c.324G>T	Benign synonymous, SpliceAI<=0.1, PhastCons<1.0
TRPV6	NM_018646.6	c.324G>C	Benign synonymous, SpliceAI<=0.1, PhastCons<1.0
TRPV6	NM_018646.6	c.321T>G	Benign synonymous, SpliceAI<=0.1, PhastCons<1.0
TRPV6	NM_018646.6	c.321T>A	Benign synonymous, SpliceAI<=0.1, PhastCons<1.0
TRPV6	NM_018646.6	c.318G>T	Benign synonymous, SpliceAI<=0.1, PhastCons<1.0
TRPV6	NM_018646.6	c.318G>C	Benign synonymous, SpliceAI<=0.1, PhastCons<1.0
TRPV6	NM_018646.6	c.312G>T	Benign synonymous, SpliceAI<=0.1, PhastCons<1.0
TRPV6	NM_018646.6	c.312G>C	Benign synonymous, SpliceAI<=0.1, PhastCons<1.0
TRPV6	NM_018646.6	c.309G>T	Benign synonymous, SpliceAI<=0.1, PhastCons<1.0
TRPV6	NM_018646.6	c.309G>C	Benign synonymous, SpliceAI<=0.1, PhastCons<1.0
TRPV6	NM_018646.6	c.306C>G	Benign synonymous, SpliceAI<=0.1, PhastCons<1.0
TRPV6	NM_018646.6	c.306C>A	Benign synonymous, SpliceAI<=0.1, PhastCons<1.0
TRPV6	NM_018646.6	c.301C>G	Benign synonymous, SpliceAI<=0.1, PhastCons<1.0
TRPV6	NM_018646.6	c.301C>A	Benign synonymous, SpliceAI<=0.1, PhastCons<1.0
TRPV6	NM_018646.6	c.297G>T	Benign synonymous, SpliceAI<=0.1, PhastCons<1.0
TRPV6	NM_018646.6	c.297G>C	Benign synonymous, SpliceAI<=0.1, PhastCons<1.0
TRPV6	NM_018646.6	c.291T>G	Benign synonymous, SpliceAI<=0.1, PhastCons<1.0
TRPV6	NM_018646.6	c.291T>A	Benign synonymous, SpliceAI<=0.1, PhastCons<1.0
TRPV6	NM_018646.6	c.288T>G	Benign synonymous, SpliceAI<=0.1, PhastCons<1.0
TRPV6	NM_018646.6	c.288T>A	Benign synonymous, SpliceAI<=0.1, PhastCons<1.0
TRPV6	NM_018646.6	c.285T>G	Benign synonymous, SpliceAI<=0.1, PhastCons<1.0
TRPV6	NM_018646.6	c.285T>A	Benign synonymous, SpliceAI<=0.1, PhastCons<1.0
TRPV6	NM_018646.6	c.282A>T	Benign synonymous, SpliceAI<=0.1, PhastCons<1.0
TRPV6	NM_018646.6	c.282A>C	Benign synonymous, SpliceAI<=0.1, PhastCons<1.0
TRPV6	NM_018646.6	c.271C>G	Benign synonymous, SpliceAI<=0.1, PhastCons<1.0
TRPV6	NM_018646.6	c.271C>A	Benign synonymous, SpliceAI<=0.1, PhastCons<1.0
TRPV6	NM_018646.6	c.228G>T	Benign synonymous, SpliceAI<=0.1, PhastCons<1.0
TRPV6	NM_018646.6	c.228G>C	Benign synonymous, SpliceAI<=0.1, PhastCons<1.0
TRPV6	NM_018646.6	c.225G>T	Benign synonymous, SpliceAI<=0.1, PhastCons<1.0
TRPV6	NM_018646.6	c.225G>C	Benign synonymous, SpliceAI<=0.1, PhastCons<1.0
TRPV6	NM_018646.6	c.222T>G	Benign synonymous, SpliceAI<=0.1, PhastCons<1.0
TRPV6	NM_018646.6	c.222T>A	Benign synonymous, SpliceAI<=0.1, PhastCons<1.0
TRPV6	NM_018646.6	c.213G>T	Benign synonymous, SpliceAI<=0.1, PhastCons<1.0
TRPV6	NM_018646.6	c.213G>C	Benign synonymous, SpliceAI<=0.1, PhastCons<1.0
TRPV6	NM_018646.6	c.201G>T	Benign synonymous, SpliceAI<=0.1, PhastCons<1.0
TRPV6	NM_018646.6	c.201G>C	Benign synonymous, SpliceAI<=0.1, PhastCons<1.0
TRPV6	NM_018646.6	c.196C>T	Benign synonymous, SpliceAI<=0.1, PhastCons<1.0
TRPV6	NM_018646.6	c.196C>G	Benign synonymous, SpliceAI<=0.1, PhastCons<1.0
TRPV6	NM_018646.6	c.195A>T	Benign synonymous, SpliceAI<=0.1, PhastCons<1.0
TRPV6	NM_018646.6	c.195A>C	Benign synonymous, SpliceAI<=0.1, PhastCons<1.0
TRPV6	NM_018646.6	c.193A>T	Benign synonymous, SpliceAI<=0.1, PhastCons<1.0
TRPV6	NM_018646.6	c.193A>G	Benign synonymous, SpliceAI<=0.1, PhastCons<1.0
TRPV6	NM_018646.6	c.189C>G	Benign synonymous, SpliceAI<=0.1, PhastCons<1.0
TRPV6	NM_018646.6	c.189C>A	Benign synonymous, SpliceAI<=0.1, PhastCons<1.0
TRPV6	NM_018646.6	c.183A>T	Benign synonymous, SpliceAI<=0.1, PhastCons<1.0
TRPV6	NM_018646.6	c.183A>C	Benign synonymous, SpliceAI<=0.1, PhastCons<1.0
TRPV6	NM_018646.6	c.181A>T	Benign synonymous, SpliceAI<=0.1, PhastCons<1.0
TRPV6	NM_018646.6	c.181A>G	Benign synonymous, SpliceAI<=0.1, PhastCons<1.0
TRPV6	NM_018646.6	c.180C>G	Benign synonymous, SpliceAI<=0.1, PhastCons<1.0
TRPV6	NM_018646.6	c.180C>A	Benign synonymous, SpliceAI<=0.1, PhastCons<1.0
TRPV6	NM_018646.6	c.177C>G	Benign synonymous, SpliceAI<=0.1, PhastCons<1.0
TRPV6	NM_018646.6	c.177C>A	Benign synonymous, SpliceAI<=0.1, PhastCons<1.0
TRPV6	NM_018646.6	c.151C>G	Benign synonymous, SpliceAI<=0.1, PhastCons<1.0
TRPV6	NM_018646.6	c.151C>A	Benign synonymous, SpliceAI<=0.1, PhastCons<1.0
TRPV6	NM_018646.6	c.147A>T	Benign synonymous, SpliceAI<=0.1, PhastCons<1.0
TRPV6	NM_018646.6	c.147A>C	Benign synonymous, SpliceAI<=0.1, PhastCons<1.0
TRPV6	NM_018646.6	c.144G>T	Benign synonymous, SpliceAI<=0.1, PhastCons<1.0
TRPV6	NM_018646.6	c.144G>C	Benign synonymous, SpliceAI<=0.1, PhastCons<1.0
TRPV6	NM_018646.6	c.141G>T	Benign synonymous, SpliceAI<=0.1, PhastCons<1.0
TRPV6	NM_018646.6	c.141G>C	Benign synonymous, SpliceAI<=0.1, PhastCons<1.0
TRPV6	NM_018646.6	c.133C>G	Benign synonymous, SpliceAI<=0.1, PhastCons<1.0
TRPV6	NM_018646.6	c.133C>A	Benign synonymous, SpliceAI<=0.1, PhastCons<1.0
TRPV6	NM_018646.6	c.129G>T	Benign synonymous, SpliceAI<=0.1, PhastCons<1.0
TRPV6	NM_018646.6	c.129G>C	Benign synonymous, SpliceAI<=0.1, PhastCons<1.0
TRPV6	NM_018646.6	c.127T>G	Benign synonymous, SpliceAI<=0.1, PhastCons<1.0
TRPV6	NM_018646.6	c.127T>A	Benign synonymous, SpliceAI<=0.1, PhastCons<1.0
TRPV6	NM_018646.6	c.117C>G	Benign synonymous, SpliceAI<=0.1, PhastCons<1.0
TRPV6	NM_018646.6	c.117C>A	Benign synonymous, SpliceAI<=0.1, PhastCons<1.0
TRPV6	NM_018646.6	c.112C>G	Benign synonymous, SpliceAI<=0.1, PhastCons<1.0
TRPV6	NM_018646.6	c.112C>A	Benign synonymous, SpliceAI<=0.1, PhastCons<1.0
TRPV6	NM_018646.6	c.105G>T	Benign synonymous, SpliceAI<=0.1, PhastCons<1.0
TRPV6	NM_018646.6	c.105G>C	Benign synonymous, SpliceAI<=0.1, PhastCons<1.0
TRPV6	NM_018646.6	c.102G>T	Benign synonymous, SpliceAI<=0.1, PhastCons<1.0
TRPV6	NM_018646.6	c.102G>C	Benign synonymous, SpliceAI<=0.1, PhastCons<1.0
TRPV6	NM_018646.6	c.93G>T	Benign synonymous, SpliceAI<=0.1, PhastCons<1.0
TRPV6	NM_018646.6	c.93G>C	Benign synonymous, SpliceAI<=0.1, PhastCons<1.0
TRPV6	NM_018646.6	c.85C>T	Benign synonymous, SpliceAI<=0.1, PhastCons<1.0
TRPV6	NM_018646.6	c.85C>G	Benign synonymous, SpliceAI<=0.1, PhastCons<1.0
TRPV6	NM_018646.6	c.75G>T	Benign synonymous, SpliceAI<=0.1, PhastCons<1.0
TRPV6	NM_018646.6	c.75G>C	Benign synonymous, SpliceAI<=0.1, PhastCons<1.0
TRPV6	NM_018646.6	c.73A>T	Benign synonymous, SpliceAI<=0.1, PhastCons<1.0
TRPV6	NM_018646.6	c.73A>G	Benign synonymous, SpliceAI<=0.1, PhastCons<1.0
TRPV6	NM_018646.6	c.66T>G	Benign synonymous, SpliceAI<=0.1, PhastCons<1.0
TRPV6	NM_018646.6	c.66T>A	Benign synonymous, SpliceAI<=0.1, PhastCons<1.0
TRPV6	NM_018646.6	c.61C>G	Benign synonymous, SpliceAI<=0.1, PhastCons<1.0
TRPV6	NM_018646.6	c.61C>A	Benign synonymous, SpliceAI<=0.1, PhastCons<1.0
TRPV6	NM_018646.6	c.60G>T	Benign synonymous, SpliceAI<=0.1, PhastCons<1.0
TRPV6	NM_018646.6	c.60G>C	Benign synonymous, SpliceAI<=0.1, PhastCons<1.0
TRPV6	NM_018646.6	c.58A>T	Benign synonymous, SpliceAI<=0.1, PhastCons<1.0
TRPV6	NM_018646.6	c.58A>G	Benign synonymous, SpliceAI<=0.1, PhastCons<1.0
TRPV6	NM_018646.6	c.48T>G	Benign synonymous, SpliceAI<=0.1, PhastCons<1.0
TRPV6	NM_018646.6	c.48T>A	Benign synonymous, SpliceAI<=0.1, PhastCons<1.0
TRPV6	NM_018646.6	c.21C>G	Benign synonymous, SpliceAI<=0.1, PhastCons<1.0
TRPV6	NM_018646.6	c.15G>T	Benign synonymous, SpliceAI<=0.1, PhastCons<1.0
TRPV6	NM_018646.6	c.15G>C	Benign synonymous, SpliceAI<=0.1, PhastCons<1.0
TRPV6	NM_018646.6	c.10C>G	Benign synonymous, SpliceAI<=0.1, PhastCons<1.0
TRPV6	NM_018646.6	c.10C>A	Benign synonymous, SpliceAI<=0.1, PhastCons<1.0
TSC1	NM_000368.5	c.1335A>G	Benign FAF >5%
TSC1	NM_000368.5	c.1056T>G	Benign synonymous, SpliceAI<=0.1, PhastCons<1.0
TSC1	NM_000368.5	c.1038T>G	Benign synonymous, SpliceAI<=0.1, PhastCons<1.0
TSC1	NM_000368.5	c.1038T>A	Benign synonymous, SpliceAI<=0.1, PhastCons<1.0
TSC2	NM_000548.5	c.5161-13C>G	Benign synonymous, SpliceAI<=0.1, PhastCons<1.0
TSC2	NM_000548.5	c.5161-12C>A	Benign synonymous, SpliceAI<=0.1, PhastCons<1.0
TSC2	NM_000548.5	c.5161-12C>G	Benign synonymous, SpliceAI<=0.1, PhastCons<1.0
UBE2T	NM_014176.4	c.468+5A>T	Benign synonymous, SpliceAI<=0.1, PhastCons<1.0
UBE2T	NM_014176.4	c.468+5A>C	Benign synonymous, SpliceAI<=0.1, PhastCons<1.0
UBE2T	NM_014176.4	c.117A>T	Benign synonymous, SpliceAI<=0.1, PhastCons<1.0, PhyloP<0.1
UBE2T	NM_014176.4	c.117A>G	Benign synonymous, SpliceAI<=0.1, PhastCons<1.0, PhyloP<0.1
UBE2T	NM_014176.4	c.117A>C	Benign synonymous, SpliceAI<=0.1, PhastCons<1.0, PhyloP<0.1
UBE2T	NM_014176.4	c.109+3A>G	Benign synonymous, SpliceAI<=0.1, PhastCons<1.0
VHL	NM_000551.3	c.38T>A	Benign synonymous, SpliceAI<=0.1, PhastCons<1.0, PhyloP<0.1
VHL	NM_000551.3	c.38T>C	Benign synonymous, SpliceAI<=0.1, PhastCons<1.0, PhyloP<0.1
VHL	NM_000551.3	c.38T>G	Benign synonymous, SpliceAI<=0.1, PhastCons<1.0, PhyloP<0.1
VHL	NM_000551.3	c.440T>A	Benign synonymous, SpliceAI<=0.1, PhastCons<1.0
VHL	NM_000551.3	c.440T>G	Benign synonymous, SpliceAI<=0.1, PhastCons<1.0
WRN	NM_000553.6	c.2089-10C>A	Benign synonymous, SpliceAI<=0.1, PhastCons<1.0
WRN	NM_000553.6	c.2826A>C	Benign synonymous, SpliceAI<=0.1, PhastCons<1.0
WRN	NM_000553.6	c.2826A>T	Benign synonymous, SpliceAI<=0.1, PhastCons<1.0
WRN	NM_000553.6	c.3822G>A	Benign synonymous, SpliceAI<=0.1, PhastCons<1.0, PhyloP<0.1
WRN	NM_000553.6	c.4175T>A	Benign synonymous, SpliceAI<=0.1, PhastCons<1.0, PhyloP<0.1
WRN	NM_000553.6	c.4175T>C	Benign synonymous, SpliceAI<=0.1, PhastCons<1.0, PhyloP<0.1
WRN	NM_000553.6	c.4175T>G	Benign synonymous, SpliceAI<=0.1, PhastCons<1.0, PhyloP<0.1
XPA	NM_000380.3	c.552A>T	Benign synonymous, SpliceAI<=0.1, PhastCons<1.0
XPA	NM_000380.3	c.552A>C	Benign synonymous, SpliceAI<=0.1, PhastCons<1.0
XPA	NM_000380.3	c.550T>A	Benign synonymous, SpliceAI<=0.1, PhastCons<1.0
XPA	NM_000380.3	c.537A>T	Benign synonymous, SpliceAI<=0.1, PhastCons<1.0
XPA	NM_000380.3	c.537A>C	Benign synonymous, SpliceAI<=0.1, PhastCons<1.0
XPA	NM_000380.3	c.522A>T	Benign synonymous, SpliceAI<=0.1, PhastCons<1.0
XPA	NM_000380.3	c.522A>C	Benign synonymous, SpliceAI<=0.1, PhastCons<1.0
XPA	NM_000380.3	c.497T>C	Likely_benign FAF >0.1%, REVEL <0.29, SpliceAI<=0.1
XPA	NM_000380.3	c.492T>G	Benign synonymous, SpliceAI<=0.1, PhastCons<1.0
XPA	NM_000380.3	c.492T>A	Benign synonymous, SpliceAI<=0.1, PhastCons<1.0
XPA	NM_000380.3	c.489A>T	Benign synonymous, SpliceAI<=0.1, PhastCons<1.0
XPA	NM_000380.3	c.489A>C	Benign synonymous, SpliceAI<=0.1, PhastCons<1.0
XPA	NM_000380.3	c.463T>G	Benign synonymous, SpliceAI<=0.1, PhastCons<1.0
XPA	NM_000380.3	c.463T>A	Benign synonymous, SpliceAI<=0.1, PhastCons<1.0
XPA	NM_000380.3	c.462T>A	Benign synonymous, SpliceAI<=0.1, PhastCons<1.0
XPA	NM_000380.3	c.441A>T	Benign synonymous, SpliceAI<=0.1, PhastCons<1.0
XPA	NM_000380.3	c.441A>C	Benign synonymous, SpliceAI<=0.1, PhastCons<1.0
XPA	NM_000380.3	c.405A>T	Benign synonymous, SpliceAI<=0.1, PhastCons<1.0
XPA	NM_000380.3	c.405A>C	Benign synonymous, SpliceAI<=0.1, PhastCons<1.0
XPA	NM_000380.3	c.402T>G	Benign synonymous, SpliceAI<=0.1, PhastCons<1.0
XPA	NM_000380.3	c.402T>A	Benign synonymous, SpliceAI<=0.1, PhastCons<1.0
XPA	NM_000380.3	c.399T>G	Benign synonymous, SpliceAI<=0.1, PhastCons<1.0
XPA	NM_000380.3	c.399T>A	Benign synonymous, SpliceAI<=0.1, PhastCons<1.0
XPA	NM_000380.3	c.384C>A	Benign synonymous, SpliceAI<=0.1, PhastCons<1.0
XPA	NM_000380.3	c.369G>T	Benign synonymous, SpliceAI<=0.1, PhastCons<1.0
XPA	NM_000380.3	c.369G>C	Benign synonymous, SpliceAI<=0.1, PhastCons<1.0
XPA	NM_000380.3	c.342T>G	Benign synonymous, SpliceAI<=0.1, PhastCons<1.0
XPA	NM_000380.3	c.342T>A	Benign synonymous, SpliceAI<=0.1, PhastCons<1.0
XPA	NM_000380.3	c.333A>C	Benign synonymous, SpliceAI<=0.1, PhastCons<1.0
XPA	NM_000380.3	c.321A>T	Benign synonymous, SpliceAI<=0.1, PhastCons<1.0
XPA	NM_000380.3	c.321A>C	Benign synonymous, SpliceAI<=0.1, PhastCons<1.0
XPA	NM_000380.3	c.297A>T	Benign synonymous, SpliceAI<=0.1, PhastCons<1.0
XPA	NM_000380.3	c.297A>C	Benign synonymous, SpliceAI<=0.1, PhastCons<1.0
XPA	NM_000380.3	c.283+5A>T	Benign synonymous, SpliceAI<=0.1, PhastCons<1.0
XPA	NM_000380.3	c.283+5A>C	Benign synonymous, SpliceAI<=0.1, PhastCons<1.0
XPC	NM_004628.4	c.2376G>T	Benign synonymous, SpliceAI<=0.1, PhastCons<1.0, PhyloP<0.1
XPC	NM_004628.4	c.2376G>C	Benign synonymous, SpliceAI<=0.1, PhastCons<1.0, PhyloP<0.1
XPC	NM_004628.4	c.2376G>A	Benign synonymous, SpliceAI<=0.1, PhastCons<1.0, PhyloP<0.1
XPC	NM_004628.4	c.2060G>T	Benign synonymous, SpliceAI<=0.1, PhastCons<1.0, PhyloP<0.1
XPC	NM_004628.4	c.2060G>C	Benign synonymous, SpliceAI<=0.1, PhastCons<1.0, PhyloP<0.1
XPC	NM_004628.4	c.2060G>A	Benign synonymous, SpliceAI<=0.1, PhastCons<1.0, PhyloP<0.1
XPC	NM_004628.4	c.1627G>T	Benign synonymous, SpliceAI<=0.1, PhastCons<1.0, PhyloP<0.1
XPC	NM_004628.4	c.1627G>C	Benign synonymous, SpliceAI<=0.1, PhastCons<1.0, PhyloP<0.1
XPC	NM_004628.4	c.1627G>A	Benign synonymous, SpliceAI<=0.1, PhastCons<1.0, PhyloP<0.1
XPC	NM_004628.4	c.87T>G	Benign synonymous, SpliceAI<=0.1, PhastCons<1.0, PhyloP<0.1
XPC	NM_004628.4	c.87T>C	Benign synonymous, SpliceAI<=0.1, PhastCons<1.0, PhyloP<0.1
XPC	NM_004628.4	c.87T>A	Benign synonymous, SpliceAI<=0.1, PhastCons<1.0, PhyloP<0.1
XPC	NM_004628.4	c.86G>T	Benign synonymous, SpliceAI<=0.1, PhastCons<1.0, PhyloP<0.1
XPC	NM_004628.4	c.86G>C	Benign synonymous, SpliceAI<=0.1, PhastCons<1.0, PhyloP<0.1
XPC	NM_004628.4	c.86G>A	Benign synonymous, SpliceAI<=0.1, PhastCons<1.0, PhyloP<0.1
XRCC2	NM_005431.2	c.126T>G	Benign synonymous, SpliceAI<=0.1, PhastCons<1.0
XRCC2	NM_005431.2	c.126T>A	Benign synonymous, SpliceAI<=0.1, PhastCons<1.0
XRCC2	NM_005431.2	c.108T>G	Benign synonymous, SpliceAI<=0.1, PhastCons<1.0
XRCC2	NM_005431.2	c.108T>A	Benign synonymous, SpliceAI<=0.1, PhastCons<1.0
XRCC2	NM_005431.2	c.91C>G	Benign synonymous, SpliceAI<=0.1, PhastCons<1.0
XRCC2	NM_005431.2	c.91C>A	Benign synonymous, SpliceAI<=0.1, PhastCons<1.0
XRCC2	NM_005431.2	c.90T>G	Benign synonymous, SpliceAI<=0.1, PhastCons<1.0
XRCC2	NM_005431.2	c.90T>A	Benign synonymous, SpliceAI<=0.1, PhastCons<1.0
XRCC2	NM_005431.2	c.84A>T	Benign synonymous, SpliceAI<=0.1, PhastCons<1.0
XRCC2	NM_005431.2	c.84A>C	Benign synonymous, SpliceAI<=0.1, PhastCons<1.0
XRCC2	NM_005431.2	c.78A>T	Benign synonymous, SpliceAI<=0.1, PhastCons<1.0
XRCC2	NM_005431.2	c.78A>C	Benign synonymous, SpliceAI<=0.1, PhastCons<1.0
XRCC2	NM_005431.2	c.61A>T	Benign synonymous, SpliceAI<=0.1, PhastCons<1.0
XRCC2	NM_005431.2	c.61A>G	Benign synonymous, SpliceAI<=0.1, PhastCons<1.0
XRCC2	NM_005431.2	c.27G>T	Benign synonymous, SpliceAI<=0.1, PhastCons<1.0
XRCC2	NM_005431.2	c.27G>C	Benign synonymous, SpliceAI<=0.1, PhastCons<1.0
XRCC2	NM_005431.2	c.21G>T	Benign synonymous, SpliceAI<=0.1, PhastCons<1.0
XRCC2	NM_005431.2	c.21G>C	Benign synonymous, SpliceAI<=0.1, PhastCons<1.0
XRCC2	NM_005431.2	c.19A>T	Benign synonymous, SpliceAI<=0.1, PhastCons<1.0
XRCC2	NM_005431.2	c.19A>G	Benign synonymous, SpliceAI<=0.1, PhastCons<1.0
XRCC2	NM_005431.2	c.18T>G	Benign synonymous, SpliceAI<=0.1, PhastCons<1.0
XRCC2	NM_005431.2	c.18T>A	Benign synonymous, SpliceAI<=0.1, PhastCons<1.0
XRCC2	NM_005431.2	c.15C>G	Benign synonymous, SpliceAI<=0.1, PhastCons<1.0
XRCC2	NM_005431.2	c.15C>A	Benign synonymous, SpliceAI<=0.1, PhastCons<1.0
XRCC2	NM_005431.2	c.9T>G	Benign synonymous, SpliceAI<=0.1, PhastCons<1.0
XRCC2	NM_005431.2	c.9T>A	Benign synonymous, SpliceAI<=0.1, PhastCons<1.0
XRCC2	NM_005431.2	c.6T>G	Benign synonymous, SpliceAI<=0.1, PhastCons<1.0
XRCC2	NM_005431.2	c.6T>A	Benign synonymous, SpliceAI<=0.1, PhastCons<1.0
