gene	transcript	hgvs_c	classification	chr_grch37	pos_grch37	ref	alt	PhastCons100way	PhyloP100way	REVEL	SpliceAI_masked	FAF95_grpmax	CADD_phred	AlphaMissense_pred	ClinVar_sig	vv_status	review_reason
AP2S1	NM_004069.5	c.164T>G	Benign FAF >5%	19	47342867	A	C	0.0	-2.968	.;.		0.677610	0.215	LB;.	Benign	flagged:intergenic	VariantValidator: variant is non-coding on the BED's RefSeq NM_; c. notation belongs to a different transcript -- drop or re-resolve against an alternative isoform
AP2S1	NM_004069.5	c.4-2A>T	Benign synonymous, SpliceAI<=0.1, PhastCons<1.0, PhyloP<0.1, intronic_ROI(-2)	19	47342879	T	A	0.0	-1.997	.;.			1.296	.;.		flagged:intergenic	VariantValidator: variant is non-coding on the BED's RefSeq NM_; c. notation belongs to a different transcript -- drop or re-resolve against an alternative isoform
AP2S1	NM_004069.5	c.4-2A>G	Benign synonymous, SpliceAI<=0.1, PhastCons<1.0, PhyloP<0.1, intronic_ROI(-2)	19	47342879	T	C	0.0	-1.997	.;.		7.90000e-07	1.513	.;.		flagged:intergenic	VariantValidator: variant is non-coding on the BED's RefSeq NM_; c. notation belongs to a different transcript -- drop or re-resolve against an alternative isoform
AP2S1	NM_004069.5	c.4-2A>C	Benign synonymous, SpliceAI<=0.1, PhastCons<1.0, PhyloP<0.1, intronic_ROI(-2)	19	47342879	T	G	0.0	-1.997	.;.			1.33	.;.		flagged:intergenic	VariantValidator: variant is non-coding on the BED's RefSeq NM_; c. notation belongs to a different transcript -- drop or re-resolve against an alternative isoform
AP2S1	NM_004069.5	c.270+2T>G	Benign synonymous, SpliceAI<=0.1, PhastCons<1.0, PhyloP<0.1, intronic_ROI(+2)	19	47347407	A	C	0.019	-0.577				1.742			flagged:intergenic	VariantValidator: variant is non-coding on the BED's RefSeq NM_; c. notation belongs to a different transcript -- drop or re-resolve against an alternative isoform
AP2S1	NM_004069.5	c.270+2T>C	Benign synonymous, SpliceAI<=0.1, PhastCons<1.0, PhyloP<0.1, intronic_ROI(+2)	19	47347407	A	G	0.019	-0.577			3.76500e-05	1.856			flagged:intergenic	VariantValidator: variant is non-coding on the BED's RefSeq NM_; c. notation belongs to a different transcript -- drop or re-resolve against an alternative isoform
AP2S1	NM_004069.5	c.270+2T>A	Benign synonymous, SpliceAI<=0.1, PhastCons<1.0, PhyloP<0.1, intronic_ROI(+2)	19	47347407	A	T	0.019	-0.577				1.624			flagged:intergenic	VariantValidator: variant is non-coding on the BED's RefSeq NM_; c. notation belongs to a different transcript -- drop or re-resolve against an alternative isoform
AP2S1	NM_004069.5	c.270G>T	Benign synonymous, SpliceAI<=0.1, PhastCons<1.0	19	47347409	C	A	0.055	0.311				1.688			flagged:intergenic	VariantValidator: variant is non-coding on the BED's RefSeq NM_; c. notation belongs to a different transcript -- drop or re-resolve against an alternative isoform
AP2S1	NM_004069.5	c.270G>C	Benign synonymous, SpliceAI<=0.1, PhastCons<1.0	19	47347409	C	G	0.055	0.311				1.801			flagged:intergenic	VariantValidator: variant is non-coding on the BED's RefSeq NM_; c. notation belongs to a different transcript -- drop or re-resolve against an alternative isoform
AP2S1	NM_004069.5	c.264G>T	Benign synonymous, SpliceAI<=0.1, PhastCons<1.0	19	47347415	C	A	0.098	0.311				2.097			flagged:intergenic	VariantValidator: variant is non-coding on the BED's RefSeq NM_; c. notation belongs to a different transcript -- drop or re-resolve against an alternative isoform
AP2S1	NM_004069.5	c.264G>C	Benign synonymous, SpliceAI<=0.1, PhastCons<1.0	19	47347415	C	G	0.098	0.311				2.227			flagged:intergenic	VariantValidator: variant is non-coding on the BED's RefSeq NM_; c. notation belongs to a different transcript -- drop or re-resolve against an alternative isoform
AP2S1	NM_004069.5	c.229C>T	Benign synonymous, SpliceAI<=0.1, PhastCons<1.0	19	47347450	G	A	0.004	0.362			6.89100e-05	2.044			flagged:intergenic	VariantValidator: variant is non-coding on the BED's RefSeq NM_; c. notation belongs to a different transcript -- drop or re-resolve against an alternative isoform
AP2S1	NM_004069.5	c.229C>G	Benign synonymous, SpliceAI<=0.1, PhastCons<1.0	19	47347450	G	C	0.004	0.362				1.211			flagged:intergenic	VariantValidator: variant is non-coding on the BED's RefSeq NM_; c. notation belongs to a different transcript -- drop or re-resolve against an alternative isoform
AP2S1	NM_004069.5	c.227C>T	Benign FAF >5%	19	47347452	G	A	0.005	0.362			0.194184	2.199			flagged:intergenic	VariantValidator: variant is non-coding on the BED's RefSeq NM_; c. notation belongs to a different transcript -- drop or re-resolve against an alternative isoform
AP2S1	NM_004069.5	c.223C>T	Benign synonymous, SpliceAI<=0.1, PhastCons<1.0	19	47347456	G	A	0.005	-0.59			0.000148760	3.098			flagged:intergenic	VariantValidator: variant is non-coding on the BED's RefSeq NM_; c. notation belongs to a different transcript -- drop or re-resolve against an alternative isoform
AP2S1	NM_004069.5	c.223C>G	Benign synonymous, SpliceAI<=0.1, PhastCons<1.0	19	47347456	G	C	0.005	-0.59				0.969			flagged:intergenic	VariantValidator: variant is non-coding on the BED's RefSeq NM_; c. notation belongs to a different transcript -- drop or re-resolve against an alternative isoform
AP2S1	NM_004069.5	c.216T>G	Benign synonymous, SpliceAI<=0.1, PhastCons<1.0	19	47347463	A	C	0.002	0.344				2.362			flagged:intergenic	VariantValidator: variant is non-coding on the BED's RefSeq NM_; c. notation belongs to a different transcript -- drop or re-resolve against an alternative isoform
AP2S1	NM_004069.5	c.216T>A	Benign synonymous, SpliceAI<=0.1, PhastCons<1.0	19	47347463	A	T	0.002	0.344				2.194			flagged:intergenic	VariantValidator: variant is non-coding on the BED's RefSeq NM_; c. notation belongs to a different transcript -- drop or re-resolve against an alternative isoform
AP2S1	NM_004069.5	c.207A>T	Benign synonymous, SpliceAI<=0.1, PhastCons<1.0	19	47347472	T	A	0.016	0.309				2.534			flagged:intergenic	VariantValidator: variant is non-coding on the BED's RefSeq NM_; c. notation belongs to a different transcript -- drop or re-resolve against an alternative isoform
AP2S1	NM_004069.5	c.207A>C	Benign synonymous, SpliceAI<=0.1, PhastCons<1.0	19	47347472	T	G	0.016	0.309				2.475			flagged:intergenic	VariantValidator: variant is non-coding on the BED's RefSeq NM_; c. notation belongs to a different transcript -- drop or re-resolve against an alternative isoform
AP2S1	NM_004069.5	c.204A>T	Benign synonymous, SpliceAI<=0.1, PhastCons<1.0	19	47347475	T	A	0.026	0.346				2.178			flagged:intergenic	VariantValidator: variant is non-coding on the BED's RefSeq NM_; c. notation belongs to a different transcript -- drop or re-resolve against an alternative isoform
AP2S1	NM_004069.5	c.204A>C	Benign synonymous, SpliceAI<=0.1, PhastCons<1.0	19	47347475	T	G	0.026	0.346				2.249			flagged:intergenic	VariantValidator: variant is non-coding on the BED's RefSeq NM_; c. notation belongs to a different transcript -- drop or re-resolve against an alternative isoform
AP2S1	NM_004069.5	c.202A>T	Benign synonymous, SpliceAI<=0.1, PhastCons<1.0	19	47347477	T	A	0.029	0.164				3.028			flagged:intergenic	VariantValidator: variant is non-coding on the BED's RefSeq NM_; c. notation belongs to a different transcript -- drop or re-resolve against an alternative isoform
AP2S1	NM_004069.5	c.202A>G	Benign synonymous, SpliceAI<=0.1, PhastCons<1.0	19	47347477	T	C	0.029	0.164				3.571			flagged:intergenic	VariantValidator: variant is non-coding on the BED's RefSeq NM_; c. notation belongs to a different transcript -- drop or re-resolve against an alternative isoform
AP2S1	NM_004069.5	c.198C>G	Benign synonymous, SpliceAI<=0.1, PhastCons<1.0	19	47347481	G	C	0.044	0.192				1.173			flagged:intergenic	VariantValidator: variant is non-coding on the BED's RefSeq NM_; c. notation belongs to a different transcript -- drop or re-resolve against an alternative isoform
AP2S1	NM_004069.5	c.198C>A	Benign synonymous, SpliceAI<=0.1, PhastCons<1.0	19	47347481	G	T	0.044	0.192				1.044			flagged:intergenic	VariantValidator: variant is non-coding on the BED's RefSeq NM_; c. notation belongs to a different transcript -- drop or re-resolve against an alternative isoform
AP2S1	NM_004069.5	c.192T>G	Benign synonymous, SpliceAI<=0.1, PhastCons<1.0	19	47347487	A	C	0.065	0.183				1.454			flagged:intergenic	VariantValidator: variant is non-coding on the BED's RefSeq NM_; c. notation belongs to a different transcript -- drop or re-resolve against an alternative isoform
AP2S1	NM_004069.5	c.192T>A	Benign synonymous, SpliceAI<=0.1, PhastCons<1.0	19	47347487	A	T	0.065	0.183				1.406			flagged:intergenic	VariantValidator: variant is non-coding on the BED's RefSeq NM_; c. notation belongs to a different transcript -- drop or re-resolve against an alternative isoform
AP2S1	NM_004069.5	c.186G>T	Benign synonymous, SpliceAI<=0.1, PhastCons<1.0	19	47347493	C	A	0.058	-1.393				1.507			flagged:intergenic	VariantValidator: variant is non-coding on the BED's RefSeq NM_; c. notation belongs to a different transcript -- drop or re-resolve against an alternative isoform
AP2S1	NM_004069.5	c.186G>C	Benign synonymous, SpliceAI<=0.1, PhastCons<1.0	19	47347493	C	G	0.058	-1.393				1.078			flagged:intergenic	VariantValidator: variant is non-coding on the BED's RefSeq NM_; c. notation belongs to a different transcript -- drop or re-resolve against an alternative isoform
AP2S1	NM_004069.5	c.183T>G	Benign synonymous, SpliceAI<=0.1, PhastCons<1.0	19	47347496	A	C	0.072	0.183				3.647			flagged:intergenic	VariantValidator: variant is non-coding on the BED's RefSeq NM_; c. notation belongs to a different transcript -- drop or re-resolve against an alternative isoform
AP2S1	NM_004069.5	c.183T>A	Benign synonymous, SpliceAI<=0.1, PhastCons<1.0	19	47347496	A	T	0.072	0.183				3.485			flagged:intergenic	VariantValidator: variant is non-coding on the BED's RefSeq NM_; c. notation belongs to a different transcript -- drop or re-resolve against an alternative isoform
AP2S1	NM_004069.5	c.180C>G	Benign synonymous, SpliceAI<=0.1, PhastCons<1.0	19	47347499	G	C	0.108	0.192				2.488			flagged:intergenic	VariantValidator: variant is non-coding on the BED's RefSeq NM_; c. notation belongs to a different transcript -- drop or re-resolve against an alternative isoform
AP2S1	NM_004069.5	c.180C>A	Benign synonymous, SpliceAI<=0.1, PhastCons<1.0	19	47347499	G	T	0.108	0.192				2.513			flagged:intergenic	VariantValidator: variant is non-coding on the BED's RefSeq NM_; c. notation belongs to a different transcript -- drop or re-resolve against an alternative isoform
AP2S1	NM_004069.5	c.171G>T	Benign synonymous, SpliceAI<=0.1, PhastCons<1.0	19	47347508	C	A	0.192	0.163				2.062			flagged:intergenic	VariantValidator: variant is non-coding on the BED's RefSeq NM_; c. notation belongs to a different transcript -- drop or re-resolve against an alternative isoform
AP2S1	NM_004069.5	c.171G>C	Benign synonymous, SpliceAI<=0.1, PhastCons<1.0	19	47347508	C	G	0.192	0.163				1.791			flagged:intergenic	VariantValidator: variant is non-coding on the BED's RefSeq NM_; c. notation belongs to a different transcript -- drop or re-resolve against an alternative isoform
AP2S1	NM_004069.5	c.169T>G	Benign synonymous, SpliceAI<=0.1, PhastCons<1.0	19	47347510	A	C	0.2	0.183				2.615			flagged:intergenic	VariantValidator: variant is non-coding on the BED's RefSeq NM_; c. notation belongs to a different transcript -- drop or re-resolve against an alternative isoform
AP2S1	NM_004069.5	c.169T>A	Benign synonymous, SpliceAI<=0.1, PhastCons<1.0	19	47347510	A	T	0.2	0.183				2.473			flagged:intergenic	VariantValidator: variant is non-coding on the BED's RefSeq NM_; c. notation belongs to a different transcript -- drop or re-resolve against an alternative isoform
AP2S1	NM_004069.5	c.168C>G	Benign synonymous, SpliceAI<=0.1, PhastCons<1.0	19	47347511	G	C	0.203	0.192				1.831			flagged:intergenic	VariantValidator: variant is non-coding on the BED's RefSeq NM_; c. notation belongs to a different transcript -- drop or re-resolve against an alternative isoform
AP2S1	NM_004069.5	c.168C>A	Benign synonymous, SpliceAI<=0.1, PhastCons<1.0	19	47347511	G	T	0.203	0.192				1.713			flagged:intergenic	VariantValidator: variant is non-coding on the BED's RefSeq NM_; c. notation belongs to a different transcript -- drop or re-resolve against an alternative isoform
AP2S1	NM_004069.5	c.165A>T	Benign synonymous, SpliceAI<=0.1, PhastCons<1.0	19	47347514	T	A	0.205	0.164				5.143			flagged:intergenic	VariantValidator: variant is non-coding on the BED's RefSeq NM_; c. notation belongs to a different transcript -- drop or re-resolve against an alternative isoform
AP2S1	NM_004069.5	c.165A>C	Benign synonymous, SpliceAI<=0.1, PhastCons<1.0	19	47347514	T	G	0.205	0.164				5.366			flagged:intergenic	VariantValidator: variant is non-coding on the BED's RefSeq NM_; c. notation belongs to a different transcript -- drop or re-resolve against an alternative isoform
AP2S1	NM_004069.5	c.162G>T	Benign synonymous, SpliceAI<=0.1, PhastCons<1.0	19	47347517	C	A	0.2	0.163				2.425			flagged:intergenic	VariantValidator: variant is non-coding on the BED's RefSeq NM_; c. notation belongs to a different transcript -- drop or re-resolve against an alternative isoform
AP2S1	NM_004069.5	c.162G>C	Benign synonymous, SpliceAI<=0.1, PhastCons<1.0	19	47347517	C	G	0.2	0.163				2.771			flagged:intergenic	VariantValidator: variant is non-coding on the BED's RefSeq NM_; c. notation belongs to a different transcript -- drop or re-resolve against an alternative isoform
AP2S1	NM_004069.5	c.160A>T	Benign synonymous, SpliceAI<=0.1, PhastCons<1.0	19	47347519	T	A	0.193	0.164				3.532			flagged:intergenic	VariantValidator: variant is non-coding on the BED's RefSeq NM_; c. notation belongs to a different transcript -- drop or re-resolve against an alternative isoform
AP2S1	NM_004069.5	c.160A>G	Benign synonymous, SpliceAI<=0.1, PhastCons<1.0	19	47347519	T	C	0.193	0.164				4.385			flagged:intergenic	VariantValidator: variant is non-coding on the BED's RefSeq NM_; c. notation belongs to a different transcript -- drop or re-resolve against an alternative isoform
AP2S1	NM_004069.5	c.159C>G	Benign synonymous, SpliceAI<=0.1, PhastCons<1.0	19	47347520	G	C	0.188	0.192				2.27			flagged:intergenic	VariantValidator: variant is non-coding on the BED's RefSeq NM_; c. notation belongs to a different transcript -- drop or re-resolve against an alternative isoform
AP2S1	NM_004069.5	c.159C>A	Benign synonymous, SpliceAI<=0.1, PhastCons<1.0	19	47347520	G	T	0.188	0.192				2.22			flagged:intergenic	VariantValidator: variant is non-coding on the BED's RefSeq NM_; c. notation belongs to a different transcript -- drop or re-resolve against an alternative isoform
AP2S1	NM_004069.5	c.51+2T>G	Benign synonymous, SpliceAI<=0.1, PhastCons<1.0, PhyloP<0.1, intronic_ROI(+2)	19	47353389	A	C	0.001	-0.033				5.146			flagged:intergenic	VariantValidator: variant is non-coding on the BED's RefSeq NM_; c. notation belongs to a different transcript -- drop or re-resolve against an alternative isoform
AP2S1	NM_004069.5	c.51+2T>C	Benign synonymous, SpliceAI<=0.1, PhastCons<1.0, PhyloP<0.1, intronic_ROI(+2)	19	47353389	A	G	0.001	-0.033				5.412			flagged:intergenic	VariantValidator: variant is non-coding on the BED's RefSeq NM_; c. notation belongs to a different transcript -- drop or re-resolve against an alternative isoform
AP2S1	NM_004069.5	c.51+2T>A	Benign synonymous, SpliceAI<=0.1, PhastCons<1.0, PhyloP<0.1, intronic_ROI(+2)	19	47353389	A	T	0.001	-0.033				4.999			flagged:intergenic	VariantValidator: variant is non-coding on the BED's RefSeq NM_; c. notation belongs to a different transcript -- drop or re-resolve against an alternative isoform
AP2S1	NM_004069.5	c.51G>T	Benign synonymous, SpliceAI<=0.1, PhastCons<1.0	19	47353391	C	A	0.0	-0.089				3.771	LB		flagged:intergenic	VariantValidator: variant is non-coding on the BED's RefSeq NM_; c. notation belongs to a different transcript -- drop or re-resolve against an alternative isoform
AP2S1	NM_004069.5	c.51G>C	Benign synonymous, SpliceAI<=0.1, PhastCons<1.0	19	47353391	C	G	0.0	-0.089				4.004	LB		flagged:intergenic	VariantValidator: variant is non-coding on the BED's RefSeq NM_; c. notation belongs to a different transcript -- drop or re-resolve against an alternative isoform
AP2S1	NM_004069.5	c.46C>G	Benign synonymous, SpliceAI<=0.1, PhastCons<1.0	19	47353396	G	C	0.0	-0.807				0.832	LB		flagged:intergenic	VariantValidator: variant is non-coding on the BED's RefSeq NM_; c. notation belongs to a different transcript -- drop or re-resolve against an alternative isoform
AP2S1	NM_004069.5	c.46C>A	Benign synonymous, SpliceAI<=0.1, PhastCons<1.0	19	47353396	G	T	0.0	-0.807				0.852	LB		flagged:intergenic	VariantValidator: variant is non-coding on the BED's RefSeq NM_; c. notation belongs to a different transcript -- drop or re-resolve against an alternative isoform
AP2S1	NM_004069.5	c.45C>G	Benign synonymous, SpliceAI<=0.1, PhastCons<1.0	19	47353397	G	C	0.0	-0.532				1.18	LB		flagged:intergenic	VariantValidator: variant is non-coding on the BED's RefSeq NM_; c. notation belongs to a different transcript -- drop or re-resolve against an alternative isoform
AP2S1	NM_004069.5	c.45C>A	Benign synonymous, SpliceAI<=0.1, PhastCons<1.0	19	47353397	G	T	0.0	-0.532				1.178	LB		flagged:intergenic	VariantValidator: variant is non-coding on the BED's RefSeq NM_; c. notation belongs to a different transcript -- drop or re-resolve against an alternative isoform
AP2S1	NM_004069.5	c.42G>T	Benign synonymous, SpliceAI<=0.1, PhastCons<1.0	19	47353400	C	A	0.0	-0.117				4.398	LB		flagged:intergenic	VariantValidator: variant is non-coding on the BED's RefSeq NM_; c. notation belongs to a different transcript -- drop or re-resolve against an alternative isoform
AP2S1	NM_004069.5	c.42G>C	Benign synonymous, SpliceAI<=0.1, PhastCons<1.0	19	47353400	C	G	0.0	-0.117				4.394	LB		flagged:intergenic	VariantValidator: variant is non-coding on the BED's RefSeq NM_; c. notation belongs to a different transcript -- drop or re-resolve against an alternative isoform
AP2S1	NM_004069.5	c.39A>T	Benign synonymous, SpliceAI<=0.1, PhastCons<1.0	19	47353403	T	A	0.0	-0.899				2.088	LB		flagged:intergenic	VariantValidator: variant is non-coding on the BED's RefSeq NM_; c. notation belongs to a different transcript -- drop or re-resolve against an alternative isoform
AP2S1	NM_004069.5	c.39A>C	Benign synonymous, SpliceAI<=0.1, PhastCons<1.0	19	47353403	T	G	0.0	-0.899				2.116	LB		flagged:intergenic	VariantValidator: variant is non-coding on the BED's RefSeq NM_; c. notation belongs to a different transcript -- drop or re-resolve against an alternative isoform
AP2S1	NM_004069.5	c.37A>T	Benign synonymous, SpliceAI<=0.1, PhastCons<1.0	19	47353405	T	A	0.0	-1.515				1.657			flagged:intergenic	VariantValidator: variant is non-coding on the BED's RefSeq NM_; c. notation belongs to a different transcript -- drop or re-resolve against an alternative isoform
AP2S1	NM_004069.5	c.37A>G	Benign synonymous, SpliceAI<=0.1, PhastCons<1.0	19	47353405	T	C	0.0	-1.515				1.773	LB		flagged:intergenic	VariantValidator: variant is non-coding on the BED's RefSeq NM_; c. notation belongs to a different transcript -- drop or re-resolve against an alternative isoform
AP2S1	NM_004069.5	c.36G>T	Benign synonymous, SpliceAI<=0.1, PhastCons<1.0	19	47353406	C	A	0.0	-0.51				1.108	LB		flagged:intergenic	VariantValidator: variant is non-coding on the BED's RefSeq NM_; c. notation belongs to a different transcript -- drop or re-resolve against an alternative isoform
AP2S1	NM_004069.5	c.36G>C	Benign synonymous, SpliceAI<=0.1, PhastCons<1.0	19	47353406	C	G	0.0	-0.51				1.211	LB		flagged:intergenic	VariantValidator: variant is non-coding on the BED's RefSeq NM_; c. notation belongs to a different transcript -- drop or re-resolve against an alternative isoform
AP2S1	NM_004069.5	c.34A>T	Benign synonymous, SpliceAI<=0.1, PhastCons<1.0	19	47353408	T	A	0.0	-0.578				3.815	LB		flagged:intergenic	VariantValidator: variant is non-coding on the BED's RefSeq NM_; c. notation belongs to a different transcript -- drop or re-resolve against an alternative isoform
AP2S1	NM_004069.5	c.34A>G	Benign synonymous, SpliceAI<=0.1, PhastCons<1.0	19	47353408	T	C	0.0	-0.578			2.66600e-05	4.091	LB		flagged:intergenic	VariantValidator: variant is non-coding on the BED's RefSeq NM_; c. notation belongs to a different transcript -- drop or re-resolve against an alternative isoform
AP2S1	NM_004069.5	c.33A>T	Benign synonymous, SpliceAI<=0.1, PhastCons<1.0	19	47353409	T	A	0.0	-1.539				0.92	LB		flagged:intergenic	VariantValidator: variant is non-coding on the BED's RefSeq NM_; c. notation belongs to a different transcript -- drop or re-resolve against an alternative isoform
AP2S1	NM_004069.5	c.33A>C	Benign synonymous, SpliceAI<=0.1, PhastCons<1.0	19	47353409	T	G	0.0	-1.539				0.955	LB		flagged:intergenic	VariantValidator: variant is non-coding on the BED's RefSeq NM_; c. notation belongs to a different transcript -- drop or re-resolve against an alternative isoform
AP2S1	NM_004069.5	c.30T>G	Benign synonymous, SpliceAI<=0.1, PhastCons<1.0	19	47353412	A	C	0.0	-1.277				0.67	LB		flagged:intergenic	VariantValidator: variant is non-coding on the BED's RefSeq NM_; c. notation belongs to a different transcript -- drop or re-resolve against an alternative isoform
AP2S1	NM_004069.5	c.30T>A	Benign synonymous, SpliceAI<=0.1, PhastCons<1.0	19	47353412	A	T	0.0	-1.277				0.621			flagged:intergenic	VariantValidator: variant is non-coding on the BED's RefSeq NM_; c. notation belongs to a different transcript -- drop or re-resolve against an alternative isoform
AP2S1	NM_004069.5	c.24G>T	Benign synonymous, SpliceAI<=0.1, PhastCons<1.0	19	47353418	C	A	0.0	-0.958				4.431	LB		flagged:intergenic	VariantValidator: variant is non-coding on the BED's RefSeq NM_; c. notation belongs to a different transcript -- drop or re-resolve against an alternative isoform
AP2S1	NM_004069.5	c.24G>C	Benign synonymous, SpliceAI<=0.1, PhastCons<1.0	19	47353418	C	G	0.0	-0.958				4.555	LB		flagged:intergenic	VariantValidator: variant is non-coding on the BED's RefSeq NM_; c. notation belongs to a different transcript -- drop or re-resolve against an alternative isoform
AP2S1	NM_004069.5	c.16C>G	Benign synonymous, SpliceAI<=0.1, PhastCons<1.0	19	47353426	G	C	0.0	-1.036				0.678	LB		flagged:intergenic	VariantValidator: variant is non-coding on the BED's RefSeq NM_; c. notation belongs to a different transcript -- drop or re-resolve against an alternative isoform
AP2S1	NM_004069.5	c.16C>A	Benign synonymous, SpliceAI<=0.1, PhastCons<1.0	19	47353426	G	T	0.0	-1.036				0.611	LB		flagged:intergenic	VariantValidator: variant is non-coding on the BED's RefSeq NM_; c. notation belongs to a different transcript -- drop or re-resolve against an alternative isoform
AP2S1	NM_004069.5	c.12G>T	Benign synonymous, SpliceAI<=0.1, PhastCons<1.0	19	47353430	C	A	0.0	0.326				5.434	LB		flagged:intergenic	VariantValidator: variant is non-coding on the BED's RefSeq NM_; c. notation belongs to a different transcript -- drop or re-resolve against an alternative isoform
AP2S1	NM_004069.5	c.12G>C	Benign synonymous, SpliceAI<=0.1, PhastCons<1.0	19	47353430	C	G	0.0	0.326				5.789	LB		flagged:intergenic	VariantValidator: variant is non-coding on the BED's RefSeq NM_; c. notation belongs to a different transcript -- drop or re-resolve against an alternative isoform
AP2S1	NM_004069.5	c.6A>T	Benign synonymous, SpliceAI<=0.1, PhastCons<1.0	19	47353436	T	A	0.0	0.606				7.062	LB		flagged:intergenic	VariantValidator: variant is non-coding on the BED's RefSeq NM_; c. notation belongs to a different transcript -- drop or re-resolve against an alternative isoform
AP2S1	NM_004069.5	c.6A>C	Benign synonymous, SpliceAI<=0.1, PhastCons<1.0	19	47353436	T	G	0.0	0.606				7.058	LB		flagged:intergenic	VariantValidator: variant is non-coding on the BED's RefSeq NM_; c. notation belongs to a different transcript -- drop or re-resolve against an alternative isoform
CBL	NM_005188.4	c.2522-2A>C	Benign synonymous, SpliceAI<=0.1, PhastCons<1.0, PhyloP<0.1, intronic_ROI(-2)	11	119184126	A	C	0.005	-0.086				12.78			flagged:intergenic	VariantValidator: variant is non-coding on the BED's RefSeq NM_; c. notation belongs to a different transcript -- drop or re-resolve against an alternative isoform
CBL	NM_005188.4	c.2522-2A>G	Benign synonymous, SpliceAI<=0.1, PhastCons<1.0, PhyloP<0.1, intronic_ROI(-2)	11	119184126	A	G	0.005	-0.086				12.25			flagged:intergenic	VariantValidator: variant is non-coding on the BED's RefSeq NM_; c. notation belongs to a different transcript -- drop or re-resolve against an alternative isoform
CBL	NM_005188.4	c.2522-2A>T	Benign synonymous, SpliceAI<=0.1, PhastCons<1.0, PhyloP<0.1, intronic_ROI(-2)	11	119184126	A	T	0.005	-0.086				12.25			flagged:intergenic	VariantValidator: variant is non-coding on the BED's RefSeq NM_; c. notation belongs to a different transcript -- drop or re-resolve against an alternative isoform
CBL	NM_005188.4	c.2523C>A	Benign synonymous, SpliceAI<=0.1, PhastCons<1.0	11	119184129	C	A	0.001	-0.114				1.253	LB		flagged:intergenic	VariantValidator: variant is non-coding on the BED's RefSeq NM_; c. notation belongs to a different transcript -- drop or re-resolve against an alternative isoform
CBL	NM_005188.4	c.2523C>G	Benign synonymous, SpliceAI<=0.1, PhastCons<1.0	11	119184129	C	G	0.001	-0.114			1.41000e-06	1.374	LB		flagged:intergenic	VariantValidator: variant is non-coding on the BED's RefSeq NM_; c. notation belongs to a different transcript -- drop or re-resolve against an alternative isoform
CBL	NM_005188.4	c.2524A>G	Benign synonymous, SpliceAI<=0.1, PhastCons<1.0	11	119184130	A	G	0.0	-1.77				1.245	LB		flagged:intergenic	VariantValidator: variant is non-coding on the BED's RefSeq NM_; c. notation belongs to a different transcript -- drop or re-resolve against an alternative isoform
CBL	NM_005188.4	c.2524A>T	Benign synonymous, SpliceAI<=0.1, PhastCons<1.0	11	119184130	A	T	0.0	-1.77				24.5			flagged:intergenic	VariantValidator: variant is non-coding on the BED's RefSeq NM_; c. notation belongs to a different transcript -- drop or re-resolve against an alternative isoform
CBL	NM_005188.4	c.2526A>C	Benign synonymous, SpliceAI<=0.1, PhastCons<1.0	11	119184132	A	C	0.0	-0.688				1.861	LB		flagged:intergenic	VariantValidator: variant is non-coding on the BED's RefSeq NM_; c. notation belongs to a different transcript -- drop or re-resolve against an alternative isoform
CBL	NM_005188.4	c.2526A>T	Benign synonymous, SpliceAI<=0.1, PhastCons<1.0	11	119184132	A	T	0.0	-0.688				1.948	LB		flagged:intergenic	VariantValidator: variant is non-coding on the BED's RefSeq NM_; c. notation belongs to a different transcript -- drop or re-resolve against an alternative isoform
CBL	NM_005188.4	c.2536T>A	Benign synonymous, SpliceAI<=0.1, PhastCons<1.0	11	119184142	T	A	0.006	-0.178				6.882	LB		flagged:intergenic	VariantValidator: variant is non-coding on the BED's RefSeq NM_; c. notation belongs to a different transcript -- drop or re-resolve against an alternative isoform
CBL	NM_005188.4	c.2536T>G	Benign synonymous, SpliceAI<=0.1, PhastCons<1.0	11	119184142	T	G	0.006	-0.178				1.077	LB		flagged:intergenic	VariantValidator: variant is non-coding on the BED's RefSeq NM_; c. notation belongs to a different transcript -- drop or re-resolve against an alternative isoform
CBL	NM_005188.4	c.2538G>C	Benign synonymous, SpliceAI<=0.1, PhastCons<1.0	11	119184144	G	C	0.009	0.858				9.501	LB		flagged:intergenic	VariantValidator: variant is non-coding on the BED's RefSeq NM_; c. notation belongs to a different transcript -- drop or re-resolve against an alternative isoform
CBL	NM_005188.4	c.2538G>T	Benign synonymous, SpliceAI<=0.1, PhastCons<1.0	11	119184144	G	T	0.009	0.858				9.552	LB		flagged:intergenic	VariantValidator: variant is non-coding on the BED's RefSeq NM_; c. notation belongs to a different transcript -- drop or re-resolve against an alternative isoform
CBL	NM_005188.4	c.2539T>A	Benign synonymous, SpliceAI<=0.1, PhastCons<1.0	11	119184145	T	A	0.007	-0.1				7.353	LB		flagged:intergenic	VariantValidator: variant is non-coding on the BED's RefSeq NM_; c. notation belongs to a different transcript -- drop or re-resolve against an alternative isoform
CBL	NM_005188.4	c.2539T>G	Benign synonymous, SpliceAI<=0.1, PhastCons<1.0	11	119184145	T	G	0.007	-0.1				3.921	LB		flagged:intergenic	VariantValidator: variant is non-coding on the BED's RefSeq NM_; c. notation belongs to a different transcript -- drop or re-resolve against an alternative isoform
CBL	NM_005188.4	c.2541G>C	Benign synonymous, SpliceAI<=0.1, PhastCons<1.0	11	119184147	G	C	0.005	0.863				9.67	LB		flagged:intergenic	VariantValidator: variant is non-coding on the BED's RefSeq NM_; c. notation belongs to a different transcript -- drop or re-resolve against an alternative isoform
CBL	NM_005188.4	c.2541G>T	Benign synonymous, SpliceAI<=0.1, PhastCons<1.0	11	119184147	G	T	0.005	0.863				9.79	LB		flagged:intergenic	VariantValidator: variant is non-coding on the BED's RefSeq NM_; c. notation belongs to a different transcript -- drop or re-resolve against an alternative isoform
CBL	NM_005188.4	c.2545A>G	Benign synonymous, SpliceAI<=0.1, PhastCons<1.0	11	119184151	A	G	0.001	0.816				10.16	LB		flagged:intergenic	VariantValidator: variant is non-coding on the BED's RefSeq NM_; c. notation belongs to a different transcript -- drop or re-resolve against an alternative isoform
CBL	NM_005188.4	c.2545A>T	Benign synonymous, SpliceAI<=0.1, PhastCons<1.0	11	119184151	A	T	0.001	0.816				16.33	LB		flagged:intergenic	VariantValidator: variant is non-coding on the BED's RefSeq NM_; c. notation belongs to a different transcript -- drop or re-resolve against an alternative isoform
CBL	NM_005188.4	c.2547G>C	Benign synonymous, SpliceAI<=0.1, PhastCons<1.0	11	119184153	G	C	0.0	-0.054				5.112	LB		flagged:intergenic	VariantValidator: variant is non-coding on the BED's RefSeq NM_; c. notation belongs to a different transcript -- drop or re-resolve against an alternative isoform
CBL	NM_005188.4	c.2547G>T	Benign synonymous, SpliceAI<=0.1, PhastCons<1.0	11	119184153	G	T	0.0	-0.054				5.029	LB		flagged:intergenic	VariantValidator: variant is non-coding on the BED's RefSeq NM_; c. notation belongs to a different transcript -- drop or re-resolve against an alternative isoform
CBL	NM_005188.4	c.2548C>A	Benign synonymous, SpliceAI<=0.1, PhastCons<1.0	11	119184154	C	A	0.0	-0.808				4.001	LB		flagged:intergenic	VariantValidator: variant is non-coding on the BED's RefSeq NM_; c. notation belongs to a different transcript -- drop or re-resolve against an alternative isoform
CBL	NM_005188.4	c.2548C>G	Benign synonymous, SpliceAI<=0.1, PhastCons<1.0	11	119184154	C	G	0.0	-0.808				2.526	LB		flagged:intergenic	VariantValidator: variant is non-coding on the BED's RefSeq NM_; c. notation belongs to a different transcript -- drop or re-resolve against an alternative isoform
CBL	NM_005188.4	c.2553G>C	Benign synonymous, SpliceAI<=0.1, PhastCons<1.0	11	119184159	G	C	0.001	0.095				2.647	LB		flagged:intergenic	VariantValidator: variant is non-coding on the BED's RefSeq NM_; c. notation belongs to a different transcript -- drop or re-resolve against an alternative isoform
CBL	NM_005188.4	c.2553G>T	Benign synonymous, SpliceAI<=0.1, PhastCons<1.0	11	119184159	G	T	0.001	0.095				2.528	LB		flagged:intergenic	VariantValidator: variant is non-coding on the BED's RefSeq NM_; c. notation belongs to a different transcript -- drop or re-resolve against an alternative isoform
CBL	NM_005188.4	c.2556C>A	Benign synonymous, SpliceAI<=0.1, PhastCons<1.0	11	119184162	C	A	0.0	-0.017				26.5			flagged:intergenic	VariantValidator: variant is non-coding on the BED's RefSeq NM_; c. notation belongs to a different transcript -- drop or re-resolve against an alternative isoform
CBL	NM_005188.4	c.2556C>G	Benign synonymous, SpliceAI<=0.1, PhastCons<1.0	11	119184162	C	G	0.0	-0.017				13.0	LB		flagged:intergenic	VariantValidator: variant is non-coding on the BED's RefSeq NM_; c. notation belongs to a different transcript -- drop or re-resolve against an alternative isoform
CBL	NM_005188.4	c.2559T>A	Benign synonymous, SpliceAI<=0.1, PhastCons<1.0	11	119184165	T	A	0.001	-0.782				6.89	LB		flagged:intergenic	VariantValidator: variant is non-coding on the BED's RefSeq NM_; c. notation belongs to a different transcript -- drop or re-resolve against an alternative isoform
CBL	NM_005188.4	c.2559T>G	Benign synonymous, SpliceAI<=0.1, PhastCons<1.0	11	119184165	T	G	0.001	-0.782			5.08300e-05	7.484	LB		flagged:intergenic	VariantValidator: variant is non-coding on the BED's RefSeq NM_; c. notation belongs to a different transcript -- drop or re-resolve against an alternative isoform
CBL	NM_005188.4	c.2577C>A	Benign synonymous, SpliceAI<=0.1, PhastCons<1.0	11	119184183	C	A	0.0	-0.076				4.368	LB		flagged:intergenic	VariantValidator: variant is non-coding on the BED's RefSeq NM_; c. notation belongs to a different transcript -- drop or re-resolve against an alternative isoform
CBL	NM_005188.4	c.2577C>G	Benign synonymous, SpliceAI<=0.1, PhastCons<1.0	11	119184183	C	G	0.0	-0.076				4.485	LB		flagged:intergenic	VariantValidator: variant is non-coding on the BED's RefSeq NM_; c. notation belongs to a different transcript -- drop or re-resolve against an alternative isoform
CBL	NM_005188.4	c.2583C>A	Benign synonymous, SpliceAI<=0.1, PhastCons<1.0	11	119184189	C	A	0.001	-0.192				10.45	LB		flagged:intergenic	VariantValidator: variant is non-coding on the BED's RefSeq NM_; c. notation belongs to a different transcript -- drop or re-resolve against an alternative isoform
CBL	NM_005188.4	c.2583C>G	Benign synonymous, SpliceAI<=0.1, PhastCons<1.0	11	119184189	C	G	0.001	-0.192				10.55	LB		flagged:intergenic	VariantValidator: variant is non-coding on the BED's RefSeq NM_; c. notation belongs to a different transcript -- drop or re-resolve against an alternative isoform
CBL	NM_005188.4	c.2589C>A	Benign synonymous, SpliceAI<=0.1, PhastCons<1.0	11	119184195	C	A	0.0	-0.107			9.81500e-05	4.678	LB		flagged:intergenic	VariantValidator: variant is non-coding on the BED's RefSeq NM_; c. notation belongs to a different transcript -- drop or re-resolve against an alternative isoform
CBL	NM_005188.4	c.2589C>G	Benign synonymous, SpliceAI<=0.1, PhastCons<1.0	11	119184195	C	G	0.0	-0.107				4.729	LB		flagged:intergenic	VariantValidator: variant is non-coding on the BED's RefSeq NM_; c. notation belongs to a different transcript -- drop or re-resolve against an alternative isoform
CBL	NM_005188.4	c.2604C>A	Benign synonymous, SpliceAI<=0.1, PhastCons<1.0	11	119184210	C	A	0.001	0.421				12.46	A		flagged:intergenic	VariantValidator: variant is non-coding on the BED's RefSeq NM_; c. notation belongs to a different transcript -- drop or re-resolve against an alternative isoform
CBL	NM_005188.4	c.2604C>G	Benign synonymous, SpliceAI<=0.1, PhastCons<1.0	11	119184210	C	G	0.001	0.421				12.33	A		flagged:intergenic	VariantValidator: variant is non-coding on the BED's RefSeq NM_; c. notation belongs to a different transcript -- drop or re-resolve against an alternative isoform
CBL	NM_005188.4	c.2607G>C	Benign synonymous, SpliceAI<=0.1, PhastCons<1.0	11	119184213	G	C	0.001	-0.227				4.202	LB		flagged:intergenic	VariantValidator: variant is non-coding on the BED's RefSeq NM_; c. notation belongs to a different transcript -- drop or re-resolve against an alternative isoform
CBL	NM_005188.4	c.2607G>T	Benign synonymous, SpliceAI<=0.1, PhastCons<1.0	11	119184213	G	T	0.001	-0.227				4.275	LB		flagged:intergenic	VariantValidator: variant is non-coding on the BED's RefSeq NM_; c. notation belongs to a different transcript -- drop or re-resolve against an alternative isoform
CBL	NM_005188.4	c.2609G>C	Benign synonymous, SpliceAI<=0.1, PhastCons<1.0	11	119184215	G	C	0.001	-0.144				0.431			flagged:intergenic	VariantValidator: variant is non-coding on the BED's RefSeq NM_; c. notation belongs to a different transcript -- drop or re-resolve against an alternative isoform
CBL	NM_005188.4	c.2609G>T	Benign synonymous, SpliceAI<=0.1, PhastCons<1.0	11	119184215	G	T	0.001	-0.144				1.379			flagged:intergenic	VariantValidator: variant is non-coding on the BED's RefSeq NM_; c. notation belongs to a different transcript -- drop or re-resolve against an alternative isoform
DIS3L2	NM_152383.4	c.1584G>C	Benign synonymous, SpliceAI<=0.1, PhastCons<1.0	2	233208057	G	C	0.997	1.551	0.028		8.20000e-07	12.33	LB		flagged:intergenic	VariantValidator: variant is non-coding on the BED's RefSeq NM_; c. notation belongs to a different transcript -- drop or re-resolve against an alternative isoform
DIS3L2	NM_152383.4	c.1584G>T	Benign synonymous, SpliceAI<=0.1, PhastCons<1.0	2	233208057	G	T	0.997	1.551	0.028			12.34	LB		flagged:intergenic	VariantValidator: variant is non-coding on the BED's RefSeq NM_; c. notation belongs to a different transcript -- drop or re-resolve against an alternative isoform
DIS3L2	NM_152383.4	c.1587C>A	Benign synonymous, SpliceAI<=0.1, PhastCons<1.0	2	233208060	C	A	0.009	-0.395	0.061			2.855	LB		flagged:intergenic	VariantValidator: variant is non-coding on the BED's RefSeq NM_; c. notation belongs to a different transcript -- drop or re-resolve against an alternative isoform
DIS3L2	NM_152383.4	c.1587C>G	Benign synonymous, SpliceAI<=0.1, PhastCons<1.0	2	233208060	C	G	0.009	-0.395	0.061			2.999	LB		flagged:intergenic	VariantValidator: variant is non-coding on the BED's RefSeq NM_; c. notation belongs to a different transcript -- drop or re-resolve against an alternative isoform
DIS3L2	NM_152383.4	c.1593C>A	Benign synonymous, SpliceAI<=0.1, PhastCons<1.0	2	233208066	C	A	0.984	0.844	0.032			12.23	LB		flagged:intergenic	VariantValidator: variant is non-coding on the BED's RefSeq NM_; c. notation belongs to a different transcript -- drop or re-resolve against an alternative isoform
DIS3L2	NM_152383.4	c.1593C>G	Benign synonymous, SpliceAI<=0.1, PhastCons<1.0	2	233208066	C	G	0.984	0.844	0.032			12.26	LB		flagged:intergenic	VariantValidator: variant is non-coding on the BED's RefSeq NM_; c. notation belongs to a different transcript -- drop or re-resolve against an alternative isoform
DIS3L2	NM_152383.4	c.1596G>C	Benign synonymous, SpliceAI<=0.1, PhastCons<1.0	2	233208069	G	C	0.895	0.887	0.015			9.552	LB		flagged:intergenic	VariantValidator: variant is non-coding on the BED's RefSeq NM_; c. notation belongs to a different transcript -- drop or re-resolve against an alternative isoform
DIS3L2	NM_152383.4	c.1596G>T	Benign synonymous, SpliceAI<=0.1, PhastCons<1.0	2	233208069	G	T	0.895	0.887	0.010			9.526	LB		flagged:intergenic	VariantValidator: variant is non-coding on the BED's RefSeq NM_; c. notation belongs to a different transcript -- drop or re-resolve against an alternative isoform
DIS3L2	NM_152383.4	c.1599T>A	Benign synonymous, SpliceAI<=0.1, PhastCons<1.0	2	233208072	T	A	0.191	0.084	0.013		2.99000e-06	5.351	LB		flagged:intergenic	VariantValidator: variant is non-coding on the BED's RefSeq NM_; c. notation belongs to a different transcript -- drop or re-resolve against an alternative isoform
DIS3L2	NM_152383.4	c.1599T>G	Benign synonymous, SpliceAI<=0.1, PhastCons<1.0	2	233208072	T	G	0.191	0.084	0.026		2.90000e-07	5.541	LB		flagged:intergenic	VariantValidator: variant is non-coding on the BED's RefSeq NM_; c. notation belongs to a different transcript -- drop or re-resolve against an alternative isoform
DIS3L2	NM_152383.4	c.1611T>A	Benign synonymous, SpliceAI<=0.1, PhastCons<1.0	2	233208084	T	A	0.032	-0.314	0.029			2.875	LB		flagged:intergenic	VariantValidator: variant is non-coding on the BED's RefSeq NM_; c. notation belongs to a different transcript -- drop or re-resolve against an alternative isoform
DIS3L2	NM_152383.4	c.1611T>G	Benign synonymous, SpliceAI<=0.1, PhastCons<1.0	2	233208084	T	G	0.032	-0.314	0.020			3.004	LB		flagged:intergenic	VariantValidator: variant is non-coding on the BED's RefSeq NM_; c. notation belongs to a different transcript -- drop or re-resolve against an alternative isoform
DIS3L2	NM_152383.4	c.1626C>A	Benign synonymous, SpliceAI<=0.1, PhastCons<1.0	2	233208099	C	A	0.006	0.299	0.046			10.78	LB		flagged:intergenic	VariantValidator: variant is non-coding on the BED's RefSeq NM_; c. notation belongs to a different transcript -- drop or re-resolve against an alternative isoform
DIS3L2	NM_152383.4	c.1626C>G	Benign synonymous, SpliceAI<=0.1, PhastCons<1.0	2	233208099	C	G	0.006	0.299	0.046			10.83	LB		flagged:intergenic	VariantValidator: variant is non-coding on the BED's RefSeq NM_; c. notation belongs to a different transcript -- drop or re-resolve against an alternative isoform
DIS3L2	NM_152383.4	c.1629C>A	Benign synonymous, SpliceAI<=0.1, PhastCons<1.0	2	233208102	C	A	0.017	-0.182	0.016			9.427	LB		flagged:intergenic	VariantValidator: variant is non-coding on the BED's RefSeq NM_; c. notation belongs to a different transcript -- drop or re-resolve against an alternative isoform
DIS3L2	NM_152383.4	c.1629C>G	Benign synonymous, SpliceAI<=0.1, PhastCons<1.0	2	233208102	C	G	0.017	-0.182	0.016			9.429	LB		flagged:intergenic	VariantValidator: variant is non-coding on the BED's RefSeq NM_; c. notation belongs to a different transcript -- drop or re-resolve against an alternative isoform
DIS3L2	NM_152383.4	c.1641A>C	Benign synonymous, SpliceAI<=0.1, PhastCons<1.0	2	233208114	A	C	0.999	0.324	0.026			12.09	LB		flagged:intergenic	VariantValidator: variant is non-coding on the BED's RefSeq NM_; c. notation belongs to a different transcript -- drop or re-resolve against an alternative isoform
DIS3L2	NM_152383.4	c.1641A>T	Benign synonymous, SpliceAI<=0.1, PhastCons<1.0	2	233208114	A	T	0.999	0.324	0.079			11.72	LB		flagged:intergenic	VariantValidator: variant is non-coding on the BED's RefSeq NM_; c. notation belongs to a different transcript -- drop or re-resolve against an alternative isoform
DIS3L2	NM_152383.4	c.1644T>A	Benign synonymous, SpliceAI<=0.1, PhastCons<1.0	2	233208117	T	A	0.998	0.113	0.017			6.829	LB		flagged:intergenic	VariantValidator: variant is non-coding on the BED's RefSeq NM_; c. notation belongs to a different transcript -- drop or re-resolve against an alternative isoform
DIS3L2	NM_152383.4	c.1644T>G	Benign synonymous, SpliceAI<=0.1, PhastCons<1.0	2	233208117	T	G	0.998	0.113	0.055			7.043	LB		flagged:intergenic	VariantValidator: variant is non-coding on the BED's RefSeq NM_; c. notation belongs to a different transcript -- drop or re-resolve against an alternative isoform
DIS3L2	NM_152383.4	c.1650A>C	Benign synonymous, SpliceAI<=0.1, PhastCons<1.0	2	233208123	A	C	0.1	-0.122	0.024			4.427	LB		flagged:intergenic	VariantValidator: variant is non-coding on the BED's RefSeq NM_; c. notation belongs to a different transcript -- drop or re-resolve against an alternative isoform
DIS3L2	NM_152383.4	c.1650A>T	Benign synonymous, SpliceAI<=0.1, PhastCons<1.0	2	233208123	A	T	0.1	-0.122	0.013			4.354	LB		flagged:intergenic	VariantValidator: variant is non-coding on the BED's RefSeq NM_; c. notation belongs to a different transcript -- drop or re-resolve against an alternative isoform
DIS3L2	NM_152383.4	c.1656G>C	Benign synonymous, SpliceAI<=0.1, PhastCons<1.0	2	233208129	G	C	0.48	1.078	0.023			2.46	LB		flagged:intergenic	VariantValidator: variant is non-coding on the BED's RefSeq NM_; c. notation belongs to a different transcript -- drop or re-resolve against an alternative isoform
DIS3L2	NM_152383.4	c.1656G>T	Benign synonymous, SpliceAI<=0.1, PhastCons<1.0	2	233208129	G	T	0.48	1.078	0.015			2.346	LB		flagged:intergenic	VariantValidator: variant is non-coding on the BED's RefSeq NM_; c. notation belongs to a different transcript -- drop or re-resolve against an alternative isoform
DIS3L2	NM_152383.4	c.1668G>C	Benign synonymous, SpliceAI<=0.1, PhastCons<1.0	2	233208141	G	C	0.566	1.063	0.036			6.205	LB		flagged:intergenic	VariantValidator: variant is non-coding on the BED's RefSeq NM_; c. notation belongs to a different transcript -- drop or re-resolve against an alternative isoform
DIS3L2	NM_152383.4	c.1668G>T	Benign synonymous, SpliceAI<=0.1, PhastCons<1.0	2	233208141	G	T	0.566	1.063	0.029			6.176	LB		flagged:intergenic	VariantValidator: variant is non-coding on the BED's RefSeq NM_; c. notation belongs to a different transcript -- drop or re-resolve against an alternative isoform
DIS3L2	NM_152383.4	c.1671A>C	Benign synonymous, SpliceAI<=0.1, PhastCons<1.0	2	233208144	A	C	0.009	0.074	0.014			6.225	LB		flagged:intergenic	VariantValidator: variant is non-coding on the BED's RefSeq NM_; c. notation belongs to a different transcript -- drop or re-resolve against an alternative isoform
DIS3L2	NM_152383.4	c.1671A>T	Benign synonymous, SpliceAI<=0.1, PhastCons<1.0	2	233208144	A	T	0.009	0.074	0.013			6.08	LB		flagged:intergenic	VariantValidator: variant is non-coding on the BED's RefSeq NM_; c. notation belongs to a different transcript -- drop or re-resolve against an alternative isoform
DIS3L2	NM_152383.4	c.1675C>A	Benign synonymous, SpliceAI<=0.1, PhastCons<1.0	2	233208148	C	A	0.006	0.943	0.080			5.427	LB		flagged:intergenic	VariantValidator: variant is non-coding on the BED's RefSeq NM_; c. notation belongs to a different transcript -- drop or re-resolve against an alternative isoform
DIS3L2	NM_152383.4	c.1675C>G	Benign synonymous, SpliceAI<=0.1, PhastCons<1.0	2	233208148	C	G	0.006	0.943	0.074			3.368	LB		flagged:intergenic	VariantValidator: variant is non-coding on the BED's RefSeq NM_; c. notation belongs to a different transcript -- drop or re-resolve against an alternative isoform
DIS3L2	NM_152383.4	c.1683G>C	Benign synonymous, SpliceAI<=0.1, PhastCons<1.0	2	233208156	G	C	0.127	0.039	0.023			3.362	LB		flagged:intergenic	VariantValidator: variant is non-coding on the BED's RefSeq NM_; c. notation belongs to a different transcript -- drop or re-resolve against an alternative isoform
DIS3L2	NM_152383.4	c.1683G>T	Benign synonymous, SpliceAI<=0.1, PhastCons<1.0	2	233208156	G	T	0.127	0.039	0.023			3.244	LB		flagged:intergenic	VariantValidator: variant is non-coding on the BED's RefSeq NM_; c. notation belongs to a different transcript -- drop or re-resolve against an alternative isoform
DIS3L2	NM_152383.4	c.1687C>G	Benign synonymous, SpliceAI<=0.1, PhastCons<1.0	2	233208160	C	G	0.34	3.526	0.082			7.585	LB		flagged:intergenic	VariantValidator: variant is non-coding on the BED's RefSeq NM_; c. notation belongs to a different transcript -- drop or re-resolve against an alternative isoform
DIS3L2	NM_152383.4	c.1687C>T	Benign synonymous, SpliceAI<=0.1, PhastCons<1.0	2	233208160	C	T	0.34	3.526	0.064		8.73100e-05	13.65	LB		flagged:intergenic	VariantValidator: variant is non-coding on the BED's RefSeq NM_; c. notation belongs to a different transcript -- drop or re-resolve against an alternative isoform
DIS3L2	NM_152383.4	c.1698T>A	Benign synonymous, SpliceAI<=0.1, PhastCons<1.0	2	233208171	T	A	0.999	0.016				33.0			flagged:intergenic	VariantValidator: variant is non-coding on the BED's RefSeq NM_; c. notation belongs to a different transcript -- drop or re-resolve against an alternative isoform
DIS3L2	NM_152383.4	c.1698T>G	Benign synonymous, SpliceAI<=0.1, PhastCons<1.0	2	233208171	T	G	0.999	0.016	0.026			12.08	LB		flagged:intergenic	VariantValidator: variant is non-coding on the BED's RefSeq NM_; c. notation belongs to a different transcript -- drop or re-resolve against an alternative isoform
DIS3L2	NM_152383.4	c.1701C>A	Benign synonymous, SpliceAI<=0.1, PhastCons<1.0	2	233208174	C	A	0.996	0.062	0.131			6.079	LB		flagged:intergenic	VariantValidator: variant is non-coding on the BED's RefSeq NM_; c. notation belongs to a different transcript -- drop or re-resolve against an alternative isoform
DIS3L2	NM_152383.4	c.1701C>G	Benign synonymous, SpliceAI<=0.1, PhastCons<1.0	2	233208174	C	G	0.996	0.062	0.131			6.228	LB		flagged:intergenic	VariantValidator: variant is non-coding on the BED's RefSeq NM_; c. notation belongs to a different transcript -- drop or re-resolve against an alternative isoform
DIS3L2	NM_152383.4	c.1707T>A	Benign synonymous, SpliceAI<=0.1, PhastCons<1.0	2	233208180	T	A	0.997	0.006	0.044		2.90000e-07	8.573	LB		flagged:intergenic	VariantValidator: variant is non-coding on the BED's RefSeq NM_; c. notation belongs to a different transcript -- drop or re-resolve against an alternative isoform
DIS3L2	NM_152383.4	c.1707T>G	Benign synonymous, SpliceAI<=0.1, PhastCons<1.0	2	233208180	T	G	0.997	0.006	0.044			8.672	LB		flagged:intergenic	VariantValidator: variant is non-coding on the BED's RefSeq NM_; c. notation belongs to a different transcript -- drop or re-resolve against an alternative isoform
DIS3L2	NM_152383.4	c.1717C>G	Benign synonymous, SpliceAI<=0.1, PhastCons<1.0	2	233208190	C	G	0.677	1.267	0.050		3.93000e-06	7.674	LB		flagged:intergenic	VariantValidator: variant is non-coding on the BED's RefSeq NM_; c. notation belongs to a different transcript -- drop or re-resolve against an alternative isoform
DIS3L2	NM_152383.4	c.1717C>T	Benign synonymous, SpliceAI<=0.1, PhastCons<1.0	2	233208190	C	T	0.677	1.267			9.11300e-05	34.0		Uncertain_significance	flagged:intergenic	VariantValidator: variant is non-coding on the BED's RefSeq NM_; c. notation belongs to a different transcript -- drop or re-resolve against an alternative isoform
DIS3L2	NM_152383.4	c.1720C>A	Benign synonymous, SpliceAI<=0.1, PhastCons<1.0	2	233208193	C	A	0.449	0.303	0.083			5.348	LB		flagged:intergenic	VariantValidator: variant is non-coding on the BED's RefSeq NM_; c. notation belongs to a different transcript -- drop or re-resolve against an alternative isoform
DIS3L2	NM_152383.4	c.1720C>G	Benign synonymous, SpliceAI<=0.1, PhastCons<1.0	2	233208193	C	G	0.449	0.303	0.079			3.341	LB		flagged:intergenic	VariantValidator: variant is non-coding on the BED's RefSeq NM_; c. notation belongs to a different transcript -- drop or re-resolve against an alternative isoform
DIS3L2	NM_152383.4	c.1743C>A	Benign synonymous, SpliceAI<=0.1, PhastCons<1.0	2	233208216	C	A	0.518	-0.117	0.096			4.627	LB		flagged:intergenic	VariantValidator: variant is non-coding on the BED's RefSeq NM_; c. notation belongs to a different transcript -- drop or re-resolve against an alternative isoform
DIS3L2	NM_152383.4	c.1743C>G	Benign synonymous, SpliceAI<=0.1, PhastCons<1.0	2	233208216	C	G	0.518	-0.117	0.048			4.906	LB		flagged:intergenic	VariantValidator: variant is non-coding on the BED's RefSeq NM_; c. notation belongs to a different transcript -- drop or re-resolve against an alternative isoform
DIS3L2	NM_152383.4	c.1750T>A	Benign synonymous, SpliceAI<=0.1, PhastCons<1.0	2	233208223	T	A	0.986	0.738	0.037			7.883	LB		flagged:intergenic	VariantValidator: variant is non-coding on the BED's RefSeq NM_; c. notation belongs to a different transcript -- drop or re-resolve against an alternative isoform
DIS3L2	NM_152383.4	c.1750T>G	Benign synonymous, SpliceAI<=0.1, PhastCons<1.0	2	233208223	T	G	0.986	0.738	0.069			6.417	LB		flagged:intergenic	VariantValidator: variant is non-coding on the BED's RefSeq NM_; c. notation belongs to a different transcript -- drop or re-resolve against an alternative isoform
DIS3L2	NM_152383.4	c.1777A>G	Benign synonymous, SpliceAI<=0.1, PhastCons<1.0	2	233208250	A	G	0.903	2.162	0.037			4.107	LB		flagged:intergenic	VariantValidator: variant is non-coding on the BED's RefSeq NM_; c. notation belongs to a different transcript -- drop or re-resolve against an alternative isoform
DIS3L2	NM_152383.4	c.1777A>T	Benign synonymous, SpliceAI<=0.1, PhastCons<1.0	2	233208250	A	T	0.903	2.162				28.4			flagged:intergenic	VariantValidator: variant is non-coding on the BED's RefSeq NM_; c. notation belongs to a different transcript -- drop or re-resolve against an alternative isoform
DIS3L2	NM_152383.4	c.1779A>C	Benign synonymous, SpliceAI<=0.1, PhastCons<1.0	2	233208252	A	C	0.89	0.089	0.028			2.109	LB		flagged:intergenic	VariantValidator: variant is non-coding on the BED's RefSeq NM_; c. notation belongs to a different transcript -- drop or re-resolve against an alternative isoform
DIS3L2	NM_152383.4	c.1779A>T	Benign synonymous, SpliceAI<=0.1, PhastCons<1.0	2	233208252	A	T	0.89	0.089	0.022			2.097	LB		flagged:intergenic	VariantValidator: variant is non-coding on the BED's RefSeq NM_; c. notation belongs to a different transcript -- drop or re-resolve against an alternative isoform
ELOC	NM_005648.4	c.198G>T	Benign synonymous, SpliceAI<=0.1, PhastCons<1.0	8	74853791	C	A	0.001	-0.144				4.776			flagged:intergenic	VariantValidator: variant is non-coding on the BED's RefSeq NM_; c. notation belongs to a different transcript -- drop or re-resolve against an alternative isoform
ELOC	NM_005648.4	c.198G>C	Benign synonymous, SpliceAI<=0.1, PhastCons<1.0	8	74853791	C	G	0.001	-0.144				4.962			flagged:intergenic	VariantValidator: variant is non-coding on the BED's RefSeq NM_; c. notation belongs to a different transcript -- drop or re-resolve against an alternative isoform
ELOC	NM_005648.4	c.192T>G	Benign synonymous, SpliceAI<=0.1, PhastCons<1.0	8	74853797	A	C	0.002	-0.162				6.877	LB		flagged:intergenic	VariantValidator: variant is non-coding on the BED's RefSeq NM_; c. notation belongs to a different transcript -- drop or re-resolve against an alternative isoform
ELOC	NM_005648.4	c.192T>A	Benign synonymous, SpliceAI<=0.1, PhastCons<1.0	8	74853797	A	T	0.002	-0.162				6.809			flagged:intergenic	VariantValidator: variant is non-coding on the BED's RefSeq NM_; c. notation belongs to a different transcript -- drop or re-resolve against an alternative isoform
ELOC	NM_005648.4	c.186T>G	Benign synonymous, SpliceAI<=0.1, PhastCons<1.0	8	74853803	A	C	0.0	-0.26				7.714	LB		flagged:intergenic	VariantValidator: variant is non-coding on the BED's RefSeq NM_; c. notation belongs to a different transcript -- drop or re-resolve against an alternative isoform
ELOC	NM_005648.4	c.186T>A	Benign synonymous, SpliceAI<=0.1, PhastCons<1.0	8	74853803	A	T	0.0	-0.26				7.494	LB		flagged:intergenic	VariantValidator: variant is non-coding on the BED's RefSeq NM_; c. notation belongs to a different transcript -- drop or re-resolve against an alternative isoform
ELOC	NM_005648.4	c.183C>G	Benign synonymous, SpliceAI<=0.1, PhastCons<1.0	8	74853806	G	C	0.002	0.693				6.73	A		flagged:intergenic	VariantValidator: variant is non-coding on the BED's RefSeq NM_; c. notation belongs to a different transcript -- drop or re-resolve against an alternative isoform
ELOC	NM_005648.4	c.183C>A	Benign synonymous, SpliceAI<=0.1, PhastCons<1.0	8	74853806	G	T	0.002	0.693				6.653			flagged:intergenic	VariantValidator: variant is non-coding on the BED's RefSeq NM_; c. notation belongs to a different transcript -- drop or re-resolve against an alternative isoform
ELOC	NM_005648.4	c.180G>T	Benign synonymous, SpliceAI<=0.1, PhastCons<1.0	8	74853809	C	A	0.003	0.665				6.006	LB		flagged:intergenic	VariantValidator: variant is non-coding on the BED's RefSeq NM_; c. notation belongs to a different transcript -- drop or re-resolve against an alternative isoform
ELOC	NM_005648.4	c.180G>C	Benign synonymous, SpliceAI<=0.1, PhastCons<1.0	8	74853809	C	G	0.003	0.665				6.114	LB		flagged:intergenic	VariantValidator: variant is non-coding on the BED's RefSeq NM_; c. notation belongs to a different transcript -- drop or re-resolve against an alternative isoform
ELOC	NM_005648.4	c.175C>G	Benign synonymous, SpliceAI<=0.1, PhastCons<1.0	8	74853814	G	C	0.005	-0.147				7.557	LB		flagged:intergenic	VariantValidator: variant is non-coding on the BED's RefSeq NM_; c. notation belongs to a different transcript -- drop or re-resolve against an alternative isoform
ELOC	NM_005648.4	c.175C>A	Benign synonymous, SpliceAI<=0.1, PhastCons<1.0	8	74853814	G	T	0.005	-0.147				7.372	LB		flagged:intergenic	VariantValidator: variant is non-coding on the BED's RefSeq NM_; c. notation belongs to a different transcript -- drop or re-resolve against an alternative isoform
ELOC	NM_005648.4	c.174G>T	Benign synonymous, SpliceAI<=0.1, PhastCons<1.0	8	74853815	C	A	0.003	-0.24				6.307	LB		flagged:intergenic	VariantValidator: variant is non-coding on the BED's RefSeq NM_; c. notation belongs to a different transcript -- drop or re-resolve against an alternative isoform
ELOC	NM_005648.4	c.174G>C	Benign synonymous, SpliceAI<=0.1, PhastCons<1.0	8	74853815	C	G	0.003	-0.24				6.443	LB		flagged:intergenic	VariantValidator: variant is non-coding on the BED's RefSeq NM_; c. notation belongs to a different transcript -- drop or re-resolve against an alternative isoform
ELOC	NM_005648.4	c.172A>T	Benign synonymous, SpliceAI<=0.1, PhastCons<1.0	8	74853817	T	A	0.003	0.672				6.503	LB		flagged:intergenic	VariantValidator: variant is non-coding on the BED's RefSeq NM_; c. notation belongs to a different transcript -- drop or re-resolve against an alternative isoform
ELOC	NM_005648.4	c.172A>G	Benign synonymous, SpliceAI<=0.1, PhastCons<1.0	8	74853817	T	C	0.003	0.672				6.905	LB		flagged:intergenic	VariantValidator: variant is non-coding on the BED's RefSeq NM_; c. notation belongs to a different transcript -- drop or re-resolve against an alternative isoform
ELOC	NM_005648.4	c.168G>T	Benign synonymous, SpliceAI<=0.1, PhastCons<1.0	8	74853821	C	A	0.0	-0.188				5.275	LB		flagged:intergenic	VariantValidator: variant is non-coding on the BED's RefSeq NM_; c. notation belongs to a different transcript -- drop or re-resolve against an alternative isoform
ELOC	NM_005648.4	c.168G>C	Benign synonymous, SpliceAI<=0.1, PhastCons<1.0	8	74853821	C	G	0.0	-0.188				5.241	LB		flagged:intergenic	VariantValidator: variant is non-coding on the BED's RefSeq NM_; c. notation belongs to a different transcript -- drop or re-resolve against an alternative isoform
ELOC	NM_005648.4	c.166T>G	Benign synonymous, SpliceAI<=0.1, PhastCons<1.0	8	74853823	A	C	0.0	-0.118				5.461	LB		flagged:intergenic	VariantValidator: variant is non-coding on the BED's RefSeq NM_; c. notation belongs to a different transcript -- drop or re-resolve against an alternative isoform
ELOC	NM_005648.4	c.166T>A	Benign synonymous, SpliceAI<=0.1, PhastCons<1.0	8	74853823	A	T	0.0	-0.118				5.398	LB		flagged:intergenic	VariantValidator: variant is non-coding on the BED's RefSeq NM_; c. notation belongs to a different transcript -- drop or re-resolve against an alternative isoform
ELOC	NM_005648.4	c.150C>G	Benign synonymous, SpliceAI<=0.1, PhastCons<1.0	8	74853839	G	C	0.001	-0.35				0.682	LB		flagged:intergenic	VariantValidator: variant is non-coding on the BED's RefSeq NM_; c. notation belongs to a different transcript -- drop or re-resolve against an alternative isoform
ELOC	NM_005648.4	c.150C>A	Benign synonymous, SpliceAI<=0.1, PhastCons<1.0	8	74853839	G	T	0.001	-0.35				0.579	LB		flagged:intergenic	VariantValidator: variant is non-coding on the BED's RefSeq NM_; c. notation belongs to a different transcript -- drop or re-resolve against an alternative isoform
ELOC	NM_005648.4	c.149-2A>T	Benign synonymous, SpliceAI<=0.1, PhastCons<1.0, PhyloP<0.1, intronic_ROI(-2)	8	74853842	T	A	0.001	-0.043				10.13			flagged:intergenic	VariantValidator: variant is non-coding on the BED's RefSeq NM_; c. notation belongs to a different transcript -- drop or re-resolve against an alternative isoform
ELOC	NM_005648.4	c.149-2A>G	Benign synonymous, SpliceAI<=0.1, PhastCons<1.0, PhyloP<0.1, intronic_ROI(-2)	8	74853842	T	C	0.001	-0.043				9.993			flagged:intergenic	VariantValidator: variant is non-coding on the BED's RefSeq NM_; c. notation belongs to a different transcript -- drop or re-resolve against an alternative isoform
ELOC	NM_005648.4	c.149-2A>C	Benign synonymous, SpliceAI<=0.1, PhastCons<1.0, PhyloP<0.1, intronic_ROI(-2)	8	74853842	T	G	0.001	-0.043				11.31			flagged:intergenic	VariantValidator: variant is non-coding on the BED's RefSeq NM_; c. notation belongs to a different transcript -- drop or re-resolve against an alternative isoform
EPCAM	NM_002354.3	c.6G>C	Benign synonymous, SpliceAI<=0.1, PhastCons<1.0	2	47596220	G	C	0.0	-0.891	0.081			1.533			flagged:intergenic	VariantValidator: variant is non-coding on the BED's RefSeq NM_; c. notation belongs to a different transcript -- drop or re-resolve against an alternative isoform
EPCAM	NM_002354.3	c.6G>T	Benign synonymous, SpliceAI<=0.1, PhastCons<1.0	2	47596220	G	T	0.0	-0.891	0.089			1.233			flagged:intergenic	VariantValidator: variant is non-coding on the BED's RefSeq NM_; c. notation belongs to a different transcript -- drop or re-resolve against an alternative isoform
EPCAM	NM_002354.3	c.12G>C	Benign synonymous, SpliceAI<=0.1, PhastCons<1.0	2	47596226	G	C	0.004	0.452	0.055			8.565			flagged:intergenic	VariantValidator: variant is non-coding on the BED's RefSeq NM_; c. notation belongs to a different transcript -- drop or re-resolve against an alternative isoform
EPCAM	NM_002354.3	c.12G>T	Benign synonymous, SpliceAI<=0.1, PhastCons<1.0	2	47596226	G	T	0.004	0.452	0.050			8.575			flagged:intergenic	VariantValidator: variant is non-coding on the BED's RefSeq NM_; c. notation belongs to a different transcript -- drop or re-resolve against an alternative isoform
EPCAM	NM_002354.3	c.15C>A	Benign synonymous, SpliceAI<=0.1, PhastCons<1.0	2	47596229	C	A	0.001	0.145	0.086			9.755			flagged:intergenic	VariantValidator: variant is non-coding on the BED's RefSeq NM_; c. notation belongs to a different transcript -- drop or re-resolve against an alternative isoform
EPCAM	NM_002354.3	c.15C>G	Benign synonymous, SpliceAI<=0.1, PhastCons<1.0	2	47596229	C	G	0.001	0.145	0.087			9.877			flagged:intergenic	VariantValidator: variant is non-coding on the BED's RefSeq NM_; c. notation belongs to a different transcript -- drop or re-resolve against an alternative isoform
EPCAM	NM_002354.3	c.16C>A	Benign synonymous, SpliceAI<=0.1, PhastCons<1.0	2	47596230	C	A	0.002	1.062	0.147			12.33			flagged:intergenic	VariantValidator: variant is non-coding on the BED's RefSeq NM_; c. notation belongs to a different transcript -- drop or re-resolve against an alternative isoform
EPCAM	NM_002354.3	c.16C>G	Benign synonymous, SpliceAI<=0.1, PhastCons<1.0	2	47596230	C	G	0.002	1.062	0.100			12.75			flagged:intergenic	VariantValidator: variant is non-coding on the BED's RefSeq NM_; c. notation belongs to a different transcript -- drop or re-resolve against an alternative isoform
EPCAM	NM_002354.3	c.22C>G	Benign synonymous, SpliceAI<=0.1, PhastCons<1.0	2	47596236	C	G	0.091	0.416	0.120			11.12			flagged:intergenic	VariantValidator: variant is non-coding on the BED's RefSeq NM_; c. notation belongs to a different transcript -- drop or re-resolve against an alternative isoform
EPCAM	NM_002354.3	c.22C>T	Benign synonymous, SpliceAI<=0.1, PhastCons<1.0	2	47596236	C	T	0.091	0.416	0.196			12.25			flagged:intergenic	VariantValidator: variant is non-coding on the BED's RefSeq NM_; c. notation belongs to a different transcript -- drop or re-resolve against an alternative isoform
EPCAM	NM_002354.3	c.51C>A	Benign synonymous, SpliceAI<=0.1, PhastCons<1.0	2	47596265	C	A	0.986	1.042	0.131			14.12			flagged:intergenic	VariantValidator: variant is non-coding on the BED's RefSeq NM_; c. notation belongs to a different transcript -- drop or re-resolve against an alternative isoform
EPCAM	NM_002354.3	c.51C>G	Benign synonymous, SpliceAI<=0.1, PhastCons<1.0	2	47596265	C	G	0.986	1.042	0.131			14.32			flagged:intergenic	VariantValidator: variant is non-coding on the BED's RefSeq NM_; c. notation belongs to a different transcript -- drop or re-resolve against an alternative isoform
EPCAM	NM_002354.3	c.52C>A	Benign synonymous, SpliceAI<=0.1, PhastCons<1.0	2	47596266	C	A	0.989	2.234	0.174			13.28			flagged:intergenic	VariantValidator: variant is non-coding on the BED's RefSeq NM_; c. notation belongs to a different transcript -- drop or re-resolve against an alternative isoform
EPCAM	NM_002354.3	c.52C>G	Benign synonymous, SpliceAI<=0.1, PhastCons<1.0	2	47596266	C	G	0.989	2.234	0.143			13.62			flagged:intergenic	VariantValidator: variant is non-coding on the BED's RefSeq NM_; c. notation belongs to a different transcript -- drop or re-resolve against an alternative isoform
EPCAM	NM_002354.3	c.58A>G	Benign synonymous, SpliceAI<=0.1, PhastCons<1.0	2	47596272	A	G	0.0	-0.525	0.092			3.513			flagged:intergenic	VariantValidator: variant is non-coding on the BED's RefSeq NM_; c. notation belongs to a different transcript -- drop or re-resolve against an alternative isoform
EPCAM	NM_002354.3	c.58A>T	Benign synonymous, SpliceAI<=0.1, PhastCons<1.0	2	47596272	A	T	0.0	-0.525				2.821			flagged:intergenic	VariantValidator: variant is non-coding on the BED's RefSeq NM_; c. notation belongs to a different transcript -- drop or re-resolve against an alternative isoform
EPCAM	NM_002354.3	c.60A>C	Benign synonymous, SpliceAI<=0.1, PhastCons<1.0	2	47596274	A	C	0.0	-0.051	0.043			4.374			flagged:intergenic	VariantValidator: variant is non-coding on the BED's RefSeq NM_; c. notation belongs to a different transcript -- drop or re-resolve against an alternative isoform
EPCAM	NM_002354.3	c.60A>T	Benign synonymous, SpliceAI<=0.1, PhastCons<1.0	2	47596274	A	T	0.0	-0.051	0.043			4.143			flagged:intergenic	VariantValidator: variant is non-coding on the BED's RefSeq NM_; c. notation belongs to a different transcript -- drop or re-resolve against an alternative isoform
EPCAM	NM_002354.3	c.75C>A	Benign synonymous, SpliceAI<=0.1, PhastCons<1.0	2	47596289	C	A	0.001	0.197	0.066			5.321			flagged:intergenic	VariantValidator: variant is non-coding on the BED's RefSeq NM_; c. notation belongs to a different transcript -- drop or re-resolve against an alternative isoform
EPCAM	NM_002354.3	c.75C>G	Benign synonymous, SpliceAI<=0.1, PhastCons<1.0	2	47596289	C	G	0.001	0.197	0.069		7.20000e-07	5.812			flagged:intergenic	VariantValidator: variant is non-coding on the BED's RefSeq NM_; c. notation belongs to a different transcript -- drop or re-resolve against an alternative isoform
EPCAM	NM_002354.3	c.78C>A	Benign synonymous, SpliceAI<=0.1, PhastCons<1.0	2	47596292	C	A	0.0	-0.53				4.486			flagged:intergenic	VariantValidator: variant is non-coding on the BED's RefSeq NM_; c. notation belongs to a different transcript -- drop or re-resolve against an alternative isoform
EPCAM	NM_002354.3	c.78C>G	Benign synonymous, SpliceAI<=0.1, PhastCons<1.0	2	47596292	C	G	0.0	-0.53	0.084			4.62			flagged:intergenic	VariantValidator: variant is non-coding on the BED's RefSeq NM_; c. notation belongs to a different transcript -- drop or re-resolve against an alternative isoform
EPCAM	NM_002354.3	c.81C>A	Benign synonymous, SpliceAI<=0.1, PhastCons<1.0	2	47596295	C	A	0.0	0.213	0.090			3.824			flagged:intergenic	VariantValidator: variant is non-coding on the BED's RefSeq NM_; c. notation belongs to a different transcript -- drop or re-resolve against an alternative isoform
EPCAM	NM_002354.3	c.81C>G	Benign synonymous, SpliceAI<=0.1, PhastCons<1.0	2	47596295	C	G	0.0	0.213	0.090			3.852			flagged:intergenic	VariantValidator: variant is non-coding on the BED's RefSeq NM_; c. notation belongs to a different transcript -- drop or re-resolve against an alternative isoform
EPCAM	NM_002354.3	c.102G>C	Benign synonymous, SpliceAI<=0.1, PhastCons<1.0	2	47596316	G	C	0.001	0.162	0.133		3.00000e-07	8.109			flagged:intergenic	VariantValidator: variant is non-coding on the BED's RefSeq NM_; c. notation belongs to a different transcript -- drop or re-resolve against an alternative isoform
EPCAM	NM_002354.3	c.102G>T	Benign synonymous, SpliceAI<=0.1, PhastCons<1.0	2	47596316	G	T	0.001	0.162	0.133			7.784			flagged:intergenic	VariantValidator: variant is non-coding on the BED's RefSeq NM_; c. notation belongs to a different transcript -- drop or re-resolve against an alternative isoform
EPCAM	NM_002354.3	c.111C>A	Benign synonymous, SpliceAI<=0.1, PhastCons<1.0	2	47596325	C	A	0.0	-0.236	0.062			2.795			flagged:intergenic	VariantValidator: variant is non-coding on the BED's RefSeq NM_; c. notation belongs to a different transcript -- drop or re-resolve against an alternative isoform
EPCAM	NM_002354.3	c.111C>G	Benign synonymous, SpliceAI<=0.1, PhastCons<1.0	2	47596325	C	G	0.0	-0.236	0.062			3.575			flagged:intergenic	VariantValidator: variant is non-coding on the BED's RefSeq NM_; c. notation belongs to a different transcript -- drop or re-resolve against an alternative isoform
EPCAM	NM_002354.3	c.120C>A	Benign synonymous, SpliceAI<=0.1, PhastCons<1.0	2	47596334	C	A	0.001	0.666	0.037		7.20000e-07	7.636			flagged:intergenic	VariantValidator: variant is non-coding on the BED's RefSeq NM_; c. notation belongs to a different transcript -- drop or re-resolve against an alternative isoform
EPCAM	NM_002354.3	c.120C>G	Benign synonymous, SpliceAI<=0.1, PhastCons<1.0	2	47596334	C	G	0.001	0.666	0.037			7.912			flagged:intergenic	VariantValidator: variant is non-coding on the BED's RefSeq NM_; c. notation belongs to a different transcript -- drop or re-resolve against an alternative isoform
EPCAM	NM_002354.3	c.124C>G	Benign synonymous, SpliceAI<=0.1, PhastCons<1.0	2	47596338	C	G	0.001	-0.159	0.117			4.138			flagged:intergenic	VariantValidator: variant is non-coding on the BED's RefSeq NM_; c. notation belongs to a different transcript -- drop or re-resolve against an alternative isoform
EPCAM	NM_002354.3	c.124C>T	Benign synonymous, SpliceAI<=0.1, PhastCons<1.0	2	47596338	C	T	0.001	-0.159	0.118			5.219			flagged:intergenic	VariantValidator: variant is non-coding on the BED's RefSeq NM_; c. notation belongs to a different transcript -- drop or re-resolve against an alternative isoform
EPCAM	NM_002354.3	c.138T>A	Benign synonymous, SpliceAI<=0.1, PhastCons<1.0	2	47596352	T	A	0.002	-0.286	0.076			0.031			flagged:intergenic	VariantValidator: variant is non-coding on the BED's RefSeq NM_; c. notation belongs to a different transcript -- drop or re-resolve against an alternative isoform
EPCAM	NM_002354.3	c.138T>G	Benign synonymous, SpliceAI<=0.1, PhastCons<1.0	2	47596352	T	G	0.002	-0.286	0.089			0.031			flagged:intergenic	VariantValidator: variant is non-coding on the BED's RefSeq NM_; c. notation belongs to a different transcript -- drop or re-resolve against an alternative isoform
EPCAM	NM_002354.3	c.141A>C	Benign synonymous, SpliceAI<=0.1, PhastCons<1.0	2	47596355	A	C	0.0	-0.424	0.070			6.118			flagged:intergenic	VariantValidator: variant is non-coding on the BED's RefSeq NM_; c. notation belongs to a different transcript -- drop or re-resolve against an alternative isoform
EPCAM	NM_002354.3	c.141A>T	Benign synonymous, SpliceAI<=0.1, PhastCons<1.0	2	47596355	A	T	0.0	-0.424	0.074			5.972			flagged:intergenic	VariantValidator: variant is non-coding on the BED's RefSeq NM_; c. notation belongs to a different transcript -- drop or re-resolve against an alternative isoform
EPCAM	NM_002354.3	c.142C>G	Benign synonymous, SpliceAI<=0.1, PhastCons<1.0	2	47596356	C	G	0.0	-1.964	0.044			1.48			flagged:intergenic	VariantValidator: variant is non-coding on the BED's RefSeq NM_; c. notation belongs to a different transcript -- drop or re-resolve against an alternative isoform
EPCAM	NM_002354.3	c.142C>T	Benign synonymous, SpliceAI<=0.1, PhastCons<1.0	2	47596356	C	T	0.0	-1.964			3.00000e-07	2.509			flagged:intergenic	VariantValidator: variant is non-coding on the BED's RefSeq NM_; c. notation belongs to a different transcript -- drop or re-resolve against an alternative isoform
EPCAM	NM_002354.3	c.151G>C	Likely_benign FAF >0.1%, REVEL <0.29, SpliceAI<=0.1	2	47596365	G	C	0.008	0.302	0.079		0.00115147	5.634			flagged:intergenic	VariantValidator: variant is non-coding on the BED's RefSeq NM_; c. notation belongs to a different transcript -- drop or re-resolve against an alternative isoform
EPCAM	NM_002354.3	c.157A>G	Benign synonymous, SpliceAI<=0.1, PhastCons<1.0	2	47596371	A	G	0.0	-2.161	0.072		2.60000e-06	0.005			flagged:intergenic	VariantValidator: variant is non-coding on the BED's RefSeq NM_; c. notation belongs to a different transcript -- drop or re-resolve against an alternative isoform
EPCAM	NM_002354.3	c.157A>T	Benign synonymous, SpliceAI<=0.1, PhastCons<1.0	2	47596371	A	T	0.0	-2.161				0.005			flagged:intergenic	VariantValidator: variant is non-coding on the BED's RefSeq NM_; c. notation belongs to a different transcript -- drop or re-resolve against an alternative isoform
EPCAM	NM_002354.3	c.159A>C	Benign synonymous, SpliceAI<=0.1, PhastCons<1.0	2	47596373	A	C	0.995	1.797	0.071			12.8			flagged:intergenic	VariantValidator: variant is non-coding on the BED's RefSeq NM_; c. notation belongs to a different transcript -- drop or re-resolve against an alternative isoform
EPCAM	NM_002354.3	c.159A>T	Benign synonymous, SpliceAI<=0.1, PhastCons<1.0	2	47596373	A	T	0.995	1.797	0.066			12.7			flagged:intergenic	VariantValidator: variant is non-coding on the BED's RefSeq NM_; c. notation belongs to a different transcript -- drop or re-resolve against an alternative isoform
FANCB	NM_001018113.3	c.2789G>T	Benign synonymous, SpliceAI<=0.1, PhastCons<1.0	X	14814390	C	A	0.1	0.022				0.945			flagged:intergenic	VariantValidator: variant is non-coding on the BED's RefSeq NM_; c. notation belongs to a different transcript -- drop or re-resolve against an alternative isoform
FANCB	NM_001018113.3	c.2789G>C	Benign synonymous, SpliceAI<=0.1, PhastCons<1.0	X	14814390	C	G	0.1	0.022				0.292			flagged:intergenic	VariantValidator: variant is non-coding on the BED's RefSeq NM_; c. notation belongs to a different transcript -- drop or re-resolve against an alternative isoform
FANCB	NM_001018113.3	c.2787A>T	Benign synonymous, SpliceAI<=0.1, PhastCons<1.0	X	14814392	T	A	0.225	0.416				8.035			flagged:intergenic	VariantValidator: variant is non-coding on the BED's RefSeq NM_; c. notation belongs to a different transcript -- drop or re-resolve against an alternative isoform
FANCB	NM_001018113.3	c.2787A>C	Benign synonymous, SpliceAI<=0.1, PhastCons<1.0	X	14814392	T	G	0.225	0.416				7.322			flagged:intergenic	VariantValidator: variant is non-coding on the BED's RefSeq NM_; c. notation belongs to a different transcript -- drop or re-resolve against an alternative isoform
FANCB	NM_001018113.3	c.2785A>T	Benign synonymous, SpliceAI<=0.1, PhastCons<1.0	X	14814394	T	A	0.259	1.418				32.0			flagged:intergenic	VariantValidator: variant is non-coding on the BED's RefSeq NM_; c. notation belongs to a different transcript -- drop or re-resolve against an alternative isoform
FANCB	NM_001018113.3	c.2785A>G	Benign synonymous, SpliceAI<=0.1, PhastCons<1.0	X	14814394	T	C	0.259	1.418				11.55			flagged:intergenic	VariantValidator: variant is non-coding on the BED's RefSeq NM_; c. notation belongs to a different transcript -- drop or re-resolve against an alternative isoform
FANCB	NM_001018113.3	c.2784C>G	Benign synonymous, SpliceAI<=0.1, PhastCons<1.0	X	14814395	G	C	0.233	-0.13				3.92			flagged:intergenic	VariantValidator: variant is non-coding on the BED's RefSeq NM_; c. notation belongs to a different transcript -- drop or re-resolve against an alternative isoform
FANCB	NM_001018113.3	c.2784C>A	Benign synonymous, SpliceAI<=0.1, PhastCons<1.0	X	14814395	G	T	0.233	-0.13				4.282			flagged:intergenic	VariantValidator: variant is non-coding on the BED's RefSeq NM_; c. notation belongs to a different transcript -- drop or re-resolve against an alternative isoform
FANCB	NM_001018113.3	c.2778A>T	Benign synonymous, SpliceAI<=0.1, PhastCons<1.0	X	14814401	T	A	0.678	1.313				9.251			flagged:intergenic	VariantValidator: variant is non-coding on the BED's RefSeq NM_; c. notation belongs to a different transcript -- drop or re-resolve against an alternative isoform
FANCB	NM_001018113.3	c.2778A>C	Benign synonymous, SpliceAI<=0.1, PhastCons<1.0	X	14814401	T	G	0.678	1.313				9.733			flagged:intergenic	VariantValidator: variant is non-coding on the BED's RefSeq NM_; c. notation belongs to a different transcript -- drop or re-resolve against an alternative isoform
FANCB	NM_001018113.3	c.2775T>G	Benign synonymous, SpliceAI<=0.1, PhastCons<1.0	X	14814404	A	C	0.776	1.514				12.44			flagged:intergenic	VariantValidator: variant is non-coding on the BED's RefSeq NM_; c. notation belongs to a different transcript -- drop or re-resolve against an alternative isoform
FANCB	NM_001018113.3	c.2775T>A	Benign synonymous, SpliceAI<=0.1, PhastCons<1.0	X	14814404	A	T	0.776	1.514				12.35			flagged:intergenic	VariantValidator: variant is non-coding on the BED's RefSeq NM_; c. notation belongs to a different transcript -- drop or re-resolve against an alternative isoform
FANCB	NM_001018113.3	c.2769C>G	Benign synonymous, SpliceAI<=0.1, PhastCons<1.0	X	14814410	G	C	0.264	-0.1				6.52			flagged:intergenic	VariantValidator: variant is non-coding on the BED's RefSeq NM_; c. notation belongs to a different transcript -- drop or re-resolve against an alternative isoform
FANCB	NM_001018113.3	c.2769C>A	Benign synonymous, SpliceAI<=0.1, PhastCons<1.0	X	14814410	G	T	0.264	-0.1				6.579			flagged:intergenic	VariantValidator: variant is non-coding on the BED's RefSeq NM_; c. notation belongs to a different transcript -- drop or re-resolve against an alternative isoform
FANCB	NM_001018113.3	c.2760C>G	Benign synonymous, SpliceAI<=0.1, PhastCons<1.0	X	14814419	G	C	0.05	0.462				0.973			flagged:intergenic	VariantValidator: variant is non-coding on the BED's RefSeq NM_; c. notation belongs to a different transcript -- drop or re-resolve against an alternative isoform
FANCB	NM_001018113.3	c.2760C>A	Benign synonymous, SpliceAI<=0.1, PhastCons<1.0	X	14814419	G	T	0.05	0.462				0.847			flagged:intergenic	VariantValidator: variant is non-coding on the BED's RefSeq NM_; c. notation belongs to a different transcript -- drop or re-resolve against an alternative isoform
FANCB	NM_001018113.3	c.2756+1G>T	Benign synonymous, SpliceAI<=0.1, PhastCons<1.0, PhyloP<0.1, intronic_ROI(+1)	X	14814891	C	A	0.0	-1.934				1.358			flagged:intergenic	VariantValidator: variant is non-coding on the BED's RefSeq NM_; c. notation belongs to a different transcript -- drop or re-resolve against an alternative isoform
FANCB	NM_001018113.3	c.2756+1G>C	Benign synonymous, SpliceAI<=0.1, PhastCons<1.0, PhyloP<0.1, intronic_ROI(+1)	X	14814891	C	G	0.0	-1.934				0.793			flagged:intergenic	VariantValidator: variant is non-coding on the BED's RefSeq NM_; c. notation belongs to a different transcript -- drop or re-resolve against an alternative isoform
FANCB	NM_001018113.3	c.2756+1G>A	Benign synonymous, SpliceAI<=0.1, PhastCons<1.0, PhyloP<0.1, intronic_ROI(+1)	X	14814891	C	T	0.0	-1.934				1.186			flagged:intergenic	VariantValidator: variant is non-coding on the BED's RefSeq NM_; c. notation belongs to a different transcript -- drop or re-resolve against an alternative isoform
FANCB	NM_001018113.3	c.2739C>G	Benign synonymous, SpliceAI<=0.1, PhastCons<1.0	X	14814909	G	C	0.034	-0.06				25.2			flagged:intergenic	VariantValidator: variant is non-coding on the BED's RefSeq NM_; c. notation belongs to a different transcript -- drop or re-resolve against an alternative isoform
FANCB	NM_001018113.3	c.2739C>A	Benign synonymous, SpliceAI<=0.1, PhastCons<1.0	X	14814909	G	T	0.034	-0.06				24.9			flagged:intergenic	VariantValidator: variant is non-coding on the BED's RefSeq NM_; c. notation belongs to a different transcript -- drop or re-resolve against an alternative isoform
FANCB	NM_001018113.3	c.2736C>G	Benign synonymous, SpliceAI<=0.1, PhastCons<1.0	X	14814912	G	C	0.018	0.054				1.68			flagged:intergenic	VariantValidator: variant is non-coding on the BED's RefSeq NM_; c. notation belongs to a different transcript -- drop or re-resolve against an alternative isoform
FANCB	NM_001018113.3	c.2736C>A	Benign synonymous, SpliceAI<=0.1, PhastCons<1.0	X	14814912	G	T	0.018	0.054				1.662			flagged:intergenic	VariantValidator: variant is non-coding on the BED's RefSeq NM_; c. notation belongs to a different transcript -- drop or re-resolve against an alternative isoform
FANCB	NM_001018113.3	c.2727A>T	Benign synonymous, SpliceAI<=0.1, PhastCons<1.0	X	14814921	T	A	0.0	-1.314				2.124			flagged:intergenic	VariantValidator: variant is non-coding on the BED's RefSeq NM_; c. notation belongs to a different transcript -- drop or re-resolve against an alternative isoform
FANCB	NM_001018113.3	c.2727A>C	Benign synonymous, SpliceAI<=0.1, PhastCons<1.0	X	14814921	T	G	0.0	-1.314				2.123			flagged:intergenic	VariantValidator: variant is non-coding on the BED's RefSeq NM_; c. notation belongs to a different transcript -- drop or re-resolve against an alternative isoform
FANCB	NM_001018113.3	c.2725A>T	Benign synonymous, SpliceAI<=0.1, PhastCons<1.0	X	14814923	T	A	0.0	-0.487				24.8			flagged:intergenic	VariantValidator: variant is non-coding on the BED's RefSeq NM_; c. notation belongs to a different transcript -- drop or re-resolve against an alternative isoform
FANCB	NM_001018113.3	c.2725A>G	Benign synonymous, SpliceAI<=0.1, PhastCons<1.0	X	14814923	T	C	0.0	-0.487				4.253			flagged:intergenic	VariantValidator: variant is non-coding on the BED's RefSeq NM_; c. notation belongs to a different transcript -- drop or re-resolve against an alternative isoform
FANCB	NM_001018113.3	c.2724C>G	Benign synonymous, SpliceAI<=0.1, PhastCons<1.0	X	14814924	G	C	0.002	1.446				7.005			flagged:intergenic	VariantValidator: variant is non-coding on the BED's RefSeq NM_; c. notation belongs to a different transcript -- drop or re-resolve against an alternative isoform
FANCB	NM_001018113.3	c.2724C>A	Benign synonymous, SpliceAI<=0.1, PhastCons<1.0	X	14814924	G	T	0.002	1.446				25.6			flagged:intergenic	VariantValidator: variant is non-coding on the BED's RefSeq NM_; c. notation belongs to a different transcript -- drop or re-resolve against an alternative isoform
FANCB	NM_001018113.3	c.2721C>G	Benign synonymous, SpliceAI<=0.1, PhastCons<1.0	X	14814927	G	C	0.003	1.203				5.374			flagged:intergenic	VariantValidator: variant is non-coding on the BED's RefSeq NM_; c. notation belongs to a different transcript -- drop or re-resolve against an alternative isoform
FANCB	NM_001018113.3	c.2721C>A	Benign synonymous, SpliceAI<=0.1, PhastCons<1.0	X	14814927	G	T	0.003	1.203				4.735			flagged:intergenic	VariantValidator: variant is non-coding on the BED's RefSeq NM_; c. notation belongs to a different transcript -- drop or re-resolve against an alternative isoform
FANCB	NM_001018113.3	c.2712G>T	Benign synonymous, SpliceAI<=0.1, PhastCons<1.0	X	14814936	C	A	0.0	-0.524				1.188			flagged:intergenic	VariantValidator: variant is non-coding on the BED's RefSeq NM_; c. notation belongs to a different transcript -- drop or re-resolve against an alternative isoform
FANCB	NM_001018113.3	c.2712G>C	Benign synonymous, SpliceAI<=0.1, PhastCons<1.0	X	14814936	C	G	0.0	-0.524				1.052			flagged:intergenic	VariantValidator: variant is non-coding on the BED's RefSeq NM_; c. notation belongs to a different transcript -- drop or re-resolve against an alternative isoform
FANCB	NM_001018113.3	c.2706T>G	Benign synonymous, SpliceAI<=0.1, PhastCons<1.0	X	14814942	A	C	0.007	0.018				3.995			flagged:intergenic	VariantValidator: variant is non-coding on the BED's RefSeq NM_; c. notation belongs to a different transcript -- drop or re-resolve against an alternative isoform
FANCB	NM_001018113.3	c.2706T>A	Benign synonymous, SpliceAI<=0.1, PhastCons<1.0	X	14814942	A	T	0.007	0.018				4.117			flagged:intergenic	VariantValidator: variant is non-coding on the BED's RefSeq NM_; c. notation belongs to a different transcript -- drop or re-resolve against an alternative isoform
FANCB	NM_001018113.3	c.2701C>G	Benign synonymous, SpliceAI<=0.1, PhastCons<1.0	X	14814947	G	C	0.0	-0.945				0.433			flagged:intergenic	VariantValidator: variant is non-coding on the BED's RefSeq NM_; c. notation belongs to a different transcript -- drop or re-resolve against an alternative isoform
FANCB	NM_001018113.3	c.2701C>A	Benign synonymous, SpliceAI<=0.1, PhastCons<1.0	X	14814947	G	T	0.0	-0.945				0.806			flagged:intergenic	VariantValidator: variant is non-coding on the BED's RefSeq NM_; c. notation belongs to a different transcript -- drop or re-resolve against an alternative isoform
FANCB	NM_001018113.3	c.2694G>T	Benign synonymous, SpliceAI<=0.1, PhastCons<1.0	X	14814954	C	A	0.002	-0.371				2.429			flagged:intergenic	VariantValidator: variant is non-coding on the BED's RefSeq NM_; c. notation belongs to a different transcript -- drop or re-resolve against an alternative isoform
FANCB	NM_001018113.3	c.2694G>C	Benign synonymous, SpliceAI<=0.1, PhastCons<1.0	X	14814954	C	G	0.002	-0.371				1.824			flagged:intergenic	VariantValidator: variant is non-coding on the BED's RefSeq NM_; c. notation belongs to a different transcript -- drop or re-resolve against an alternative isoform
FANCB	NM_001018113.3	c.2692T>G	Benign synonymous, SpliceAI<=0.1, PhastCons<1.0	X	14814956	A	C	0.002	0.118				3.154			flagged:intergenic	VariantValidator: variant is non-coding on the BED's RefSeq NM_; c. notation belongs to a different transcript -- drop or re-resolve against an alternative isoform
FANCB	NM_001018113.3	c.2692T>A	Benign synonymous, SpliceAI<=0.1, PhastCons<1.0	X	14814956	A	T	0.002	0.118				4.661			flagged:intergenic	VariantValidator: variant is non-coding on the BED's RefSeq NM_; c. notation belongs to a different transcript -- drop or re-resolve against an alternative isoform
FANCB	NM_001018113.3	c.2670G>T	Benign synonymous, SpliceAI<=0.1, PhastCons<1.0	X	14814978	C	A	0.002	-0.359				7.003			flagged:intergenic	VariantValidator: variant is non-coding on the BED's RefSeq NM_; c. notation belongs to a different transcript -- drop or re-resolve against an alternative isoform
FANCB	NM_001018113.3	c.2670G>C	Benign synonymous, SpliceAI<=0.1, PhastCons<1.0	X	14814978	C	G	0.002	-0.359				7.043			flagged:intergenic	VariantValidator: variant is non-coding on the BED's RefSeq NM_; c. notation belongs to a different transcript -- drop or re-resolve against an alternative isoform
FANCB	NM_001018113.3	c.2658C>G	Benign synonymous, SpliceAI<=0.1, PhastCons<1.0	X	14814990	G	C	0.001	0.356				6.488			flagged:intergenic	VariantValidator: variant is non-coding on the BED's RefSeq NM_; c. notation belongs to a different transcript -- drop or re-resolve against an alternative isoform
FANCB	NM_001018113.3	c.2658C>A	Benign synonymous, SpliceAI<=0.1, PhastCons<1.0	X	14814990	G	T	0.001	0.356				6.859			flagged:intergenic	VariantValidator: variant is non-coding on the BED's RefSeq NM_; c. notation belongs to a different transcript -- drop or re-resolve against an alternative isoform
FANCB	NM_001018113.3	c.2646G>T	Benign synonymous, SpliceAI<=0.1, PhastCons<1.0	X	14815002	C	A	0.013	-0.228				0.581			flagged:intergenic	VariantValidator: variant is non-coding on the BED's RefSeq NM_; c. notation belongs to a different transcript -- drop or re-resolve against an alternative isoform
FANCB	NM_001018113.3	c.2646G>C	Benign synonymous, SpliceAI<=0.1, PhastCons<1.0	X	14815002	C	G	0.013	-0.228			2.56400e-05	0.614			flagged:intergenic	VariantValidator: variant is non-coding on the BED's RefSeq NM_; c. notation belongs to a different transcript -- drop or re-resolve against an alternative isoform
FANCB	NM_001018113.3	c.2643C>G	Benign synonymous, SpliceAI<=0.1, PhastCons<1.0	X	14815005	G	C	0.203	0.224				8.528			flagged:intergenic	VariantValidator: variant is non-coding on the BED's RefSeq NM_; c. notation belongs to a different transcript -- drop or re-resolve against an alternative isoform
FANCB	NM_001018113.3	c.2643C>A	Benign synonymous, SpliceAI<=0.1, PhastCons<1.0	X	14815005	G	T	0.203	0.224				8.562			flagged:intergenic	VariantValidator: variant is non-coding on the BED's RefSeq NM_; c. notation belongs to a different transcript -- drop or re-resolve against an alternative isoform
FANCB	NM_001018113.3	c.2640C>G	Benign synonymous, SpliceAI<=0.1, PhastCons<1.0	X	14815008	G	C	0.481	1.291				10.66			flagged:intergenic	VariantValidator: variant is non-coding on the BED's RefSeq NM_; c. notation belongs to a different transcript -- drop or re-resolve against an alternative isoform
FANCB	NM_001018113.3	c.2640C>A	Benign synonymous, SpliceAI<=0.1, PhastCons<1.0	X	14815008	G	T	0.481	1.291				10.78			flagged:intergenic	VariantValidator: variant is non-coding on the BED's RefSeq NM_; c. notation belongs to a different transcript -- drop or re-resolve against an alternative isoform
FANCB	NM_001018113.3	c.2637A>T	Benign synonymous, SpliceAI<=0.1, PhastCons<1.0	X	14815011	T	A	0.43	1.061				12.04			flagged:intergenic	VariantValidator: variant is non-coding on the BED's RefSeq NM_; c. notation belongs to a different transcript -- drop or re-resolve against an alternative isoform
FANCB	NM_001018113.3	c.2637A>C	Benign synonymous, SpliceAI<=0.1, PhastCons<1.0	X	14815011	T	G	0.43	1.061				12.18			flagged:intergenic	VariantValidator: variant is non-coding on the BED's RefSeq NM_; c. notation belongs to a different transcript -- drop or re-resolve against an alternative isoform
FANCB	NM_001018113.3	c.2634T>G	Benign synonymous, SpliceAI<=0.1, PhastCons<1.0	X	14815014	A	C	0.345	-0.098				2.9			flagged:intergenic	VariantValidator: variant is non-coding on the BED's RefSeq NM_; c. notation belongs to a different transcript -- drop or re-resolve against an alternative isoform
FANCB	NM_001018113.3	c.2634T>A	Benign synonymous, SpliceAI<=0.1, PhastCons<1.0	X	14815014	A	T	0.345	-0.098				3.168			flagged:intergenic	VariantValidator: variant is non-coding on the BED's RefSeq NM_; c. notation belongs to a different transcript -- drop or re-resolve against an alternative isoform
FANCB	NM_001018113.3	c.2627G>A	Benign FAF >5%	X	14815021	C	T	0.485	0.156			0.143025	10.76			flagged:intergenic	VariantValidator: variant is non-coding on the BED's RefSeq NM_; c. notation belongs to a different transcript -- drop or re-resolve against an alternative isoform
FANCB	NM_001018113.3	c.2625G>T	Benign synonymous, SpliceAI<=0.1, PhastCons<1.0	X	14815023	C	A	0.477	0.146				8.852			flagged:intergenic	VariantValidator: variant is non-coding on the BED's RefSeq NM_; c. notation belongs to a different transcript -- drop or re-resolve against an alternative isoform
FANCB	NM_001018113.3	c.2625G>C	Benign synonymous, SpliceAI<=0.1, PhastCons<1.0	X	14815023	C	G	0.477	0.146				9.092			flagged:intergenic	VariantValidator: variant is non-coding on the BED's RefSeq NM_; c. notation belongs to a different transcript -- drop or re-resolve against an alternative isoform
FANCB	NM_001018113.3	c.2623T>G	Benign synonymous, SpliceAI<=0.1, PhastCons<1.0	X	14815025	A	C	0.491	1.216				13.79			flagged:intergenic	VariantValidator: variant is non-coding on the BED's RefSeq NM_; c. notation belongs to a different transcript -- drop or re-resolve against an alternative isoform
FANCB	NM_001018113.3	c.2623T>A	Benign synonymous, SpliceAI<=0.1, PhastCons<1.0	X	14815025	A	T	0.491	1.216				14.72			flagged:intergenic	VariantValidator: variant is non-coding on the BED's RefSeq NM_; c. notation belongs to a different transcript -- drop or re-resolve against an alternative isoform
FANCB	NM_001018113.3	c.2619G>T	Benign synonymous, SpliceAI<=0.1, PhastCons<1.0	X	14815029	C	A	0.247	-0.232				6.584			flagged:intergenic	VariantValidator: variant is non-coding on the BED's RefSeq NM_; c. notation belongs to a different transcript -- drop or re-resolve against an alternative isoform
FANCB	NM_001018113.3	c.2619G>C	Benign synonymous, SpliceAI<=0.1, PhastCons<1.0	X	14815029	C	G	0.247	-0.232				7.193			flagged:intergenic	VariantValidator: variant is non-coding on the BED's RefSeq NM_; c. notation belongs to a different transcript -- drop or re-resolve against an alternative isoform
FANCB	NM_001018113.3	c.2616C>G	Benign synonymous, SpliceAI<=0.1, PhastCons<1.0	X	14815032	G	C	0.189	0.299				15.68			flagged:intergenic	VariantValidator: variant is non-coding on the BED's RefSeq NM_; c. notation belongs to a different transcript -- drop or re-resolve against an alternative isoform
FANCB	NM_001018113.3	c.2616C>A	Benign synonymous, SpliceAI<=0.1, PhastCons<1.0	X	14815032	G	T	0.189	0.299				32.0			flagged:intergenic	VariantValidator: variant is non-coding on the BED's RefSeq NM_; c. notation belongs to a different transcript -- drop or re-resolve against an alternative isoform
FANCB	NM_001018113.3	c.2613C>G	Benign synonymous, SpliceAI<=0.1, PhastCons<1.0	X	14815035	G	C	0.024	-0.614				10.38			flagged:intergenic	VariantValidator: variant is non-coding on the BED's RefSeq NM_; c. notation belongs to a different transcript -- drop or re-resolve against an alternative isoform
FANCB	NM_001018113.3	c.2613C>A	Benign synonymous, SpliceAI<=0.1, PhastCons<1.0	X	14815035	G	T	0.024	-0.614				10.75			flagged:intergenic	VariantValidator: variant is non-coding on the BED's RefSeq NM_; c. notation belongs to a different transcript -- drop or re-resolve against an alternative isoform
FANCB	NM_001018113.3	c.2607C>G	Benign synonymous, SpliceAI<=0.1, PhastCons<1.0	X	14815041	G	C	0.001	0.09				9.492			flagged:intergenic	VariantValidator: variant is non-coding on the BED's RefSeq NM_; c. notation belongs to a different transcript -- drop or re-resolve against an alternative isoform
FANCB	NM_001018113.3	c.2607C>A	Benign synonymous, SpliceAI<=0.1, PhastCons<1.0	X	14815041	G	T	0.001	0.09				8.458			flagged:intergenic	VariantValidator: variant is non-coding on the BED's RefSeq NM_; c. notation belongs to a different transcript -- drop or re-resolve against an alternative isoform
FANCB	NM_001018113.3	c.2605-1G>T	Benign synonymous, SpliceAI<=0.1, PhastCons<1.0, PhyloP<0.1, intronic_ROI(-1)	X	14815044	C	A	0.001	-0.397				9.084			flagged:intergenic	VariantValidator: variant is non-coding on the BED's RefSeq NM_; c. notation belongs to a different transcript -- drop or re-resolve against an alternative isoform
FANCB	NM_001018113.3	c.2605-1G>C	Benign synonymous, SpliceAI<=0.1, PhastCons<1.0, PhyloP<0.1, intronic_ROI(-1)	X	14815044	C	G	0.001	-0.397				7.273			flagged:intergenic	VariantValidator: variant is non-coding on the BED's RefSeq NM_; c. notation belongs to a different transcript -- drop or re-resolve against an alternative isoform
FANCB	NM_001018113.3	c.2605-1G>A	Benign synonymous, SpliceAI<=0.1, PhastCons<1.0, PhyloP<0.1, intronic_ROI(-1)	X	14815044	C	T	0.001	-0.397				7.885			flagged:intergenic	VariantValidator: variant is non-coding on the BED's RefSeq NM_; c. notation belongs to a different transcript -- drop or re-resolve against an alternative isoform
FANCB	NM_001018113.3	c.2605-2A>T	Benign synonymous, SpliceAI<=0.1, PhastCons<1.0, PhyloP<0.1, intronic_ROI(-2)	X	14815045	T	A	0.012	-0.311				13.06			flagged:intergenic	VariantValidator: variant is non-coding on the BED's RefSeq NM_; c. notation belongs to a different transcript -- drop or re-resolve against an alternative isoform
FANCB	NM_001018113.3	c.2605-2A>G	Benign synonymous, SpliceAI<=0.1, PhastCons<1.0, PhyloP<0.1, intronic_ROI(-2)	X	14815045	T	C	0.012	-0.311				12.7			flagged:intergenic	VariantValidator: variant is non-coding on the BED's RefSeq NM_; c. notation belongs to a different transcript -- drop or re-resolve against an alternative isoform
FANCB	NM_001018113.3	c.2605-2A>C	Benign synonymous, SpliceAI<=0.1, PhastCons<1.0, PhyloP<0.1, intronic_ROI(-2)	X	14815045	T	G	0.012	-0.311				12.44			flagged:intergenic	VariantValidator: variant is non-coding on the BED's RefSeq NM_; c. notation belongs to a different transcript -- drop or re-resolve against an alternative isoform
FANCB	NM_001018113.3	c.2643G>T	Benign synonymous, SpliceAI<=0.1, PhastCons<1.0	X	14815265	C	A	0.001	0.344				6.535			flagged:intergenic	VariantValidator: variant is non-coding on the BED's RefSeq NM_; c. notation belongs to a different transcript -- drop or re-resolve against an alternative isoform
FANCB	NM_001018113.3	c.2643G>C	Benign synonymous, SpliceAI<=0.1, PhastCons<1.0	X	14815265	C	G	0.001	0.344				6.509			flagged:intergenic	VariantValidator: variant is non-coding on the BED's RefSeq NM_; c. notation belongs to a different transcript -- drop or re-resolve against an alternative isoform
FANCB	NM_001018113.3	c.2640C>G	Benign synonymous, SpliceAI<=0.1, PhastCons<1.0	X	14815268	G	C	0.001	0.111				1.301			flagged:intergenic	VariantValidator: variant is non-coding on the BED's RefSeq NM_; c. notation belongs to a different transcript -- drop or re-resolve against an alternative isoform
FANCB	NM_001018113.3	c.2640C>A	Benign synonymous, SpliceAI<=0.1, PhastCons<1.0	X	14815268	G	T	0.001	0.111				1.252			flagged:intergenic	VariantValidator: variant is non-coding on the BED's RefSeq NM_; c. notation belongs to a different transcript -- drop or re-resolve against an alternative isoform
FANCB	NM_001018113.3	c.2634A>T	Benign synonymous, SpliceAI<=0.1, PhastCons<1.0	X	14815274	T	A	0.002	-0.726				0.466			flagged:intergenic	VariantValidator: variant is non-coding on the BED's RefSeq NM_; c. notation belongs to a different transcript -- drop or re-resolve against an alternative isoform
FANCB	NM_001018113.3	c.2634A>C	Benign synonymous, SpliceAI<=0.1, PhastCons<1.0	X	14815274	T	G	0.002	-0.726				0.515			flagged:intergenic	VariantValidator: variant is non-coding on the BED's RefSeq NM_; c. notation belongs to a different transcript -- drop or re-resolve against an alternative isoform
FANCB	NM_001018113.3	c.2631T>G	Benign synonymous, SpliceAI<=0.1, PhastCons<1.0	X	14815277	A	C	0.035	1.43				8.492			flagged:intergenic	VariantValidator: variant is non-coding on the BED's RefSeq NM_; c. notation belongs to a different transcript -- drop or re-resolve against an alternative isoform
FANCB	NM_001018113.3	c.2631T>A	Benign synonymous, SpliceAI<=0.1, PhastCons<1.0	X	14815277	A	T	0.035	1.43				8.129			flagged:intergenic	VariantValidator: variant is non-coding on the BED's RefSeq NM_; c. notation belongs to a different transcript -- drop or re-resolve against an alternative isoform
FANCB	NM_001018113.3	c.2625T>G	Benign synonymous, SpliceAI<=0.1, PhastCons<1.0	X	14815283	A	C	0.072	0.496				6.233			flagged:intergenic	VariantValidator: variant is non-coding on the BED's RefSeq NM_; c. notation belongs to a different transcript -- drop or re-resolve against an alternative isoform
FANCB	NM_001018113.3	c.2625T>A	Benign synonymous, SpliceAI<=0.1, PhastCons<1.0	X	14815283	A	T	0.072	0.496				6.039			flagged:intergenic	VariantValidator: variant is non-coding on the BED's RefSeq NM_; c. notation belongs to a different transcript -- drop or re-resolve against an alternative isoform
FANCB	NM_001018113.3	c.2622T>G	Benign synonymous, SpliceAI<=0.1, PhastCons<1.0	X	14815286	A	C	0.146	0.084				3.324			flagged:intergenic	VariantValidator: variant is non-coding on the BED's RefSeq NM_; c. notation belongs to a different transcript -- drop or re-resolve against an alternative isoform
FANCB	NM_001018113.3	c.2622T>A	Benign synonymous, SpliceAI<=0.1, PhastCons<1.0	X	14815286	A	T	0.146	0.084				2.867			flagged:intergenic	VariantValidator: variant is non-coding on the BED's RefSeq NM_; c. notation belongs to a different transcript -- drop or re-resolve against an alternative isoform
FANCB	NM_001018113.3	c.2610T>G	Benign synonymous, SpliceAI<=0.1, PhastCons<1.0	X	14815298	A	C	0.001	0.086				7.43			flagged:intergenic	VariantValidator: variant is non-coding on the BED's RefSeq NM_; c. notation belongs to a different transcript -- drop or re-resolve against an alternative isoform
FANCB	NM_001018113.3	c.2610T>A	Benign synonymous, SpliceAI<=0.1, PhastCons<1.0	X	14815298	A	T	0.001	0.086				7.415			flagged:intergenic	VariantValidator: variant is non-coding on the BED's RefSeq NM_; c. notation belongs to a different transcript -- drop or re-resolve against an alternative isoform
FANCB	NM_001018113.3	c.2604+2T>G	Benign synonymous, SpliceAI<=0.1, PhastCons<1.0, PhyloP<0.1, intronic_ROI(+2)	X	14815302	A	C	0.0	-0.587				4.554			flagged:intergenic	VariantValidator: variant is non-coding on the BED's RefSeq NM_; c. notation belongs to a different transcript -- drop or re-resolve against an alternative isoform
FANCB	NM_001018113.3	c.2604+2T>C	Benign synonymous, SpliceAI<=0.1, PhastCons<1.0, PhyloP<0.1, intronic_ROI(+2)	X	14815302	A	G	0.0	-0.587				3.18			flagged:intergenic	VariantValidator: variant is non-coding on the BED's RefSeq NM_; c. notation belongs to a different transcript -- drop or re-resolve against an alternative isoform
FANCB	NM_001018113.3	c.2604+2T>A	Benign synonymous, SpliceAI<=0.1, PhastCons<1.0, PhyloP<0.1, intronic_ROI(+2)	X	14815302	A	T	0.0	-0.587				4.784			flagged:intergenic	VariantValidator: variant is non-coding on the BED's RefSeq NM_; c. notation belongs to a different transcript -- drop or re-resolve against an alternative isoform
FANCB	NM_001018113.3	c.2604+1G>T	Benign synonymous, SpliceAI<=0.1, PhastCons<1.0, PhyloP<0.1, intronic_ROI(+1)	X	14815303	C	A	0.0	-0.644				1.604			flagged:intergenic	VariantValidator: variant is non-coding on the BED's RefSeq NM_; c. notation belongs to a different transcript -- drop or re-resolve against an alternative isoform
FANCB	NM_001018113.3	c.2604+1G>C	Benign synonymous, SpliceAI<=0.1, PhastCons<1.0, PhyloP<0.1, intronic_ROI(+1)	X	14815303	C	G	0.0	-0.644				1.079			flagged:intergenic	VariantValidator: variant is non-coding on the BED's RefSeq NM_; c. notation belongs to a different transcript -- drop or re-resolve against an alternative isoform
FANCB	NM_001018113.3	c.2604+1G>A	Benign synonymous, SpliceAI<=0.1, PhastCons<1.0, PhyloP<0.1, intronic_ROI(+1)	X	14815303	C	T	0.0	-0.644				1.088			flagged:intergenic	VariantValidator: variant is non-coding on the BED's RefSeq NM_; c. notation belongs to a different transcript -- drop or re-resolve against an alternative isoform
FANCB	NM_001018113.3	c.2488-1G>T	Benign synonymous, SpliceAI<=0.1, PhastCons<1.0, PhyloP<0.1, intronic_ROI(-1)	X	14815421	C	A	0.019	-0.446	.;.			11.27	.;.		flagged:intergenic	VariantValidator: variant is non-coding on the BED's RefSeq NM_; c. notation belongs to a different transcript -- drop or re-resolve against an alternative isoform
FANCB	NM_001018113.3	c.2488-1G>C	Benign synonymous, SpliceAI<=0.1, PhastCons<1.0, PhyloP<0.1, intronic_ROI(-1)	X	14815421	C	G	0.019	-0.446	.;.			9.58	.;.		flagged:intergenic	VariantValidator: variant is non-coding on the BED's RefSeq NM_; c. notation belongs to a different transcript -- drop or re-resolve against an alternative isoform
FANCB	NM_001018113.3	c.2488-1G>A	Benign synonymous, SpliceAI<=0.1, PhastCons<1.0, PhyloP<0.1, intronic_ROI(-1)	X	14815421	C	T	0.019	-0.446	.;.			10.78	.;.		flagged:intergenic	VariantValidator: variant is non-coding on the BED's RefSeq NM_; c. notation belongs to a different transcript -- drop or re-resolve against an alternative isoform
FANCB	NM_001018113.3	c.2499A>T	Benign synonymous, SpliceAI<=0.1, PhastCons<1.0	X	14853861	T	A	0.022	-0.044				3.09			flagged:intergenic	VariantValidator: variant is non-coding on the BED's RefSeq NM_; c. notation belongs to a different transcript -- drop or re-resolve against an alternative isoform
FANCB	NM_001018113.3	c.2499A>C	Benign synonymous, SpliceAI<=0.1, PhastCons<1.0	X	14853861	T	G	0.022	-0.044				3.265			flagged:intergenic	VariantValidator: variant is non-coding on the BED's RefSeq NM_; c. notation belongs to a different transcript -- drop or re-resolve against an alternative isoform
FANCB	NM_001018113.3	c.2498A>T	Benign synonymous, SpliceAI<=0.1, PhastCons<1.0	X	14853862	T	A	0.052	0.798				2.855			flagged:intergenic	VariantValidator: variant is non-coding on the BED's RefSeq NM_; c. notation belongs to a different transcript -- drop or re-resolve against an alternative isoform
FANCB	NM_001018113.3	c.2498A>C	Benign synonymous, SpliceAI<=0.1, PhastCons<1.0	X	14853862	T	G	0.052	0.798				2.939			flagged:intergenic	VariantValidator: variant is non-coding on the BED's RefSeq NM_; c. notation belongs to a different transcript -- drop or re-resolve against an alternative isoform
FANCB	NM_001018113.3	c.2488-1G>T	Benign synonymous, SpliceAI<=0.1, PhastCons<1.0, PhyloP<0.1, intronic_ROI(-1)	X	14853873	C	A	0.025	-0.019				9.071			flagged:intergenic	VariantValidator: variant is non-coding on the BED's RefSeq NM_; c. notation belongs to a different transcript -- drop or re-resolve against an alternative isoform
FANCB	NM_001018113.3	c.2488-1G>C	Benign synonymous, SpliceAI<=0.1, PhastCons<1.0, PhyloP<0.1, intronic_ROI(-1)	X	14853873	C	G	0.025	-0.019				7.321			flagged:intergenic	VariantValidator: variant is non-coding on the BED's RefSeq NM_; c. notation belongs to a different transcript -- drop or re-resolve against an alternative isoform
FANCB	NM_001018113.3	c.2488-1G>A	Benign synonymous, SpliceAI<=0.1, PhastCons<1.0, PhyloP<0.1, intronic_ROI(-1)	X	14853873	C	T	0.025	-0.019				8.612			flagged:intergenic	VariantValidator: variant is non-coding on the BED's RefSeq NM_; c. notation belongs to a different transcript -- drop or re-resolve against an alternative isoform
FANCB	NM_001018113.3	c.2595G>T	Benign synonymous, SpliceAI<=0.1, PhastCons<1.0	X	14854270	C	A	0.0	-0.543				1.146			flagged:intergenic	VariantValidator: variant is non-coding on the BED's RefSeq NM_; c. notation belongs to a different transcript -- drop or re-resolve against an alternative isoform
FANCB	NM_001018113.3	c.2595G>C	Benign synonymous, SpliceAI<=0.1, PhastCons<1.0	X	14854270	C	G	0.0	-0.543				1.197			flagged:intergenic	VariantValidator: variant is non-coding on the BED's RefSeq NM_; c. notation belongs to a different transcript -- drop or re-resolve against an alternative isoform
FANCB	NM_001018113.3	c.2589T>G	Benign synonymous, SpliceAI<=0.1, PhastCons<1.0	X	14854276	A	C	0.03	0.122				2.682			flagged:intergenic	VariantValidator: variant is non-coding on the BED's RefSeq NM_; c. notation belongs to a different transcript -- drop or re-resolve against an alternative isoform
FANCB	NM_001018113.3	c.2589T>A	Benign synonymous, SpliceAI<=0.1, PhastCons<1.0	X	14854276	A	T	0.03	0.122				2.57			flagged:intergenic	VariantValidator: variant is non-coding on the BED's RefSeq NM_; c. notation belongs to a different transcript -- drop or re-resolve against an alternative isoform
FANCB	NM_001018113.3	c.2586T>G	Benign synonymous, SpliceAI<=0.1, PhastCons<1.0	X	14854279	A	C	0.041	0.284				7.337			flagged:intergenic	VariantValidator: variant is non-coding on the BED's RefSeq NM_; c. notation belongs to a different transcript -- drop or re-resolve against an alternative isoform
FANCB	NM_001018113.3	c.2586T>A	Benign synonymous, SpliceAI<=0.1, PhastCons<1.0	X	14854279	A	T	0.041	0.284				6.733			flagged:intergenic	VariantValidator: variant is non-coding on the BED's RefSeq NM_; c. notation belongs to a different transcript -- drop or re-resolve against an alternative isoform
FANCB	NM_001018113.3	c.2578C>G	Benign synonymous, SpliceAI<=0.1, PhastCons<1.0	X	14854287	G	C	0.008	-0.045				0.873			flagged:intergenic	VariantValidator: variant is non-coding on the BED's RefSeq NM_; c. notation belongs to a different transcript -- drop or re-resolve against an alternative isoform
FANCB	NM_001018113.3	c.2578C>A	Benign synonymous, SpliceAI<=0.1, PhastCons<1.0	X	14854287	G	T	0.008	-0.045				0.948			flagged:intergenic	VariantValidator: variant is non-coding on the BED's RefSeq NM_; c. notation belongs to a different transcript -- drop or re-resolve against an alternative isoform
FANCB	NM_001018113.3	c.2577C>G	Benign synonymous, SpliceAI<=0.1, PhastCons<1.0	X	14854288	G	C	0.005	0.328				4.675			flagged:intergenic	VariantValidator: variant is non-coding on the BED's RefSeq NM_; c. notation belongs to a different transcript -- drop or re-resolve against an alternative isoform
FANCB	NM_001018113.3	c.2577C>A	Benign synonymous, SpliceAI<=0.1, PhastCons<1.0	X	14854288	G	T	0.005	0.328				4.625			flagged:intergenic	VariantValidator: variant is non-coding on the BED's RefSeq NM_; c. notation belongs to a different transcript -- drop or re-resolve against an alternative isoform
FANCB	NM_001018113.3	c.2574G>T	Benign synonymous, SpliceAI<=0.1, PhastCons<1.0	X	14854291	C	A	0.001	-0.777				1.003			flagged:intergenic	VariantValidator: variant is non-coding on the BED's RefSeq NM_; c. notation belongs to a different transcript -- drop or re-resolve against an alternative isoform
FANCB	NM_001018113.3	c.2574G>C	Benign synonymous, SpliceAI<=0.1, PhastCons<1.0	X	14854291	C	G	0.001	-0.777				0.832			flagged:intergenic	VariantValidator: variant is non-coding on the BED's RefSeq NM_; c. notation belongs to a different transcript -- drop or re-resolve against an alternative isoform
FANCB	NM_001018113.3	c.2572T>G	Benign synonymous, SpliceAI<=0.1, PhastCons<1.0	X	14854293	A	C	0.016	1.245				5.529			flagged:intergenic	VariantValidator: variant is non-coding on the BED's RefSeq NM_; c. notation belongs to a different transcript -- drop or re-resolve against an alternative isoform
FANCB	NM_001018113.3	c.2572T>A	Benign synonymous, SpliceAI<=0.1, PhastCons<1.0	X	14854293	A	T	0.016	1.245				5.271			flagged:intergenic	VariantValidator: variant is non-coding on the BED's RefSeq NM_; c. notation belongs to a different transcript -- drop or re-resolve against an alternative isoform
FANCB	NM_001018113.3	c.2571T>G	Benign synonymous, SpliceAI<=0.1, PhastCons<1.0	X	14854294	A	C	0.014	1.245				5.261			flagged:intergenic	VariantValidator: variant is non-coding on the BED's RefSeq NM_; c. notation belongs to a different transcript -- drop or re-resolve against an alternative isoform
FANCB	NM_001018113.3	c.2571T>A	Benign synonymous, SpliceAI<=0.1, PhastCons<1.0	X	14854294	A	T	0.014	1.245				5.16			flagged:intergenic	VariantValidator: variant is non-coding on the BED's RefSeq NM_; c. notation belongs to a different transcript -- drop or re-resolve against an alternative isoform
FANCB	NM_001018113.3	c.2565T>G	Benign synonymous, SpliceAI<=0.1, PhastCons<1.0	X	14854300	A	C	0.006	0.276				4.109			flagged:intergenic	VariantValidator: variant is non-coding on the BED's RefSeq NM_; c. notation belongs to a different transcript -- drop or re-resolve against an alternative isoform
FANCB	NM_001018113.3	c.2565T>A	Benign synonymous, SpliceAI<=0.1, PhastCons<1.0	X	14854300	A	T	0.006	0.276				4.034			flagged:intergenic	VariantValidator: variant is non-coding on the BED's RefSeq NM_; c. notation belongs to a different transcript -- drop or re-resolve against an alternative isoform
FANCB	NM_001018113.3	c.2559A>T	Benign synonymous, SpliceAI<=0.1, PhastCons<1.0	X	14854306	T	A	0.013	0.137				2.865			flagged:intergenic	VariantValidator: variant is non-coding on the BED's RefSeq NM_; c. notation belongs to a different transcript -- drop or re-resolve against an alternative isoform
FANCB	NM_001018113.3	c.2559A>C	Benign synonymous, SpliceAI<=0.1, PhastCons<1.0	X	14854306	T	G	0.013	0.137				2.482			flagged:intergenic	VariantValidator: variant is non-coding on the BED's RefSeq NM_; c. notation belongs to a different transcript -- drop or re-resolve against an alternative isoform
FANCB	NM_001018113.3	c.2557A>T	Benign synonymous, SpliceAI<=0.1, PhastCons<1.0	X	14854308	T	A	0.005	-0.242				2.78			flagged:intergenic	VariantValidator: variant is non-coding on the BED's RefSeq NM_; c. notation belongs to a different transcript -- drop or re-resolve against an alternative isoform
FANCB	NM_001018113.3	c.2557A>G	Benign synonymous, SpliceAI<=0.1, PhastCons<1.0	X	14854308	T	C	0.005	-0.242				3.129			flagged:intergenic	VariantValidator: variant is non-coding on the BED's RefSeq NM_; c. notation belongs to a different transcript -- drop or re-resolve against an alternative isoform
FANCB	NM_001018113.3	c.2556T>G	Benign synonymous, SpliceAI<=0.1, PhastCons<1.0	X	14854309	A	C	0.009	0.272				2.304			flagged:intergenic	VariantValidator: variant is non-coding on the BED's RefSeq NM_; c. notation belongs to a different transcript -- drop or re-resolve against an alternative isoform
FANCB	NM_001018113.3	c.2556T>A	Benign synonymous, SpliceAI<=0.1, PhastCons<1.0	X	14854309	A	T	0.009	0.272				2.23			flagged:intergenic	VariantValidator: variant is non-coding on the BED's RefSeq NM_; c. notation belongs to a different transcript -- drop or re-resolve against an alternative isoform
FANCB	NM_001018113.3	c.2553T>G	Benign synonymous, SpliceAI<=0.1, PhastCons<1.0	X	14854312	A	C	0.014	0.276				3.065			flagged:intergenic	VariantValidator: variant is non-coding on the BED's RefSeq NM_; c. notation belongs to a different transcript -- drop or re-resolve against an alternative isoform
FANCB	NM_001018113.3	c.2553T>A	Benign synonymous, SpliceAI<=0.1, PhastCons<1.0	X	14854312	A	T	0.014	0.276				3.142			flagged:intergenic	VariantValidator: variant is non-coding on the BED's RefSeq NM_; c. notation belongs to a different transcript -- drop or re-resolve against an alternative isoform
FANCB	NM_001018113.3	c.2547G>T	Benign synonymous, SpliceAI<=0.1, PhastCons<1.0	X	14854318	C	A	0.001	-0.264				1.495			flagged:intergenic	VariantValidator: variant is non-coding on the BED's RefSeq NM_; c. notation belongs to a different transcript -- drop or re-resolve against an alternative isoform
FANCB	NM_001018113.3	c.2547G>C	Benign synonymous, SpliceAI<=0.1, PhastCons<1.0	X	14854318	C	G	0.001	-0.264				1.572			flagged:intergenic	VariantValidator: variant is non-coding on the BED's RefSeq NM_; c. notation belongs to a different transcript -- drop or re-resolve against an alternative isoform
FANCB	NM_001018113.3	c.2544T>G	Benign synonymous, SpliceAI<=0.1, PhastCons<1.0	X	14854321	A	C	0.003	1.194				5.885			flagged:intergenic	VariantValidator: variant is non-coding on the BED's RefSeq NM_; c. notation belongs to a different transcript -- drop or re-resolve against an alternative isoform
FANCB	NM_001018113.3	c.2544T>A	Benign synonymous, SpliceAI<=0.1, PhastCons<1.0	X	14854321	A	T	0.003	1.194				5.742			flagged:intergenic	VariantValidator: variant is non-coding on the BED's RefSeq NM_; c. notation belongs to a different transcript -- drop or re-resolve against an alternative isoform
FANCB	NM_001018113.3	c.2535T>G	Benign synonymous, SpliceAI<=0.1, PhastCons<1.0	X	14854330	A	C	0.001	1.245				8.558			flagged:intergenic	VariantValidator: variant is non-coding on the BED's RefSeq NM_; c. notation belongs to a different transcript -- drop or re-resolve against an alternative isoform
FANCB	NM_001018113.3	c.2535T>A	Benign synonymous, SpliceAI<=0.1, PhastCons<1.0	X	14854330	A	T	0.001	1.245				8.474			flagged:intergenic	VariantValidator: variant is non-coding on the BED's RefSeq NM_; c. notation belongs to a different transcript -- drop or re-resolve against an alternative isoform
FANCB	NM_001018113.3	c.2532A>T	Benign synonymous, SpliceAI<=0.1, PhastCons<1.0	X	14854333	T	A	0.007	-0.219				6.549			flagged:intergenic	VariantValidator: variant is non-coding on the BED's RefSeq NM_; c. notation belongs to a different transcript -- drop or re-resolve against an alternative isoform
FANCB	NM_001018113.3	c.2532A>C	Benign synonymous, SpliceAI<=0.1, PhastCons<1.0	X	14854333	T	G	0.007	-0.219				6.634			flagged:intergenic	VariantValidator: variant is non-coding on the BED's RefSeq NM_; c. notation belongs to a different transcript -- drop or re-resolve against an alternative isoform
FANCB	NM_001018113.3	c.2530T>G	Benign synonymous, SpliceAI<=0.1, PhastCons<1.0	X	14854335	A	C	0.056	0.209				6.859			flagged:intergenic	VariantValidator: variant is non-coding on the BED's RefSeq NM_; c. notation belongs to a different transcript -- drop or re-resolve against an alternative isoform
FANCB	NM_001018113.3	c.2530T>A	Benign synonymous, SpliceAI<=0.1, PhastCons<1.0	X	14854335	A	T	0.056	0.209				6.781			flagged:intergenic	VariantValidator: variant is non-coding on the BED's RefSeq NM_; c. notation belongs to a different transcript -- drop or re-resolve against an alternative isoform
FANCB	NM_001018113.3	c.2523G>T	Benign synonymous, SpliceAI<=0.1, PhastCons<1.0	X	14854342	C	A	0.001	-0.749				4.081			flagged:intergenic	VariantValidator: variant is non-coding on the BED's RefSeq NM_; c. notation belongs to a different transcript -- drop or re-resolve against an alternative isoform
FANCB	NM_001018113.3	c.2523G>C	Benign synonymous, SpliceAI<=0.1, PhastCons<1.0	X	14854342	C	G	0.001	-0.749				3.413			flagged:intergenic	VariantValidator: variant is non-coding on the BED's RefSeq NM_; c. notation belongs to a different transcript -- drop or re-resolve against an alternative isoform
FANCB	NM_001018113.3	c.2521T>G	Benign synonymous, SpliceAI<=0.1, PhastCons<1.0	X	14854344	A	C	0.002	-0.473				7.27			flagged:intergenic	VariantValidator: variant is non-coding on the BED's RefSeq NM_; c. notation belongs to a different transcript -- drop or re-resolve against an alternative isoform
FANCB	NM_001018113.3	c.2521T>A	Benign synonymous, SpliceAI<=0.1, PhastCons<1.0	X	14854344	A	T	0.002	-0.473				7.285			flagged:intergenic	VariantValidator: variant is non-coding on the BED's RefSeq NM_; c. notation belongs to a different transcript -- drop or re-resolve against an alternative isoform
FANCB	NM_001018113.3	c.2506C>G	Benign synonymous, SpliceAI<=0.1, PhastCons<1.0	X	14854359	G	C	0.007	1.322				12.61			flagged:intergenic	VariantValidator: variant is non-coding on the BED's RefSeq NM_; c. notation belongs to a different transcript -- drop or re-resolve against an alternative isoform
FANCB	NM_001018113.3	c.2506C>A	Benign synonymous, SpliceAI<=0.1, PhastCons<1.0	X	14854359	G	T	0.007	1.322				12.61			flagged:intergenic	VariantValidator: variant is non-coding on the BED's RefSeq NM_; c. notation belongs to a different transcript -- drop or re-resolve against an alternative isoform
FANCB	NM_001018113.3	c.2505T>G	Benign synonymous, SpliceAI<=0.1, PhastCons<1.0	X	14854360	A	C	0.002	-0.595				9.383			flagged:intergenic	VariantValidator: variant is non-coding on the BED's RefSeq NM_; c. notation belongs to a different transcript -- drop or re-resolve against an alternative isoform
FANCB	NM_001018113.3	c.2505T>A	Benign synonymous, SpliceAI<=0.1, PhastCons<1.0	X	14854360	A	T	0.002	-0.595				9.488			flagged:intergenic	VariantValidator: variant is non-coding on the BED's RefSeq NM_; c. notation belongs to a different transcript -- drop or re-resolve against an alternative isoform
FANCB	NM_001018113.3	c.2493G>T	Benign synonymous, SpliceAI<=0.1, PhastCons<1.0	X	14854372	C	A	0.002	0.472				8.416			flagged:intergenic	VariantValidator: variant is non-coding on the BED's RefSeq NM_; c. notation belongs to a different transcript -- drop or re-resolve against an alternative isoform
FANCB	NM_001018113.3	c.2493G>C	Benign synonymous, SpliceAI<=0.1, PhastCons<1.0	X	14854372	C	G	0.002	0.472				8.093			flagged:intergenic	VariantValidator: variant is non-coding on the BED's RefSeq NM_; c. notation belongs to a different transcript -- drop or re-resolve against an alternative isoform
FANCB	NM_001018113.3	c.2491T>G	Benign synonymous, SpliceAI<=0.1, PhastCons<1.0	X	14854374	A	C	0.003	0.698				10.97			flagged:intergenic	VariantValidator: variant is non-coding on the BED's RefSeq NM_; c. notation belongs to a different transcript -- drop or re-resolve against an alternative isoform
FANCB	NM_001018113.3	c.2491T>A	Benign synonymous, SpliceAI<=0.1, PhastCons<1.0	X	14854374	A	T	0.003	0.698				10.81			flagged:intergenic	VariantValidator: variant is non-coding on the BED's RefSeq NM_; c. notation belongs to a different transcript -- drop or re-resolve against an alternative isoform
FANCD2	NM_033084.5	c.65-2A>C	Benign synonymous, SpliceAI<=0.1, PhastCons<1.0, PhyloP<0.1, intronic_ROI(-2)	3	10073981	A	C	0.0	-1.176				6.131			flagged:intergenic	VariantValidator: variant is non-coding on the BED's RefSeq NM_; c. notation belongs to a different transcript -- drop or re-resolve against an alternative isoform
FANCD2	NM_033084.5	c.65-2A>G	Benign synonymous, SpliceAI<=0.1, PhastCons<1.0, PhyloP<0.1, intronic_ROI(-2)	3	10073981	A	G	0.0	-1.176				6.069			flagged:intergenic	VariantValidator: variant is non-coding on the BED's RefSeq NM_; c. notation belongs to a different transcript -- drop or re-resolve against an alternative isoform
FANCD2	NM_033084.5	c.65-2A>T	Benign synonymous, SpliceAI<=0.1, PhastCons<1.0, PhyloP<0.1, intronic_ROI(-2)	3	10073981	A	T	0.0	-1.176				6.217			flagged:intergenic	VariantValidator: variant is non-coding on the BED's RefSeq NM_; c. notation belongs to a different transcript -- drop or re-resolve against an alternative isoform
FANCD2	NM_033084.5	c.65-1G>A	Benign synonymous, SpliceAI<=0.1, PhastCons<1.0, PhyloP<0.1, intronic_ROI(-1)	3	10073982	G	A	0.0	-1.277				9.781			flagged:intergenic	VariantValidator: variant is non-coding on the BED's RefSeq NM_; c. notation belongs to a different transcript -- drop or re-resolve against an alternative isoform
FANCD2	NM_033084.5	c.65-1G>C	Benign synonymous, SpliceAI<=0.1, PhastCons<1.0, PhyloP<0.1, intronic_ROI(-1)	3	10073982	G	C	0.0	-1.277				23.3			flagged:intergenic	VariantValidator: variant is non-coding on the BED's RefSeq NM_; c. notation belongs to a different transcript -- drop or re-resolve against an alternative isoform
FANCD2	NM_033084.5	c.65-1G>T	Benign synonymous, SpliceAI<=0.1, PhastCons<1.0, PhyloP<0.1, intronic_ROI(-1)	3	10073982	G	T	0.0	-1.277				17.36			flagged:intergenic	VariantValidator: variant is non-coding on the BED's RefSeq NM_; c. notation belongs to a different transcript -- drop or re-resolve against an alternative isoform
FANCD2	NM_033084.5	c.66G>C	Benign synonymous, SpliceAI<=0.1, PhastCons<1.0	3	10073984	G	C	0.0	-0.372				1.063	A		flagged:intergenic	VariantValidator: variant is non-coding on the BED's RefSeq NM_; c. notation belongs to a different transcript -- drop or re-resolve against an alternative isoform
FANCD2	NM_033084.5	c.66G>T	Benign synonymous, SpliceAI<=0.1, PhastCons<1.0	3	10073984	G	T	0.0	-0.372				6.831	A		flagged:intergenic	VariantValidator: variant is non-coding on the BED's RefSeq NM_; c. notation belongs to a different transcript -- drop or re-resolve against an alternative isoform
FANCD2	NM_033084.5	c.84T>A	Benign synonymous, SpliceAI<=0.1, PhastCons<1.0	3	10074002	T	A	0.002	0.736				6.987			flagged:intergenic	VariantValidator: variant is non-coding on the BED's RefSeq NM_; c. notation belongs to a different transcript -- drop or re-resolve against an alternative isoform
FANCD2	NM_033084.5	c.84T>G	Benign synonymous, SpliceAI<=0.1, PhastCons<1.0	3	10074002	T	G	0.002	0.736				7.078	LP		flagged:intergenic	VariantValidator: variant is non-coding on the BED's RefSeq NM_; c. notation belongs to a different transcript -- drop or re-resolve against an alternative isoform
FANCD2	NM_033084.5	c.87C>A	Benign synonymous, SpliceAI<=0.1, PhastCons<1.0	3	10074005	C	A	0.0	-0.813				4.923	A		flagged:intergenic	VariantValidator: variant is non-coding on the BED's RefSeq NM_; c. notation belongs to a different transcript -- drop or re-resolve against an alternative isoform
FANCD2	NM_033084.5	c.87C>G	Benign synonymous, SpliceAI<=0.1, PhastCons<1.0	3	10074005	C	G	0.0	-0.813				2.145	A		flagged:intergenic	VariantValidator: variant is non-coding on the BED's RefSeq NM_; c. notation belongs to a different transcript -- drop or re-resolve against an alternative isoform
FANCD2	NM_033084.5	c.99T>A	Benign synonymous, SpliceAI<=0.1, PhastCons<1.0	3	10074017	T	A	0.028	-0.402			1.56000e-06	7.38	LP		flagged:intergenic	VariantValidator: variant is non-coding on the BED's RefSeq NM_; c. notation belongs to a different transcript -- drop or re-resolve against an alternative isoform
FANCD2	NM_033084.5	c.99T>G	Benign synonymous, SpliceAI<=0.1, PhastCons<1.0	3	10074017	T	G	0.028	-0.402				8.915	LP		flagged:intergenic	VariantValidator: variant is non-coding on the BED's RefSeq NM_; c. notation belongs to a different transcript -- drop or re-resolve against an alternative isoform
FANCD2	NM_033084.5	c.117G>C	Benign synonymous, SpliceAI<=0.1, PhastCons<1.0	3	10074035	G	C	0.001	-0.164				1.434			flagged:intergenic	VariantValidator: variant is non-coding on the BED's RefSeq NM_; c. notation belongs to a different transcript -- drop or re-resolve against an alternative isoform
FANCD2	NM_033084.5	c.117G>T	Benign synonymous, SpliceAI<=0.1, PhastCons<1.0	3	10074035	G	T	0.001	-0.164				1.739			flagged:intergenic	VariantValidator: variant is non-coding on the BED's RefSeq NM_; c. notation belongs to a different transcript -- drop or re-resolve against an alternative isoform
FANCD2	NM_033084.5	c.210G>C	Benign synonymous, SpliceAI<=0.1, PhastCons<1.0	3	10076082	G	C	0.362	2.05				10.12			flagged:intergenic	VariantValidator: variant is non-coding on the BED's RefSeq NM_; c. notation belongs to a different transcript -- drop or re-resolve against an alternative isoform
FANCD2	NM_033084.5	c.210G>T	Benign synonymous, SpliceAI<=0.1, PhastCons<1.0	3	10076082	G	T	0.362	2.05			1.33000e-06	10.06			flagged:intergenic	VariantValidator: variant is non-coding on the BED's RefSeq NM_; c. notation belongs to a different transcript -- drop or re-resolve against an alternative isoform
FANCD2	NM_033084.5	c.213A>C	Benign synonymous, SpliceAI<=0.1, PhastCons<1.0	3	10076085	A	C	0.013	0.453				9.452			flagged:intergenic	VariantValidator: variant is non-coding on the BED's RefSeq NM_; c. notation belongs to a different transcript -- drop or re-resolve against an alternative isoform
FANCD2	NM_033084.5	c.213A>T	Benign synonymous, SpliceAI<=0.1, PhastCons<1.0	3	10076085	A	T	0.013	0.453				9.392			flagged:intergenic	VariantValidator: variant is non-coding on the BED's RefSeq NM_; c. notation belongs to a different transcript -- drop or re-resolve against an alternative isoform
FANCD2	NM_033084.5	c.222T>A	Benign synonymous, SpliceAI<=0.1, PhastCons<1.0	3	10076094	T	A	0.116	0.57				10.9			flagged:intergenic	VariantValidator: variant is non-coding on the BED's RefSeq NM_; c. notation belongs to a different transcript -- drop or re-resolve against an alternative isoform
FANCD2	NM_033084.5	c.222T>G	Benign synonymous, SpliceAI<=0.1, PhastCons<1.0	3	10076094	T	G	0.116	0.57				10.99			flagged:intergenic	VariantValidator: variant is non-coding on the BED's RefSeq NM_; c. notation belongs to a different transcript -- drop or re-resolve against an alternative isoform
FANCD2	NM_033084.5	c.223T>A	Benign synonymous, SpliceAI<=0.1, PhastCons<1.0	3	10076095	T	A	0.196	3.613				12.79			flagged:intergenic	VariantValidator: variant is non-coding on the BED's RefSeq NM_; c. notation belongs to a different transcript -- drop or re-resolve against an alternative isoform
FANCD2	NM_033084.5	c.223T>G	Benign synonymous, SpliceAI<=0.1, PhastCons<1.0	3	10076095	T	G	0.196	3.613				12.87			flagged:intergenic	VariantValidator: variant is non-coding on the BED's RefSeq NM_; c. notation belongs to a different transcript -- drop or re-resolve against an alternative isoform
FANCD2	NM_033084.5	c.225A>C	Benign synonymous, SpliceAI<=0.1, PhastCons<1.0	3	10076097	A	C	0.066	0.739				11.97			flagged:intergenic	VariantValidator: variant is non-coding on the BED's RefSeq NM_; c. notation belongs to a different transcript -- drop or re-resolve against an alternative isoform
FANCD2	NM_033084.5	c.225A>T	Benign synonymous, SpliceAI<=0.1, PhastCons<1.0	3	10076097	A	T	0.066	0.739				11.85			flagged:intergenic	VariantValidator: variant is non-coding on the BED's RefSeq NM_; c. notation belongs to a different transcript -- drop or re-resolve against an alternative isoform
FANCD2	NM_033084.5	c.228G>C	Benign synonymous, SpliceAI<=0.1, PhastCons<1.0	3	10076100	G	C	0.076	0.021				10.19			flagged:intergenic	VariantValidator: variant is non-coding on the BED's RefSeq NM_; c. notation belongs to a different transcript -- drop or re-resolve against an alternative isoform
FANCD2	NM_033084.5	c.228G>T	Benign synonymous, SpliceAI<=0.1, PhastCons<1.0	3	10076100	G	T	0.076	0.021				9.693			flagged:intergenic	VariantValidator: variant is non-coding on the BED's RefSeq NM_; c. notation belongs to a different transcript -- drop or re-resolve against an alternative isoform
FANCD2	NM_033084.5	c.231G>C	Benign synonymous, SpliceAI<=0.1, PhastCons<1.0	3	10076103	G	C	0.073	0.556				13.3			flagged:intergenic	VariantValidator: variant is non-coding on the BED's RefSeq NM_; c. notation belongs to a different transcript -- drop or re-resolve against an alternative isoform
FANCD2	NM_033084.5	c.231G>T	Benign synonymous, SpliceAI<=0.1, PhastCons<1.0	3	10076103	G	T	0.073	0.556				11.91			flagged:intergenic	VariantValidator: variant is non-coding on the BED's RefSeq NM_; c. notation belongs to a different transcript -- drop or re-resolve against an alternative isoform
FANCD2	NM_033084.5	c.234A>C	Benign synonymous, SpliceAI<=0.1, PhastCons<1.0	3	10076106	A	C	0.0	0.117				16.71			flagged:intergenic	VariantValidator: variant is non-coding on the BED's RefSeq NM_; c. notation belongs to a different transcript -- drop or re-resolve against an alternative isoform
FANCD2	NM_033084.5	c.234A>T	Benign synonymous, SpliceAI<=0.1, PhastCons<1.0	3	10076106	A	T	0.0	0.117				12.17			flagged:intergenic	VariantValidator: variant is non-coding on the BED's RefSeq NM_; c. notation belongs to a different transcript -- drop or re-resolve against an alternative isoform
FANCD2	NM_033084.5	c.237C>A	Benign synonymous, SpliceAI<=0.1, PhastCons<1.0	3	10076109	C	A	0.0	-1.153				8.708			flagged:intergenic	VariantValidator: variant is non-coding on the BED's RefSeq NM_; c. notation belongs to a different transcript -- drop or re-resolve against an alternative isoform
FANCD2	NM_033084.5	c.237C>G	Benign synonymous, SpliceAI<=0.1, PhastCons<1.0	3	10076109	C	G	0.0	-1.153				8.629			flagged:intergenic	VariantValidator: variant is non-coding on the BED's RefSeq NM_; c. notation belongs to a different transcript -- drop or re-resolve against an alternative isoform
FANCD2	NM_033084.5	c.240T>A	Benign synonymous, SpliceAI<=0.1, PhastCons<1.0	3	10076112	T	A	0.0	-0.038				9.124			flagged:intergenic	VariantValidator: variant is non-coding on the BED's RefSeq NM_; c. notation belongs to a different transcript -- drop or re-resolve against an alternative isoform
FANCD2	NM_033084.5	c.240T>G	Benign synonymous, SpliceAI<=0.1, PhastCons<1.0	3	10076112	T	G	0.0	-0.038				9.489			flagged:intergenic	VariantValidator: variant is non-coding on the BED's RefSeq NM_; c. notation belongs to a different transcript -- drop or re-resolve against an alternative isoform
FANCD2	NM_033084.5	c.244A>G	Benign synonymous, SpliceAI<=0.1, PhastCons<1.0	3	10076116	A	G	0.0	-0.571			1.51100e-05	4.555			flagged:intergenic	VariantValidator: variant is non-coding on the BED's RefSeq NM_; c. notation belongs to a different transcript -- drop or re-resolve against an alternative isoform
FANCD2	NM_033084.5	c.244A>T	Benign synonymous, SpliceAI<=0.1, PhastCons<1.0	3	10076116	A	T	0.0	-0.571				6.455			flagged:intergenic	VariantValidator: variant is non-coding on the BED's RefSeq NM_; c. notation belongs to a different transcript -- drop or re-resolve against an alternative isoform
FANCD2	NM_033084.5	c.246G>C	Benign synonymous, SpliceAI<=0.1, PhastCons<1.0	3	10076118	G	C	0.0	-0.362				0.698			flagged:intergenic	VariantValidator: variant is non-coding on the BED's RefSeq NM_; c. notation belongs to a different transcript -- drop or re-resolve against an alternative isoform
FANCD2	NM_033084.5	c.246G>T	Benign synonymous, SpliceAI<=0.1, PhastCons<1.0	3	10076118	G	T	0.0	-0.362				0.966			flagged:intergenic	VariantValidator: variant is non-coding on the BED's RefSeq NM_; c. notation belongs to a different transcript -- drop or re-resolve against an alternative isoform
FANCD2	NM_033084.5	c.249A>C	Benign synonymous, SpliceAI<=0.1, PhastCons<1.0	3	10076121	A	C	0.0	-0.088				2.755			flagged:intergenic	VariantValidator: variant is non-coding on the BED's RefSeq NM_; c. notation belongs to a different transcript -- drop or re-resolve against an alternative isoform
FANCD2	NM_033084.5	c.249A>T	Benign synonymous, SpliceAI<=0.1, PhastCons<1.0	3	10076121	A	T	0.0	-0.088				2.086			flagged:intergenic	VariantValidator: variant is non-coding on the BED's RefSeq NM_; c. notation belongs to a different transcript -- drop or re-resolve against an alternative isoform
FANCD2	NM_033084.5	c.250C>A	Benign synonymous, SpliceAI<=0.1, PhastCons<1.0	3	10076122	C	A	0.0	-0.035				0.531			flagged:intergenic	VariantValidator: variant is non-coding on the BED's RefSeq NM_; c. notation belongs to a different transcript -- drop or re-resolve against an alternative isoform
FANCD2	NM_033084.5	c.250C>G	Benign synonymous, SpliceAI<=0.1, PhastCons<1.0	3	10076122	C	G	0.0	-0.035				0.584			flagged:intergenic	VariantValidator: variant is non-coding on the BED's RefSeq NM_; c. notation belongs to a different transcript -- drop or re-resolve against an alternative isoform
FANCD2	NM_033084.5	c.261C>A	Benign synonymous, SpliceAI<=0.1, PhastCons<1.0	3	10076133	C	A	0.001	-0.37			0.000243600	5.787		Likely_benign	flagged:intergenic	VariantValidator: variant is non-coding on the BED's RefSeq NM_; c. notation belongs to a different transcript -- drop or re-resolve against an alternative isoform
FANCD2	NM_033084.5	c.261C>G	Benign synonymous, SpliceAI<=0.1, PhastCons<1.0	3	10076133	C	G	0.001	-0.37				6.14			flagged:intergenic	VariantValidator: variant is non-coding on the BED's RefSeq NM_; c. notation belongs to a different transcript -- drop or re-resolve against an alternative isoform
FANCD2	NM_033084.5	c.270T>A	Benign synonymous, SpliceAI<=0.1, PhastCons<1.0	3	10076142	T	A	0.998	1.992				11.69			flagged:intergenic	VariantValidator: variant is non-coding on the BED's RefSeq NM_; c. notation belongs to a different transcript -- drop or re-resolve against an alternative isoform
FANCD2	NM_033084.5	c.270T>G	Benign synonymous, SpliceAI<=0.1, PhastCons<1.0	3	10076142	T	G	0.998	1.992				12.37			flagged:intergenic	VariantValidator: variant is non-coding on the BED's RefSeq NM_; c. notation belongs to a different transcript -- drop or re-resolve against an alternative isoform
FANCD2	NM_033084.5	c.273C>A	Benign synonymous, SpliceAI<=0.1, PhastCons<1.0	3	10076145	C	A	0.005	-0.03				4.472			flagged:intergenic	VariantValidator: variant is non-coding on the BED's RefSeq NM_; c. notation belongs to a different transcript -- drop or re-resolve against an alternative isoform
FANCD2	NM_033084.5	c.273C>G	Benign synonymous, SpliceAI<=0.1, PhastCons<1.0	3	10076145	C	G	0.005	-0.03				3.262			flagged:intergenic	VariantValidator: variant is non-coding on the BED's RefSeq NM_; c. notation belongs to a different transcript -- drop or re-resolve against an alternative isoform
FANCD2	NM_033084.5	c.276C>A	Benign synonymous, SpliceAI<=0.1, PhastCons<1.0	3	10076148	C	A	0.0	-0.631				0.266			flagged:intergenic	VariantValidator: variant is non-coding on the BED's RefSeq NM_; c. notation belongs to a different transcript -- drop or re-resolve against an alternative isoform
FANCD2	NM_033084.5	c.276C>G	Benign synonymous, SpliceAI<=0.1, PhastCons<1.0	3	10076148	C	G	0.0	-0.631				0.425			flagged:intergenic	VariantValidator: variant is non-coding on the BED's RefSeq NM_; c. notation belongs to a different transcript -- drop or re-resolve against an alternative isoform
FANCD2	NM_033084.5	c.516A>G	Benign FAF >5%	3	10080987	A	G	0.996	0.263	.;0.025;.;.;.;.;.;.;.;.;.;.;.;.;.;.;.;.;.;.;.;.;.;0.025;0.025;.		0.0616828	15.53	.;LB;.;.;.;.;.;.;.;.;.;.;.;.;.;.;.;.;.;.;.;.;.;B;LB;.	Benign	flagged:intergenic	VariantValidator: variant is non-coding on the BED's RefSeq NM_; c. notation belongs to a different transcript -- drop or re-resolve against an alternative isoform
FANCD2	NM_033084.5	c.705C>A	Benign synonymous, SpliceAI<=0.1, PhastCons<1.0	3	10081539	C	A	0.0	-0.102	0.005		7.90000e-07	1.536	LB		flagged:intergenic	VariantValidator: variant is non-coding on the BED's RefSeq NM_; c. notation belongs to a different transcript -- drop or re-resolve against an alternative isoform
FANCD2	NM_033084.5	c.705C>G	Benign synonymous, SpliceAI<=0.1, PhastCons<1.0	3	10081539	C	G	0.0	-0.102	0.007			4.031	LB		flagged:intergenic	VariantValidator: variant is non-coding on the BED's RefSeq NM_; c. notation belongs to a different transcript -- drop or re-resolve against an alternative isoform
FANCD2	NM_033084.5	c.709C>A	Benign synonymous, SpliceAI<=0.1, PhastCons<1.0	3	10081543	C	A	0.0	-0.473	0.038			0.384	LB		flagged:intergenic	VariantValidator: variant is non-coding on the BED's RefSeq NM_; c. notation belongs to a different transcript -- drop or re-resolve against an alternative isoform
FANCD2	NM_033084.5	c.709C>G	Benign synonymous, SpliceAI<=0.1, PhastCons<1.0	3	10081543	C	G	0.0	-0.473	0.029			0.852	LB		flagged:intergenic	VariantValidator: variant is non-coding on the BED's RefSeq NM_; c. notation belongs to a different transcript -- drop or re-resolve against an alternative isoform
FANCD2	NM_033084.5	c.723G>C	Benign synonymous, SpliceAI<=0.1, PhastCons<1.0	3	10081557	G	C	0.0	0.261	0.018			5.271	LB		flagged:intergenic	VariantValidator: variant is non-coding on the BED's RefSeq NM_; c. notation belongs to a different transcript -- drop or re-resolve against an alternative isoform
FANCD2	NM_033084.5	c.723G>T	Benign synonymous, SpliceAI<=0.1, PhastCons<1.0	3	10081557	G	T	0.0	0.261	0.016		1.83000e-06	5.162	LB		flagged:intergenic	VariantValidator: variant is non-coding on the BED's RefSeq NM_; c. notation belongs to a different transcript -- drop or re-resolve against an alternative isoform
FANCD2	NM_033084.5	c.725G>C	Benign synonymous, SpliceAI<=0.1, PhastCons<1.0	3	10081559	G	C	0.0	-0.595				0.739			flagged:intergenic	VariantValidator: variant is non-coding on the BED's RefSeq NM_; c. notation belongs to a different transcript -- drop or re-resolve against an alternative isoform
FANCD2	NM_033084.5	c.725G>T	Benign synonymous, SpliceAI<=0.1, PhastCons<1.0	3	10081559	G	T	0.0	-0.595				0.602			flagged:intergenic	VariantValidator: variant is non-coding on the BED's RefSeq NM_; c. notation belongs to a different transcript -- drop or re-resolve against an alternative isoform
FANCD2	NM_033084.5	c.492T>A	Benign synonymous, SpliceAI<=0.1, PhastCons<1.0	3	10083307	T	A	0.992	0.937				22.8			flagged:intergenic	VariantValidator: variant is non-coding on the BED's RefSeq NM_; c. notation belongs to a different transcript -- drop or re-resolve against an alternative isoform
FANCD2	NM_033084.5	c.492T>G	Benign synonymous, SpliceAI<=0.1, PhastCons<1.0	3	10083307	T	G	0.992	0.937				22.8			flagged:intergenic	VariantValidator: variant is non-coding on the BED's RefSeq NM_; c. notation belongs to a different transcript -- drop or re-resolve against an alternative isoform
FANCD2	NM_033084.5	c.1214A>G	Benign FAF >5%	3	10088343	A	G	0.265	0.211	0.032;.;.;.;.;.;.;.;.;.;.;.;.;.;.;.;.;.;0.032;.		0.455825	10.31	LB;.;.;.;.;.;.;.;.;.;.;.;.;.;.;.;.;.;B;.	Benign	flagged:intergenic	VariantValidator: variant is non-coding on the BED's RefSeq NM_; c. notation belongs to a different transcript -- drop or re-resolve against an alternative isoform
FANCD2	NM_033084.5	c.1367T>G	Benign FAF >5%	3	10089689	T	G	0.999	3.528	0.238;.;.;.;.;.;.;.;.;.;.;.;.;.;.;.;.;.;.;.;0.238;.		0.0924696	22.7	LB;.;.;.;.;.;.;.;.;.;.;.;.;.;.;.;.;.;.;.;B;.	Benign/Likely_benign	flagged:intergenic	VariantValidator: variant is non-coding on the BED's RefSeq NM_; c. notation belongs to a different transcript -- drop or re-resolve against an alternative isoform
FANCD2	NM_033084.5	c.1767-1G>A	Benign synonymous, SpliceAI<=0.1, PhastCons<1.0, PhyloP<0.1, intronic_ROI(-1)	3	10103837	G	A	0.258	-0.059	.;.			2.196	.;.		flagged:intergenic	VariantValidator: variant is non-coding on the BED's RefSeq NM_; c. notation belongs to a different transcript -- drop or re-resolve against an alternative isoform
FANCD2	NM_033084.5	c.1767-1G>C	Benign synonymous, SpliceAI<=0.1, PhastCons<1.0, PhyloP<0.1, intronic_ROI(-1)	3	10103837	G	C	0.258	-0.059	.;.			3.398	.;.		flagged:intergenic	VariantValidator: variant is non-coding on the BED's RefSeq NM_; c. notation belongs to a different transcript -- drop or re-resolve against an alternative isoform
FANCD2	NM_033084.5	c.1767-1G>T	Benign synonymous, SpliceAI<=0.1, PhastCons<1.0, PhyloP<0.1, intronic_ROI(-1)	3	10103837	G	T	0.258	-0.059	.;.			7.741	.;.		flagged:intergenic	VariantValidator: variant is non-coding on the BED's RefSeq NM_; c. notation belongs to a different transcript -- drop or re-resolve against an alternative isoform
FANCD2	NM_033084.5	c.1457A>C	Benign FAF >5%	3	10105516	A	C	1.0	6.762	.;0.163;.;.;.;.;.;.;.;.;.;.;.;.;.;.;.;.;.;.;.;.;.;0.163;.		0.0760916	24.6	.;LB;.;.;.;.;.;.;.;.;.;.;.;.;.;.;.;.;.;.;.;.;.;B;.	Benign/Likely_benign	flagged:intergenic	VariantValidator: variant is non-coding on the BED's RefSeq NM_; c. notation belongs to a different transcript -- drop or re-resolve against an alternative isoform
FANCD2	NM_033084.5	c.1948-1G>A	Benign synonymous, SpliceAI<=0.1, PhastCons<1.0, PhyloP<0.1, intronic_ROI(-1)	3	10106075	G	A	0.987	0.064			5.00000e-06	4.428			flagged:intergenic	VariantValidator: variant is non-coding on the BED's RefSeq NM_; c. notation belongs to a different transcript -- drop or re-resolve against an alternative isoform
FANCD2	NM_033084.5	c.1948-1G>C	Benign synonymous, SpliceAI<=0.1, PhastCons<1.0, PhyloP<0.1, intronic_ROI(-1)	3	10106075	G	C	0.987	0.064			4.43000e-06	18.61			flagged:intergenic	VariantValidator: variant is non-coding on the BED's RefSeq NM_; c. notation belongs to a different transcript -- drop or re-resolve against an alternative isoform
FANCD2	NM_033084.5	c.1948-1G>T	Benign synonymous, SpliceAI<=0.1, PhastCons<1.0, PhyloP<0.1, intronic_ROI(-1)	3	10106075	G	T	0.987	0.064				18.82			flagged:intergenic	VariantValidator: variant is non-coding on the BED's RefSeq NM_; c. notation belongs to a different transcript -- drop or re-resolve against an alternative isoform
FANCD2	NM_033084.5	c.1730C>T	Benign FAF >5%	3	10106532	C	T	0.0	-0.09	.;0.028;.;.;.;.;.;.;.;.;.;.;.;.;.;.;.;.;.;.;.;.;.;0.028;.		0.274561	2.093	.;LB;.;.;.;.;.;.;.;.;.;.;.;.;.;.;.;.;.;.;.;.;.;B;.	Benign/Likely_benign	flagged:intergenic	VariantValidator: variant is non-coding on the BED's RefSeq NM_; c. notation belongs to a different transcript -- drop or re-resolve against an alternative isoform
FANCD2	NM_033084.5	c.3225T>A	Benign synonymous, SpliceAI<=0.1, PhastCons<1.0	3	10127556	T	A	0.0	-0.491				11.18			flagged:intergenic	VariantValidator: variant is non-coding on the BED's RefSeq NM_; c. notation belongs to a different transcript -- drop or re-resolve against an alternative isoform
FANCD2	NM_033084.5	c.3225T>G	Benign synonymous, SpliceAI<=0.1, PhastCons<1.0	3	10127556	T	G	0.0	-0.491				12.17		Uncertain_significance	flagged:intergenic	VariantValidator: variant is non-coding on the BED's RefSeq NM_; c. notation belongs to a different transcript -- drop or re-resolve against an alternative isoform
FANCD2	NM_033084.5	c.4288C>A	Benign synonymous, SpliceAI<=0.1, PhastCons<1.0	3	10140506	C	A	0.002	0.631	0.099			2.766	LB		flagged:intergenic	VariantValidator: variant is non-coding on the BED's RefSeq NM_; c. notation belongs to a different transcript -- drop or re-resolve against an alternative isoform
FANCD2	NM_033084.5	c.4288C>G	Benign synonymous, SpliceAI<=0.1, PhastCons<1.0	3	10140506	C	G	0.002	0.631	0.073			3.157	LB		flagged:intergenic	VariantValidator: variant is non-coding on the BED's RefSeq NM_; c. notation belongs to a different transcript -- drop or re-resolve against an alternative isoform
FANCD2	NM_033084.5	c.4293A>C	Benign synonymous, SpliceAI<=0.1, PhastCons<1.0	3	10140511	A	C	0.0	-1.517	0.076			0.749	LB		flagged:intergenic	VariantValidator: variant is non-coding on the BED's RefSeq NM_; c. notation belongs to a different transcript -- drop or re-resolve against an alternative isoform
FANCD2	NM_033084.5	c.4293A>T	Benign synonymous, SpliceAI<=0.1, PhastCons<1.0	3	10140511	A	T	0.0	-1.517	0.076			0.727	LB		flagged:intergenic	VariantValidator: variant is non-coding on the BED's RefSeq NM_; c. notation belongs to a different transcript -- drop or re-resolve against an alternative isoform
FANCD2	NM_033084.5	c.4296C>A	Benign synonymous, SpliceAI<=0.1, PhastCons<1.0	3	10140514	C	A	0.0	-0.293	0.038			0.625	LB		flagged:intergenic	VariantValidator: variant is non-coding on the BED's RefSeq NM_; c. notation belongs to a different transcript -- drop or re-resolve against an alternative isoform
FANCD2	NM_033084.5	c.4296C>G	Benign synonymous, SpliceAI<=0.1, PhastCons<1.0	3	10140514	C	G	0.0	-0.293	0.038			0.749	LB		flagged:intergenic	VariantValidator: variant is non-coding on the BED's RefSeq NM_; c. notation belongs to a different transcript -- drop or re-resolve against an alternative isoform
FANCD2	NM_033084.5	c.4305G>C	Benign synonymous, SpliceAI<=0.1, PhastCons<1.0	3	10140523	G	C	0.0	0.355	0.113			2.572	LB		flagged:intergenic	VariantValidator: variant is non-coding on the BED's RefSeq NM_; c. notation belongs to a different transcript -- drop or re-resolve against an alternative isoform
FANCD2	NM_033084.5	c.4305G>T	Benign synonymous, SpliceAI<=0.1, PhastCons<1.0	3	10140523	G	T	0.0	0.355	0.113			2.549	LB		flagged:intergenic	VariantValidator: variant is non-coding on the BED's RefSeq NM_; c. notation belongs to a different transcript -- drop or re-resolve against an alternative isoform
FANCD2	NM_033084.5	c.4317T>A	Benign synonymous, SpliceAI<=0.1, PhastCons<1.0	3	10140535	T	A	0.001	0.154	0.057			7.434	LB		flagged:intergenic	VariantValidator: variant is non-coding on the BED's RefSeq NM_; c. notation belongs to a different transcript -- drop or re-resolve against an alternative isoform
FANCD2	NM_033084.5	c.4317T>G	Benign synonymous, SpliceAI<=0.1, PhastCons<1.0	3	10140535	T	G	0.001	0.154	0.057			8.315	LB		flagged:intergenic	VariantValidator: variant is non-coding on the BED's RefSeq NM_; c. notation belongs to a different transcript -- drop or re-resolve against an alternative isoform
FANCD2	NM_033084.5	c.4323C>A	Benign synonymous, SpliceAI<=0.1, PhastCons<1.0	3	10140541	C	A	0.0	-0.473				8.613			flagged:intergenic	VariantValidator: variant is non-coding on the BED's RefSeq NM_; c. notation belongs to a different transcript -- drop or re-resolve against an alternative isoform
FANCD2	NM_033084.5	c.4323C>G	Benign synonymous, SpliceAI<=0.1, PhastCons<1.0	3	10140541	C	G	0.0	-0.473	0.056			9.009	LB		flagged:intergenic	VariantValidator: variant is non-coding on the BED's RefSeq NM_; c. notation belongs to a different transcript -- drop or re-resolve against an alternative isoform
FANCD2	NM_033084.5	c.4327T>A	Benign synonymous, SpliceAI<=0.1, PhastCons<1.0	3	10140545	T	A	0.001	0.233	0.092			11.74	LB		flagged:intergenic	VariantValidator: variant is non-coding on the BED's RefSeq NM_; c. notation belongs to a different transcript -- drop or re-resolve against an alternative isoform
FANCD2	NM_033084.5	c.4327T>G	Benign synonymous, SpliceAI<=0.1, PhastCons<1.0	3	10140545	T	G	0.001	0.233	0.017			11.77	LB		flagged:intergenic	VariantValidator: variant is non-coding on the BED's RefSeq NM_; c. notation belongs to a different transcript -- drop or re-resolve against an alternative isoform
FANCD2	NM_033084.5	c.4329G>C	Benign synonymous, SpliceAI<=0.1, PhastCons<1.0	3	10140547	G	C	0.0	-0.032	0.064			11.62	LB		flagged:intergenic	VariantValidator: variant is non-coding on the BED's RefSeq NM_; c. notation belongs to a different transcript -- drop or re-resolve against an alternative isoform
FANCD2	NM_033084.5	c.4329G>T	Benign synonymous, SpliceAI<=0.1, PhastCons<1.0	3	10140547	G	T	0.0	-0.032	0.064			11.94	LB		flagged:intergenic	VariantValidator: variant is non-coding on the BED's RefSeq NM_; c. notation belongs to a different transcript -- drop or re-resolve against an alternative isoform
FANCD2	NM_033084.5	c.4330T>A	Benign synonymous, SpliceAI<=0.1, PhastCons<1.0	3	10140548	T	A	0.0	-0.01	0.057			12.58	LB		flagged:intergenic	VariantValidator: variant is non-coding on the BED's RefSeq NM_; c. notation belongs to a different transcript -- drop or re-resolve against an alternative isoform
FANCD2	NM_033084.5	c.4330T>G	Benign synonymous, SpliceAI<=0.1, PhastCons<1.0	3	10140548	T	G	0.0	-0.01	0.075			12.95	LB		flagged:intergenic	VariantValidator: variant is non-coding on the BED's RefSeq NM_; c. notation belongs to a different transcript -- drop or re-resolve against an alternative isoform
FANCD2	NM_033084.5	c.4332A>C	Benign synonymous, SpliceAI<=0.1, PhastCons<1.0	3	10140550	A	C	0.0	-0.164	0.023			7.369	LB		flagged:intergenic	VariantValidator: variant is non-coding on the BED's RefSeq NM_; c. notation belongs to a different transcript -- drop or re-resolve against an alternative isoform
FANCD2	NM_033084.5	c.4332A>T	Benign synonymous, SpliceAI<=0.1, PhastCons<1.0	3	10140550	A	T	0.0	-0.164	0.023			7.316	LB		flagged:intergenic	VariantValidator: variant is non-coding on the BED's RefSeq NM_; c. notation belongs to a different transcript -- drop or re-resolve against an alternative isoform
FANCD2	NM_033084.5	c.4339C>A	Benign synonymous, SpliceAI<=0.1, PhastCons<1.0	3	10140557	C	A	0.0	0.011	0.034			15.43	LB		flagged:intergenic	VariantValidator: variant is non-coding on the BED's RefSeq NM_; c. notation belongs to a different transcript -- drop or re-resolve against an alternative isoform
FANCD2	NM_033084.5	c.4339C>G	Benign synonymous, SpliceAI<=0.1, PhastCons<1.0	3	10140557	C	G	0.0	0.011	0.034			15.37	LB		flagged:intergenic	VariantValidator: variant is non-coding on the BED's RefSeq NM_; c. notation belongs to a different transcript -- drop or re-resolve against an alternative isoform
FANCD2	NM_033084.5	c.4344T>A	Benign synonymous, SpliceAI<=0.1, PhastCons<1.0	3	10140562	T	A	0.003	0.627	0.067			12.34	LB		flagged:intergenic	VariantValidator: variant is non-coding on the BED's RefSeq NM_; c. notation belongs to a different transcript -- drop or re-resolve against an alternative isoform
FANCD2	NM_033084.5	c.4344T>G	Benign synonymous, SpliceAI<=0.1, PhastCons<1.0	3	10140562	T	G	0.003	0.627	0.067			12.55	LB		flagged:intergenic	VariantValidator: variant is non-coding on the BED's RefSeq NM_; c. notation belongs to a different transcript -- drop or re-resolve against an alternative isoform
FANCD2	NM_033084.5	c.4353C>A	Benign synonymous, SpliceAI<=0.1, PhastCons<1.0	3	10140571	C	A	0.0	-0.639	0.039			4.773	LB		flagged:intergenic	VariantValidator: variant is non-coding on the BED's RefSeq NM_; c. notation belongs to a different transcript -- drop or re-resolve against an alternative isoform
FANCD2	NM_033084.5	c.4353C>G	Benign synonymous, SpliceAI<=0.1, PhastCons<1.0	3	10140571	C	G	0.0	-0.639	0.039			4.997	LB		flagged:intergenic	VariantValidator: variant is non-coding on the BED's RefSeq NM_; c. notation belongs to a different transcript -- drop or re-resolve against an alternative isoform
FANCD2	NM_033084.5	c.4354A>G	Benign synonymous, SpliceAI<=0.1, PhastCons<1.0	3	10140572	A	G	0.0	0.718	0.125			11.99	LB		flagged:intergenic	VariantValidator: variant is non-coding on the BED's RefSeq NM_; c. notation belongs to a different transcript -- drop or re-resolve against an alternative isoform
FANCD2	NM_033084.5	c.4354A>T	Benign synonymous, SpliceAI<=0.1, PhastCons<1.0	3	10140572	A	T	0.0	0.718				11.67			flagged:intergenic	VariantValidator: variant is non-coding on the BED's RefSeq NM_; c. notation belongs to a different transcript -- drop or re-resolve against an alternative isoform
FANCD2	NM_033084.5	c.4356A>C	Benign synonymous, SpliceAI<=0.1, PhastCons<1.0	3	10140574	A	C	0.0	-0.17	0.150			5.667	LB		flagged:intergenic	VariantValidator: variant is non-coding on the BED's RefSeq NM_; c. notation belongs to a different transcript -- drop or re-resolve against an alternative isoform
FANCD2	NM_033084.5	c.4356A>T	Benign synonymous, SpliceAI<=0.1, PhastCons<1.0	3	10140574	A	T	0.0	-0.17	0.150			6.006	LB		flagged:intergenic	VariantValidator: variant is non-coding on the BED's RefSeq NM_; c. notation belongs to a different transcript -- drop or re-resolve against an alternative isoform
FANCD2	NM_033084.5	c.4360T>A	Benign synonymous, SpliceAI<=0.1, PhastCons<1.0	3	10140578	T	A	0.004	1.032	0.072			9.035	LB		flagged:intergenic	VariantValidator: variant is non-coding on the BED's RefSeq NM_; c. notation belongs to a different transcript -- drop or re-resolve against an alternative isoform
FANCD2	NM_033084.5	c.4360T>G	Benign synonymous, SpliceAI<=0.1, PhastCons<1.0	3	10140578	T	G	0.004	1.032	0.064			9.13	LB		flagged:intergenic	VariantValidator: variant is non-coding on the BED's RefSeq NM_; c. notation belongs to a different transcript -- drop or re-resolve against an alternative isoform
FANCD2	NM_033084.5	c.4362G>C	Benign synonymous, SpliceAI<=0.1, PhastCons<1.0	3	10140580	G	C	0.0	-0.513	0.123			3.74	LB		flagged:intergenic	VariantValidator: variant is non-coding on the BED's RefSeq NM_; c. notation belongs to a different transcript -- drop or re-resolve against an alternative isoform
FANCD2	NM_033084.5	c.4362G>T	Benign synonymous, SpliceAI<=0.1, PhastCons<1.0	3	10140580	G	T	0.0	-0.513	0.123			3.653	LB		flagged:intergenic	VariantValidator: variant is non-coding on the BED's RefSeq NM_; c. notation belongs to a different transcript -- drop or re-resolve against an alternative isoform
FANCD2	NM_033084.5	c.4371T>A	Benign synonymous, SpliceAI<=0.1, PhastCons<1.0	3	10140589	T	A	0.001	-0.21				3.015			flagged:intergenic	VariantValidator: variant is non-coding on the BED's RefSeq NM_; c. notation belongs to a different transcript -- drop or re-resolve against an alternative isoform
FANCD2	NM_033084.5	c.4371T>G	Benign synonymous, SpliceAI<=0.1, PhastCons<1.0	3	10140589	T	G	0.001	-0.21				3.357			flagged:intergenic	VariantValidator: variant is non-coding on the BED's RefSeq NM_; c. notation belongs to a different transcript -- drop or re-resolve against an alternative isoform
FANCD2	NM_033084.5	c.4377T>A	Benign synonymous, SpliceAI<=0.1, PhastCons<1.0	3	10140595	T	A	0.0	0.035				9.073			flagged:intergenic	VariantValidator: variant is non-coding on the BED's RefSeq NM_; c. notation belongs to a different transcript -- drop or re-resolve against an alternative isoform
FANCD2	NM_033084.5	c.4377T>G	Benign synonymous, SpliceAI<=0.1, PhastCons<1.0	3	10140595	T	G	0.0	0.035				8.718			flagged:intergenic	VariantValidator: variant is non-coding on the BED's RefSeq NM_; c. notation belongs to a different transcript -- drop or re-resolve against an alternative isoform
FANCD2	NM_033084.5	c.4380T>A	Benign synonymous, SpliceAI<=0.1, PhastCons<1.0	3	10140598	T	A	0.0	0.024				10.13			flagged:intergenic	VariantValidator: variant is non-coding on the BED's RefSeq NM_; c. notation belongs to a different transcript -- drop or re-resolve against an alternative isoform
FANCD2	NM_033084.5	c.4380T>G	Benign synonymous, SpliceAI<=0.1, PhastCons<1.0	3	10140598	T	G	0.0	0.024	0.062			7.903	LB		flagged:intergenic	VariantValidator: variant is non-coding on the BED's RefSeq NM_; c. notation belongs to a different transcript -- drop or re-resolve against an alternative isoform
FANCD2	NM_033084.5	c.4383A>C	Benign synonymous, SpliceAI<=0.1, PhastCons<1.0	3	10140601	A	C	0.0	-0.853	0.020			0.305	LB		flagged:intergenic	VariantValidator: variant is non-coding on the BED's RefSeq NM_; c. notation belongs to a different transcript -- drop or re-resolve against an alternative isoform
FANCD2	NM_033084.5	c.4383A>T	Benign synonymous, SpliceAI<=0.1, PhastCons<1.0	3	10140601	A	T	0.0	-0.853	0.020			0.326	LB		flagged:intergenic	VariantValidator: variant is non-coding on the BED's RefSeq NM_; c. notation belongs to a different transcript -- drop or re-resolve against an alternative isoform
FANCD2	NM_033084.5	c.4390C>A	Benign synonymous, SpliceAI<=0.1, PhastCons<1.0	3	10140608	C	A	0.15	1.027	0.072			16.89	LB		flagged:intergenic	VariantValidator: variant is non-coding on the BED's RefSeq NM_; c. notation belongs to a different transcript -- drop or re-resolve against an alternative isoform
FANCD2	NM_033084.5	c.4390C>G	Benign synonymous, SpliceAI<=0.1, PhastCons<1.0	3	10140608	C	G	0.15	1.027	0.051			12.19	LB		flagged:intergenic	VariantValidator: variant is non-coding on the BED's RefSeq NM_; c. notation belongs to a different transcript -- drop or re-resolve against an alternative isoform
FANCD2	NM_033084.5	c.4395C>A	Benign synonymous, SpliceAI<=0.1, PhastCons<1.0	3	10140613	C	A	0.0	-1.355				5.622			flagged:intergenic	VariantValidator: variant is non-coding on the BED's RefSeq NM_; c. notation belongs to a different transcript -- drop or re-resolve against an alternative isoform
FANCD2	NM_033084.5	c.4395C>G	Benign synonymous, SpliceAI<=0.1, PhastCons<1.0	3	10140613	C	G	0.0	-1.355	0.081			3.832	LB		flagged:intergenic	VariantValidator: variant is non-coding on the BED's RefSeq NM_; c. notation belongs to a different transcript -- drop or re-resolve against an alternative isoform
FANCD2	NM_033084.5	c.4396C>A	Likely_benign FAF >0.1%, REVEL <0.29, SpliceAI<=0.1	3	10140614	C	A	0.0	0.183	0.031		0.00575759	10.1	LB	Benign/Likely_benign	flagged:intergenic	VariantValidator: variant is non-coding on the BED's RefSeq NM_; c. notation belongs to a different transcript -- drop or re-resolve against an alternative isoform
FANCD2	NM_033084.5	c.4401T>A	Benign synonymous, SpliceAI<=0.1, PhastCons<1.0	3	10140619	T	A	0.002	1.109	0.052			12.96	A		flagged:intergenic	VariantValidator: variant is non-coding on the BED's RefSeq NM_; c. notation belongs to a different transcript -- drop or re-resolve against an alternative isoform
FANCD2	NM_033084.5	c.4401T>G	Benign synonymous, SpliceAI<=0.1, PhastCons<1.0	3	10140619	T	G	0.002	1.109	0.052			13.11	A		flagged:intergenic	VariantValidator: variant is non-coding on the BED's RefSeq NM_; c. notation belongs to a different transcript -- drop or re-resolve against an alternative isoform
FANCD2	NM_033084.5	c.4407C>A	Benign synonymous, SpliceAI<=0.1, PhastCons<1.0	3	10140625	C	A	0.0	-0.11	0.069		2.80000e-07	8.872	LB		flagged:intergenic	VariantValidator: variant is non-coding on the BED's RefSeq NM_; c. notation belongs to a different transcript -- drop or re-resolve against an alternative isoform
FANCD2	NM_033084.5	c.4407C>G	Benign synonymous, SpliceAI<=0.1, PhastCons<1.0	3	10140625	C	G	0.0	-0.11	0.069			9.004	LB		flagged:intergenic	VariantValidator: variant is non-coding on the BED's RefSeq NM_; c. notation belongs to a different transcript -- drop or re-resolve against an alternative isoform
FANCD2	NM_033084.5	c.4415A>C	Benign synonymous, SpliceAI<=0.1, PhastCons<1.0	3	10140633	A	C	0.115	3.244				12.0			flagged:intergenic	VariantValidator: variant is non-coding on the BED's RefSeq NM_; c. notation belongs to a different transcript -- drop or re-resolve against an alternative isoform
FANCD2	NM_033084.5	c.4415A>T	Benign synonymous, SpliceAI<=0.1, PhastCons<1.0	3	10140633	A	T	0.115	3.244				15.28			flagged:intergenic	VariantValidator: variant is non-coding on the BED's RefSeq NM_; c. notation belongs to a different transcript -- drop or re-resolve against an alternative isoform
FANCD2	NM_033084.5	c.4416A>C	Benign synonymous, SpliceAI<=0.1, PhastCons<1.0	3	10140634	A	C	0.006	0.068				3.062			flagged:intergenic	VariantValidator: variant is non-coding on the BED's RefSeq NM_; c. notation belongs to a different transcript -- drop or re-resolve against an alternative isoform
FANCD2	NM_033084.5	c.4416A>T	Benign synonymous, SpliceAI<=0.1, PhastCons<1.0	3	10140634	A	T	0.006	0.068				2.936			flagged:intergenic	VariantValidator: variant is non-coding on the BED's RefSeq NM_; c. notation belongs to a different transcript -- drop or re-resolve against an alternative isoform
GATA2	NM_001145661.2	c.25A>T	Benign synonymous, SpliceAI<=0.1, PhastCons<1.0	3	128210848	T	A	0.994	2.408				17.04			flagged:intergenic	VariantValidator: variant is non-coding on the BED's RefSeq NM_; c. notation belongs to a different transcript -- drop or re-resolve against an alternative isoform
GATA2	NM_001145661.2	c.25A>G	Benign synonymous, SpliceAI<=0.1, PhastCons<1.0	3	128210848	T	C	0.994	2.408				17.02			flagged:intergenic	VariantValidator: variant is non-coding on the BED's RefSeq NM_; c. notation belongs to a different transcript -- drop or re-resolve against an alternative isoform
GATA2	NM_001145661.2	c.21A>T	Benign synonymous, SpliceAI<=0.1, PhastCons<1.0	3	128210852	T	A	0.266	0.964				14.21			flagged:intergenic	VariantValidator: variant is non-coding on the BED's RefSeq NM_; c. notation belongs to a different transcript -- drop or re-resolve against an alternative isoform
GATA2	NM_001145661.2	c.21A>C	Benign synonymous, SpliceAI<=0.1, PhastCons<1.0	3	128210852	T	G	0.266	0.964				14.33			flagged:intergenic	VariantValidator: variant is non-coding on the BED's RefSeq NM_; c. notation belongs to a different transcript -- drop or re-resolve against an alternative isoform
GATA2	NM_001145661.2	c.19A>T	Benign synonymous, SpliceAI<=0.1, PhastCons<1.0	3	128210854	T	A	0.115	0.245				13.27			flagged:intergenic	VariantValidator: variant is non-coding on the BED's RefSeq NM_; c. notation belongs to a different transcript -- drop or re-resolve against an alternative isoform
GATA2	NM_001145661.2	c.19A>G	Benign synonymous, SpliceAI<=0.1, PhastCons<1.0	3	128210854	T	C	0.115	0.245				13.5			flagged:intergenic	VariantValidator: variant is non-coding on the BED's RefSeq NM_; c. notation belongs to a different transcript -- drop or re-resolve against an alternative isoform
GATA2	NM_001145661.2	c.15T>G	Benign synonymous, SpliceAI<=0.1, PhastCons<1.0	3	128210858	A	C	0.001	0.657				13.22			flagged:intergenic	VariantValidator: variant is non-coding on the BED's RefSeq NM_; c. notation belongs to a different transcript -- drop or re-resolve against an alternative isoform
GATA2	NM_001145661.2	c.15T>A	Benign synonymous, SpliceAI<=0.1, PhastCons<1.0	3	128210858	A	T	0.001	0.657				13.14			flagged:intergenic	VariantValidator: variant is non-coding on the BED's RefSeq NM_; c. notation belongs to a different transcript -- drop or re-resolve against an alternative isoform
GATA2	NM_001145661.2	c.12G>T	Benign synonymous, SpliceAI<=0.1, PhastCons<1.0	3	128210861	C	A	0.0	0.238				13.38			flagged:intergenic	VariantValidator: variant is non-coding on the BED's RefSeq NM_; c. notation belongs to a different transcript -- drop or re-resolve against an alternative isoform
GATA2	NM_001145661.2	c.12G>C	Benign synonymous, SpliceAI<=0.1, PhastCons<1.0	3	128210861	C	G	0.0	0.238				13.36			flagged:intergenic	VariantValidator: variant is non-coding on the BED's RefSeq NM_; c. notation belongs to a different transcript -- drop or re-resolve against an alternative isoform
GATA2	NM_001145661.2	c.9G>T	Benign synonymous, SpliceAI<=0.1, PhastCons<1.0	3	128210864	C	A	0.0	-0.166				11.65			flagged:intergenic	VariantValidator: variant is non-coding on the BED's RefSeq NM_; c. notation belongs to a different transcript -- drop or re-resolve against an alternative isoform
GATA2	NM_001145661.2	c.9G>C	Benign synonymous, SpliceAI<=0.1, PhastCons<1.0	3	128210864	C	G	0.0	-0.166				11.54			flagged:intergenic	VariantValidator: variant is non-coding on the BED's RefSeq NM_; c. notation belongs to a different transcript -- drop or re-resolve against an alternative isoform
GATA2	NM_001145661.2	c.7A>T	Benign synonymous, SpliceAI<=0.1, PhastCons<1.0	3	128210866	T	A	0.0	0.23				13.06			flagged:intergenic	VariantValidator: variant is non-coding on the BED's RefSeq NM_; c. notation belongs to a different transcript -- drop or re-resolve against an alternative isoform
GATA2	NM_001145661.2	c.7A>G	Benign synonymous, SpliceAI<=0.1, PhastCons<1.0	3	128210866	T	C	0.0	0.23				13.54			flagged:intergenic	VariantValidator: variant is non-coding on the BED's RefSeq NM_; c. notation belongs to a different transcript -- drop or re-resolve against an alternative isoform
GATA2	NM_001145661.2	c.6C>G	Benign synonymous, SpliceAI<=0.1, PhastCons<1.0	3	128210867	G	C	0.0	-0.264				9.54			flagged:intergenic	VariantValidator: variant is non-coding on the BED's RefSeq NM_; c. notation belongs to a different transcript -- drop or re-resolve against an alternative isoform
GATA2	NM_001145661.2	c.6C>A	Benign synonymous, SpliceAI<=0.1, PhastCons<1.0	3	128210867	G	T	0.0	-0.264				9.444			flagged:intergenic	VariantValidator: variant is non-coding on the BED's RefSeq NM_; c. notation belongs to a different transcript -- drop or re-resolve against an alternative isoform
H3-3A	NM_002107.6	c.290+2T>A	Benign synonymous, SpliceAI<=0.1, PhastCons<1.0, PhyloP<0.1, intronic_ROI(+2)	1	226253520	T	A	0.0	-1.997				0.046			flagged:intergenic	VariantValidator: variant is non-coding on the BED's RefSeq NM_; c. notation belongs to a different transcript -- drop or re-resolve against an alternative isoform
H3-3A	NM_002107.6	c.290+2T>C	Benign synonymous, SpliceAI<=0.1, PhastCons<1.0, PhyloP<0.1, intronic_ROI(+2)	1	226253520	T	C	0.0	-1.997				0.053			flagged:intergenic	VariantValidator: variant is non-coding on the BED's RefSeq NM_; c. notation belongs to a different transcript -- drop or re-resolve against an alternative isoform
H3-3A	NM_002107.6	c.290+2T>G	Benign synonymous, SpliceAI<=0.1, PhastCons<1.0, PhyloP<0.1, intronic_ROI(+2)	1	226253520	T	G	0.0	-1.997				0.049			flagged:intergenic	VariantValidator: variant is non-coding on the BED's RefSeq NM_; c. notation belongs to a different transcript -- drop or re-resolve against an alternative isoform
H3-3A	NM_002107.6	c.294+2T>A	Benign synonymous, SpliceAI<=0.1, PhastCons<1.0, PhyloP<0.1, intronic_ROI(+2)	1	226253524	T	A	0.0	-0.284	.;.			6.139	.;.		flagged:intergenic	VariantValidator: variant is non-coding on the BED's RefSeq NM_; c. notation belongs to a different transcript -- drop or re-resolve against an alternative isoform
H3-3A	NM_002107.6	c.294+2T>C	Benign synonymous, SpliceAI<=0.1, PhastCons<1.0, PhyloP<0.1, intronic_ROI(+2)	1	226253524	T	C	0.0	-0.284	.;.			6.511	.;.		flagged:intergenic	VariantValidator: variant is non-coding on the BED's RefSeq NM_; c. notation belongs to a different transcript -- drop or re-resolve against an alternative isoform
H3-3A	NM_002107.6	c.294+2T>G	Benign synonymous, SpliceAI<=0.1, PhastCons<1.0, PhyloP<0.1, intronic_ROI(+2)	1	226253524	T	G	0.0	-0.284	.;.			6.21	.;.		flagged:intergenic	VariantValidator: variant is non-coding on the BED's RefSeq NM_; c. notation belongs to a different transcript -- drop or re-resolve against an alternative isoform
H3-3A	NM_002107.6	c.301A>G	Benign synonymous, SpliceAI<=0.1, PhastCons<1.0	1	226253529	A	G	0.058	0.449	0.019			2.734	LB		flagged:intergenic	VariantValidator: variant is non-coding on the BED's RefSeq NM_; c. notation belongs to a different transcript -- drop or re-resolve against an alternative isoform
H3-3A	NM_002107.6	c.301A>T	Benign synonymous, SpliceAI<=0.1, PhastCons<1.0	1	226253529	A	T	0.058	0.449				2.775			flagged:intergenic	VariantValidator: variant is non-coding on the BED's RefSeq NM_; c. notation belongs to a different transcript -- drop or re-resolve against an alternative isoform
H3-3A	NM_002107.6	c.303A>C	Benign synonymous, SpliceAI<=0.1, PhastCons<1.0	1	226253531	A	C	0.0	-0.342	0.020			5.807	A		flagged:intergenic	VariantValidator: variant is non-coding on the BED's RefSeq NM_; c. notation belongs to a different transcript -- drop or re-resolve against an alternative isoform
H3-3A	NM_002107.6	c.303A>T	Benign synonymous, SpliceAI<=0.1, PhastCons<1.0	1	226253531	A	T	0.0	-0.342	0.020			5.668	A		flagged:intergenic	VariantValidator: variant is non-coding on the BED's RefSeq NM_; c. notation belongs to a different transcript -- drop or re-resolve against an alternative isoform
H3-3A	NM_002107.6	c.307A>G	Benign synonymous, SpliceAI<=0.1, PhastCons<1.0	1	226253535	A	G	0.011	0.241	0.059		6.20800e-05	7.335	LB		flagged:intergenic	VariantValidator: variant is non-coding on the BED's RefSeq NM_; c. notation belongs to a different transcript -- drop or re-resolve against an alternative isoform
H3-3A	NM_002107.6	c.307A>T	Benign synonymous, SpliceAI<=0.1, PhastCons<1.0	1	226253535	A	T	0.011	0.241				6.929			flagged:intergenic	VariantValidator: variant is non-coding on the BED's RefSeq NM_; c. notation belongs to a different transcript -- drop or re-resolve against an alternative isoform
H3-3A	NM_002107.6	c.309A>C	Benign synonymous, SpliceAI<=0.1, PhastCons<1.0	1	226253537	A	C	0.004	0.145	0.033			8.804	A		flagged:intergenic	VariantValidator: variant is non-coding on the BED's RefSeq NM_; c. notation belongs to a different transcript -- drop or re-resolve against an alternative isoform
H3-3A	NM_002107.6	c.309A>T	Benign synonymous, SpliceAI<=0.1, PhastCons<1.0	1	226253537	A	T	0.004	0.145	0.049			8.703	A		flagged:intergenic	VariantValidator: variant is non-coding on the BED's RefSeq NM_; c. notation belongs to a different transcript -- drop or re-resolve against an alternative isoform
H3-3A	NM_002107.6	c.315T>A	Benign synonymous, SpliceAI<=0.1, PhastCons<1.0	1	226253543	T	A	0.0	-2.15				0.722			flagged:intergenic	VariantValidator: variant is non-coding on the BED's RefSeq NM_; c. notation belongs to a different transcript -- drop or re-resolve against an alternative isoform
H3-3A	NM_002107.6	c.315T>G	Benign synonymous, SpliceAI<=0.1, PhastCons<1.0	1	226253543	T	G	0.0	-2.15	0.045			0.72	A		flagged:intergenic	VariantValidator: variant is non-coding on the BED's RefSeq NM_; c. notation belongs to a different transcript -- drop or re-resolve against an alternative isoform
H3-3A	NM_002107.6	c.330C>A	Benign synonymous, SpliceAI<=0.1, PhastCons<1.0	1	226253558	C	A	0.0	-0.724				6.67			flagged:intergenic	VariantValidator: variant is non-coding on the BED's RefSeq NM_; c. notation belongs to a different transcript -- drop or re-resolve against an alternative isoform
H3-3A	NM_002107.6	c.330C>G	Benign synonymous, SpliceAI<=0.1, PhastCons<1.0	1	226253558	C	G	0.0	-0.724				6.429			flagged:intergenic	VariantValidator: variant is non-coding on the BED's RefSeq NM_; c. notation belongs to a different transcript -- drop or re-resolve against an alternative isoform
H3-3A	NM_002107.6	c.333A>C	Benign synonymous, SpliceAI<=0.1, PhastCons<1.0	1	226253561	A	C	0.0	0.163	0.035			11.8	A		flagged:intergenic	VariantValidator: variant is non-coding on the BED's RefSeq NM_; c. notation belongs to a different transcript -- drop or re-resolve against an alternative isoform
H3-3A	NM_002107.6	c.333A>T	Benign synonymous, SpliceAI<=0.1, PhastCons<1.0	1	226253561	A	T	0.0	0.163	0.056			11.8	A		flagged:intergenic	VariantValidator: variant is non-coding on the BED's RefSeq NM_; c. notation belongs to a different transcript -- drop or re-resolve against an alternative isoform
H3-3A	NM_002107.6	c.336A>C	Benign synonymous, SpliceAI<=0.1, PhastCons<1.0	1	226253564	A	C	0.0	0.043	0.015			12.9	LB		flagged:intergenic	VariantValidator: variant is non-coding on the BED's RefSeq NM_; c. notation belongs to a different transcript -- drop or re-resolve against an alternative isoform
H3-3A	NM_002107.6	c.336A>T	Benign synonymous, SpliceAI<=0.1, PhastCons<1.0	1	226253564	A	T	0.0	0.043	0.015			12.84	LB		flagged:intergenic	VariantValidator: variant is non-coding on the BED's RefSeq NM_; c. notation belongs to a different transcript -- drop or re-resolve against an alternative isoform
H3-3A	NM_002107.6	c.339G>C	Benign synonymous, SpliceAI<=0.1, PhastCons<1.0	1	226253567	G	C	0.0	-2.751	0.017			0.08	LB		flagged:intergenic	VariantValidator: variant is non-coding on the BED's RefSeq NM_; c. notation belongs to a different transcript -- drop or re-resolve against an alternative isoform
H3-3A	NM_002107.6	c.339G>T	Benign synonymous, SpliceAI<=0.1, PhastCons<1.0	1	226253567	G	T	0.0	-2.751	0.017			0.078	LB		flagged:intergenic	VariantValidator: variant is non-coding on the BED's RefSeq NM_; c. notation belongs to a different transcript -- drop or re-resolve against an alternative isoform
H3-3A	NM_002107.6	c.342C>A	Benign synonymous, SpliceAI<=0.1, PhastCons<1.0	1	226253570	C	A	0.0	-1.021	0.073			3.793	LP		flagged:intergenic	VariantValidator: variant is non-coding on the BED's RefSeq NM_; c. notation belongs to a different transcript -- drop or re-resolve against an alternative isoform
H3-3A	NM_002107.6	c.342C>G	Benign synonymous, SpliceAI<=0.1, PhastCons<1.0	1	226253570	C	G	0.0	-1.021	0.056			4.293	LP		flagged:intergenic	VariantValidator: variant is non-coding on the BED's RefSeq NM_; c. notation belongs to a different transcript -- drop or re-resolve against an alternative isoform
H3-3A	NM_002107.6	c.345A>C	Benign synonymous, SpliceAI<=0.1, PhastCons<1.0	1	226253573	A	C	0.0	0.221	0.015			5.652	LB		flagged:intergenic	VariantValidator: variant is non-coding on the BED's RefSeq NM_; c. notation belongs to a different transcript -- drop or re-resolve against an alternative isoform
H3-3A	NM_002107.6	c.345A>T	Benign synonymous, SpliceAI<=0.1, PhastCons<1.0	1	226253573	A	T	0.0	0.221	0.014			5.357	LB		flagged:intergenic	VariantValidator: variant is non-coding on the BED's RefSeq NM_; c. notation belongs to a different transcript -- drop or re-resolve against an alternative isoform
H3-3A	NM_002107.6	c.357T>A	Benign synonymous, SpliceAI<=0.1, PhastCons<1.0	1	226253585	T	A	0.001	1.098				6.403			flagged:intergenic	VariantValidator: variant is non-coding on the BED's RefSeq NM_; c. notation belongs to a different transcript -- drop or re-resolve against an alternative isoform
H3-3A	NM_002107.6	c.357T>G	Benign synonymous, SpliceAI<=0.1, PhastCons<1.0	1	226253585	T	G	0.001	1.098	0.057			6.456	A		flagged:intergenic	VariantValidator: variant is non-coding on the BED's RefSeq NM_; c. notation belongs to a different transcript -- drop or re-resolve against an alternative isoform
H3-3A	NM_002107.6	c.363T>A	Benign synonymous, SpliceAI<=0.1, PhastCons<1.0	1	226253591	T	A	0.0	-0.44				0.172			flagged:intergenic	VariantValidator: variant is non-coding on the BED's RefSeq NM_; c. notation belongs to a different transcript -- drop or re-resolve against an alternative isoform
H3-3A	NM_002107.6	c.363T>G	Benign synonymous, SpliceAI<=0.1, PhastCons<1.0	1	226253591	T	G	0.0	-0.44				0.187			flagged:intergenic	VariantValidator: variant is non-coding on the BED's RefSeq NM_; c. notation belongs to a different transcript -- drop or re-resolve against an alternative isoform
H3-3A	NM_002107.6	c.371A>C	Benign synonymous, SpliceAI<=0.1, PhastCons<1.0	1	226253599	A	C	0.0	-2.249				1.009			flagged:intergenic	VariantValidator: variant is non-coding on the BED's RefSeq NM_; c. notation belongs to a different transcript -- drop or re-resolve against an alternative isoform
H3-3A	NM_002107.6	c.371A>T	Benign synonymous, SpliceAI<=0.1, PhastCons<1.0	1	226253599	A	T	0.0	-2.249				0.819			flagged:intergenic	VariantValidator: variant is non-coding on the BED's RefSeq NM_; c. notation belongs to a different transcript -- drop or re-resolve against an alternative isoform
H3-3A	NM_002107.6	c.372A>C	Benign synonymous, SpliceAI<=0.1, PhastCons<1.0	1	226253600	A	C	0.0	-1.809				0.587			flagged:intergenic	VariantValidator: variant is non-coding on the BED's RefSeq NM_; c. notation belongs to a different transcript -- drop or re-resolve against an alternative isoform
H3-3A	NM_002107.6	c.372A>T	Benign synonymous, SpliceAI<=0.1, PhastCons<1.0	1	226253600	A	T	0.0	-1.809				0.511			flagged:intergenic	VariantValidator: variant is non-coding on the BED's RefSeq NM_; c. notation belongs to a different transcript -- drop or re-resolve against an alternative isoform
KIF1B	NM_001365951.2	c.430-2A>C	Benign synonymous, SpliceAI<=0.1, PhastCons<1.0, PhyloP<0.1, intronic_ROI(-2)	1	10323064	A	C	0.001	-0.059				8.234			flagged:intergenic	VariantValidator: variant is non-coding on the BED's RefSeq NM_; c. notation belongs to a different transcript -- drop or re-resolve against an alternative isoform
KIF1B	NM_001365951.2	c.430-2A>G	Benign synonymous, SpliceAI<=0.1, PhastCons<1.0, PhyloP<0.1, intronic_ROI(-2)	1	10323064	A	G	0.001	-0.059				15.75			flagged:intergenic	VariantValidator: variant is non-coding on the BED's RefSeq NM_; c. notation belongs to a different transcript -- drop or re-resolve against an alternative isoform
KIF1B	NM_001365951.2	c.430-2A>T	Benign synonymous, SpliceAI<=0.1, PhastCons<1.0, PhyloP<0.1, intronic_ROI(-2)	1	10323064	A	T	0.001	-0.059				9.78			flagged:intergenic	VariantValidator: variant is non-coding on the BED's RefSeq NM_; c. notation belongs to a different transcript -- drop or re-resolve against an alternative isoform
KIF1B	NM_001365951.2	c.432G>C	Benign synonymous, SpliceAI<=0.1, PhastCons<1.0	1	10323068	G	C	0.0	0.084				5.512			flagged:intergenic	VariantValidator: variant is non-coding on the BED's RefSeq NM_; c. notation belongs to a different transcript -- drop or re-resolve against an alternative isoform
KIF1B	NM_001365951.2	c.432G>T	Benign synonymous, SpliceAI<=0.1, PhastCons<1.0	1	10323068	G	T	0.0	0.084				4.212			flagged:intergenic	VariantValidator: variant is non-coding on the BED's RefSeq NM_; c. notation belongs to a different transcript -- drop or re-resolve against an alternative isoform
KIF1B	NM_001365951.2	c.433C>A	Benign synonymous, SpliceAI<=0.1, PhastCons<1.0	1	10323069	C	A	0.0	-0.432				1.221			flagged:intergenic	VariantValidator: variant is non-coding on the BED's RefSeq NM_; c. notation belongs to a different transcript -- drop or re-resolve against an alternative isoform
KIF1B	NM_001365951.2	c.433C>G	Benign synonymous, SpliceAI<=0.1, PhastCons<1.0	1	10323069	C	G	0.0	-0.432				1.238			flagged:intergenic	VariantValidator: variant is non-coding on the BED's RefSeq NM_; c. notation belongs to a different transcript -- drop or re-resolve against an alternative isoform
KIF1B	NM_001365951.2	c.438T>A	Benign synonymous, SpliceAI<=0.1, PhastCons<1.0	1	10323074	T	A	0.014	1.176				4.455			flagged:intergenic	VariantValidator: variant is non-coding on the BED's RefSeq NM_; c. notation belongs to a different transcript -- drop or re-resolve against an alternative isoform
KIF1B	NM_001365951.2	c.438T>G	Benign synonymous, SpliceAI<=0.1, PhastCons<1.0	1	10323074	T	G	0.014	1.176				4.644			flagged:intergenic	VariantValidator: variant is non-coding on the BED's RefSeq NM_; c. notation belongs to a different transcript -- drop or re-resolve against an alternative isoform
KIF1B	NM_001365951.2	c.450C>A	Benign synonymous, SpliceAI<=0.1, PhastCons<1.0	1	10323086	C	A	0.001	-0.806				0.332			flagged:intergenic	VariantValidator: variant is non-coding on the BED's RefSeq NM_; c. notation belongs to a different transcript -- drop or re-resolve against an alternative isoform
KIF1B	NM_001365951.2	c.450C>G	Benign synonymous, SpliceAI<=0.1, PhastCons<1.0	1	10323086	C	G	0.001	-0.806				0.375			flagged:intergenic	VariantValidator: variant is non-coding on the BED's RefSeq NM_; c. notation belongs to a different transcript -- drop or re-resolve against an alternative isoform
KIF1B	NM_001365951.2	c.451C>A	Benign synonymous, SpliceAI<=0.1, PhastCons<1.0	1	10323087	C	A	0.0	-0.147				1.737			flagged:intergenic	VariantValidator: variant is non-coding on the BED's RefSeq NM_; c. notation belongs to a different transcript -- drop or re-resolve against an alternative isoform
KIF1B	NM_001365951.2	c.451C>G	Benign synonymous, SpliceAI<=0.1, PhastCons<1.0	1	10323087	C	G	0.0	-0.147				2.39			flagged:intergenic	VariantValidator: variant is non-coding on the BED's RefSeq NM_; c. notation belongs to a different transcript -- drop or re-resolve against an alternative isoform
KIF1B	NM_001365951.2	c.455A>C	Benign synonymous, SpliceAI<=0.1, PhastCons<1.0	1	10323091	A	C	0.001	-0.29				2.571			flagged:intergenic	VariantValidator: variant is non-coding on the BED's RefSeq NM_; c. notation belongs to a different transcript -- drop or re-resolve against an alternative isoform
KIF1B	NM_001365951.2	c.455A>T	Benign synonymous, SpliceAI<=0.1, PhastCons<1.0	1	10323091	A	T	0.001	-0.29				1.026			flagged:intergenic	VariantValidator: variant is non-coding on the BED's RefSeq NM_; c. notation belongs to a different transcript -- drop or re-resolve against an alternative isoform
KIF1B	NM_001365951.2	c.456A>C	Benign synonymous, SpliceAI<=0.1, PhastCons<1.0	1	10323092	A	C	0.001	-0.432				3.609			flagged:intergenic	VariantValidator: variant is non-coding on the BED's RefSeq NM_; c. notation belongs to a different transcript -- drop or re-resolve against an alternative isoform
KIF1B	NM_001365951.2	c.456A>T	Benign synonymous, SpliceAI<=0.1, PhastCons<1.0	1	10323092	A	T	0.001	-0.432				2.187			flagged:intergenic	VariantValidator: variant is non-coding on the BED's RefSeq NM_; c. notation belongs to a different transcript -- drop or re-resolve against an alternative isoform
KIF1B	NM_001365951.2	c.1458C>A	Benign synonymous, SpliceAI<=0.1, PhastCons<1.0	1	10352529	C	A	0.999	0.683				13.23			flagged:intergenic	VariantValidator: variant is non-coding on the BED's RefSeq NM_; c. notation belongs to a different transcript -- drop or re-resolve against an alternative isoform
KIF1B	NM_001365951.2	c.1458C>G	Benign synonymous, SpliceAI<=0.1, PhastCons<1.0	1	10352529	C	G	0.999	0.683				13.35			flagged:intergenic	VariantValidator: variant is non-coding on the BED's RefSeq NM_; c. notation belongs to a different transcript -- drop or re-resolve against an alternative isoform
KIF1B	NM_001365951.2	c.1467G>C	Benign synonymous, SpliceAI<=0.1, PhastCons<1.0	1	10352538	G	C	0.997	1.113				12.48			flagged:intergenic	VariantValidator: variant is non-coding on the BED's RefSeq NM_; c. notation belongs to a different transcript -- drop or re-resolve against an alternative isoform
KIF1B	NM_001365951.2	c.1467G>T	Benign synonymous, SpliceAI<=0.1, PhastCons<1.0	1	10352538	G	T	0.997	1.113				12.47			flagged:intergenic	VariantValidator: variant is non-coding on the BED's RefSeq NM_; c. notation belongs to a different transcript -- drop or re-resolve against an alternative isoform
KIF1B	NM_001365951.2	c.1477C>A	Benign synonymous, SpliceAI<=0.1, PhastCons<1.0	1	10352548	C	A	0.391	0.544				16.25			flagged:intergenic	VariantValidator: variant is non-coding on the BED's RefSeq NM_; c. notation belongs to a different transcript -- drop or re-resolve against an alternative isoform
KIF1B	NM_001365951.2	c.1477C>G	Benign synonymous, SpliceAI<=0.1, PhastCons<1.0	1	10352548	C	G	0.391	0.544				19.6			flagged:intergenic	VariantValidator: variant is non-coding on the BED's RefSeq NM_; c. notation belongs to a different transcript -- drop or re-resolve against an alternative isoform
KIF1B	NM_001365951.2	c.1488C>A	Benign synonymous, SpliceAI<=0.1, PhastCons<1.0	1	10352559	C	A	0.404	-0.438				12.38			flagged:intergenic	VariantValidator: variant is non-coding on the BED's RefSeq NM_; c. notation belongs to a different transcript -- drop or re-resolve against an alternative isoform
KIF1B	NM_001365951.2	c.1488C>G	Benign synonymous, SpliceAI<=0.1, PhastCons<1.0	1	10352559	C	G	0.404	-0.438				12.17			flagged:intergenic	VariantValidator: variant is non-coding on the BED's RefSeq NM_; c. notation belongs to a different transcript -- drop or re-resolve against an alternative isoform
KIF1B	NM_001365951.2	c.1491T>A	Benign synonymous, SpliceAI<=0.1, PhastCons<1.0	1	10352562	T	A	0.986	1.816				17.74			flagged:intergenic	VariantValidator: variant is non-coding on the BED's RefSeq NM_; c. notation belongs to a different transcript -- drop or re-resolve against an alternative isoform
KIF1B	NM_001365951.2	c.1491T>G	Benign synonymous, SpliceAI<=0.1, PhastCons<1.0	1	10352562	T	G	0.986	1.816				21.3			flagged:intergenic	VariantValidator: variant is non-coding on the BED's RefSeq NM_; c. notation belongs to a different transcript -- drop or re-resolve against an alternative isoform
KIF1B	NM_001365951.2	c.1492T>A	Benign synonymous, SpliceAI<=0.1, PhastCons<1.0	1	10352563	T	A	0.993	0.601				16.84			flagged:intergenic	VariantValidator: variant is non-coding on the BED's RefSeq NM_; c. notation belongs to a different transcript -- drop or re-resolve against an alternative isoform
KIF1B	NM_001365951.2	c.1492T>G	Benign synonymous, SpliceAI<=0.1, PhastCons<1.0	1	10352563	T	G	0.993	0.601				21.5			flagged:intergenic	VariantValidator: variant is non-coding on the BED's RefSeq NM_; c. notation belongs to a different transcript -- drop or re-resolve against an alternative isoform
KIF1B	NM_001365951.2	c.1515+1G>T	Benign FAF >5%	1	10354271	G	T	1.0	5.944			0.313100	18.27			flagged:intergenic	VariantValidator: variant is non-coding on the BED's RefSeq NM_; c. notation belongs to a different transcript -- drop or re-resolve against an alternative isoform
KIF1B	NM_001365951.2	c.3338A>G	Benign FAF >5%	1	10397567	A	G	1.0	9.325	.;.;.;.;.;.;.;.;0.623;.;.;.;0.623;0.623;.;.		0.0802908	26.7	.;.;.;.;.;.;.;.;LP;.;.;.;P;LP;LP;LP	Benign	flagged:intergenic	VariantValidator: variant is non-coding on the BED's RefSeq NM_; c. notation belongs to a different transcript -- drop or re-resolve against an alternative isoform
KIF1B	NM_001365951.2	c.3586G>T	Benign FAF >5%	1	10404183	G	T	0.618	0.037			0.127580	4.519			flagged:intergenic	VariantValidator: variant is non-coding on the BED's RefSeq NM_; c. notation belongs to a different transcript -- drop or re-resolve against an alternative isoform
KIF1B	NM_001365951.2	c.3613T>A	Benign synonymous, SpliceAI<=0.1, PhastCons<1.0	1	10404210	T	A	0.995	0.416				14.33			flagged:intergenic	VariantValidator: variant is non-coding on the BED's RefSeq NM_; c. notation belongs to a different transcript -- drop or re-resolve against an alternative isoform
KIF1B	NM_001365951.2	c.3613T>G	Benign synonymous, SpliceAI<=0.1, PhastCons<1.0	1	10404210	T	G	0.995	0.416				14.4			flagged:intergenic	VariantValidator: variant is non-coding on the BED's RefSeq NM_; c. notation belongs to a different transcript -- drop or re-resolve against an alternative isoform
KIF1B	NM_001365951.2	c.3624T>A	Benign synonymous, SpliceAI<=0.1, PhastCons<1.0	1	10404221	T	A	0.995	0.263				19.22			flagged:intergenic	VariantValidator: variant is non-coding on the BED's RefSeq NM_; c. notation belongs to a different transcript -- drop or re-resolve against an alternative isoform
KIF1B	NM_001365951.2	c.3624T>G	Benign synonymous, SpliceAI<=0.1, PhastCons<1.0	1	10404221	T	G	0.995	0.263				19.27			flagged:intergenic	VariantValidator: variant is non-coding on the BED's RefSeq NM_; c. notation belongs to a different transcript -- drop or re-resolve against an alternative isoform
KIF1B	NM_001365951.2	c.3633C>A	Benign synonymous, SpliceAI<=0.1, PhastCons<1.0	1	10404230	C	A	0.471	-0.191				11.76			flagged:intergenic	VariantValidator: variant is non-coding on the BED's RefSeq NM_; c. notation belongs to a different transcript -- drop or re-resolve against an alternative isoform
KIF1B	NM_001365951.2	c.3633C>G	Benign synonymous, SpliceAI<=0.1, PhastCons<1.0	1	10404230	C	G	0.471	-0.191				12.69			flagged:intergenic	VariantValidator: variant is non-coding on the BED's RefSeq NM_; c. notation belongs to a different transcript -- drop or re-resolve against an alternative isoform
KIF1B	NM_001365951.2	c.3634G>A	Benign FAF >5%	1	10404231	G	A	1.0	9.687			0.115666	19.59			flagged:intergenic	VariantValidator: variant is non-coding on the BED's RefSeq NM_; c. notation belongs to a different transcript -- drop or re-resolve against an alternative isoform
KIF1B	NM_001365951.2	c.3639T>A	Benign synonymous, SpliceAI<=0.1, PhastCons<1.0	1	10404236	T	A	0.0	-0.29				0.901			flagged:intergenic	VariantValidator: variant is non-coding on the BED's RefSeq NM_; c. notation belongs to a different transcript -- drop or re-resolve against an alternative isoform
KIF1B	NM_001365951.2	c.3639T>G	Benign synonymous, SpliceAI<=0.1, PhastCons<1.0	1	10404236	T	G	0.0	-0.29				1.184			flagged:intergenic	VariantValidator: variant is non-coding on the BED's RefSeq NM_; c. notation belongs to a different transcript -- drop or re-resolve against an alternative isoform
KIF1B	NM_001365951.2	c.3675T>A	Benign synonymous, SpliceAI<=0.1, PhastCons<1.0	1	10404272	T	A	0.961	0.063				14.87			flagged:intergenic	VariantValidator: variant is non-coding on the BED's RefSeq NM_; c. notation belongs to a different transcript -- drop or re-resolve against an alternative isoform
KIF1B	NM_001365951.2	c.3675T>G	Benign synonymous, SpliceAI<=0.1, PhastCons<1.0	1	10404272	T	G	0.961	0.063				14.9			flagged:intergenic	VariantValidator: variant is non-coding on the BED's RefSeq NM_; c. notation belongs to a different transcript -- drop or re-resolve against an alternative isoform
KIF1B	NM_001365951.2	c.3684C>A	Benign synonymous, SpliceAI<=0.1, PhastCons<1.0	1	10404281	C	A	0.977	0.241				14.14			flagged:intergenic	VariantValidator: variant is non-coding on the BED's RefSeq NM_; c. notation belongs to a different transcript -- drop or re-resolve against an alternative isoform
KIF1B	NM_001365951.2	c.3684C>G	Benign synonymous, SpliceAI<=0.1, PhastCons<1.0	1	10404281	C	G	0.977	0.241				14.24			flagged:intergenic	VariantValidator: variant is non-coding on the BED's RefSeq NM_; c. notation belongs to a different transcript -- drop or re-resolve against an alternative isoform
KIF1B	NM_001365951.2	c.3688T>A	Benign synonymous, SpliceAI<=0.1, PhastCons<1.0	1	10404285	T	A	0.994	0.393				11.62			flagged:intergenic	VariantValidator: variant is non-coding on the BED's RefSeq NM_; c. notation belongs to a different transcript -- drop or re-resolve against an alternative isoform
KIF1B	NM_001365951.2	c.3688T>G	Benign synonymous, SpliceAI<=0.1, PhastCons<1.0	1	10404285	T	G	0.994	0.393				12.1			flagged:intergenic	VariantValidator: variant is non-coding on the BED's RefSeq NM_; c. notation belongs to a different transcript -- drop or re-resolve against an alternative isoform
KIF1B	NM_001365951.2	c.3726G>C	Benign synonymous, SpliceAI<=0.1, PhastCons<1.0	1	10404323	G	C	0.988	1.183				19.8			flagged:intergenic	VariantValidator: variant is non-coding on the BED's RefSeq NM_; c. notation belongs to a different transcript -- drop or re-resolve against an alternative isoform
KIF1B	NM_001365951.2	c.3726G>T	Benign synonymous, SpliceAI<=0.1, PhastCons<1.0	1	10404323	G	T	0.988	1.183				19.82			flagged:intergenic	VariantValidator: variant is non-coding on the BED's RefSeq NM_; c. notation belongs to a different transcript -- drop or re-resolve against an alternative isoform
KIF1B	NM_001365951.2	c.3729C>A	Benign synonymous, SpliceAI<=0.1, PhastCons<1.0	1	10404326	C	A	0.242	-0.317				8.726			flagged:intergenic	VariantValidator: variant is non-coding on the BED's RefSeq NM_; c. notation belongs to a different transcript -- drop or re-resolve against an alternative isoform
KIF1B	NM_001365951.2	c.3729C>G	Benign synonymous, SpliceAI<=0.1, PhastCons<1.0	1	10404326	C	G	0.242	-0.317				9.017			flagged:intergenic	VariantValidator: variant is non-coding on the BED's RefSeq NM_; c. notation belongs to a different transcript -- drop or re-resolve against an alternative isoform
KIF1B	NM_001365951.2	c.3745C>G	Benign FAF >5%	1	10404342	C	G	1.0	2.874			0.0874300	17.91			flagged:intergenic	VariantValidator: variant is non-coding on the BED's RefSeq NM_; c. notation belongs to a different transcript -- drop or re-resolve against an alternative isoform
KIF1B	NM_001365951.2	c.5409-2A>C	Benign synonymous, SpliceAI<=0.1, PhastCons<1.0, PhyloP<0.1, intronic_ROI(-2)	1	10438395	A	C	0.0	-0.045	.;.;.			9.817	.;.;.		flagged:intergenic	VariantValidator: variant is non-coding on the BED's RefSeq NM_; c. notation belongs to a different transcript -- drop or re-resolve against an alternative isoform
KIF1B	NM_001365951.2	c.5409-2A>G	Benign synonymous, SpliceAI<=0.1, PhastCons<1.0, PhyloP<0.1, intronic_ROI(-2)	1	10438395	A	G	0.0	-0.045	.;.;.			10.5	.;.;.		flagged:intergenic	VariantValidator: variant is non-coding on the BED's RefSeq NM_; c. notation belongs to a different transcript -- drop or re-resolve against an alternative isoform
KIF1B	NM_001365951.2	c.5409-2A>T	Benign synonymous, SpliceAI<=0.1, PhastCons<1.0, PhyloP<0.1, intronic_ROI(-2)	1	10438395	A	T	0.0	-0.045	.;.;.			11.52	.;.;.		flagged:intergenic	VariantValidator: variant is non-coding on the BED's RefSeq NM_; c. notation belongs to a different transcript -- drop or re-resolve against an alternative isoform
MAX	NM_002382.5	c.252A>T	Benign synonymous, SpliceAI<=0.1, PhastCons<1.0	14	65472922	T	A	0.001	-0.15				1.994			flagged:intergenic	VariantValidator: variant is non-coding on the BED's RefSeq NM_; c. notation belongs to a different transcript -- drop or re-resolve against an alternative isoform
MAX	NM_002382.5	c.252A>C	Benign synonymous, SpliceAI<=0.1, PhastCons<1.0	14	65472922	T	G	0.001	-0.15				2.051			flagged:intergenic	VariantValidator: variant is non-coding on the BED's RefSeq NM_; c. notation belongs to a different transcript -- drop or re-resolve against an alternative isoform
MAX	NM_002382.5	c.251A>T	Benign synonymous, SpliceAI<=0.1, PhastCons<1.0	14	65472923	T	A	0.001	0.039				3.983			flagged:intergenic	VariantValidator: variant is non-coding on the BED's RefSeq NM_; c. notation belongs to a different transcript -- drop or re-resolve against an alternative isoform
MAX	NM_002382.5	c.251A>C	Benign synonymous, SpliceAI<=0.1, PhastCons<1.0	14	65472923	T	G	0.001	0.039				1.316			flagged:intergenic	VariantValidator: variant is non-coding on the BED's RefSeq NM_; c. notation belongs to a different transcript -- drop or re-resolve against an alternative isoform
MAX	NM_002382.5	c.246T>G	Benign synonymous, SpliceAI<=0.1, PhastCons<1.0	14	65472928	A	C	0.0	0.516	0.117			3.729	LB		flagged:intergenic	VariantValidator: variant is non-coding on the BED's RefSeq NM_; c. notation belongs to a different transcript -- drop or re-resolve against an alternative isoform
MAX	NM_002382.5	c.246T>A	Benign synonymous, SpliceAI<=0.1, PhastCons<1.0	14	65472928	A	T	0.0	0.516	0.121			2.424	LB		flagged:intergenic	VariantValidator: variant is non-coding on the BED's RefSeq NM_; c. notation belongs to a different transcript -- drop or re-resolve against an alternative isoform
MAX	NM_002382.5	c.243C>G	Benign synonymous, SpliceAI<=0.1, PhastCons<1.0	14	65472931	G	C	0.0	0.031	0.366			12.27	LB		flagged:intergenic	VariantValidator: variant is non-coding on the BED's RefSeq NM_; c. notation belongs to a different transcript -- drop or re-resolve against an alternative isoform
MAX	NM_002382.5	c.243C>A	Benign synonymous, SpliceAI<=0.1, PhastCons<1.0	14	65472931	G	T	0.0	0.031				27.1			flagged:intergenic	VariantValidator: variant is non-coding on the BED's RefSeq NM_; c. notation belongs to a different transcript -- drop or re-resolve against an alternative isoform
MAX	NM_002382.5	c.240C>G	Benign synonymous, SpliceAI<=0.1, PhastCons<1.0	14	65472934	G	C	0.01	0.628	0.161			2.049	A		flagged:intergenic	VariantValidator: variant is non-coding on the BED's RefSeq NM_; c. notation belongs to a different transcript -- drop or re-resolve against an alternative isoform
MAX	NM_002382.5	c.240C>A	Benign synonymous, SpliceAI<=0.1, PhastCons<1.0	14	65472934	G	T	0.01	0.628	0.161			2.281	A		flagged:intergenic	VariantValidator: variant is non-coding on the BED's RefSeq NM_; c. notation belongs to a different transcript -- drop or re-resolve against an alternative isoform
MAX	NM_002382.5	c.228T>G	Benign synonymous, SpliceAI<=0.1, PhastCons<1.0	14	65472946	A	C	0.412	0.638	0.175			5.231	LB		flagged:intergenic	VariantValidator: variant is non-coding on the BED's RefSeq NM_; c. notation belongs to a different transcript -- drop or re-resolve against an alternative isoform
MAX	NM_002382.5	c.228T>A	Benign synonymous, SpliceAI<=0.1, PhastCons<1.0	14	65472946	A	T	0.412	0.638	0.175			5.204	LB		flagged:intergenic	VariantValidator: variant is non-coding on the BED's RefSeq NM_; c. notation belongs to a different transcript -- drop or re-resolve against an alternative isoform
MAX	NM_002382.5	c.222G>T	Benign synonymous, SpliceAI<=0.1, PhastCons<1.0	14	65472952	C	A	0.0	-0.072	0.182			1.653	LB		flagged:intergenic	VariantValidator: variant is non-coding on the BED's RefSeq NM_; c. notation belongs to a different transcript -- drop or re-resolve against an alternative isoform
MAX	NM_002382.5	c.222G>C	Benign synonymous, SpliceAI<=0.1, PhastCons<1.0	14	65472952	C	G	0.0	-0.072	0.182			1.754	LB		flagged:intergenic	VariantValidator: variant is non-coding on the BED's RefSeq NM_; c. notation belongs to a different transcript -- drop or re-resolve against an alternative isoform
MAX	NM_002382.5	c.220T>G	Benign synonymous, SpliceAI<=0.1, PhastCons<1.0	14	65472954	A	C	0.0	-1.004	0.221		7.90000e-07	0.297	LB		flagged:intergenic	VariantValidator: variant is non-coding on the BED's RefSeq NM_; c. notation belongs to a different transcript -- drop or re-resolve against an alternative isoform
MAX	NM_002382.5	c.220T>A	Benign synonymous, SpliceAI<=0.1, PhastCons<1.0	14	65472954	A	T	0.0	-1.004	0.252			0.477	LB		flagged:intergenic	VariantValidator: variant is non-coding on the BED's RefSeq NM_; c. notation belongs to a different transcript -- drop or re-resolve against an alternative isoform
MAX	NM_002382.5	c.219C>G	Benign synonymous, SpliceAI<=0.1, PhastCons<1.0	14	65472955	G	C	0.0	-1.511	0.181			0.099	LB		flagged:intergenic	VariantValidator: variant is non-coding on the BED's RefSeq NM_; c. notation belongs to a different transcript -- drop or re-resolve against an alternative isoform
MAX	NM_002382.5	c.219C>A	Benign synonymous, SpliceAI<=0.1, PhastCons<1.0	14	65472955	G	T	0.0	-1.511	0.174			0.115	LB		flagged:intergenic	VariantValidator: variant is non-coding on the BED's RefSeq NM_; c. notation belongs to a different transcript -- drop or re-resolve against an alternative isoform
MAX	NM_002382.5	c.216A>T	Benign synonymous, SpliceAI<=0.1, PhastCons<1.0	14	65472958	T	A	0.0	-0.572	0.148			0.366	LB		flagged:intergenic	VariantValidator: variant is non-coding on the BED's RefSeq NM_; c. notation belongs to a different transcript -- drop or re-resolve against an alternative isoform
MAX	NM_002382.5	c.216A>C	Benign synonymous, SpliceAI<=0.1, PhastCons<1.0	14	65472958	T	G	0.0	-0.572	0.143			0.355	LB		flagged:intergenic	VariantValidator: variant is non-coding on the BED's RefSeq NM_; c. notation belongs to a different transcript -- drop or re-resolve against an alternative isoform
MAX	NM_002382.5	c.213T>G	Benign synonymous, SpliceAI<=0.1, PhastCons<1.0	14	65472961	A	C	0.0	-1.394			6.15000e-06	24.2		Conflicting_classifications_of_pathogenicity	flagged:intergenic	VariantValidator: variant is non-coding on the BED's RefSeq NM_; c. notation belongs to a different transcript -- drop or re-resolve against an alternative isoform
MAX	NM_002382.5	c.213T>A	Benign synonymous, SpliceAI<=0.1, PhastCons<1.0	14	65472961	A	T	0.0	-1.394			6.89000e-06	24.1			flagged:intergenic	VariantValidator: variant is non-coding on the BED's RefSeq NM_; c. notation belongs to a different transcript -- drop or re-resolve against an alternative isoform
MAX	NM_002382.5	c.207T>G	Benign synonymous, SpliceAI<=0.1, PhastCons<1.0	14	65472967	A	C	0.0	0.124	0.097			0.544	A		flagged:intergenic	VariantValidator: variant is non-coding on the BED's RefSeq NM_; c. notation belongs to a different transcript -- drop or re-resolve against an alternative isoform
MAX	NM_002382.5	c.207T>A	Benign synonymous, SpliceAI<=0.1, PhastCons<1.0	14	65472967	A	T	0.0	0.124	0.114			0.599	A		flagged:intergenic	VariantValidator: variant is non-coding on the BED's RefSeq NM_; c. notation belongs to a different transcript -- drop or re-resolve against an alternative isoform
MAX	NM_002382.5	c.189A>T	Benign synonymous, SpliceAI<=0.1, PhastCons<1.0	14	65472985	T	A	0.01	0.002	0.290			12.63	LB		flagged:intergenic	VariantValidator: variant is non-coding on the BED's RefSeq NM_; c. notation belongs to a different transcript -- drop or re-resolve against an alternative isoform
MAX	NM_002382.5	c.189A>C	Benign synonymous, SpliceAI<=0.1, PhastCons<1.0	14	65472985	T	G	0.01	0.002	0.290			12.67	LB		flagged:intergenic	VariantValidator: variant is non-coding on the BED's RefSeq NM_; c. notation belongs to a different transcript -- drop or re-resolve against an alternative isoform
MAX	NM_002382.5	c.187T>G	Benign synonymous, SpliceAI<=0.1, PhastCons<1.0	14	65472987	A	C	0.013	0.374	0.221			6.388	LB		flagged:intergenic	VariantValidator: variant is non-coding on the BED's RefSeq NM_; c. notation belongs to a different transcript -- drop or re-resolve against an alternative isoform
MAX	NM_002382.5	c.187T>A	Benign synonymous, SpliceAI<=0.1, PhastCons<1.0	14	65472987	A	T	0.013	0.374	0.194			1.068	LB		flagged:intergenic	VariantValidator: variant is non-coding on the BED's RefSeq NM_; c. notation belongs to a different transcript -- drop or re-resolve against an alternative isoform
MAX	NM_002382.5	c.186G>T	Benign synonymous, SpliceAI<=0.1, PhastCons<1.0	14	65472988	C	A	0.017	0.636	0.238			14.79	LB		flagged:intergenic	VariantValidator: variant is non-coding on the BED's RefSeq NM_; c. notation belongs to a different transcript -- drop or re-resolve against an alternative isoform
MAX	NM_002382.5	c.186G>C	Benign synonymous, SpliceAI<=0.1, PhastCons<1.0	14	65472988	C	G	0.017	0.636	0.238			14.73	LB		flagged:intergenic	VariantValidator: variant is non-coding on the BED's RefSeq NM_; c. notation belongs to a different transcript -- drop or re-resolve against an alternative isoform
MAX	NM_002382.5	c.180G>T	Benign synonymous, SpliceAI<=0.1, PhastCons<1.0	14	65472994	C	A	0.001	0.029	0.329			16.8	A		flagged:intergenic	VariantValidator: variant is non-coding on the BED's RefSeq NM_; c. notation belongs to a different transcript -- drop or re-resolve against an alternative isoform
MAX	NM_002382.5	c.180G>C	Benign synonymous, SpliceAI<=0.1, PhastCons<1.0	14	65472994	C	G	0.001	0.029	0.329			16.41	A		flagged:intergenic	VariantValidator: variant is non-coding on the BED's RefSeq NM_; c. notation belongs to a different transcript -- drop or re-resolve against an alternative isoform
MAX	NM_002382.5	c.172-1G>T	Benign synonymous, SpliceAI<=0.1, PhastCons<1.0, PhyloP<0.1, intronic_ROI(-1)	14	65473003	C	A	0.23	-0.023				16.79			flagged:intergenic	VariantValidator: variant is non-coding on the BED's RefSeq NM_; c. notation belongs to a different transcript -- drop or re-resolve against an alternative isoform
MAX	NM_002382.5	c.172-1G>C	Benign synonymous, SpliceAI<=0.1, PhastCons<1.0, PhyloP<0.1, intronic_ROI(-1)	14	65473003	C	G	0.23	-0.023				15.9			flagged:intergenic	VariantValidator: variant is non-coding on the BED's RefSeq NM_; c. notation belongs to a different transcript -- drop or re-resolve against an alternative isoform
MAX	NM_002382.5	c.172-1G>A	Benign synonymous, SpliceAI<=0.1, PhastCons<1.0, PhyloP<0.1, intronic_ROI(-1)	14	65473003	C	T	0.23	-0.023			2.80000e-07	17.05			flagged:intergenic	VariantValidator: variant is non-coding on the BED's RefSeq NM_; c. notation belongs to a different transcript -- drop or re-resolve against an alternative isoform
MITF	NM_000248.3	c.9C>A	Benign synonymous, SpliceAI<=0.1, PhastCons<1.0	3	69813001	C	A	0.006	0.189			4.12000e-06	11.87			flagged:intergenic	VariantValidator: variant is non-coding on the BED's RefSeq NM_; c. notation belongs to a different transcript -- drop or re-resolve against an alternative isoform
MITF	NM_000248.3	c.9C>G	Benign synonymous, SpliceAI<=0.1, PhastCons<1.0	3	69813001	C	G	0.006	0.189				12.16			flagged:intergenic	VariantValidator: variant is non-coding on the BED's RefSeq NM_; c. notation belongs to a different transcript -- drop or re-resolve against an alternative isoform
MITF	NM_000248.3	c.15A>C	Benign synonymous, SpliceAI<=0.1, PhastCons<1.0	3	69813007	A	C	0.056	0.173				12.06			flagged:intergenic	VariantValidator: variant is non-coding on the BED's RefSeq NM_; c. notation belongs to a different transcript -- drop or re-resolve against an alternative isoform
MITF	NM_000248.3	c.15A>T	Benign synonymous, SpliceAI<=0.1, PhastCons<1.0	3	69813007	A	T	0.056	0.173				12.61			flagged:intergenic	VariantValidator: variant is non-coding on the BED's RefSeq NM_; c. notation belongs to a different transcript -- drop or re-resolve against an alternative isoform
MITF	NM_000248.3	c.18T>A	Benign synonymous, SpliceAI<=0.1, PhastCons<1.0	3	69813010	T	A	0.0	-1.26				2.071			flagged:intergenic	VariantValidator: variant is non-coding on the BED's RefSeq NM_; c. notation belongs to a different transcript -- drop or re-resolve against an alternative isoform
MITF	NM_000248.3	c.18T>G	Benign synonymous, SpliceAI<=0.1, PhastCons<1.0	3	69813010	T	G	0.0	-1.26				2.157			flagged:intergenic	VariantValidator: variant is non-coding on the BED's RefSeq NM_; c. notation belongs to a different transcript -- drop or re-resolve against an alternative isoform
MITF	NM_000248.3	c.33C>A	Benign synonymous, SpliceAI<=0.1, PhastCons<1.0	3	69813025	C	A	0.0	-0.712				7.546			flagged:intergenic	VariantValidator: variant is non-coding on the BED's RefSeq NM_; c. notation belongs to a different transcript -- drop or re-resolve against an alternative isoform
MITF	NM_000248.3	c.33C>G	Benign synonymous, SpliceAI<=0.1, PhastCons<1.0	3	69813025	C	G	0.0	-0.712				7.64			flagged:intergenic	VariantValidator: variant is non-coding on the BED's RefSeq NM_; c. notation belongs to a different transcript -- drop or re-resolve against an alternative isoform
MITF	NM_000248.3	c.37C>G	Benign synonymous, SpliceAI<=0.1, PhastCons<1.0	3	69813029	C	G	0.0	-3.608				0.011			flagged:intergenic	VariantValidator: variant is non-coding on the BED's RefSeq NM_; c. notation belongs to a different transcript -- drop or re-resolve against an alternative isoform
MITF	NM_000248.3	c.37C>T	Benign synonymous, SpliceAI<=0.1, PhastCons<1.0	3	69813029	C	T	0.0	-3.608			4.91000e-06	0.037			flagged:intergenic	VariantValidator: variant is non-coding on the BED's RefSeq NM_; c. notation belongs to a different transcript -- drop or re-resolve against an alternative isoform
MITF	NM_000248.3	c.48C>A	Benign synonymous, SpliceAI<=0.1, PhastCons<1.0	3	69813040	C	A	0.001	0.364				7.703			flagged:intergenic	VariantValidator: variant is non-coding on the BED's RefSeq NM_; c. notation belongs to a different transcript -- drop or re-resolve against an alternative isoform
MITF	NM_000248.3	c.48C>G	Benign synonymous, SpliceAI<=0.1, PhastCons<1.0	3	69813040	C	G	0.001	0.364			7.80000e-07	7.639		Uncertain_significance	flagged:intergenic	VariantValidator: variant is non-coding on the BED's RefSeq NM_; c. notation belongs to a different transcript -- drop or re-resolve against an alternative isoform
MITF	NM_000248.3	c.57T>A	Benign synonymous, SpliceAI<=0.1, PhastCons<1.0	3	69813049	T	A	0.0	0.142				1.797			flagged:intergenic	VariantValidator: variant is non-coding on the BED's RefSeq NM_; c. notation belongs to a different transcript -- drop or re-resolve against an alternative isoform
MITF	NM_000248.3	c.57T>G	Benign synonymous, SpliceAI<=0.1, PhastCons<1.0	3	69813049	T	G	0.0	0.142				1.872			flagged:intergenic	VariantValidator: variant is non-coding on the BED's RefSeq NM_; c. notation belongs to a different transcript -- drop or re-resolve against an alternative isoform
MITF	NM_000248.3	c.60A>C	Benign synonymous, SpliceAI<=0.1, PhastCons<1.0	3	69813052	A	C	0.091	0.185				2.297			flagged:intergenic	VariantValidator: variant is non-coding on the BED's RefSeq NM_; c. notation belongs to a different transcript -- drop or re-resolve against an alternative isoform
MITF	NM_000248.3	c.60A>T	Benign synonymous, SpliceAI<=0.1, PhastCons<1.0	3	69813052	A	T	0.091	0.185				3.64			flagged:intergenic	VariantValidator: variant is non-coding on the BED's RefSeq NM_; c. notation belongs to a different transcript -- drop or re-resolve against an alternative isoform
MITF	NM_000248.3	c.63G>C	Benign synonymous, SpliceAI<=0.1, PhastCons<1.0	3	69813055	G	C	0.091	0.828				6.091			flagged:intergenic	VariantValidator: variant is non-coding on the BED's RefSeq NM_; c. notation belongs to a different transcript -- drop or re-resolve against an alternative isoform
MITF	NM_000248.3	c.63G>T	Benign synonymous, SpliceAI<=0.1, PhastCons<1.0	3	69813055	G	T	0.091	0.828				6.259			flagged:intergenic	VariantValidator: variant is non-coding on the BED's RefSeq NM_; c. notation belongs to a different transcript -- drop or re-resolve against an alternative isoform
MITF	NM_000248.3	c.66A>C	Benign synonymous, SpliceAI<=0.1, PhastCons<1.0	3	69813058	A	C	0.001	-0.15				3.114			flagged:intergenic	VariantValidator: variant is non-coding on the BED's RefSeq NM_; c. notation belongs to a different transcript -- drop or re-resolve against an alternative isoform
MITF	NM_000248.3	c.66A>T	Benign synonymous, SpliceAI<=0.1, PhastCons<1.0	3	69813058	A	T	0.001	-0.15				3.003			flagged:intergenic	VariantValidator: variant is non-coding on the BED's RefSeq NM_; c. notation belongs to a different transcript -- drop or re-resolve against an alternative isoform
MITF	NM_000248.3	c.70A>G	Benign synonymous, SpliceAI<=0.1, PhastCons<1.0	3	69813062	A	G	0.107	0.293			9.10000e-07	0.958		Uncertain_significance	flagged:intergenic	VariantValidator: variant is non-coding on the BED's RefSeq NM_; c. notation belongs to a different transcript -- drop or re-resolve against an alternative isoform
MITF	NM_000248.3	c.70A>T	Benign synonymous, SpliceAI<=0.1, PhastCons<1.0	3	69813062	A	T	0.107	0.293				0.757			flagged:intergenic	VariantValidator: variant is non-coding on the BED's RefSeq NM_; c. notation belongs to a different transcript -- drop or re-resolve against an alternative isoform
MITF	NM_000248.3	c.72G>C	Benign synonymous, SpliceAI<=0.1, PhastCons<1.0	3	69813064	G	C	0.852	1.195				11.29			flagged:intergenic	VariantValidator: variant is non-coding on the BED's RefSeq NM_; c. notation belongs to a different transcript -- drop or re-resolve against an alternative isoform
MITF	NM_000248.3	c.72G>T	Benign synonymous, SpliceAI<=0.1, PhastCons<1.0	3	69813064	G	T	0.852	1.195				12.89			flagged:intergenic	VariantValidator: variant is non-coding on the BED's RefSeq NM_; c. notation belongs to a different transcript -- drop or re-resolve against an alternative isoform
MITF	NM_000248.3	c.75A>C	Benign synonymous, SpliceAI<=0.1, PhastCons<1.0	3	69813067	A	C	0.777	0.621				6.417			flagged:intergenic	VariantValidator: variant is non-coding on the BED's RefSeq NM_; c. notation belongs to a different transcript -- drop or re-resolve against an alternative isoform
MITF	NM_000248.3	c.75A>T	Benign synonymous, SpliceAI<=0.1, PhastCons<1.0	3	69813067	A	T	0.777	0.621				6.361			flagged:intergenic	VariantValidator: variant is non-coding on the BED's RefSeq NM_; c. notation belongs to a different transcript -- drop or re-resolve against an alternative isoform
MITF	NM_000248.3	c.76T>A	Benign synonymous, SpliceAI<=0.1, PhastCons<1.0	3	69813068	T	A	0.58	0.494				5.172			flagged:intergenic	VariantValidator: variant is non-coding on the BED's RefSeq NM_; c. notation belongs to a different transcript -- drop or re-resolve against an alternative isoform
MITF	NM_000248.3	c.76T>G	Benign synonymous, SpliceAI<=0.1, PhastCons<1.0	3	69813068	T	G	0.58	0.494				5.253			flagged:intergenic	VariantValidator: variant is non-coding on the BED's RefSeq NM_; c. notation belongs to a different transcript -- drop or re-resolve against an alternative isoform
MITF	NM_000248.3	c.78G>C	Benign synonymous, SpliceAI<=0.1, PhastCons<1.0	3	69813070	G	C	0.566	2.267				10.12			flagged:intergenic	VariantValidator: variant is non-coding on the BED's RefSeq NM_; c. notation belongs to a different transcript -- drop or re-resolve against an alternative isoform
MITF	NM_000248.3	c.78G>T	Benign synonymous, SpliceAI<=0.1, PhastCons<1.0	3	69813070	G	T	0.566	2.267				11.4			flagged:intergenic	VariantValidator: variant is non-coding on the BED's RefSeq NM_; c. notation belongs to a different transcript -- drop or re-resolve against an alternative isoform
MITF	NM_000248.3	c.82C>A	Benign synonymous, SpliceAI<=0.1, PhastCons<1.0	3	69813074	C	A	0.007	-0.343				2.75			flagged:intergenic	VariantValidator: variant is non-coding on the BED's RefSeq NM_; c. notation belongs to a different transcript -- drop or re-resolve against an alternative isoform
MITF	NM_000248.3	c.82C>G	Benign synonymous, SpliceAI<=0.1, PhastCons<1.0	3	69813074	C	G	0.007	-0.343				2.319			flagged:intergenic	VariantValidator: variant is non-coding on the BED's RefSeq NM_; c. notation belongs to a different transcript -- drop or re-resolve against an alternative isoform
MITF	NM_000248.3	c.87C>A	Benign synonymous, SpliceAI<=0.1, PhastCons<1.0	3	69813079	C	A	0.672	0.331				10.15			flagged:intergenic	VariantValidator: variant is non-coding on the BED's RefSeq NM_; c. notation belongs to a different transcript -- drop or re-resolve against an alternative isoform
MITF	NM_000248.3	c.87C>G	Benign synonymous, SpliceAI<=0.1, PhastCons<1.0	3	69813079	C	G	0.672	0.331				10.24			flagged:intergenic	VariantValidator: variant is non-coding on the BED's RefSeq NM_; c. notation belongs to a different transcript -- drop or re-resolve against an alternative isoform
MITF	NM_000248.3	c.88C>A	Benign synonymous, SpliceAI<=0.1, PhastCons<1.0	3	69813080	C	A	0.711	0.254				12.4			flagged:intergenic	VariantValidator: variant is non-coding on the BED's RefSeq NM_; c. notation belongs to a different transcript -- drop or re-resolve against an alternative isoform
MITF	NM_000248.3	c.88C>G	Benign synonymous, SpliceAI<=0.1, PhastCons<1.0	3	69813080	C	G	0.711	0.254			1.40800e-05	12.52			flagged:intergenic	VariantValidator: variant is non-coding on the BED's RefSeq NM_; c. notation belongs to a different transcript -- drop or re-resolve against an alternative isoform
MITF	NM_000248.3	c.93T>A	Benign synonymous, SpliceAI<=0.1, PhastCons<1.0	3	69813085	T	A	0.973	1.601				16.12			flagged:intergenic	VariantValidator: variant is non-coding on the BED's RefSeq NM_; c. notation belongs to a different transcript -- drop or re-resolve against an alternative isoform
MITF	NM_000248.3	c.93T>G	Benign synonymous, SpliceAI<=0.1, PhastCons<1.0	3	69813085	T	G	0.973	1.601				16.14			flagged:intergenic	VariantValidator: variant is non-coding on the BED's RefSeq NM_; c. notation belongs to a different transcript -- drop or re-resolve against an alternative isoform
MITF	NM_000248.3	c.97A>G	Benign synonymous, SpliceAI<=0.1, PhastCons<1.0	3	69813089	A	G	0.935	1.24				15.82			flagged:intergenic	VariantValidator: variant is non-coding on the BED's RefSeq NM_; c. notation belongs to a different transcript -- drop or re-resolve against an alternative isoform
MITF	NM_000248.3	c.97A>T	Benign synonymous, SpliceAI<=0.1, PhastCons<1.0	3	69813089	A	T	0.935	1.24				15.37			flagged:intergenic	VariantValidator: variant is non-coding on the BED's RefSeq NM_; c. notation belongs to a different transcript -- drop or re-resolve against an alternative isoform
MITF	NM_000248.3	c.6C>A	Benign synonymous, SpliceAI<=0.1, PhastCons<1.0	3	69843619	C	A	0.01	1.364				6.587			flagged:intergenic	VariantValidator: variant is non-coding on the BED's RefSeq NM_; c. notation belongs to a different transcript -- drop or re-resolve against an alternative isoform
MITF	NM_000248.3	c.6C>G	Benign synonymous, SpliceAI<=0.1, PhastCons<1.0	3	69843619	C	G	0.01	1.364				7.126			flagged:intergenic	VariantValidator: variant is non-coding on the BED's RefSeq NM_; c. notation belongs to a different transcript -- drop or re-resolve against an alternative isoform
MITF	NM_000248.3	c.18C>A	Benign synonymous, SpliceAI<=0.1, PhastCons<1.0	3	69843631	C	A	0.0	-0.126				1.429			flagged:intergenic	VariantValidator: variant is non-coding on the BED's RefSeq NM_; c. notation belongs to a different transcript -- drop or re-resolve against an alternative isoform
MITF	NM_000248.3	c.18C>G	Benign synonymous, SpliceAI<=0.1, PhastCons<1.0	3	69843631	C	G	0.0	-0.126				1.266			flagged:intergenic	VariantValidator: variant is non-coding on the BED's RefSeq NM_; c. notation belongs to a different transcript -- drop or re-resolve against an alternative isoform
MITF	NM_000248.3	c.21T>A	Benign synonymous, SpliceAI<=0.1, PhastCons<1.0	3	69843634	T	A	0.0	-0.772				0.678			flagged:intergenic	VariantValidator: variant is non-coding on the BED's RefSeq NM_; c. notation belongs to a different transcript -- drop or re-resolve against an alternative isoform
MITF	NM_000248.3	c.21T>G	Benign synonymous, SpliceAI<=0.1, PhastCons<1.0	3	69843634	T	G	0.0	-0.772				0.451			flagged:intergenic	VariantValidator: variant is non-coding on the BED's RefSeq NM_; c. notation belongs to a different transcript -- drop or re-resolve against an alternative isoform
MITF	NM_000248.3	c.27T>A	Benign synonymous, SpliceAI<=0.1, PhastCons<1.0	3	69843640	T	A	0.0	-0.586				0.642			flagged:intergenic	VariantValidator: variant is non-coding on the BED's RefSeq NM_; c. notation belongs to a different transcript -- drop or re-resolve against an alternative isoform
MITF	NM_000248.3	c.27T>G	Benign synonymous, SpliceAI<=0.1, PhastCons<1.0	3	69843640	T	G	0.0	-0.586				0.643			flagged:intergenic	VariantValidator: variant is non-coding on the BED's RefSeq NM_; c. notation belongs to a different transcript -- drop or re-resolve against an alternative isoform
MITF	NM_000248.3	c.39T>A	Benign synonymous, SpliceAI<=0.1, PhastCons<1.0	3	69843652	T	A	0.081	0.854				12.36			flagged:intergenic	VariantValidator: variant is non-coding on the BED's RefSeq NM_; c. notation belongs to a different transcript -- drop or re-resolve against an alternative isoform
MITF	NM_000248.3	c.39T>G	Benign synonymous, SpliceAI<=0.1, PhastCons<1.0	3	69843652	T	G	0.081	0.854				12.44			flagged:intergenic	VariantValidator: variant is non-coding on the BED's RefSeq NM_; c. notation belongs to a different transcript -- drop or re-resolve against an alternative isoform
MITF	NM_000248.3	c.43T>A	Benign synonymous, SpliceAI<=0.1, PhastCons<1.0	3	69843656	T	A	0.056	0.703				13.73			flagged:intergenic	VariantValidator: variant is non-coding on the BED's RefSeq NM_; c. notation belongs to a different transcript -- drop or re-resolve against an alternative isoform
MITF	NM_000248.3	c.43T>G	Benign synonymous, SpliceAI<=0.1, PhastCons<1.0	3	69843656	T	G	0.056	0.703				13.83			flagged:intergenic	VariantValidator: variant is non-coding on the BED's RefSeq NM_; c. notation belongs to a different transcript -- drop or re-resolve against an alternative isoform
MITF	NM_000248.3	c.45A>C	Benign synonymous, SpliceAI<=0.1, PhastCons<1.0	3	69843658	A	C	0.0	-0.763				2.126			flagged:intergenic	VariantValidator: variant is non-coding on the BED's RefSeq NM_; c. notation belongs to a different transcript -- drop or re-resolve against an alternative isoform
MITF	NM_000248.3	c.45A>T	Benign synonymous, SpliceAI<=0.1, PhastCons<1.0	3	69843658	A	T	0.0	-0.763				1.996			flagged:intergenic	VariantValidator: variant is non-coding on the BED's RefSeq NM_; c. notation belongs to a different transcript -- drop or re-resolve against an alternative isoform
MITF	NM_000248.3	c.53+1G>A	Benign synonymous, SpliceAI<=0.1, PhastCons<1.0, PhyloP<0.1, intronic_ROI(+1)	3	69843667	G	A	0.0	-2.157				5.271			flagged:intergenic	VariantValidator: variant is non-coding on the BED's RefSeq NM_; c. notation belongs to a different transcript -- drop or re-resolve against an alternative isoform
MITF	NM_000248.3	c.53+1G>C	Benign synonymous, SpliceAI<=0.1, PhastCons<1.0, PhyloP<0.1, intronic_ROI(+1)	3	69843667	G	C	0.0	-2.157				6.059			flagged:intergenic	VariantValidator: variant is non-coding on the BED's RefSeq NM_; c. notation belongs to a different transcript -- drop or re-resolve against an alternative isoform
MITF	NM_000248.3	c.53+1G>T	Benign synonymous, SpliceAI<=0.1, PhastCons<1.0, PhyloP<0.1, intronic_ROI(+1)	3	69843667	G	T	0.0	-2.157				7.939			flagged:intergenic	VariantValidator: variant is non-coding on the BED's RefSeq NM_; c. notation belongs to a different transcript -- drop or re-resolve against an alternative isoform
MITF	NM_000248.3	c.53+2T>A	Benign synonymous, SpliceAI<=0.1, PhastCons<1.0, PhyloP<0.1, intronic_ROI(+2)	3	69843668	T	A	0.0	-0.56				11.82			flagged:intergenic	VariantValidator: variant is non-coding on the BED's RefSeq NM_; c. notation belongs to a different transcript -- drop or re-resolve against an alternative isoform
MITF	NM_000248.3	c.53+2T>C	Benign synonymous, SpliceAI<=0.1, PhastCons<1.0, PhyloP<0.1, intronic_ROI(+2)	3	69843668	T	C	0.0	-0.56				4.94			flagged:intergenic	VariantValidator: variant is non-coding on the BED's RefSeq NM_; c. notation belongs to a different transcript -- drop or re-resolve against an alternative isoform
MITF	NM_000248.3	c.53+2T>G	Benign synonymous, SpliceAI<=0.1, PhastCons<1.0, PhyloP<0.1, intronic_ROI(+2)	3	69843668	T	G	0.0	-0.56				11.09			flagged:intergenic	VariantValidator: variant is non-coding on the BED's RefSeq NM_; c. notation belongs to a different transcript -- drop or re-resolve against an alternative isoform
MSH2	NM_000251.3	c.2635-2A>C	Benign synonymous, SpliceAI<=0.1, PhastCons<1.0, PhyloP<0.1, intronic_ROI(-2)	2	47739440	A	C	0.0	-1.087	.;.			9.461	.;.		flagged:intergenic	VariantValidator: variant is non-coding on the BED's RefSeq NM_; c. notation belongs to a different transcript -- drop or re-resolve against an alternative isoform
MSH2	NM_000251.3	c.2635-2A>G	Benign synonymous, SpliceAI<=0.1, PhastCons<1.0, PhyloP<0.1, intronic_ROI(-2)	2	47739440	A	G	0.0	-1.087	.;.			9.143	.;.		flagged:intergenic	VariantValidator: variant is non-coding on the BED's RefSeq NM_; c. notation belongs to a different transcript -- drop or re-resolve against an alternative isoform
MSH2	NM_000251.3	c.2635-2A>T	Benign synonymous, SpliceAI<=0.1, PhastCons<1.0, PhyloP<0.1, intronic_ROI(-2)	2	47739440	A	T	0.0	-1.087	.;.			9.329	.;.		flagged:intergenic	VariantValidator: variant is non-coding on the BED's RefSeq NM_; c. notation belongs to a different transcript -- drop or re-resolve against an alternative isoform
MSH2	NM_000251.3	c.2635-1G>A	Benign synonymous, SpliceAI<=0.1, PhastCons<1.0, PhyloP<0.1, intronic_ROI(-1)	2	47739441	G	A	0.0	-0.318	.;.			15.14	.;.		flagged:intergenic	VariantValidator: variant is non-coding on the BED's RefSeq NM_; c. notation belongs to a different transcript -- drop or re-resolve against an alternative isoform
MSH2	NM_000251.3	c.2635-1G>C	Benign synonymous, SpliceAI<=0.1, PhastCons<1.0, PhyloP<0.1, intronic_ROI(-1)	2	47739441	G	C	0.0	-0.318	.;.			15.11	.;.		flagged:intergenic	VariantValidator: variant is non-coding on the BED's RefSeq NM_; c. notation belongs to a different transcript -- drop or re-resolve against an alternative isoform
MSH2	NM_000251.3	c.2635-1G>T	Benign synonymous, SpliceAI<=0.1, PhastCons<1.0, PhyloP<0.1, intronic_ROI(-1)	2	47739441	G	T	0.0	-0.318	.;.			15.44	.;.		flagged:intergenic	VariantValidator: variant is non-coding on the BED's RefSeq NM_; c. notation belongs to a different transcript -- drop or re-resolve against an alternative isoform
MSH2	NM_000251.3	c.2744A>G	Benign FAF >5%	2	47739551	A	G	0.0	0.31	.;0.203		0.618925	0.871	LB;LB	Benign	flagged:intergenic	VariantValidator: variant is non-coding on the BED's RefSeq NM_; c. notation belongs to a different transcript -- drop or re-resolve against an alternative isoform
MSH2	NM_000251.3	c.2752+1G>A	Benign synonymous, SpliceAI<=0.1, PhastCons<1.0, PhyloP<0.1, intronic_ROI(+1)	2	47739560	G	A	0.0	0.037				7.954			flagged:intergenic	VariantValidator: variant is non-coding on the BED's RefSeq NM_; c. notation belongs to a different transcript -- drop or re-resolve against an alternative isoform
MSH2	NM_000251.3	c.2752+1G>C	Benign synonymous, SpliceAI<=0.1, PhastCons<1.0, PhyloP<0.1, intronic_ROI(+1)	2	47739560	G	C	0.0	0.037				4.473			flagged:intergenic	VariantValidator: variant is non-coding on the BED's RefSeq NM_; c. notation belongs to a different transcript -- drop or re-resolve against an alternative isoform
MSH2	NM_000251.3	c.2752+1G>T	Benign synonymous, SpliceAI<=0.1, PhastCons<1.0, PhyloP<0.1, intronic_ROI(+1)	2	47739560	G	T	0.0	0.037			2.80000e-07	10.78			flagged:intergenic	VariantValidator: variant is non-coding on the BED's RefSeq NM_; c. notation belongs to a different transcript -- drop or re-resolve against an alternative isoform
MSH2	NM_000251.3	c.2752+2T>A	Benign synonymous, SpliceAI<=0.1, PhastCons<1.0, PhyloP<0.1, intronic_ROI(+2)	2	47739561	T	A	0.0	-0.123				4.0			flagged:intergenic	VariantValidator: variant is non-coding on the BED's RefSeq NM_; c. notation belongs to a different transcript -- drop or re-resolve against an alternative isoform
MSH2	NM_000251.3	c.2752+2T>C	Benign synonymous, SpliceAI<=0.1, PhastCons<1.0, PhyloP<0.1, intronic_ROI(+2)	2	47739561	T	C	0.0	-0.123				1.361			flagged:intergenic	VariantValidator: variant is non-coding on the BED's RefSeq NM_; c. notation belongs to a different transcript -- drop or re-resolve against an alternative isoform
MSH2	NM_000251.3	c.2752+2T>G	Benign synonymous, SpliceAI<=0.1, PhastCons<1.0, PhyloP<0.1, intronic_ROI(+2)	2	47739561	T	G	0.0	-0.123			6.80000e-07	4.187			flagged:intergenic	VariantValidator: variant is non-coding on the BED's RefSeq NM_; c. notation belongs to a different transcript -- drop or re-resolve against an alternative isoform
MSH2	NM_000251.3	c.2757G>C	Benign synonymous, SpliceAI<=0.1, PhastCons<1.0	2	47739564	G	C	0.017	0.793	0.158			14.25	LB		flagged:intergenic	VariantValidator: variant is non-coding on the BED's RefSeq NM_; c. notation belongs to a different transcript -- drop or re-resolve against an alternative isoform
MSH2	NM_000251.3	c.2757G>T	Benign synonymous, SpliceAI<=0.1, PhastCons<1.0	2	47739564	G	T	0.017	0.793	0.157			14.64	LB		flagged:intergenic	VariantValidator: variant is non-coding on the BED's RefSeq NM_; c. notation belongs to a different transcript -- drop or re-resolve against an alternative isoform
MSH2	NM_000251.3	c.2765G>C	Benign synonymous, SpliceAI<=0.1, PhastCons<1.0	2	47739572	G	C	0.0	-2.399				0.069			flagged:intergenic	VariantValidator: variant is non-coding on the BED's RefSeq NM_; c. notation belongs to a different transcript -- drop or re-resolve against an alternative isoform
MSH2	NM_000251.3	c.2765G>T	Benign synonymous, SpliceAI<=0.1, PhastCons<1.0	2	47739572	G	T	0.0	-2.399				0.193			flagged:intergenic	VariantValidator: variant is non-coding on the BED's RefSeq NM_; c. notation belongs to a different transcript -- drop or re-resolve against an alternative isoform
MSH2	NM_000251.3	c.2753-2A>C	Benign synonymous, SpliceAI<=0.1, PhastCons<1.0, PhyloP<0.1, intronic_ROI(-2)	2	47789226	A	C	0.0	-2.54				1.063			flagged:intergenic	VariantValidator: variant is non-coding on the BED's RefSeq NM_; c. notation belongs to a different transcript -- drop or re-resolve against an alternative isoform
MSH2	NM_000251.3	c.2753-2A>G	Benign synonymous, SpliceAI<=0.1, PhastCons<1.0, PhyloP<0.1, intronic_ROI(-2)	2	47789226	A	G	0.0	-2.54				0.999			flagged:intergenic	VariantValidator: variant is non-coding on the BED's RefSeq NM_; c. notation belongs to a different transcript -- drop or re-resolve against an alternative isoform
MSH2	NM_000251.3	c.2753-2A>T	Benign synonymous, SpliceAI<=0.1, PhastCons<1.0, PhyloP<0.1, intronic_ROI(-2)	2	47789226	A	T	0.0	-2.54				1.541			flagged:intergenic	VariantValidator: variant is non-coding on the BED's RefSeq NM_; c. notation belongs to a different transcript -- drop or re-resolve against an alternative isoform
MSH2	NM_000251.3	c.2753-1G>A	Benign synonymous, SpliceAI<=0.1, PhastCons<1.0, PhyloP<0.1, intronic_ROI(-1)	2	47789227	G	A	0.0	-0.674				1.492			flagged:intergenic	VariantValidator: variant is non-coding on the BED's RefSeq NM_; c. notation belongs to a different transcript -- drop or re-resolve against an alternative isoform
MSH2	NM_000251.3	c.2753-1G>C	Benign synonymous, SpliceAI<=0.1, PhastCons<1.0, PhyloP<0.1, intronic_ROI(-1)	2	47789227	G	C	0.0	-0.674				1.596			flagged:intergenic	VariantValidator: variant is non-coding on the BED's RefSeq NM_; c. notation belongs to a different transcript -- drop or re-resolve against an alternative isoform
MSH2	NM_000251.3	c.2753-1G>T	Benign synonymous, SpliceAI<=0.1, PhastCons<1.0, PhyloP<0.1, intronic_ROI(-1)	2	47789227	G	T	0.0	-0.674				2.732			flagged:intergenic	VariantValidator: variant is non-coding on the BED's RefSeq NM_; c. notation belongs to a different transcript -- drop or re-resolve against an alternative isoform
MSH2	NM_000251.3	c.2763T>A	Benign synonymous, SpliceAI<=0.1, PhastCons<1.0	2	47789238	T	A	0.0	-0.302				0.457	LB		flagged:intergenic	VariantValidator: variant is non-coding on the BED's RefSeq NM_; c. notation belongs to a different transcript -- drop or re-resolve against an alternative isoform
MSH2	NM_000251.3	c.2763T>G	Benign synonymous, SpliceAI<=0.1, PhastCons<1.0	2	47789238	T	G	0.0	-0.302				0.604	LB		flagged:intergenic	VariantValidator: variant is non-coding on the BED's RefSeq NM_; c. notation belongs to a different transcript -- drop or re-resolve against an alternative isoform
MSH2	NM_000251.3	c.2775G>C	Benign synonymous, SpliceAI<=0.1, PhastCons<1.0	2	47789250	G	C	0.001	0.775				2.955			flagged:intergenic	VariantValidator: variant is non-coding on the BED's RefSeq NM_; c. notation belongs to a different transcript -- drop or re-resolve against an alternative isoform
MSH2	NM_000251.3	c.2775G>T	Benign synonymous, SpliceAI<=0.1, PhastCons<1.0	2	47789250	G	T	0.001	0.775				2.908			flagged:intergenic	VariantValidator: variant is non-coding on the BED's RefSeq NM_; c. notation belongs to a different transcript -- drop or re-resolve against an alternative isoform
NTHL1	NM_002528.7	c.9T>G	Benign synonymous, SpliceAI<=0.1, PhastCons<1.0	16	2097840	A	C	0.004	1.525	0.043			14.7	B		flagged:intergenic	VariantValidator: variant is non-coding on the BED's RefSeq NM_; c. notation belongs to a different transcript -- drop or re-resolve against an alternative isoform
NTHL1	NM_002528.7	c.9T>A	Benign synonymous, SpliceAI<=0.1, PhastCons<1.0	16	2097840	A	T	0.004	1.525	0.043			14.67	B		flagged:intergenic	VariantValidator: variant is non-coding on the BED's RefSeq NM_; c. notation belongs to a different transcript -- drop or re-resolve against an alternative isoform
NTHL1	NM_002528.7	c.6T>G	Benign synonymous, SpliceAI<=0.1, PhastCons<1.0	16	2097843	A	C	0.004	1.539	0.067			14.37	B	Uncertain_significance	flagged:intergenic	VariantValidator: variant is non-coding on the BED's RefSeq NM_; c. notation belongs to a different transcript -- drop or re-resolve against an alternative isoform
NTHL1	NM_002528.7	c.6T>A	Benign synonymous, SpliceAI<=0.1, PhastCons<1.0	16	2097843	A	T	0.004	1.539				14.24			flagged:intergenic	VariantValidator: variant is non-coding on the BED's RefSeq NM_; c. notation belongs to a different transcript -- drop or re-resolve against an alternative isoform
PRKAR1A	NM_212472.2	c.974-2A>C	Benign synonymous, SpliceAI<=0.1, PhastCons<1.0, PhyloP<0.1, intronic_ROI(-2)	17	66547223	A	C	0.0	-0.772	.;.;.			4.024	.;.;.		flagged:intergenic	VariantValidator: variant is non-coding on the BED's RefSeq NM_; c. notation belongs to a different transcript -- drop or re-resolve against an alternative isoform
PRKAR1A	NM_212472.2	c.974-2A>G	Benign synonymous, SpliceAI<=0.1, PhastCons<1.0, PhyloP<0.1, intronic_ROI(-2)	17	66547223	A	G	0.0	-0.772	.;.;.			4.44	.;.;.		flagged:intergenic	VariantValidator: variant is non-coding on the BED's RefSeq NM_; c. notation belongs to a different transcript -- drop or re-resolve against an alternative isoform
PRKAR1A	NM_212472.2	c.974-2A>T	Benign synonymous, SpliceAI<=0.1, PhastCons<1.0, PhyloP<0.1, intronic_ROI(-2)	17	66547223	A	T	0.0	-0.772	.;.;.			4.468	.;.;.		flagged:intergenic	VariantValidator: variant is non-coding on the BED's RefSeq NM_; c. notation belongs to a different transcript -- drop or re-resolve against an alternative isoform
PRKAR1A	NM_212472.2	c.974-1G>A	Benign synonymous, SpliceAI<=0.1, PhastCons<1.0, PhyloP<0.1, intronic_ROI(-1)	17	66547224	G	A	0.001	-0.229	.;.;.			11.15	.;.;.		flagged:intergenic	VariantValidator: variant is non-coding on the BED's RefSeq NM_; c. notation belongs to a different transcript -- drop or re-resolve against an alternative isoform
PRKAR1A	NM_212472.2	c.974-1G>C	Benign synonymous, SpliceAI<=0.1, PhastCons<1.0, PhyloP<0.1, intronic_ROI(-1)	17	66547224	G	C	0.001	-0.229	.;.;.			9.032	.;.;.		flagged:intergenic	VariantValidator: variant is non-coding on the BED's RefSeq NM_; c. notation belongs to a different transcript -- drop or re-resolve against an alternative isoform
PRKAR1A	NM_212472.2	c.974-1G>T	Benign synonymous, SpliceAI<=0.1, PhastCons<1.0, PhyloP<0.1, intronic_ROI(-1)	17	66547224	G	T	0.001	-0.229	.;.;.			10.22	.;.;.		flagged:intergenic	VariantValidator: variant is non-coding on the BED's RefSeq NM_; c. notation belongs to a different transcript -- drop or re-resolve against an alternative isoform
PRKAR1A	NM_212472.2	c.998G>A	Benign FAF >5%	17	66547249	G	A	0.0	-0.055	.;.;.		0.187250	0.545	LB;.;.		flagged:intergenic	VariantValidator: variant is non-coding on the BED's RefSeq NM_; c. notation belongs to a different transcript -- drop or re-resolve against an alternative isoform
REST	NM_005612.5	c.899-1G>A	Benign synonymous, SpliceAI<=0.1, PhastCons<1.0, PhyloP<0.1, intronic_ROI(-1)	4	57832821	G	A	0.0	-3.975	.;.			0.115	.;.		flagged:intergenic	VariantValidator: variant is non-coding on the BED's RefSeq NM_; c. notation belongs to a different transcript -- drop or re-resolve against an alternative isoform
REST	NM_005612.5	c.899-1G>C	Benign synonymous, SpliceAI<=0.1, PhastCons<1.0, PhyloP<0.1, intronic_ROI(-1)	4	57832821	G	C	0.0	-3.975	.;.			0.067	.;.		flagged:intergenic	VariantValidator: variant is non-coding on the BED's RefSeq NM_; c. notation belongs to a different transcript -- drop or re-resolve against an alternative isoform
REST	NM_005612.5	c.899-1G>T	Benign synonymous, SpliceAI<=0.1, PhastCons<1.0, PhyloP<0.1, intronic_ROI(-1)	4	57832821	G	T	0.0	-3.975	.;.			0.084	.;.		flagged:intergenic	VariantValidator: variant is non-coding on the BED's RefSeq NM_; c. notation belongs to a different transcript -- drop or re-resolve against an alternative isoform
RPS20	NM_001023.3	c.325T>C	Benign FAF >5%	8	56982383	A	G	0.023	0.347	.;0.037		0.0603905	3.26	.;.	Benign	flagged:intergenic	VariantValidator: variant is non-coding on the BED's RefSeq NM_; c. notation belongs to a different transcript -- drop or re-resolve against an alternative isoform
RPS20	NM_001023.3	c.316-1G>T	Benign synonymous, SpliceAI<=0.1, PhastCons<1.0, PhyloP<0.1, intronic_ROI(-1)	8	56982393	C	A	0.022	-0.662	.;.			3.558	.;.		flagged:intergenic	VariantValidator: variant is non-coding on the BED's RefSeq NM_; c. notation belongs to a different transcript -- drop or re-resolve against an alternative isoform
RPS20	NM_001023.3	c.316-1G>C	Benign synonymous, SpliceAI<=0.1, PhastCons<1.0, PhyloP<0.1, intronic_ROI(-1)	8	56982393	C	G	0.022	-0.662	.;.			3.693	.;.		flagged:intergenic	VariantValidator: variant is non-coding on the BED's RefSeq NM_; c. notation belongs to a different transcript -- drop or re-resolve against an alternative isoform
RPS20	NM_001023.3	c.316-1G>A	Benign synonymous, SpliceAI<=0.1, PhastCons<1.0, PhyloP<0.1, intronic_ROI(-1)	8	56982393	C	T	0.022	-0.662	.;.			4.213	.;.		flagged:intergenic	VariantValidator: variant is non-coding on the BED's RefSeq NM_; c. notation belongs to a different transcript -- drop or re-resolve against an alternative isoform
SMARCA4	NM_001128849.2	c.589-1G>A	Benign synonymous, SpliceAI<=0.1, PhastCons<1.0, PhyloP<0.1, intronic_ROI(-1)	19	11098451	G	A	0.0	-3.026			7.28200e-05	3.079		Likely_benign	flagged:intergenic	VariantValidator: variant is non-coding on the BED's RefSeq NM_; c. notation belongs to a different transcript -- drop or re-resolve against an alternative isoform
SMARCA4	NM_001128849.2	c.589-1G>C	Benign synonymous, SpliceAI<=0.1, PhastCons<1.0, PhyloP<0.1, intronic_ROI(-1)	19	11098451	G	C	0.0	-3.026			1.25000e-06	0.172		Likely_benign	flagged:intergenic	VariantValidator: variant is non-coding on the BED's RefSeq NM_; c. notation belongs to a different transcript -- drop or re-resolve against an alternative isoform
SMARCA4	NM_001128849.2	c.589-1G>T	Benign synonymous, SpliceAI<=0.1, PhastCons<1.0, PhyloP<0.1, intronic_ROI(-1)	19	11098451	G	T	0.0	-3.026				0.312		Conflicting_classifications_of_pathogenicity	flagged:intergenic	VariantValidator: variant is non-coding on the BED's RefSeq NM_; c. notation belongs to a different transcript -- drop or re-resolve against an alternative isoform
SMARCA4	NM_001128849.2	c.1246-2A>C	Benign synonymous, SpliceAI<=0.1, PhastCons<1.0, PhyloP<0.1, intronic_ROI(-2)	19	11101794	A	C	0.0	-3.538				0.042			flagged:intergenic	VariantValidator: variant is non-coding on the BED's RefSeq NM_; c. notation belongs to a different transcript -- drop or re-resolve against an alternative isoform
SMARCA4	NM_001128849.2	c.1246-2A>G	Benign synonymous, SpliceAI<=0.1, PhastCons<1.0, PhyloP<0.1, intronic_ROI(-2)	19	11101794	A	G	0.0	-3.538				0.047			flagged:intergenic	VariantValidator: variant is non-coding on the BED's RefSeq NM_; c. notation belongs to a different transcript -- drop or re-resolve against an alternative isoform
SMARCA4	NM_001128849.2	c.1246-2A>T	Benign synonymous, SpliceAI<=0.1, PhastCons<1.0, PhyloP<0.1, intronic_ROI(-2)	19	11101794	A	T	0.0	-3.538				0.01			flagged:intergenic	VariantValidator: variant is non-coding on the BED's RefSeq NM_; c. notation belongs to a different transcript -- drop or re-resolve against an alternative isoform
SMARCA4	NM_001128849.2	c.1246-1G>A	Benign synonymous, SpliceAI<=0.1, PhastCons<1.0, PhyloP<0.1, intronic_ROI(-1)	19	11101795	G	A	0.0	-0.933				0.357			flagged:intergenic	VariantValidator: variant is non-coding on the BED's RefSeq NM_; c. notation belongs to a different transcript -- drop or re-resolve against an alternative isoform
SMARCA4	NM_001128849.2	c.1246-1G>C	Benign synonymous, SpliceAI<=0.1, PhastCons<1.0, PhyloP<0.1, intronic_ROI(-1)	19	11101795	G	C	0.0	-0.933				0.241			flagged:intergenic	VariantValidator: variant is non-coding on the BED's RefSeq NM_; c. notation belongs to a different transcript -- drop or re-resolve against an alternative isoform
SMARCA4	NM_001128849.2	c.1246-1G>T	Benign synonymous, SpliceAI<=0.1, PhastCons<1.0, PhyloP<0.1, intronic_ROI(-1)	19	11101795	G	T	0.0	-0.933				0.246			flagged:intergenic	VariantValidator: variant is non-coding on the BED's RefSeq NM_; c. notation belongs to a different transcript -- drop or re-resolve against an alternative isoform
SMARCA4	NM_001128849.2	c.1248C>A	Benign synonymous, SpliceAI<=0.1, PhastCons<1.0	19	11101798	C	A	0.0	-0.39				0.011			flagged:intergenic	VariantValidator: variant is non-coding on the BED's RefSeq NM_; c. notation belongs to a different transcript -- drop or re-resolve against an alternative isoform
SMARCA4	NM_001128849.2	c.1248C>G	Benign synonymous, SpliceAI<=0.1, PhastCons<1.0	19	11101798	C	G	0.0	-0.39				0.027			flagged:intergenic	VariantValidator: variant is non-coding on the BED's RefSeq NM_; c. notation belongs to a different transcript -- drop or re-resolve against an alternative isoform
SMARCA4	NM_001128849.2	c.1255T>A	Benign synonymous, SpliceAI<=0.1, PhastCons<1.0	19	11101805	T	A	0.023	0.132				0.377			flagged:intergenic	VariantValidator: variant is non-coding on the BED's RefSeq NM_; c. notation belongs to a different transcript -- drop or re-resolve against an alternative isoform
SMARCA4	NM_001128849.2	c.1255T>G	Benign synonymous, SpliceAI<=0.1, PhastCons<1.0	19	11101805	T	G	0.023	0.132				4.767			flagged:intergenic	VariantValidator: variant is non-coding on the BED's RefSeq NM_; c. notation belongs to a different transcript -- drop or re-resolve against an alternative isoform
SMARCA4	NM_001128849.2	c.1257G>C	Benign synonymous, SpliceAI<=0.1, PhastCons<1.0	19	11101807	G	C	0.0	-1.158				0.301			flagged:intergenic	VariantValidator: variant is non-coding on the BED's RefSeq NM_; c. notation belongs to a different transcript -- drop or re-resolve against an alternative isoform
SMARCA4	NM_001128849.2	c.1257G>T	Benign synonymous, SpliceAI<=0.1, PhastCons<1.0	19	11101807	G	T	0.0	-1.158			2.80000e-07	0.278			flagged:intergenic	VariantValidator: variant is non-coding on the BED's RefSeq NM_; c. notation belongs to a different transcript -- drop or re-resolve against an alternative isoform
SMARCA4	NM_001128849.2	c.1270C>A	Benign synonymous, SpliceAI<=0.1, PhastCons<1.0	19	11101820	C	A	0.0	0.027				12.86			flagged:intergenic	VariantValidator: variant is non-coding on the BED's RefSeq NM_; c. notation belongs to a different transcript -- drop or re-resolve against an alternative isoform
SMARCA4	NM_001128849.2	c.1270C>G	Benign synonymous, SpliceAI<=0.1, PhastCons<1.0	19	11101820	C	G	0.0	0.027			2.80000e-07	15.28		Uncertain_significance	flagged:intergenic	VariantValidator: variant is non-coding on the BED's RefSeq NM_; c. notation belongs to a different transcript -- drop or re-resolve against an alternative isoform
SMARCA4	NM_001128849.2	c.2002-1G>A	Benign synonymous, SpliceAI<=0.1, PhastCons<1.0, PhyloP<0.1, intronic_ROI(-1)	19	11118583	G	A	0.138	-0.452	.;.			7.356	.;.	Likely_benign	flagged:intergenic	VariantValidator: variant is non-coding on the BED's RefSeq NM_; c. notation belongs to a different transcript -- drop or re-resolve against an alternative isoform
SMARCA4	NM_001128849.2	c.2002-1G>C	Benign synonymous, SpliceAI<=0.1, PhastCons<1.0, PhyloP<0.1, intronic_ROI(-1)	19	11118583	G	C	0.138	-0.452	.;.			18.29	.;.		flagged:intergenic	VariantValidator: variant is non-coding on the BED's RefSeq NM_; c. notation belongs to a different transcript -- drop or re-resolve against an alternative isoform
SMARCA4	NM_001128849.2	c.2002-1G>T	Benign synonymous, SpliceAI<=0.1, PhastCons<1.0, PhyloP<0.1, intronic_ROI(-1)	19	11118583	G	T	0.138	-0.452	.;.			18.59	.;.		flagged:intergenic	VariantValidator: variant is non-coding on the BED's RefSeq NM_; c. notation belongs to a different transcript -- drop or re-resolve against an alternative isoform
SMARCA4	NM_001128849.2	c.2002-1G>A	Benign synonymous, SpliceAI<=0.1, PhastCons<1.0, PhyloP<0.1, intronic_ROI(-1)	19	11118586	G	A	0.387	-0.251			2.80000e-07	9.064		Likely_benign	flagged:intergenic	VariantValidator: variant is non-coding on the BED's RefSeq NM_; c. notation belongs to a different transcript -- drop or re-resolve against an alternative isoform
SMARCA4	NM_001128849.2	c.2002-1G>C	Benign synonymous, SpliceAI<=0.1, PhastCons<1.0, PhyloP<0.1, intronic_ROI(-1)	19	11118586	G	C	0.387	-0.251				19.87			flagged:intergenic	VariantValidator: variant is non-coding on the BED's RefSeq NM_; c. notation belongs to a different transcript -- drop or re-resolve against an alternative isoform
SMARCA4	NM_001128849.2	c.2002-1G>T	Benign synonymous, SpliceAI<=0.1, PhastCons<1.0, PhyloP<0.1, intronic_ROI(-1)	19	11118586	G	T	0.387	-0.251				20.2			flagged:intergenic	VariantValidator: variant is non-coding on the BED's RefSeq NM_; c. notation belongs to a different transcript -- drop or re-resolve against an alternative isoform
SMARCA4	NM_001128849.2	c.4072-2A>C	Benign synonymous, SpliceAI<=0.1, PhastCons<1.0, PhyloP<0.1, intronic_ROI(-2)	19	11150132	A	C	0.005	-0.126	.;.;.;.;.;.;.;.;.;.;.		2.49000e-06	33.0	.;.;.;.;.;.;.;.;.;.;.		flagged:intergenic	VariantValidator: variant is non-coding on the BED's RefSeq NM_; c. notation belongs to a different transcript -- drop or re-resolve against an alternative isoform
SMARCA4	NM_001128849.2	c.4072-2A>G	Benign synonymous, SpliceAI<=0.1, PhastCons<1.0, PhyloP<0.1, intronic_ROI(-2)	19	11150132	A	G	0.005	-0.126	.;.;.;.;.;.;.;.;.;.;.			27.5	.;.;.;.;.;.;.;.;.;.;.		flagged:intergenic	VariantValidator: variant is non-coding on the BED's RefSeq NM_; c. notation belongs to a different transcript -- drop or re-resolve against an alternative isoform
SMARCA4	NM_001128849.2	c.4072-2A>T	Benign synonymous, SpliceAI<=0.1, PhastCons<1.0, PhyloP<0.1, intronic_ROI(-2)	19	11150132	A	T	0.005	-0.126	.;.;.;.;.;.;.;.;.;.;.			34.0	.;.;.;.;.;.;.;.;.;.;.		flagged:intergenic	VariantValidator: variant is non-coding on the BED's RefSeq NM_; c. notation belongs to a different transcript -- drop or re-resolve against an alternative isoform
SMARCA4	NM_001128849.2	c.4072-1G>A	Benign synonymous, SpliceAI<=0.1, PhastCons<1.0, PhyloP<0.1, intronic_ROI(-1)	19	11150133	G	A	0.005	-0.105	.;.;.;.;.;.;.;.;.;.;.			33.0	.;.;.;.;.;.;.;.;.;.;.		flagged:intergenic	VariantValidator: variant is non-coding on the BED's RefSeq NM_; c. notation belongs to a different transcript -- drop or re-resolve against an alternative isoform
SMARCA4	NM_001128849.2	c.4072-1G>C	Benign synonymous, SpliceAI<=0.1, PhastCons<1.0, PhyloP<0.1, intronic_ROI(-1)	19	11150133	G	C	0.005	-0.105	.;.;.;.;.;.;.;.;.;.;.			32.0	.;.;.;.;.;.;.;.;.;.;.		flagged:intergenic	VariantValidator: variant is non-coding on the BED's RefSeq NM_; c. notation belongs to a different transcript -- drop or re-resolve against an alternative isoform
SMARCA4	NM_001128849.2	c.4072-1G>T	Benign synonymous, SpliceAI<=0.1, PhastCons<1.0, PhyloP<0.1, intronic_ROI(-1)	19	11150133	G	T	0.005	-0.105	.;.;.;.;.;.;.;.;.;.;.			34.0	.;.;.;.;.;.;.;.;.;.;.		flagged:intergenic	VariantValidator: variant is non-coding on the BED's RefSeq NM_; c. notation belongs to a different transcript -- drop or re-resolve against an alternative isoform
SMARCA4	NM_001128849.2	c.4167+1G>A	Benign synonymous, SpliceAI<=0.1, PhastCons<1.0, PhyloP<0.1, intronic_ROI(+1)	19	11150230	G	A	0.012	-0.196	.;.;.;.;.;.;.;.;.;.;.			17.41	.;.;.;.;.;.;.;.;.;.;.		flagged:intergenic	VariantValidator: variant is non-coding on the BED's RefSeq NM_; c. notation belongs to a different transcript -- drop or re-resolve against an alternative isoform
SMARCA4	NM_001128849.2	c.4167+1G>C	Benign synonymous, SpliceAI<=0.1, PhastCons<1.0, PhyloP<0.1, intronic_ROI(+1)	19	11150230	G	C	0.012	-0.196	.;.;.;.;.;.;.;.;.;.;.			16.95	.;.;.;.;.;.;.;.;.;.;.	Uncertain_significance	flagged:intergenic	VariantValidator: variant is non-coding on the BED's RefSeq NM_; c. notation belongs to a different transcript -- drop or re-resolve against an alternative isoform
SMARCA4	NM_001128849.2	c.4167+1G>T	Benign synonymous, SpliceAI<=0.1, PhastCons<1.0, PhyloP<0.1, intronic_ROI(+1)	19	11150230	G	T	0.012	-0.196	.;.;.;.;.;.;.;.;.;.;.			18.21	.;.;.;.;.;.;.;.;.;.;.	Uncertain_significance	flagged:intergenic	VariantValidator: variant is non-coding on the BED's RefSeq NM_; c. notation belongs to a different transcript -- drop or re-resolve against an alternative isoform
SMARCA4	NM_001128849.2	c.4167+2T>A	Benign synonymous, SpliceAI<=0.1, PhastCons<1.0, PhyloP<0.1, intronic_ROI(+2)	19	11150231	T	A	0.014	-0.319	.;.;.;.;.;.;.;.;.;.;.			16.67	.;.;.;.;.;.;.;.;.;.;.	Uncertain_significance	flagged:intergenic	VariantValidator: variant is non-coding on the BED's RefSeq NM_; c. notation belongs to a different transcript -- drop or re-resolve against an alternative isoform
SMARCA4	NM_001128849.2	c.4167+2T>C	Benign synonymous, SpliceAI<=0.1, PhastCons<1.0, PhyloP<0.1, intronic_ROI(+2)	19	11150231	T	C	0.014	-0.319	.;.;.;.;.;.;.;.;.;.;.			14.97	.;.;.;.;.;.;.;.;.;.;.	Uncertain_significance	flagged:intergenic	VariantValidator: variant is non-coding on the BED's RefSeq NM_; c. notation belongs to a different transcript -- drop or re-resolve against an alternative isoform
SMARCA4	NM_001128849.2	c.4167+2T>G	Benign synonymous, SpliceAI<=0.1, PhastCons<1.0, PhyloP<0.1, intronic_ROI(+2)	19	11150231	T	G	0.014	-0.319	.;.;.;.;.;.;.;.;.;.;.			17.31	.;.;.;.;.;.;.;.;.;.;.		flagged:intergenic	VariantValidator: variant is non-coding on the BED's RefSeq NM_; c. notation belongs to a different transcript -- drop or re-resolve against an alternative isoform
SMARCA4	NM_001128849.2	c.579G>C	Benign synonymous, SpliceAI<=0.1, PhastCons<1.0	19	11169571	G	C	0.277	-0.079				7.615	LB	Likely_benign	flagged:intergenic	VariantValidator: variant is non-coding on the BED's RefSeq NM_; c. notation belongs to a different transcript -- drop or re-resolve against an alternative isoform
SMARCA4	NM_001128849.2	c.579G>T	Benign synonymous, SpliceAI<=0.1, PhastCons<1.0	19	11169571	G	T	0.277	-0.079				7.464	LB		flagged:intergenic	VariantValidator: variant is non-coding on the BED's RefSeq NM_; c. notation belongs to a different transcript -- drop or re-resolve against an alternative isoform
SMARCA4	NM_001128849.2	c.586C>A	Benign synonymous, SpliceAI<=0.1, PhastCons<1.0	19	11169578	C	A	0.005	0.425				1.21	LB		flagged:intergenic	VariantValidator: variant is non-coding on the BED's RefSeq NM_; c. notation belongs to a different transcript -- drop or re-resolve against an alternative isoform
SMARCA4	NM_001128849.2	c.586C>G	Benign synonymous, SpliceAI<=0.1, PhastCons<1.0	19	11169578	C	G	0.005	0.425				0.742	LB		flagged:intergenic	VariantValidator: variant is non-coding on the BED's RefSeq NM_; c. notation belongs to a different transcript -- drop or re-resolve against an alternative isoform
SMARCA4	NM_001128849.2	c.600T>A	Benign synonymous, SpliceAI<=0.1, PhastCons<1.0	19	11169592	T	A	0.0	0.021				1.954	LB		flagged:intergenic	VariantValidator: variant is non-coding on the BED's RefSeq NM_; c. notation belongs to a different transcript -- drop or re-resolve against an alternative isoform
SMARCA4	NM_001128849.2	c.600T>G	Benign synonymous, SpliceAI<=0.1, PhastCons<1.0	19	11169592	T	G	0.0	0.021				2.136	LB		flagged:intergenic	VariantValidator: variant is non-coding on the BED's RefSeq NM_; c. notation belongs to a different transcript -- drop or re-resolve against an alternative isoform
SMARCA4	NM_001128849.2	c.615G>C	Benign synonymous, SpliceAI<=0.1, PhastCons<1.0	19	11169607	G	C	0.0	-0.755				0.162	LB		flagged:intergenic	VariantValidator: variant is non-coding on the BED's RefSeq NM_; c. notation belongs to a different transcript -- drop or re-resolve against an alternative isoform
SMARCA4	NM_001128849.2	c.615G>T	Benign synonymous, SpliceAI<=0.1, PhastCons<1.0	19	11169607	G	T	0.0	-0.755				0.145	LB		flagged:intergenic	VariantValidator: variant is non-coding on the BED's RefSeq NM_; c. notation belongs to a different transcript -- drop or re-resolve against an alternative isoform
SMARCA4	NM_001128849.2	c.616C>A	Benign synonymous, SpliceAI<=0.1, PhastCons<1.0	19	11169608	C	A	0.0	0.244				5.3	LB		flagged:intergenic	VariantValidator: variant is non-coding on the BED's RefSeq NM_; c. notation belongs to a different transcript -- drop or re-resolve against an alternative isoform
SMARCA4	NM_001128849.2	c.616C>G	Benign synonymous, SpliceAI<=0.1, PhastCons<1.0	19	11169608	C	G	0.0	0.244			3.74000e-06	7.631	LB		flagged:intergenic	VariantValidator: variant is non-coding on the BED's RefSeq NM_; c. notation belongs to a different transcript -- drop or re-resolve against an alternative isoform
SMARCA4	NM_001128849.2	c.624T>A	Benign synonymous, SpliceAI<=0.1, PhastCons<1.0	19	11169616	T	A	0.002	0.095				2.315	LP		flagged:intergenic	VariantValidator: variant is non-coding on the BED's RefSeq NM_; c. notation belongs to a different transcript -- drop or re-resolve against an alternative isoform
SMARCA4	NM_001128849.2	c.624T>G	Benign synonymous, SpliceAI<=0.1, PhastCons<1.0	19	11169616	T	G	0.002	0.095				2.71	LP		flagged:intergenic	VariantValidator: variant is non-coding on the BED's RefSeq NM_; c. notation belongs to a different transcript -- drop or re-resolve against an alternative isoform
SMARCA4	NM_001128849.2	c.627C>A	Benign synonymous, SpliceAI<=0.1, PhastCons<1.0	19	11169619	C	A	0.0	-1.897				0.205	LB		flagged:intergenic	VariantValidator: variant is non-coding on the BED's RefSeq NM_; c. notation belongs to a different transcript -- drop or re-resolve against an alternative isoform
SMARCA4	NM_001128849.2	c.627C>G	Benign synonymous, SpliceAI<=0.1, PhastCons<1.0	19	11169619	C	G	0.0	-1.897				0.226	LB		flagged:intergenic	VariantValidator: variant is non-coding on the BED's RefSeq NM_; c. notation belongs to a different transcript -- drop or re-resolve against an alternative isoform
SMARCA4	NM_001128849.2	c.645C>A	Benign synonymous, SpliceAI<=0.1, PhastCons<1.0	19	11169637	C	A	0.001	1.19				2.77	A		flagged:intergenic	VariantValidator: variant is non-coding on the BED's RefSeq NM_; c. notation belongs to a different transcript -- drop or re-resolve against an alternative isoform
SMARCA4	NM_001128849.2	c.645C>G	Benign synonymous, SpliceAI<=0.1, PhastCons<1.0	19	11169637	C	G	0.001	1.19				2.865	A		flagged:intergenic	VariantValidator: variant is non-coding on the BED's RefSeq NM_; c. notation belongs to a different transcript -- drop or re-resolve against an alternative isoform
SMARCA4	NM_001128849.2	c.654A>C	Benign synonymous, SpliceAI<=0.1, PhastCons<1.0	19	11169646	A	C	0.001	-0.054				0.933	LB		flagged:intergenic	VariantValidator: variant is non-coding on the BED's RefSeq NM_; c. notation belongs to a different transcript -- drop or re-resolve against an alternative isoform
SMARCA4	NM_001128849.2	c.654A>T	Benign synonymous, SpliceAI<=0.1, PhastCons<1.0	19	11169646	A	T	0.001	-0.054				0.867	LB		flagged:intergenic	VariantValidator: variant is non-coding on the BED's RefSeq NM_; c. notation belongs to a different transcript -- drop or re-resolve against an alternative isoform
SMARCA4	NM_001128849.2	c.655T>A	Benign synonymous, SpliceAI<=0.1, PhastCons<1.0	19	11169647	T	A	0.0	-0.84				0.262	LB		flagged:intergenic	VariantValidator: variant is non-coding on the BED's RefSeq NM_; c. notation belongs to a different transcript -- drop or re-resolve against an alternative isoform
SMARCA4	NM_001128849.2	c.655T>G	Benign synonymous, SpliceAI<=0.1, PhastCons<1.0	19	11169647	T	G	0.0	-0.84				0.283	LB		flagged:intergenic	VariantValidator: variant is non-coding on the BED's RefSeq NM_; c. notation belongs to a different transcript -- drop or re-resolve against an alternative isoform
SMARCA4	NM_001128849.2	c.657G>C	Benign synonymous, SpliceAI<=0.1, PhastCons<1.0	19	11169649	G	C	0.0	-0.029				1.889	LB		flagged:intergenic	VariantValidator: variant is non-coding on the BED's RefSeq NM_; c. notation belongs to a different transcript -- drop or re-resolve against an alternative isoform
SMARCA4	NM_001128849.2	c.657G>T	Benign synonymous, SpliceAI<=0.1, PhastCons<1.0	19	11169649	G	T	0.0	-0.029				1.847	LB		flagged:intergenic	VariantValidator: variant is non-coding on the BED's RefSeq NM_; c. notation belongs to a different transcript -- drop or re-resolve against an alternative isoform
SMARCA4	NM_001128849.2	c.665A>C	Benign synonymous, SpliceAI<=0.1, PhastCons<1.0	19	11169657	A	C	0.0	-0.69				0.387			flagged:intergenic	VariantValidator: variant is non-coding on the BED's RefSeq NM_; c. notation belongs to a different transcript -- drop or re-resolve against an alternative isoform
SMARCA4	NM_001128849.2	c.665A>T	Benign synonymous, SpliceAI<=0.1, PhastCons<1.0	19	11169657	A	T	0.0	-0.69				0.369			flagged:intergenic	VariantValidator: variant is non-coding on the BED's RefSeq NM_; c. notation belongs to a different transcript -- drop or re-resolve against an alternative isoform
SMARCA4	NM_001128849.2	c.666A>C	Benign synonymous, SpliceAI<=0.1, PhastCons<1.0	19	11169658	A	C	0.0	0.555				2.213			flagged:intergenic	VariantValidator: variant is non-coding on the BED's RefSeq NM_; c. notation belongs to a different transcript -- drop or re-resolve against an alternative isoform
SMARCA4	NM_001128849.2	c.666A>T	Benign synonymous, SpliceAI<=0.1, PhastCons<1.0	19	11169658	A	T	0.0	0.555				0.701			flagged:intergenic	VariantValidator: variant is non-coding on the BED's RefSeq NM_; c. notation belongs to a different transcript -- drop or re-resolve against an alternative isoform
SMARCA4	NM_001128849.2	c.1039-2A>C	Benign synonymous, SpliceAI<=0.1, PhastCons<1.0, PhyloP<0.1, intronic_ROI(-2)	19	11175867	A	C	0.003	-0.006				4.319			flagged:intergenic	VariantValidator: variant is non-coding on the BED's RefSeq NM_; c. notation belongs to a different transcript -- drop or re-resolve against an alternative isoform
SMARCA4	NM_001128849.2	c.1039-2A>G	Benign synonymous, SpliceAI<=0.1, PhastCons<1.0, PhyloP<0.1, intronic_ROI(-2)	19	11175867	A	G	0.003	-0.006				4.586			flagged:intergenic	VariantValidator: variant is non-coding on the BED's RefSeq NM_; c. notation belongs to a different transcript -- drop or re-resolve against an alternative isoform
SMARCA4	NM_001128849.2	c.1039-2A>T	Benign synonymous, SpliceAI<=0.1, PhastCons<1.0, PhyloP<0.1, intronic_ROI(-2)	19	11175867	A	T	0.003	-0.006				4.201			flagged:intergenic	VariantValidator: variant is non-coding on the BED's RefSeq NM_; c. notation belongs to a different transcript -- drop or re-resolve against an alternative isoform
SMARCA4	NM_001128849.2	c.1039-1G>A	Benign synonymous, SpliceAI<=0.1, PhastCons<1.0, PhyloP<0.1, intronic_ROI(-1)	19	11175868	G	A	0.002	-0.432				3.048			flagged:intergenic	VariantValidator: variant is non-coding on the BED's RefSeq NM_; c. notation belongs to a different transcript -- drop or re-resolve against an alternative isoform
SMARCA4	NM_001128849.2	c.1039-1G>C	Benign synonymous, SpliceAI<=0.1, PhastCons<1.0, PhyloP<0.1, intronic_ROI(-1)	19	11175868	G	C	0.002	-0.432				2.636			flagged:intergenic	VariantValidator: variant is non-coding on the BED's RefSeq NM_; c. notation belongs to a different transcript -- drop or re-resolve against an alternative isoform
SMARCA4	NM_001128849.2	c.1039-1G>T	Benign synonymous, SpliceAI<=0.1, PhastCons<1.0, PhyloP<0.1, intronic_ROI(-1)	19	11175868	G	T	0.002	-0.432				2.49			flagged:intergenic	VariantValidator: variant is non-coding on the BED's RefSeq NM_; c. notation belongs to a different transcript -- drop or re-resolve against an alternative isoform
SMARCA4	NM_001128849.2	c.1044C>A	Benign synonymous, SpliceAI<=0.1, PhastCons<1.0	19	11175874	C	A	0.001	-0.212				4.575	A		flagged:intergenic	VariantValidator: variant is non-coding on the BED's RefSeq NM_; c. notation belongs to a different transcript -- drop or re-resolve against an alternative isoform
SMARCA4	NM_001128849.2	c.1044C>G	Benign synonymous, SpliceAI<=0.1, PhastCons<1.0	19	11175874	C	G	0.001	-0.212				4.684	A		flagged:intergenic	VariantValidator: variant is non-coding on the BED's RefSeq NM_; c. notation belongs to a different transcript -- drop or re-resolve against an alternative isoform
SMARCA4	NM_001128849.2	c.1046G>C	Benign synonymous, SpliceAI<=0.1, PhastCons<1.0	19	11175876	G	C	0.003	0.779				4.663			flagged:intergenic	VariantValidator: variant is non-coding on the BED's RefSeq NM_; c. notation belongs to a different transcript -- drop or re-resolve against an alternative isoform
SMARCA4	NM_001128849.2	c.1046G>T	Benign synonymous, SpliceAI<=0.1, PhastCons<1.0	19	11175876	G	T	0.003	0.779				4.599			flagged:intergenic	VariantValidator: variant is non-coding on the BED's RefSeq NM_; c. notation belongs to a different transcript -- drop or re-resolve against an alternative isoform
SUCLG2	NM_003848.3	c.1323A>T	Benign synonymous, SpliceAI<=0.1, PhastCons<1.0	3	67411053	T	A	0.007	0.222				1.785			flagged:intergenic	VariantValidator: variant is non-coding on the BED's RefSeq NM_; c. notation belongs to a different transcript -- drop or re-resolve against an alternative isoform
SUCLG2	NM_003848.3	c.1323A>C	Benign synonymous, SpliceAI<=0.1, PhastCons<1.0	3	67411053	T	G	0.007	0.222				1.368			flagged:intergenic	VariantValidator: variant is non-coding on the BED's RefSeq NM_; c. notation belongs to a different transcript -- drop or re-resolve against an alternative isoform
SUCLG2	NM_003848.3	c.1322A>T	Benign synonymous, SpliceAI<=0.1, PhastCons<1.0	3	67411054	T	A	0.026	0.964				5.756			flagged:intergenic	VariantValidator: variant is non-coding on the BED's RefSeq NM_; c. notation belongs to a different transcript -- drop or re-resolve against an alternative isoform
SUCLG2	NM_003848.3	c.1322A>C	Benign synonymous, SpliceAI<=0.1, PhastCons<1.0	3	67411054	T	G	0.026	0.964				2.474			flagged:intergenic	VariantValidator: variant is non-coding on the BED's RefSeq NM_; c. notation belongs to a different transcript -- drop or re-resolve against an alternative isoform
SUCLG2	NM_003848.3	c.1320T>G	Benign synonymous, SpliceAI<=0.1, PhastCons<1.0	3	67411056	A	C	0.014	0.499	0.052			14.76	LB		flagged:intergenic	VariantValidator: variant is non-coding on the BED's RefSeq NM_; c. notation belongs to a different transcript -- drop or re-resolve against an alternative isoform
SUCLG2	NM_003848.3	c.1320T>A	Benign synonymous, SpliceAI<=0.1, PhastCons<1.0	3	67411056	A	T	0.014	0.499				34.0			flagged:intergenic	VariantValidator: variant is non-coding on the BED's RefSeq NM_; c. notation belongs to a different transcript -- drop or re-resolve against an alternative isoform
SUCLG2	NM_003848.3	c.1317A>T	Benign synonymous, SpliceAI<=0.1, PhastCons<1.0	3	67411059	T	A	0.017	-0.142	0.021			8.094	LB		flagged:intergenic	VariantValidator: variant is non-coding on the BED's RefSeq NM_; c. notation belongs to a different transcript -- drop or re-resolve against an alternative isoform
SUCLG2	NM_003848.3	c.1317A>C	Benign synonymous, SpliceAI<=0.1, PhastCons<1.0	3	67411059	T	G	0.017	-0.142	0.021			8.045	LB		flagged:intergenic	VariantValidator: variant is non-coding on the BED's RefSeq NM_; c. notation belongs to a different transcript -- drop or re-resolve against an alternative isoform
SUCLG2	NM_003848.3	c.1315T>G	Benign synonymous, SpliceAI<=0.1, PhastCons<1.0	3	67411061	A	C	0.103	2.234	0.063			13.49	LB		flagged:intergenic	VariantValidator: variant is non-coding on the BED's RefSeq NM_; c. notation belongs to a different transcript -- drop or re-resolve against an alternative isoform
SUCLG2	NM_003848.3	c.1315T>A	Benign synonymous, SpliceAI<=0.1, PhastCons<1.0	3	67411061	A	T	0.103	2.234	0.056			11.81	LB		flagged:intergenic	VariantValidator: variant is non-coding on the BED's RefSeq NM_; c. notation belongs to a different transcript -- drop or re-resolve against an alternative isoform
SUCLG2	NM_003848.3	c.1314T>G	Benign synonymous, SpliceAI<=0.1, PhastCons<1.0	3	67411062	A	C	0.088	1.412	0.069			16.38	A		flagged:intergenic	VariantValidator: variant is non-coding on the BED's RefSeq NM_; c. notation belongs to a different transcript -- drop or re-resolve against an alternative isoform
SUCLG2	NM_003848.3	c.1314T>A	Benign synonymous, SpliceAI<=0.1, PhastCons<1.0	3	67411062	A	T	0.088	1.412	0.065			15.99	A		flagged:intergenic	VariantValidator: variant is non-coding on the BED's RefSeq NM_; c. notation belongs to a different transcript -- drop or re-resolve against an alternative isoform
SUCLG2	NM_003848.3	c.1308C>G	Benign synonymous, SpliceAI<=0.1, PhastCons<1.0	3	67411068	G	C	0.0	0.227	0.072			3.786	A		flagged:intergenic	VariantValidator: variant is non-coding on the BED's RefSeq NM_; c. notation belongs to a different transcript -- drop or re-resolve against an alternative isoform
SUCLG2	NM_003848.3	c.1308C>A	Benign synonymous, SpliceAI<=0.1, PhastCons<1.0	3	67411068	G	T	0.0	0.227	0.057			3.737	A		flagged:intergenic	VariantValidator: variant is non-coding on the BED's RefSeq NM_; c. notation belongs to a different transcript -- drop or re-resolve against an alternative isoform
SUCLG2	NM_003848.3	c.1299T>G	Benign synonymous, SpliceAI<=0.1, PhastCons<1.0	3	67411077	A	C	0.001	0.687	0.090			15.45	LB		flagged:intergenic	VariantValidator: variant is non-coding on the BED's RefSeq NM_; c. notation belongs to a different transcript -- drop or re-resolve against an alternative isoform
SUCLG2	NM_003848.3	c.1299T>A	Benign synonymous, SpliceAI<=0.1, PhastCons<1.0	3	67411077	A	T	0.001	0.687				34.0			flagged:intergenic	VariantValidator: variant is non-coding on the BED's RefSeq NM_; c. notation belongs to a different transcript -- drop or re-resolve against an alternative isoform
SUCLG2	NM_003848.3	c.1296G>T	Benign synonymous, SpliceAI<=0.1, PhastCons<1.0	3	67411080	C	A	0.005	-0.086	0.040			12.99	LB		flagged:intergenic	VariantValidator: variant is non-coding on the BED's RefSeq NM_; c. notation belongs to a different transcript -- drop or re-resolve against an alternative isoform
SUCLG2	NM_003848.3	c.1296G>C	Benign synonymous, SpliceAI<=0.1, PhastCons<1.0	3	67411080	C	G	0.005	-0.086	0.040			13.07	LB		flagged:intergenic	VariantValidator: variant is non-coding on the BED's RefSeq NM_; c. notation belongs to a different transcript -- drop or re-resolve against an alternative isoform
SUCLG2	NM_003848.3	c.1293T>G	Benign synonymous, SpliceAI<=0.1, PhastCons<1.0	3	67411083	A	C	0.08	2.853	0.090			16.31	LB		flagged:intergenic	VariantValidator: variant is non-coding on the BED's RefSeq NM_; c. notation belongs to a different transcript -- drop or re-resolve against an alternative isoform
SUCLG2	NM_003848.3	c.1293T>A	Benign synonymous, SpliceAI<=0.1, PhastCons<1.0	3	67411083	A	T	0.08	2.853	0.090			16.29	LB		flagged:intergenic	VariantValidator: variant is non-coding on the BED's RefSeq NM_; c. notation belongs to a different transcript -- drop or re-resolve against an alternative isoform
SUCLG2	NM_003848.3	c.1288C>G	Benign synonymous, SpliceAI<=0.1, PhastCons<1.0	3	67411088	G	C	0.736	0.212	0.098			13.83	LB		flagged:intergenic	VariantValidator: variant is non-coding on the BED's RefSeq NM_; c. notation belongs to a different transcript -- drop or re-resolve against an alternative isoform
SUCLG2	NM_003848.3	c.1288C>A	Benign synonymous, SpliceAI<=0.1, PhastCons<1.0	3	67411088	G	T	0.736	0.212	0.086			14.96	LB		flagged:intergenic	VariantValidator: variant is non-coding on the BED's RefSeq NM_; c. notation belongs to a different transcript -- drop or re-resolve against an alternative isoform
SUCLG2	NM_003848.3	c.1287T>G	Benign synonymous, SpliceAI<=0.1, PhastCons<1.0	3	67411089	A	C	0.911	0.875	0.096			17.48	LB		flagged:intergenic	VariantValidator: variant is non-coding on the BED's RefSeq NM_; c. notation belongs to a different transcript -- drop or re-resolve against an alternative isoform
SUCLG2	NM_003848.3	c.1287T>A	Benign synonymous, SpliceAI<=0.1, PhastCons<1.0	3	67411089	A	T	0.911	0.875	0.107			17.3	LB		flagged:intergenic	VariantValidator: variant is non-coding on the BED's RefSeq NM_; c. notation belongs to a different transcript -- drop or re-resolve against an alternative isoform
SUCLG2	NM_003848.3	c.1284A>T	Benign synonymous, SpliceAI<=0.1, PhastCons<1.0	3	67411092	T	A	0.962	1.393	0.084			17.24	LB		flagged:intergenic	VariantValidator: variant is non-coding on the BED's RefSeq NM_; c. notation belongs to a different transcript -- drop or re-resolve against an alternative isoform
SUCLG2	NM_003848.3	c.1284A>C	Benign synonymous, SpliceAI<=0.1, PhastCons<1.0	3	67411092	T	G	0.962	1.393	0.084			17.27	LB		flagged:intergenic	VariantValidator: variant is non-coding on the BED's RefSeq NM_; c. notation belongs to a different transcript -- drop or re-resolve against an alternative isoform
SUCLG2	NM_003848.3	c.1281C>G	Benign synonymous, SpliceAI<=0.1, PhastCons<1.0	3	67411095	G	C	0.011	-0.196	0.011			5.556	LB		flagged:intergenic	VariantValidator: variant is non-coding on the BED's RefSeq NM_; c. notation belongs to a different transcript -- drop or re-resolve against an alternative isoform
SUCLG2	NM_003848.3	c.1281C>A	Benign synonymous, SpliceAI<=0.1, PhastCons<1.0	3	67411095	G	T	0.011	-0.196	0.011			5.407	LB		flagged:intergenic	VariantValidator: variant is non-coding on the BED's RefSeq NM_; c. notation belongs to a different transcript -- drop or re-resolve against an alternative isoform
SUCLG2	NM_003848.3	c.1273G>A	Benign FAF >5%	3	67411103	C	T	0.0	-0.006	0.035		0.265369	8.148	LB	Benign	flagged:intergenic	VariantValidator: variant is non-coding on the BED's RefSeq NM_; c. notation belongs to a different transcript -- drop or re-resolve against an alternative isoform
SUCLG2	NM_003848.3	c.1272C>G	Benign synonymous, SpliceAI<=0.1, PhastCons<1.0	3	67411104	G	C	0.002	1.348	0.054			8.625	LB		flagged:intergenic	VariantValidator: variant is non-coding on the BED's RefSeq NM_; c. notation belongs to a different transcript -- drop or re-resolve against an alternative isoform
SUCLG2	NM_003848.3	c.1272C>A	Benign synonymous, SpliceAI<=0.1, PhastCons<1.0	3	67411104	G	T	0.002	1.348	0.054			8.803	LB		flagged:intergenic	VariantValidator: variant is non-coding on the BED's RefSeq NM_; c. notation belongs to a different transcript -- drop or re-resolve against an alternative isoform
SUCLG2	NM_003848.3	c.1269G>T	Benign synonymous, SpliceAI<=0.1, PhastCons<1.0	3	67411107	C	A	0.0	-1.381	0.021			0.367	LB		flagged:intergenic	VariantValidator: variant is non-coding on the BED's RefSeq NM_; c. notation belongs to a different transcript -- drop or re-resolve against an alternative isoform
SUCLG2	NM_003848.3	c.1269G>C	Benign synonymous, SpliceAI<=0.1, PhastCons<1.0	3	67411107	C	G	0.0	-1.381	0.014		2.90000e-07	0.346	LB		flagged:intergenic	VariantValidator: variant is non-coding on the BED's RefSeq NM_; c. notation belongs to a different transcript -- drop or re-resolve against an alternative isoform
SUCLG2	NM_003848.3	c.1266A>T	Benign synonymous, SpliceAI<=0.1, PhastCons<1.0	3	67411110	T	A	0.004	0.974	0.025			12.59	LB		flagged:intergenic	VariantValidator: variant is non-coding on the BED's RefSeq NM_; c. notation belongs to a different transcript -- drop or re-resolve against an alternative isoform
SUCLG2	NM_003848.3	c.1266A>C	Benign synonymous, SpliceAI<=0.1, PhastCons<1.0	3	67411110	T	G	0.004	0.974	0.025			12.39	LB		flagged:intergenic	VariantValidator: variant is non-coding on the BED's RefSeq NM_; c. notation belongs to a different transcript -- drop or re-resolve against an alternative isoform
SUCLG2	NM_003848.3	c.1251T>G	Benign synonymous, SpliceAI<=0.1, PhastCons<1.0	3	67411125	A	C	0.004	1.942	0.167			10.14	LB		flagged:intergenic	VariantValidator: variant is non-coding on the BED's RefSeq NM_; c. notation belongs to a different transcript -- drop or re-resolve against an alternative isoform
SUCLG2	NM_003848.3	c.1251T>A	Benign synonymous, SpliceAI<=0.1, PhastCons<1.0	3	67411125	A	T	0.004	1.942	0.174			10.01	LB		flagged:intergenic	VariantValidator: variant is non-coding on the BED's RefSeq NM_; c. notation belongs to a different transcript -- drop or re-resolve against an alternative isoform
SUCLG2	NM_003848.3	c.1248G>T	Benign synonymous, SpliceAI<=0.1, PhastCons<1.0	3	67411128	C	A	0.001	0.317	0.072			0.792	LB		flagged:intergenic	VariantValidator: variant is non-coding on the BED's RefSeq NM_; c. notation belongs to a different transcript -- drop or re-resolve against an alternative isoform
SUCLG2	NM_003848.3	c.1248G>C	Benign synonymous, SpliceAI<=0.1, PhastCons<1.0	3	67411128	C	G	0.001	0.317	0.072			0.903	LB		flagged:intergenic	VariantValidator: variant is non-coding on the BED's RefSeq NM_; c. notation belongs to a different transcript -- drop or re-resolve against an alternative isoform
SUCLG2	NM_003848.3	c.1245T>G	Benign synonymous, SpliceAI<=0.1, PhastCons<1.0	3	67411131	A	C	0.004	0.503	0.057		7.00000e-07	0.666	LB		flagged:intergenic	VariantValidator: variant is non-coding on the BED's RefSeq NM_; c. notation belongs to a different transcript -- drop or re-resolve against an alternative isoform
SUCLG2	NM_003848.3	c.1245T>A	Benign synonymous, SpliceAI<=0.1, PhastCons<1.0	3	67411131	A	T	0.004	0.503	0.056		0.00249203	0.66	LB	Uncertain_significance	flagged:intergenic	VariantValidator: variant is non-coding on the BED's RefSeq NM_; c. notation belongs to a different transcript -- drop or re-resolve against an alternative isoform
SUCLG2	NM_003848.3	c.1239T>G	Benign synonymous, SpliceAI<=0.1, PhastCons<1.0	3	67411137	A	C	0.0	-0.09	0.075			0.192	LB		flagged:intergenic	VariantValidator: variant is non-coding on the BED's RefSeq NM_; c. notation belongs to a different transcript -- drop or re-resolve against an alternative isoform
SUCLG2	NM_003848.3	c.1239T>A	Benign synonymous, SpliceAI<=0.1, PhastCons<1.0	3	67411137	A	T	0.0	-0.09	0.063			0.206	LB		flagged:intergenic	VariantValidator: variant is non-coding on the BED's RefSeq NM_; c. notation belongs to a different transcript -- drop or re-resolve against an alternative isoform
SUCLG2	NM_003848.3	c.1230A>T	Benign synonymous, SpliceAI<=0.1, PhastCons<1.0	3	67411146	T	A	0.61	1.639	0.141			13.47	LB		flagged:intergenic	VariantValidator: variant is non-coding on the BED's RefSeq NM_; c. notation belongs to a different transcript -- drop or re-resolve against an alternative isoform
SUCLG2	NM_003848.3	c.1230A>C	Benign synonymous, SpliceAI<=0.1, PhastCons<1.0	3	67411146	T	G	0.61	1.639	0.136			13.12	LB		flagged:intergenic	VariantValidator: variant is non-coding on the BED's RefSeq NM_; c. notation belongs to a different transcript -- drop or re-resolve against an alternative isoform
SUCLG2	NM_003848.3	c.1227A>T	Benign synonymous, SpliceAI<=0.1, PhastCons<1.0	3	67411149	T	A	0.619	2.913	0.163			15.03	LB		flagged:intergenic	VariantValidator: variant is non-coding on the BED's RefSeq NM_; c. notation belongs to a different transcript -- drop or re-resolve against an alternative isoform
SUCLG2	NM_003848.3	c.1227A>C	Benign synonymous, SpliceAI<=0.1, PhastCons<1.0	3	67411149	T	G	0.619	2.913	0.163			14.74	LB		flagged:intergenic	VariantValidator: variant is non-coding on the BED's RefSeq NM_; c. notation belongs to a different transcript -- drop or re-resolve against an alternative isoform
SUCLG2	NM_003848.3	c.1224A>T	Benign synonymous, SpliceAI<=0.1, PhastCons<1.0	3	67411152	T	A	0.001	-0.8	0.087			0.11	LB		flagged:intergenic	VariantValidator: variant is non-coding on the BED's RefSeq NM_; c. notation belongs to a different transcript -- drop or re-resolve against an alternative isoform
SUCLG2	NM_003848.3	c.1224A>C	Benign synonymous, SpliceAI<=0.1, PhastCons<1.0	3	67411152	T	G	0.001	-0.8	0.087			0.116	LB		flagged:intergenic	VariantValidator: variant is non-coding on the BED's RefSeq NM_; c. notation belongs to a different transcript -- drop or re-resolve against an alternative isoform
SUCLG2	NM_003848.3	c.1218C>G	Benign synonymous, SpliceAI<=0.1, PhastCons<1.0	3	67411158	G	C	0.034	1.564	0.020			3.104	LB		flagged:intergenic	VariantValidator: variant is non-coding on the BED's RefSeq NM_; c. notation belongs to a different transcript -- drop or re-resolve against an alternative isoform
SUCLG2	NM_003848.3	c.1218C>A	Benign synonymous, SpliceAI<=0.1, PhastCons<1.0	3	67411158	G	T	0.034	1.564	0.015		1.28000e-06	3.392	LB		flagged:intergenic	VariantValidator: variant is non-coding on the BED's RefSeq NM_; c. notation belongs to a different transcript -- drop or re-resolve against an alternative isoform
SUCLG2	NM_003848.3	c.1212T>G	Benign synonymous, SpliceAI<=0.1, PhastCons<1.0	3	67411164	A	C	0.017	3.083				33.0			flagged:intergenic	VariantValidator: variant is non-coding on the BED's RefSeq NM_; c. notation belongs to a different transcript -- drop or re-resolve against an alternative isoform
SUCLG2	NM_003848.3	c.1212T>A	Benign synonymous, SpliceAI<=0.1, PhastCons<1.0	3	67411164	A	T	0.017	3.083				34.0			flagged:intergenic	VariantValidator: variant is non-coding on the BED's RefSeq NM_; c. notation belongs to a different transcript -- drop or re-resolve against an alternative isoform
SUCLG2	NM_003848.3	c.1210T>C	Benign FAF >5%	3	67411166	A	G	0.001	1.255	0.081		0.443821	2.602	LB	Benign	flagged:intergenic	VariantValidator: variant is non-coding on the BED's RefSeq NM_; c. notation belongs to a different transcript -- drop or re-resolve against an alternative isoform
SUCLG2	NM_003848.3	c.1209T>G	Benign synonymous, SpliceAI<=0.1, PhastCons<1.0	3	67411167	A	C	0.0	-0.062	0.056			0.609	LB		flagged:intergenic	VariantValidator: variant is non-coding on the BED's RefSeq NM_; c. notation belongs to a different transcript -- drop or re-resolve against an alternative isoform
SUCLG2	NM_003848.3	c.1209T>A	Benign synonymous, SpliceAI<=0.1, PhastCons<1.0	3	67411167	A	T	0.0	-0.062	0.060			0.604	LB		flagged:intergenic	VariantValidator: variant is non-coding on the BED's RefSeq NM_; c. notation belongs to a different transcript -- drop or re-resolve against an alternative isoform
SUCLG2	NM_003848.3	c.1203A>T	Benign synonymous, SpliceAI<=0.1, PhastCons<1.0	3	67411173	T	A	0.006	0.055	0.108			5.584	LB		flagged:intergenic	VariantValidator: variant is non-coding on the BED's RefSeq NM_; c. notation belongs to a different transcript -- drop or re-resolve against an alternative isoform
SUCLG2	NM_003848.3	c.1203A>C	Benign synonymous, SpliceAI<=0.1, PhastCons<1.0	3	67411173	T	G	0.006	0.055	0.108			5.331	LB		flagged:intergenic	VariantValidator: variant is non-coding on the BED's RefSeq NM_; c. notation belongs to a different transcript -- drop or re-resolve against an alternative isoform
SUCLG2	NM_003848.3	c.1200A>T	Benign synonymous, SpliceAI<=0.1, PhastCons<1.0	3	67411176	T	A	0.031	0.097	0.094			8.631	LB		flagged:intergenic	VariantValidator: variant is non-coding on the BED's RefSeq NM_; c. notation belongs to a different transcript -- drop or re-resolve against an alternative isoform
SUCLG2	NM_003848.3	c.1200A>C	Benign synonymous, SpliceAI<=0.1, PhastCons<1.0	3	67411176	T	G	0.031	0.097	0.094			11.9	LB		flagged:intergenic	VariantValidator: variant is non-coding on the BED's RefSeq NM_; c. notation belongs to a different transcript -- drop or re-resolve against an alternative isoform
SUCLG2	NM_003848.3	c.1197A>T	Benign synonymous, SpliceAI<=0.1, PhastCons<1.0	3	67411179	T	A	0.046	0.869	0.059			6.562	LB		flagged:intergenic	VariantValidator: variant is non-coding on the BED's RefSeq NM_; c. notation belongs to a different transcript -- drop or re-resolve against an alternative isoform
SUCLG2	NM_003848.3	c.1197A>C	Benign synonymous, SpliceAI<=0.1, PhastCons<1.0	3	67411179	T	G	0.046	0.869	0.066			6.379	LB		flagged:intergenic	VariantValidator: variant is non-coding on the BED's RefSeq NM_; c. notation belongs to a different transcript -- drop or re-resolve against an alternative isoform
SUCLG2	NM_003848.3	c.1191T>G	Benign synonymous, SpliceAI<=0.1, PhastCons<1.0	3	67411185	A	C	0.0	-0.297	0.038			1.301	LP		flagged:intergenic	VariantValidator: variant is non-coding on the BED's RefSeq NM_; c. notation belongs to a different transcript -- drop or re-resolve against an alternative isoform
SUCLG2	NM_003848.3	c.1191T>A	Benign synonymous, SpliceAI<=0.1, PhastCons<1.0	3	67411185	A	T	0.0	-0.297	0.052			1.36	LP		flagged:intergenic	VariantValidator: variant is non-coding on the BED's RefSeq NM_; c. notation belongs to a different transcript -- drop or re-resolve against an alternative isoform
TP53	NM_000546.5	c.858A>T	Benign synonymous, SpliceAI<=0.1, PhastCons<1.0	17	7565257	T	A	0.184	0.212				2.973			flagged:intergenic	VariantValidator: variant is non-coding on the BED's RefSeq NM_; c. notation belongs to a different transcript -- drop or re-resolve against an alternative isoform
TP53	NM_000546.5	c.858A>C	Benign synonymous, SpliceAI<=0.1, PhastCons<1.0	17	7565257	T	G	0.184	0.212				2.622			flagged:intergenic	VariantValidator: variant is non-coding on the BED's RefSeq NM_; c. notation belongs to a different transcript -- drop or re-resolve against an alternative isoform
TP53	NM_000546.5	c.857A>T	Benign synonymous, SpliceAI<=0.1, PhastCons<1.0	17	7565258	T	A	0.152	-0.938				0.909			flagged:intergenic	VariantValidator: variant is non-coding on the BED's RefSeq NM_; c. notation belongs to a different transcript -- drop or re-resolve against an alternative isoform
TP53	NM_000546.5	c.857A>C	Benign synonymous, SpliceAI<=0.1, PhastCons<1.0	17	7565258	T	G	0.152	-0.938				0.279			flagged:intergenic	VariantValidator: variant is non-coding on the BED's RefSeq NM_; c. notation belongs to a different transcript -- drop or re-resolve against an alternative isoform
TP53	NM_000546.5	c.855C>G	Benign synonymous, SpliceAI<=0.1, PhastCons<1.0	17	7565260	G	C	0.133	0.249				26.4			flagged:intergenic	VariantValidator: variant is non-coding on the BED's RefSeq NM_; c. notation belongs to a different transcript -- drop or re-resolve against an alternative isoform
TP53	NM_000546.5	c.855C>A	Benign synonymous, SpliceAI<=0.1, PhastCons<1.0	17	7565260	G	T	0.133	0.249				26.3			flagged:intergenic	VariantValidator: variant is non-coding on the BED's RefSeq NM_; c. notation belongs to a different transcript -- drop or re-resolve against an alternative isoform
TP53	NM_000546.5	c.849T>G	Benign synonymous, SpliceAI<=0.1, PhastCons<1.0	17	7565266	A	C	0.082	0.237	0.302			5.537	LB		flagged:intergenic	VariantValidator: variant is non-coding on the BED's RefSeq NM_; c. notation belongs to a different transcript -- drop or re-resolve against an alternative isoform
TP53	NM_000546.5	c.849T>A	Benign synonymous, SpliceAI<=0.1, PhastCons<1.0	17	7565266	A	T	0.082	0.237	0.223			5.553	LB		flagged:intergenic	VariantValidator: variant is non-coding on the BED's RefSeq NM_; c. notation belongs to a different transcript -- drop or re-resolve against an alternative isoform
TP53	NM_000546.5	c.843A>T	Benign synonymous, SpliceAI<=0.1, PhastCons<1.0	17	7565272	T	A	0.078	0.212	0.207			12.4	LB		flagged:intergenic	VariantValidator: variant is non-coding on the BED's RefSeq NM_; c. notation belongs to a different transcript -- drop or re-resolve against an alternative isoform
TP53	NM_000546.5	c.843A>C	Benign synonymous, SpliceAI<=0.1, PhastCons<1.0	17	7565272	T	G	0.078	0.212	0.224			12.47	LB		flagged:intergenic	VariantValidator: variant is non-coding on the BED's RefSeq NM_; c. notation belongs to a different transcript -- drop or re-resolve against an alternative isoform
TP53	NM_000546.5	c.834C>G	Benign synonymous, SpliceAI<=0.1, PhastCons<1.0	17	7565281	G	C	0.092	-0.804	0.263			7.584	LB		flagged:intergenic	VariantValidator: variant is non-coding on the BED's RefSeq NM_; c. notation belongs to a different transcript -- drop or re-resolve against an alternative isoform
TP53	NM_000546.5	c.834C>A	Benign synonymous, SpliceAI<=0.1, PhastCons<1.0	17	7565281	G	T	0.092	-0.804	0.263			7.715	LB		flagged:intergenic	VariantValidator: variant is non-coding on the BED's RefSeq NM_; c. notation belongs to a different transcript -- drop or re-resolve against an alternative isoform
TP53	NM_000546.5	c.826C>G	Benign synonymous, SpliceAI<=0.1, PhastCons<1.0	17	7565289	G	C	0.258	0.249	0.206			12.14	LB		flagged:intergenic	VariantValidator: variant is non-coding on the BED's RefSeq NM_; c. notation belongs to a different transcript -- drop or re-resolve against an alternative isoform
TP53	NM_000546.5	c.826C>A	Benign synonymous, SpliceAI<=0.1, PhastCons<1.0	17	7565289	G	T	0.258	0.249	0.197			13.29	LB		flagged:intergenic	VariantValidator: variant is non-coding on the BED's RefSeq NM_; c. notation belongs to a different transcript -- drop or re-resolve against an alternative isoform
TP53	NM_000546.5	c.825C>G	Benign synonymous, SpliceAI<=0.1, PhastCons<1.0	17	7565290	G	C	0.269	0.249	0.363			13.8	LB		flagged:intergenic	VariantValidator: variant is non-coding on the BED's RefSeq NM_; c. notation belongs to a different transcript -- drop or re-resolve against an alternative isoform
TP53	NM_000546.5	c.825C>A	Benign synonymous, SpliceAI<=0.1, PhastCons<1.0	17	7565290	G	T	0.269	0.249	0.363			13.64	LB		flagged:intergenic	VariantValidator: variant is non-coding on the BED's RefSeq NM_; c. notation belongs to a different transcript -- drop or re-resolve against an alternative isoform
TP53	NM_000546.5	c.822C>G	Benign synonymous, SpliceAI<=0.1, PhastCons<1.0	17	7565293	G	C	0.296	0.249	0.271			13.07	LB		flagged:intergenic	VariantValidator: variant is non-coding on the BED's RefSeq NM_; c. notation belongs to a different transcript -- drop or re-resolve against an alternative isoform
TP53	NM_000546.5	c.822C>A	Benign synonymous, SpliceAI<=0.1, PhastCons<1.0	17	7565293	G	T	0.296	0.249	0.271		2.25100e-05	12.98	LB		flagged:intergenic	VariantValidator: variant is non-coding on the BED's RefSeq NM_; c. notation belongs to a different transcript -- drop or re-resolve against an alternative isoform
TP53	NM_000546.5	c.819A>T	Benign synonymous, SpliceAI<=0.1, PhastCons<1.0	17	7565296	T	A	0.303	0.212	0.312			14.17	LB		flagged:intergenic	VariantValidator: variant is non-coding on the BED's RefSeq NM_; c. notation belongs to a different transcript -- drop or re-resolve against an alternative isoform
TP53	NM_000546.5	c.819A>C	Benign synonymous, SpliceAI<=0.1, PhastCons<1.0	17	7565296	T	G	0.303	0.212	0.312			14.06	LB		flagged:intergenic	VariantValidator: variant is non-coding on the BED's RefSeq NM_; c. notation belongs to a different transcript -- drop or re-resolve against an alternative isoform
TP53	NM_000546.5	c.807G>T	Benign synonymous, SpliceAI<=0.1, PhastCons<1.0	17	7565308	C	A	0.2	-0.953	0.267			7.83	LB		flagged:intergenic	VariantValidator: variant is non-coding on the BED's RefSeq NM_; c. notation belongs to a different transcript -- drop or re-resolve against an alternative isoform
TP53	NM_000546.5	c.807G>C	Benign synonymous, SpliceAI<=0.1, PhastCons<1.0	17	7565308	C	G	0.2	-0.953	0.267			7.904	LB		flagged:intergenic	VariantValidator: variant is non-coding on the BED's RefSeq NM_; c. notation belongs to a different transcript -- drop or re-resolve against an alternative isoform
TP53	NM_000546.5	c.805A>T	Benign synonymous, SpliceAI<=0.1, PhastCons<1.0	17	7565310	T	A	0.196	0.212	0.291			15.64	LB		flagged:intergenic	VariantValidator: variant is non-coding on the BED's RefSeq NM_; c. notation belongs to a different transcript -- drop or re-resolve against an alternative isoform
TP53	NM_000546.5	c.805A>G	Benign synonymous, SpliceAI<=0.1, PhastCons<1.0	17	7565310	T	C	0.196	0.212	0.263			14.17	LB		flagged:intergenic	VariantValidator: variant is non-coding on the BED's RefSeq NM_; c. notation belongs to a different transcript -- drop or re-resolve against an alternative isoform
TP53	NM_000546.5	c.802C>G	Benign synonymous, SpliceAI<=0.1, PhastCons<1.0	17	7565313	G	C	0.182	0.249	0.222			5.049	LB		flagged:intergenic	VariantValidator: variant is non-coding on the BED's RefSeq NM_; c. notation belongs to a different transcript -- drop or re-resolve against an alternative isoform
TP53	NM_000546.5	c.802C>A	Benign synonymous, SpliceAI<=0.1, PhastCons<1.0	17	7565313	G	T	0.182	0.249	0.237			7.133	LB		flagged:intergenic	VariantValidator: variant is non-coding on the BED's RefSeq NM_; c. notation belongs to a different transcript -- drop or re-resolve against an alternative isoform
TP53	NM_000546.5	c.801C>G	Benign synonymous, SpliceAI<=0.1, PhastCons<1.0	17	7565314	G	C	0.174	0.249	0.233			5.161	LB		flagged:intergenic	VariantValidator: variant is non-coding on the BED's RefSeq NM_; c. notation belongs to a different transcript -- drop or re-resolve against an alternative isoform
TP53	NM_000546.5	c.801C>A	Benign synonymous, SpliceAI<=0.1, PhastCons<1.0	17	7565314	G	T	0.174	0.249	0.311			5.027	LB		flagged:intergenic	VariantValidator: variant is non-coding on the BED's RefSeq NM_; c. notation belongs to a different transcript -- drop or re-resolve against an alternative isoform
TP53	NM_000546.5	c.798T>G	Benign synonymous, SpliceAI<=0.1, PhastCons<1.0	17	7565317	A	C	0.139	0.237	0.243			0.989	LB		flagged:intergenic	VariantValidator: variant is non-coding on the BED's RefSeq NM_; c. notation belongs to a different transcript -- drop or re-resolve against an alternative isoform
TP53	NM_000546.5	c.798T>A	Benign synonymous, SpliceAI<=0.1, PhastCons<1.0	17	7565317	A	T	0.139	0.237	0.259			1.011	LB		flagged:intergenic	VariantValidator: variant is non-coding on the BED's RefSeq NM_; c. notation belongs to a different transcript -- drop or re-resolve against an alternative isoform
TP53	NM_000546.5	c.792G>T	Benign synonymous, SpliceAI<=0.1, PhastCons<1.0	17	7565323	C	A	0.015	-0.949	0.288			0.482	LB		flagged:intergenic	VariantValidator: variant is non-coding on the BED's RefSeq NM_; c. notation belongs to a different transcript -- drop or re-resolve against an alternative isoform
TP53	NM_000546.5	c.792G>C	Benign synonymous, SpliceAI<=0.1, PhastCons<1.0	17	7565323	C	G	0.015	-0.949	0.272			0.526	LB		flagged:intergenic	VariantValidator: variant is non-coding on the BED's RefSeq NM_; c. notation belongs to a different transcript -- drop or re-resolve against an alternative isoform
TP53	NM_000546.5	c.789G>T	Benign synonymous, SpliceAI<=0.1, PhastCons<1.0	17	7565326	C	A	0.011	0.21	0.211			5.135	LB		flagged:intergenic	VariantValidator: variant is non-coding on the BED's RefSeq NM_; c. notation belongs to a different transcript -- drop or re-resolve against an alternative isoform
TP53	NM_000546.5	c.789G>C	Benign synonymous, SpliceAI<=0.1, PhastCons<1.0	17	7565326	C	G	0.011	0.21	0.218			5.044	LB		flagged:intergenic	VariantValidator: variant is non-coding on the BED's RefSeq NM_; c. notation belongs to a different transcript -- drop or re-resolve against an alternative isoform
TP53	NM_000546.5	c.787A>T	Benign synonymous, SpliceAI<=0.1, PhastCons<1.0	17	7565328	T	A	0.016	0.212	0.249			14.56	LB		flagged:intergenic	VariantValidator: variant is non-coding on the BED's RefSeq NM_; c. notation belongs to a different transcript -- drop or re-resolve against an alternative isoform
TP53	NM_000546.5	c.787A>G	Benign synonymous, SpliceAI<=0.1, PhastCons<1.0	17	7565328	T	C	0.016	0.212	0.212			5.585	LB		flagged:intergenic	VariantValidator: variant is non-coding on the BED's RefSeq NM_; c. notation belongs to a different transcript -- drop or re-resolve against an alternative isoform
TP53	NM_000546.5	c.783G>T	Benign synonymous, SpliceAI<=0.1, PhastCons<1.0	17	7565332	C	A	0.017	0.21	0.317			12.88	LB		flagged:intergenic	VariantValidator: variant is non-coding on the BED's RefSeq NM_; c. notation belongs to a different transcript -- drop or re-resolve against an alternative isoform
TP53	NM_000546.5	c.783G>C	Benign synonymous, SpliceAI<=0.1, PhastCons<1.0	17	7565332	C	G	0.017	0.21	0.331			12.28	LB		flagged:intergenic	VariantValidator: variant is non-coding on the BED's RefSeq NM_; c. notation belongs to a different transcript -- drop or re-resolve against an alternative isoform
TP53	NM_000546.5	c.783-1G>T	Benign synonymous, SpliceAI<=0.1, PhastCons<1.0, PhyloP<0.1, intronic_ROI(-1)	17	7565333	C	A	0.015	-0.953				3.879			flagged:intergenic	VariantValidator: variant is non-coding on the BED's RefSeq NM_; c. notation belongs to a different transcript -- drop or re-resolve against an alternative isoform
TP53	NM_000546.5	c.783-1G>C	Benign synonymous, SpliceAI<=0.1, PhastCons<1.0, PhyloP<0.1, intronic_ROI(-1)	17	7565333	C	G	0.015	-0.953				3.153			flagged:intergenic	VariantValidator: variant is non-coding on the BED's RefSeq NM_; c. notation belongs to a different transcript -- drop or re-resolve against an alternative isoform
TP53	NM_000546.5	c.783-1G>A	Benign synonymous, SpliceAI<=0.1, PhastCons<1.0, PhyloP<0.1, intronic_ROI(-1)	17	7565333	C	T	0.015	-0.953				5.039			flagged:intergenic	VariantValidator: variant is non-coding on the BED's RefSeq NM_; c. notation belongs to a different transcript -- drop or re-resolve against an alternative isoform
TP53	NM_000546.5	c.783-2A>T	Benign synonymous, SpliceAI<=0.1, PhastCons<1.0, PhyloP<0.1, intronic_ROI(-2)	17	7565334	T	A	0.012	-1.058				7.032			flagged:intergenic	VariantValidator: variant is non-coding on the BED's RefSeq NM_; c. notation belongs to a different transcript -- drop or re-resolve against an alternative isoform
TP53	NM_000546.5	c.783-2A>G	Benign synonymous, SpliceAI<=0.1, PhastCons<1.0, PhyloP<0.1, intronic_ROI(-2)	17	7565334	T	C	0.012	-1.058				6.804			flagged:intergenic	VariantValidator: variant is non-coding on the BED's RefSeq NM_; c. notation belongs to a different transcript -- drop or re-resolve against an alternative isoform
TP53	NM_000546.5	c.783-2A>C	Benign synonymous, SpliceAI<=0.1, PhastCons<1.0, PhyloP<0.1, intronic_ROI(-2)	17	7565334	T	G	0.012	-1.058				7.364			flagged:intergenic	VariantValidator: variant is non-coding on the BED's RefSeq NM_; c. notation belongs to a different transcript -- drop or re-resolve against an alternative isoform
TP53	NM_000546.5	c.1043G>T	Benign synonymous, SpliceAI<=0.1, PhastCons<1.0	17	7569503	C	A	0.032	0.645				3.888			flagged:intergenic	VariantValidator: variant is non-coding on the BED's RefSeq NM_; c. notation belongs to a different transcript -- drop or re-resolve against an alternative isoform
TP53	NM_000546.5	c.1043G>C	Benign synonymous, SpliceAI<=0.1, PhastCons<1.0	17	7569503	C	G	0.032	0.645				2.47			flagged:intergenic	VariantValidator: variant is non-coding on the BED's RefSeq NM_; c. notation belongs to a different transcript -- drop or re-resolve against an alternative isoform
TP53	NM_000546.5	c.1032C>G	Benign synonymous, SpliceAI<=0.1, PhastCons<1.0	17	7569514	G	C	0.001	0.002				1.679			flagged:intergenic	VariantValidator: variant is non-coding on the BED's RefSeq NM_; c. notation belongs to a different transcript -- drop or re-resolve against an alternative isoform
TP53	NM_000546.5	c.1032C>A	Benign synonymous, SpliceAI<=0.1, PhastCons<1.0	17	7569514	G	T	0.001	0.002				1.117			flagged:intergenic	VariantValidator: variant is non-coding on the BED's RefSeq NM_; c. notation belongs to a different transcript -- drop or re-resolve against an alternative isoform
TP53	NM_000546.5	c.1029C>G	Benign synonymous, SpliceAI<=0.1, PhastCons<1.0	17	7569517	G	C	0.001	-0.023				4.169			flagged:intergenic	VariantValidator: variant is non-coding on the BED's RefSeq NM_; c. notation belongs to a different transcript -- drop or re-resolve against an alternative isoform
TP53	NM_000546.5	c.1029C>A	Benign synonymous, SpliceAI<=0.1, PhastCons<1.0	17	7569517	G	T	0.001	-0.023				2.649			flagged:intergenic	VariantValidator: variant is non-coding on the BED's RefSeq NM_; c. notation belongs to a different transcript -- drop or re-resolve against an alternative isoform
TP53	NM_000546.5	c.1023T>G	Benign synonymous, SpliceAI<=0.1, PhastCons<1.0	17	7569523	A	C	0.006	-0.075				2.996			flagged:intergenic	VariantValidator: variant is non-coding on the BED's RefSeq NM_; c. notation belongs to a different transcript -- drop or re-resolve against an alternative isoform
TP53	NM_000546.5	c.1023T>A	Benign synonymous, SpliceAI<=0.1, PhastCons<1.0	17	7569523	A	T	0.006	-0.075				3.003			flagged:intergenic	VariantValidator: variant is non-coding on the BED's RefSeq NM_; c. notation belongs to a different transcript -- drop or re-resolve against an alternative isoform
TP53	NM_000546.5	c.1020T>G	Benign synonymous, SpliceAI<=0.1, PhastCons<1.0	17	7569526	A	C	0.009	-0.08				2.988			flagged:intergenic	VariantValidator: variant is non-coding on the BED's RefSeq NM_; c. notation belongs to a different transcript -- drop or re-resolve against an alternative isoform
TP53	NM_000546.5	c.1020T>A	Benign synonymous, SpliceAI<=0.1, PhastCons<1.0	17	7569526	A	T	0.009	-0.08				2.893			flagged:intergenic	VariantValidator: variant is non-coding on the BED's RefSeq NM_; c. notation belongs to a different transcript -- drop or re-resolve against an alternative isoform
TP53	NM_000546.5	c.1027C>G	Benign synonymous, SpliceAI<=0.1, PhastCons<1.0	17	7569529	G	C	0.015	0.777	0.269			3.248	LB		flagged:intergenic	VariantValidator: variant is non-coding on the BED's RefSeq NM_; c. notation belongs to a different transcript -- drop or re-resolve against an alternative isoform
TP53	NM_000546.5	c.1027C>A	Benign synonymous, SpliceAI<=0.1, PhastCons<1.0	17	7569529	G	T	0.015	0.777	0.278			3.983	LB		flagged:intergenic	VariantValidator: variant is non-coding on the BED's RefSeq NM_; c. notation belongs to a different transcript -- drop or re-resolve against an alternative isoform
TP53	NM_000546.5	c.1026C>G	Benign synonymous, SpliceAI<=0.1, PhastCons<1.0	17	7569530	G	C	0.012	0.777	0.240			2.609	LB		flagged:intergenic	VariantValidator: variant is non-coding on the BED's RefSeq NM_; c. notation belongs to a different transcript -- drop or re-resolve against an alternative isoform
TP53	NM_000546.5	c.1026C>A	Benign synonymous, SpliceAI<=0.1, PhastCons<1.0	17	7569530	G	T	0.012	0.777	0.240			2.558	LB		flagged:intergenic	VariantValidator: variant is non-coding on the BED's RefSeq NM_; c. notation belongs to a different transcript -- drop or re-resolve against an alternative isoform
TP53	NM_000546.5	c.1011T>G	Benign synonymous, SpliceAI<=0.1, PhastCons<1.0	17	7569535	A	C	0.0	-0.688				0.371			flagged:intergenic	VariantValidator: variant is non-coding on the BED's RefSeq NM_; c. notation belongs to a different transcript -- drop or re-resolve against an alternative isoform
TP53	NM_000546.5	c.1021T>C	Likely_benign FAF >0.1%, REVEL <0.29, SpliceAI<=0.1	17	7569535	A	G	0.0	-0.688	0.281		0.00111330	0.412	LB		flagged:intergenic	VariantValidator: variant is non-coding on the BED's RefSeq NM_; c. notation belongs to a different transcript -- drop or re-resolve against an alternative isoform
TP53	NM_000546.5	c.1011T>A	Benign synonymous, SpliceAI<=0.1, PhastCons<1.0	17	7569535	A	T	0.0	-0.688				0.361			flagged:intergenic	VariantValidator: variant is non-coding on the BED's RefSeq NM_; c. notation belongs to a different transcript -- drop or re-resolve against an alternative isoform
TP53	NM_000546.5	c.1014C>G	Benign synonymous, SpliceAI<=0.1, PhastCons<1.0	17	7569542	G	C	0.0	-0.072	0.301			1.691	LB		flagged:intergenic	VariantValidator: variant is non-coding on the BED's RefSeq NM_; c. notation belongs to a different transcript -- drop or re-resolve against an alternative isoform
TP53	NM_000546.5	c.1014C>A	Benign synonymous, SpliceAI<=0.1, PhastCons<1.0	17	7569542	G	T	0.0	-0.072	0.299			0.725	LB		flagged:intergenic	VariantValidator: variant is non-coding on the BED's RefSeq NM_; c. notation belongs to a different transcript -- drop or re-resolve against an alternative isoform
TP53	NM_000546.5	c.1009A>T	Benign synonymous, SpliceAI<=0.1, PhastCons<1.0	17	7569547	T	A	0.002	-0.072	0.270			0.265	LB		flagged:intergenic	VariantValidator: variant is non-coding on the BED's RefSeq NM_; c. notation belongs to a different transcript -- drop or re-resolve against an alternative isoform
TP53	NM_000546.5	c.1009A>G	Benign synonymous, SpliceAI<=0.1, PhastCons<1.0	17	7569547	T	C	0.002	-0.072	0.211			0.327	LB		flagged:intergenic	VariantValidator: variant is non-coding on the BED's RefSeq NM_; c. notation belongs to a different transcript -- drop or re-resolve against an alternative isoform
TP53	NM_000546.5	c.993C>G	Benign synonymous, SpliceAI<=0.1, PhastCons<1.0	17	7569553	G	C	0.169	-0.135				1.974			flagged:intergenic	VariantValidator: variant is non-coding on the BED's RefSeq NM_; c. notation belongs to a different transcript -- drop or re-resolve against an alternative isoform
TP53	NM_000546.5	c.993C>A	Benign synonymous, SpliceAI<=0.1, PhastCons<1.0	17	7569553	G	T	0.169	-0.135				2.121			flagged:intergenic	VariantValidator: variant is non-coding on the BED's RefSeq NM_; c. notation belongs to a different transcript -- drop or re-resolve against an alternative isoform
TP53	NM_000546.5	c.1002T>A	Benign synonymous, SpliceAI<=0.1, PhastCons<1.0	17	7569554	A	T	0.167	-0.187	0.272			3.667	A		flagged:intergenic	VariantValidator: variant is non-coding on the BED's RefSeq NM_; c. notation belongs to a different transcript -- drop or re-resolve against an alternative isoform
TP53	NM_000546.5	c.987A>T	Benign synonymous, SpliceAI<=0.1, PhastCons<1.0	17	7569559	T	A	0.133	0.836				4.714			flagged:intergenic	VariantValidator: variant is non-coding on the BED's RefSeq NM_; c. notation belongs to a different transcript -- drop or re-resolve against an alternative isoform
TP53	NM_000546.5	c.987A>C	Benign synonymous, SpliceAI<=0.1, PhastCons<1.0	17	7569559	T	G	0.133	0.836				4.629			flagged:intergenic	VariantValidator: variant is non-coding on the BED's RefSeq NM_; c. notation belongs to a different transcript -- drop or re-resolve against an alternative isoform
TP53	NM_000546.5	c.996A>C	Benign synonymous, SpliceAI<=0.1, PhastCons<1.0	17	7569560	T	G	0.108	0.836	0.245			4.363	LB		flagged:intergenic	VariantValidator: variant is non-coding on the BED's RefSeq NM_; c. notation belongs to a different transcript -- drop or re-resolve against an alternative isoform
TP53	NM_000546.5	c.994-1G>T	Benign synonymous, SpliceAI<=0.1, PhastCons<1.0, PhyloP<0.1, intronic_ROI(-1)	17	7569563	C	A	0.017	-0.131	.;.			13.68	.;.		flagged:intergenic	VariantValidator: variant is non-coding on the BED's RefSeq NM_; c. notation belongs to a different transcript -- drop or re-resolve against an alternative isoform
TP53	NM_000546.5	c.994-1G>C	Benign synonymous, SpliceAI<=0.1, PhastCons<1.0, PhyloP<0.1, intronic_ROI(-1)	17	7569563	C	G	0.017	-0.131	.;.			12.49	.;.		flagged:intergenic	VariantValidator: variant is non-coding on the BED's RefSeq NM_; c. notation belongs to a different transcript -- drop or re-resolve against an alternative isoform
TP53	NM_000546.5	c.994-1G>A	Benign synonymous, SpliceAI<=0.1, PhastCons<1.0, PhyloP<0.1, intronic_ROI(-1)	17	7569563	C	T	0.017	-0.131	.;.			14.17	.;.		flagged:intergenic	VariantValidator: variant is non-coding on the BED's RefSeq NM_; c. notation belongs to a different transcript -- drop or re-resolve against an alternative isoform
TP53	NM_000546.5	c.994-2A>T	Benign synonymous, SpliceAI<=0.1, PhastCons<1.0, PhyloP<0.1, intronic_ROI(-2)	17	7569564	T	A	0.006	-1.293	.;.			11.47	.;.		flagged:intergenic	VariantValidator: variant is non-coding on the BED's RefSeq NM_; c. notation belongs to a different transcript -- drop or re-resolve against an alternative isoform
TP53	NM_000546.5	c.994-2A>G	Benign synonymous, SpliceAI<=0.1, PhastCons<1.0, PhyloP<0.1, intronic_ROI(-2)	17	7569564	T	C	0.006	-1.293	.;.			10.54	.;.		flagged:intergenic	VariantValidator: variant is non-coding on the BED's RefSeq NM_; c. notation belongs to a different transcript -- drop or re-resolve against an alternative isoform
TP53	NM_000546.5	c.994-2A>C	Benign synonymous, SpliceAI<=0.1, PhastCons<1.0, PhyloP<0.1, intronic_ROI(-2)	17	7569564	T	G	0.006	-1.293	.;.			11.76	.;.		flagged:intergenic	VariantValidator: variant is non-coding on the BED's RefSeq NM_; c. notation belongs to a different transcript -- drop or re-resolve against an alternative isoform
