gene	transcript	hgvs_c	classification	PhastCons100way	PhyloP100way	REVEL	SpliceAI_masked	FAF95_grpmax	CADD_phred	AlphaMissense_pred	ClinVar_sig
ACD	NM_001082486.2	c.1299-5T>G	Benign synonymous, SpliceAI<=0.1, PhastCons<1.0, PhyloP<0.1, intronic_ROI(-5)	0.011	-0.007				6.615		
ACD	NM_001082486.2	c.1299-5T>A	Benign synonymous, SpliceAI<=0.1, PhastCons<1.0, PhyloP<0.1, intronic_ROI(-5)	0.011	-0.007				13.86		
ACD	NM_001082486.2	c.1299-8C>G	Benign synonymous, SpliceAI<=0.1, PhastCons<1.0, PhyloP<0.1, intronic_ROI(-8)	0.011	0.032				3.208		
ACD	NM_001082486.2	c.1299-8C>A	Benign synonymous, SpliceAI<=0.1, PhastCons<1.0, PhyloP<0.1, intronic_ROI(-8)	0.011	0.032			2.80000e-07	8.63		
ACD	NM_001082486.2	c.1295T>C	Benign FAF >5%	0.145	-0.091	.;.		0.895011	5.452	.;.	Benign
ACD	NM_001082486.2	c.1245G>T	Benign synonymous, SpliceAI<=0.1, PhastCons<1.0	0.047	-1.831	.;.;.			5.245	.;.;.	
ACD	NM_001082486.2	c.1245G>C	Benign synonymous, SpliceAI<=0.1, PhastCons<1.0	0.047	-1.831	.;.;.			4.683	.;.;.	
ACD	NM_001082486.2	c.1245G>A	Benign synonymous, SpliceAI<=0.1, PhastCons<1.0	0.047	-1.831	.;.;.			0.99	.;.;.	
ACD	NM_001082486.2	c.1244A>T	Benign synonymous, SpliceAI<=0.1, PhastCons<1.0	0.992	2.68	.;.;.			24.0	.;.;.	
ACD	NM_001082486.2	c.1244A>G	Benign synonymous, SpliceAI<=0.1, PhastCons<1.0	0.992	2.68	.;.;.			24.9	.;.;.	
ACD	NM_001082486.2	c.1244A>C	Benign synonymous, SpliceAI<=0.1, PhastCons<1.0	0.992	2.68	.;.;.			25.7	.;.;.	
ACD	NM_001082486.2	c.1218G>T	Benign synonymous, SpliceAI<=0.1, PhastCons<1.0	0.0	0.056				20.7		
ACD	NM_001082486.2	c.1218G>C	Benign synonymous, SpliceAI<=0.1, PhastCons<1.0	0.0	0.056				21.1		
ACD	NM_001082486.2	c.1218G>A	Benign synonymous, SpliceAI<=0.1, PhastCons<1.0	0.0	0.056				8.125		
ACD	NM_001082486.2	c.1207-10C>G	Benign synonymous, SpliceAI<=0.1, PhastCons<1.0, PhyloP<0.1, intronic_ROI(-10)	0.0	-0.394				10.64		
ACD	NM_001082486.2	c.1207-10C>A	Benign synonymous, SpliceAI<=0.1, PhastCons<1.0, PhyloP<0.1, intronic_ROI(-10)	0.0	-0.394				7.957		
ACD	NM_001082486.2	c.1163G>T	Benign synonymous, SpliceAI<=0.1, PhastCons<1.0	0.0	0.324	.;.;.			19.49	.;.;.	
ACD	NM_001082486.2	c.1163G>C	Benign synonymous, SpliceAI<=0.1, PhastCons<1.0	0.0	0.324	.;.;.			15.85	.;.;.	
ACD	NM_001082486.2	c.1163G>A	Benign synonymous, SpliceAI<=0.1, PhastCons<1.0	0.0	0.324	.;.;.		2.90000e-07	12.06	.;.;.	
ACD	NM_001082486.2	c.1162A>T	Benign synonymous, SpliceAI<=0.1, PhastCons<1.0	0.001	0.364	.;.;.			21.7	.;.;.	
ACD	NM_001082486.2	c.1162A>G	Benign synonymous, SpliceAI<=0.1, PhastCons<1.0	0.001	0.364	.;.;.			17.84	.;.;.	
ACD	NM_001082486.2	c.1162A>C	Benign synonymous, SpliceAI<=0.1, PhastCons<1.0	0.001	0.364	.;.;.			12.42	.;.;.	
ACD	NM_001082486.2	c.987G>T	Benign synonymous, SpliceAI<=0.1, PhastCons<1.0	0.0	-3.29				0.008		
ACD	NM_001082486.2	c.987G>C	Benign synonymous, SpliceAI<=0.1, PhastCons<1.0	0.0	-3.29				0.004		Likely_benign
ACD	NM_001082486.2	c.987G>A	Benign synonymous, SpliceAI<=0.1, PhastCons<1.0	0.0	-3.29			6.80000e-07	0.391		Likely_benign
ACD	NM_001082486.2	c.320T>G	Benign synonymous, SpliceAI<=0.1, PhastCons<1.0	0.765	2.494	.;.;.			27.4	.;.;.	
ACD	NM_001082486.2	c.320T>C	Benign synonymous, SpliceAI<=0.1, PhastCons<1.0	0.765	2.494	.;.;.			26.1	.;.;.	
ACD	NM_001082486.2	c.320T>A	Benign synonymous, SpliceAI<=0.1, PhastCons<1.0	0.765	2.494	.;.;.			28.0	.;.;.	
ACD	NM_001082486.2	c.319G>T	Benign synonymous, SpliceAI<=0.1, PhastCons<1.0	0.782	1.528	.;.;.			24.6	.;.;.	
ACD	NM_001082486.2	c.319G>C	Benign synonymous, SpliceAI<=0.1, PhastCons<1.0	0.782	1.528	.;.;.			21.3	.;.;.	
ACD	NM_001082486.2	c.319G>A	Benign synonymous, SpliceAI<=0.1, PhastCons<1.0	0.782	1.528	.;.;.			19.61	.;.;.	
ACD	NM_001082486.2	c.108G>T	Benign synonymous, SpliceAI<=0.1, PhastCons<1.0	0.994	1.631	.;.;.;.			22.0	.;.;.;.	
ACD	NM_001082486.2	c.108G>C	Benign synonymous, SpliceAI<=0.1, PhastCons<1.0	0.994	1.631	.;.;.;.			21.3	.;.;.;.	Uncertain_significance
ACD	NM_001082486.2	c.108G>A	Benign synonymous, SpliceAI<=0.1, PhastCons<1.0	0.994	1.631	.;.;.;.		2.80000e-07	8.561	.;.;.;.	
ACD	NM_001082486.2	c.107A>T	Benign synonymous, SpliceAI<=0.1, PhastCons<1.0	0.989	0.526	.;.;.;.			16.89	.;.;.;.	
ACD	NM_001082486.2	c.107A>G	Benign synonymous, SpliceAI<=0.1, PhastCons<1.0	0.989	0.526	.;.;.;.		0.000242930	16.07	.;.;.;.	Uncertain_significance
ACD	NM_001082486.2	c.107A>C	Benign synonymous, SpliceAI<=0.1, PhastCons<1.0	0.989	0.526	.;.;.;.			21.6	.;.;.;.	
AIP	NM_003977.4	c.682C>A	Benign FAF >5%	0.003	1.3	.;0.117;0.117;.;.;.;.;.;.;.;.		0.996904	14.3	.;B;LB;.;.;.;.;.;.;.;.	Benign
AIP	NM_003977.4	c.*2A>C	Benign synonymous, SpliceAI<=0.1, PhastCons<1.0	0.011	-0.095				6.242		
AIP	NM_003977.4	c.*2A>G	Benign synonymous, SpliceAI<=0.1, PhastCons<1.0	0.011	-0.095				7.591		
AIP	NM_003977.4	c.*2A>T	Benign synonymous, SpliceAI<=0.1, PhastCons<1.0	0.011	-0.095				7.061		
AIP	NM_003977.4	c.*6G>C	Benign synonymous, SpliceAI<=0.1, PhastCons<1.0	0.018	-0.403				2.304		
AIP	NM_003977.4	c.*6G>T	Benign synonymous, SpliceAI<=0.1, PhastCons<1.0	0.018	-0.403				2.861		
AIP	NM_003977.4	c.*9C>A	Benign synonymous, SpliceAI<=0.1, PhastCons<1.0	0.019	0.498				2.987		
AIP	NM_003977.4	c.*9C>G	Benign synonymous, SpliceAI<=0.1, PhastCons<1.0	0.019	0.498				3.149		
AIP	NM_003977.4	c.*10T>A	Benign synonymous, SpliceAI<=0.1, PhastCons<1.0	0.0	-0.621				0.261		
AIP	NM_003977.4	c.*10T>G	Benign synonymous, SpliceAI<=0.1, PhastCons<1.0	0.0	-0.621				0.276		
AIP	NM_003977.4	c.*12G>C	Benign synonymous, SpliceAI<=0.1, PhastCons<1.0	0.0	-0.126				0.899		
AIP	NM_003977.4	c.*12G>T	Benign synonymous, SpliceAI<=0.1, PhastCons<1.0	0.0	-0.126				1.022		
AIP	NM_003977.4	c.*16C>A	Benign synonymous, SpliceAI<=0.1, PhastCons<1.0	0.001	1.03				4.44		
AIP	NM_003977.4	c.*16C>G	Benign synonymous, SpliceAI<=0.1, PhastCons<1.0	0.001	1.03				4.628		
AIP	NM_003977.4	c.*24C>A	Benign synonymous, SpliceAI<=0.1, PhastCons<1.0	0.0	-0.342				1.561		
AIP	NM_003977.4	c.*24C>G	Benign synonymous, SpliceAI<=0.1, PhastCons<1.0	0.0	-0.342				1.64		
AIP	NM_003977.4	c.*25C>A	Benign synonymous, SpliceAI<=0.1, PhastCons<1.0	0.009	1.041				3.934		
AIP	NM_003977.4	c.*25C>G	Benign synonymous, SpliceAI<=0.1, PhastCons<1.0	0.009	1.041				3.172		
AIP	NM_003977.4	c.*33C>A	Benign synonymous, SpliceAI<=0.1, PhastCons<1.0	0.0	0.375				2.805		
AIP	NM_003977.4	c.*33C>G	Benign synonymous, SpliceAI<=0.1, PhastCons<1.0	0.0	0.375				3.197		
AIP	NM_003977.4	c.*37C>A	Benign synonymous, SpliceAI<=0.1, PhastCons<1.0	0.0	-0.04				0.286		
AIP	NM_003977.4	c.*37C>G	Benign synonymous, SpliceAI<=0.1, PhastCons<1.0	0.0	-0.04				0.316		
AIP	NM_003977.4	c.*40C>A	Benign synonymous, SpliceAI<=0.1, PhastCons<1.0	0.488	1.356				6.496		
AIP	NM_003977.4	c.*40C>G	Benign synonymous, SpliceAI<=0.1, PhastCons<1.0	0.488	1.356			8.04600e-05	7.193		
AIP	NM_003977.4	c.*45G>C	Benign synonymous, SpliceAI<=0.1, PhastCons<1.0	0.0	-1.502				0.222		
AIP	NM_003977.4	c.*45G>T	Benign synonymous, SpliceAI<=0.1, PhastCons<1.0	0.0	-1.502				0.191		
AIP	NM_003977.4	c.*46C>A	Benign synonymous, SpliceAI<=0.1, PhastCons<1.0	0.0	0.405				7.313		
AIP	NM_003977.4	c.*46C>G	Benign synonymous, SpliceAI<=0.1, PhastCons<1.0	0.0	0.405				8.383		
AIP	NM_003977.4	c.*58C>A	Benign synonymous, SpliceAI<=0.1, PhastCons<1.0	0.001	0.097				0.983		
AIP	NM_003977.4	c.*58C>G	Benign synonymous, SpliceAI<=0.1, PhastCons<1.0	0.001	0.097				1.14		
AIP	NM_003977.4	c.*67C>A	Benign synonymous, SpliceAI<=0.1, PhastCons<1.0	0.001	0.998				2.284		
AIP	NM_003977.4	c.*67C>G	Benign synonymous, SpliceAI<=0.1, PhastCons<1.0	0.001	0.998				2.809		
AIP	NM_003977.4	c.*75T>A	Benign synonymous, SpliceAI<=0.1, PhastCons<1.0	0.0	-1.123				0.938		
AIP	NM_003977.4	c.*75T>G	Benign synonymous, SpliceAI<=0.1, PhastCons<1.0	0.0	-1.123				1.303		
AIP	NM_003977.4	c.*87T>A	Benign synonymous, SpliceAI<=0.1, PhastCons<1.0	0.513	-0.165				7.866		
AIP	NM_003977.4	c.*87T>G	Benign synonymous, SpliceAI<=0.1, PhastCons<1.0	0.513	-0.165				10.03		
AIP	NM_003977.4	c.*93G>C	Benign synonymous, SpliceAI<=0.1, PhastCons<1.0	0.999	0.173				8.924		
AIP	NM_003977.4	c.*93G>T	Benign synonymous, SpliceAI<=0.1, PhastCons<1.0	0.999	0.173			1.11400e-05	9.319		
AIP	NM_003977.4	c.*105T>A	Benign synonymous, SpliceAI<=0.1, PhastCons<1.0	0.989	0.815				16.88		
AIP	NM_003977.4	c.*105T>G	Benign synonymous, SpliceAI<=0.1, PhastCons<1.0	0.989	0.815				16.36		
ALK	NM_004304.5	c.4587C>G	Benign FAF >5%	0.0	-0.102	.;0.063;.		0.720400	0.041	LB;B;LB	Benign
ALK	NM_004304.5	c.4472A>G	Benign FAF >5%	1.0	1.813	.;0.088;.		0.720963	18.05	LB;B;LB	Benign
ALK	NM_004304.5	c.4381A>G	Benign FAF >5%	0.0	-0.984	.;0.021;.		0.998376	0.009	LB;B;LB	Benign
ALK	NM_004304.5	c.3516-375C>A	Benign FAF >5%	0.235	1.699	0.079		0.707832	13.52	LP	
ALK	NM_004304.5	c.3516-394G>A	Benign FAF >5%	0.0	0.004			0.996084	5.484		
ALK	NM_004304.5	c.3516-395T>C	Likely_benign FAF >0.1%, REVEL <0.29, SpliceAI<=0.1	0.0	-0.35	0.102		0.00328317	2.408	A	
ALK	NM_004304.5	c.2763C>G	Benign FAF >5%	1.0	4.854	0.318;.		0.165990	28.7	P;LP	Conflicting_classifications_of_pathogenicity
ALK	NM_004304.5	c.1129C>G	Benign synonymous, SpliceAI<=0.1, PhastCons<1.0	0.997	1.694	0.183			16.31	B	
ALK	NM_004304.5	c.1129C>A	Benign synonymous, SpliceAI<=0.1, PhastCons<1.0	0.997	1.694	0.203			20.4	B	
ALK	NM_004304.5	c.1111G>A	Likely_benign FAF >0.1%, REVEL <0.29, SpliceAI<=0.1	1.0	1.144	0.045		0.00253267	17.72	B	Benign
ALK	NM_004304.5	c.1110G>T	Benign synonymous, SpliceAI<=0.1, PhastCons<1.0	0.997	0.202	0.106			17.21	B	
ALK	NM_004304.5	c.1110G>C	Benign synonymous, SpliceAI<=0.1, PhastCons<1.0	0.997	0.202	0.106			17.27	B	
ALK	NM_004304.5	c.1107C>G	Benign synonymous, SpliceAI<=0.1, PhastCons<1.0	0.757	-0.339	0.074			14.54	B	
ALK	NM_004304.5	c.1107C>A	Benign synonymous, SpliceAI<=0.1, PhastCons<1.0	0.757	-0.339	0.074			14.63	B	Uncertain_significance
ALK	NM_004304.5	c.1092G>T	Benign synonymous, SpliceAI<=0.1, PhastCons<1.0	0.999	0.439	0.106			16.81	B	
ALK	NM_004304.5	c.1092G>C	Benign synonymous, SpliceAI<=0.1, PhastCons<1.0	0.999	0.439	0.105			17.04	B	
ALK	NM_004304.5	c.1083C>G	Benign synonymous, SpliceAI<=0.1, PhastCons<1.0	0.141	-0.009				33.0		
ALK	NM_004304.5	c.1083C>A	Benign synonymous, SpliceAI<=0.1, PhastCons<1.0	0.141	-0.009				33.0		Uncertain_significance
ALK	NM_004304.5	c.1059G>T	Benign synonymous, SpliceAI<=0.1, PhastCons<1.0	0.937	-0.119	0.205		6.80000e-07	9.635	B	
ALK	NM_004304.5	c.1059G>C	Benign synonymous, SpliceAI<=0.1, PhastCons<1.0	0.937	-0.119	0.202			9.848	B	
ALK	NM_004304.5	c.1039C>G	Benign synonymous, SpliceAI<=0.1, PhastCons<1.0	0.952	1.588	0.156			18.53	B	
ALK	NM_004304.5	c.1039C>A	Benign synonymous, SpliceAI<=0.1, PhastCons<1.0	0.952	1.588	0.141			23.7	B	Uncertain_significance
ALK	NM_004304.5	c.1035C>G	Benign synonymous, SpliceAI<=0.1, PhastCons<1.0	0.999	1.984	0.367			22.9	P	
ALK	NM_004304.5	c.1035C>A	Benign synonymous, SpliceAI<=0.1, PhastCons<1.0	0.999	1.984				36.0		
ALK	NM_004304.5	c.1029G>T	Benign synonymous, SpliceAI<=0.1, PhastCons<1.0	0.884	-0.259	0.052			12.85	B	Uncertain_significance
ALK	NM_004304.5	c.1029G>C	Benign synonymous, SpliceAI<=0.1, PhastCons<1.0	0.884	-0.259	0.050			12.94	B	
ALK	NM_004304.5	c.1026T>G	Benign synonymous, SpliceAI<=0.1, PhastCons<1.0	0.002	-1.844	0.237			0.703	P	
ALK	NM_004304.5	c.1026T>A	Benign synonymous, SpliceAI<=0.1, PhastCons<1.0	0.002	-1.844	0.237			0.646	P	
ALK	NM_004304.5	c.1017G>T	Benign synonymous, SpliceAI<=0.1, PhastCons<1.0	0.999	0.316	0.284			17.22	A	
ALK	NM_004304.5	c.1017G>C	Benign synonymous, SpliceAI<=0.1, PhastCons<1.0	0.999	0.316	0.292			16.84	A	Uncertain_significance
ALK	NM_004304.5	c.993C>G	Benign synonymous, SpliceAI<=0.1, PhastCons<1.0	0.997	0.277	0.235			15.81	A	
ALK	NM_004304.5	c.993C>A	Benign synonymous, SpliceAI<=0.1, PhastCons<1.0	0.997	0.277	0.235			15.77	A	
ALK	NM_004304.5	c.972C>G	Benign synonymous, SpliceAI<=0.1, PhastCons<1.0	0.998	0.3	0.136			20.7	P	
ALK	NM_004304.5	c.972C>A	Benign synonymous, SpliceAI<=0.1, PhastCons<1.0	0.998	0.3	0.136			20.8	P	Uncertain_significance
ALK	NM_004304.5	c.942G>T	Benign synonymous, SpliceAI<=0.1, PhastCons<1.0	0.998	0.291	0.030			16.13	B	
ALK	NM_004304.5	c.942G>C	Benign synonymous, SpliceAI<=0.1, PhastCons<1.0	0.998	0.291	0.031			16.17	B	
ALK	NM_004304.5	c.939G>T	Benign synonymous, SpliceAI<=0.1, PhastCons<1.0	0.999	0.425	0.057			18.89	B	
ALK	NM_004304.5	c.939G>C	Benign synonymous, SpliceAI<=0.1, PhastCons<1.0	0.999	0.425	0.050			18.77	B	
ALK	NM_004304.5	c.932G>A	Likely_benign FAF >0.1%, REVEL <0.29, SpliceAI<=0.1	0.0	-0.479	0.028		0.00104487	0.686	B	Conflicting_classifications_of_pathogenicity
ALK	NM_004304.5	c.930G>T	Benign synonymous, SpliceAI<=0.1, PhastCons<1.0	0.17	0.102	0.032		7.72900e-05	3.192	B	Conflicting_classifications_of_pathogenicity
ALK	NM_004304.5	c.930G>C	Benign synonymous, SpliceAI<=0.1, PhastCons<1.0	0.17	0.102	0.032			3.354	B	
ALK	NM_004304.5	c.915T>G	Benign synonymous, SpliceAI<=0.1, PhastCons<1.0	0.794	0.123	0.075			1.098	B	
ALK	NM_004304.5	c.915T>A	Benign synonymous, SpliceAI<=0.1, PhastCons<1.0	0.794	0.123	0.075			0.831	B	
ALK	NM_004304.5	c.910C>G	Benign synonymous, SpliceAI<=0.1, PhastCons<1.0	0.081	-0.4	0.069			1.515	B	
ALK	NM_004304.5	c.910C>A	Benign synonymous, SpliceAI<=0.1, PhastCons<1.0	0.081	-0.4	0.043			9.921	B	Uncertain_significance
ALK	NM_004304.5	c.909G>T	Benign synonymous, SpliceAI<=0.1, PhastCons<1.0	0.146	0.207	0.021			12.67	B	
ALK	NM_004304.5	c.909G>C	Benign synonymous, SpliceAI<=0.1, PhastCons<1.0	0.146	0.207	0.022		7.39000e-06	12.66	B	
ALK	NM_004304.5	c.907T>G	Benign synonymous, SpliceAI<=0.1, PhastCons<1.0	0.995	0.372	0.035			15.97	B	
ALK	NM_004304.5	c.907T>A	Benign synonymous, SpliceAI<=0.1, PhastCons<1.0	0.995	0.372	0.029			18.01	B	
ALK	NM_004304.5	c.852G>T	Benign synonymous, SpliceAI<=0.1, PhastCons<1.0	0.908	0.212	0.129		2.80000e-07	12.03	B	
ALK	NM_004304.5	c.852G>C	Benign synonymous, SpliceAI<=0.1, PhastCons<1.0	0.908	0.212	0.132			11.15	B	
ALK	NM_004304.5	c.850A>T	Benign synonymous, SpliceAI<=0.1, PhastCons<1.0	0.006	-0.104	0.281			15.67	B	Uncertain_significance
ALK	NM_004304.5	c.850A>G	Benign synonymous, SpliceAI<=0.1, PhastCons<1.0	0.006	-0.104	0.145			6.234	B	Uncertain_significance
ALK	NM_004304.5	c.846C>G	Benign synonymous, SpliceAI<=0.1, PhastCons<1.0	0.136	0.227	0.010			5.561	B	
ALK	NM_004304.5	c.846C>A	Benign synonymous, SpliceAI<=0.1, PhastCons<1.0	0.136	0.227	0.010			5.221	B	
ALK	NM_004304.5	c.843T>G	Benign synonymous, SpliceAI<=0.1, PhastCons<1.0	0.0	-2.301	0.050			0.002	B	
ALK	NM_004304.5	c.843T>A	Benign synonymous, SpliceAI<=0.1, PhastCons<1.0	0.0	-2.301	0.050		5.78800e-05	0.001	B	Uncertain_significance
ALK	NM_004304.5	c.838C>G	Benign synonymous, SpliceAI<=0.1, PhastCons<1.0	0.99	2.054	0.036			18.63	B	Uncertain_significance
ALK	NM_004304.5	c.838C>A	Benign synonymous, SpliceAI<=0.1, PhastCons<1.0	0.99	2.054	0.102			19.59	B	
ALK	NM_004304.5	c.828T>G	Benign synonymous, SpliceAI<=0.1, PhastCons<1.0	0.39	-0.562				32.0		
ALK	NM_004304.5	c.828T>A	Benign synonymous, SpliceAI<=0.1, PhastCons<1.0	0.39	-0.562				32.0		
ALK	NM_004304.5	c.825G>T	Benign synonymous, SpliceAI<=0.1, PhastCons<1.0	0.853	-0.408	0.219			14.08	A	Conflicting_classifications_of_pathogenicity
ALK	NM_004304.5	c.825G>C	Benign synonymous, SpliceAI<=0.1, PhastCons<1.0	0.853	-0.408	0.219			14.05	A	
ALK	NM_004304.5	c.810C>G	Benign synonymous, SpliceAI<=0.1, PhastCons<1.0	0.979	-0.04	0.179		4.43000e-06	13.84	P	
ALK	NM_004304.5	c.810C>A	Benign synonymous, SpliceAI<=0.1, PhastCons<1.0	0.979	-0.04	0.179			14.04	P	
ALK	NM_004304.5	c.807C>G	Benign synonymous, SpliceAI<=0.1, PhastCons<1.0	0.998	0.253	0.203			15.19	B	
ALK	NM_004304.5	c.807C>A	Benign synonymous, SpliceAI<=0.1, PhastCons<1.0	0.998	0.253	0.203			14.89	B	
ALK	NM_004304.5	c.804T>G	Benign synonymous, SpliceAI<=0.1, PhastCons<1.0	0.999	0.512	0.284			18.38	P	
ALK	NM_004304.5	c.804T>A	Benign synonymous, SpliceAI<=0.1, PhastCons<1.0	0.999	0.512	0.289			18.56	P	
ALK	NM_004304.5	c.790C>G	Benign synonymous, SpliceAI<=0.1, PhastCons<1.0	0.997	1.335	0.044			17.27	B	Uncertain_significance
ALK	NM_004304.5	c.790C>A	Benign synonymous, SpliceAI<=0.1, PhastCons<1.0	0.997	1.335	0.086			19.75	B	
ALK	NM_004304.5	c.786T>G	Benign synonymous, SpliceAI<=0.1, PhastCons<1.0	0.927	-0.153				35.0		
ALK	NM_004304.5	c.786T>A	Benign synonymous, SpliceAI<=0.1, PhastCons<1.0	0.927	-0.153				35.0		
ALK	NM_004304.5	c.781C>T	Benign synonymous, SpliceAI<=0.1, PhastCons<1.0	0.998	2.375			1.24000e-06	37.0		Conflicting_classifications_of_pathogenicity
ALK	NM_004304.5	c.781C>G	Benign synonymous, SpliceAI<=0.1, PhastCons<1.0	0.998	2.375	0.267			18.8	B	Uncertain_significance
ALK	NM_004304.5	c.780C>G	Benign synonymous, SpliceAI<=0.1, PhastCons<1.0	0.644	-0.521	0.190			12.96	P	
ALK	NM_004304.5	c.780C>A	Benign synonymous, SpliceAI<=0.1, PhastCons<1.0	0.644	-0.521	0.190			12.61	P	Uncertain_significance
ALK	NM_004304.5	c.776G>A	Likely_benign FAF >0.1%, REVEL <0.29, SpliceAI<=0.1	1.0	4.636	0.151		0.00452286	25.2	B	Benign/Likely_benign
ALK	NM_004304.5	c.759C>G	Benign synonymous, SpliceAI<=0.1, PhastCons<1.0	0.997	0.178	0.121			12.62	P	
ALK	NM_004304.5	c.759C>A	Benign synonymous, SpliceAI<=0.1, PhastCons<1.0	0.997	0.178	0.076			12.55	P	
ALK	NM_004304.5	c.753C>G	Benign synonymous, SpliceAI<=0.1, PhastCons<1.0	0.96	-0.016	0.253			17.15	P	
ALK	NM_004304.5	c.753C>A	Benign synonymous, SpliceAI<=0.1, PhastCons<1.0	0.96	-0.016	0.253			16.83	P	
ALK	NM_004304.5	c.723T>G	Benign synonymous, SpliceAI<=0.1, PhastCons<1.0	0.837	1.594	0.027		1.77300e-05	10.49	P	Uncertain_significance
ALK	NM_004304.5	c.723T>A	Benign synonymous, SpliceAI<=0.1, PhastCons<1.0	0.837	1.594	0.065		1.06300e-05	10.36	P	Uncertain_significance
ALK	NM_004304.5	c.720T>G	Benign synonymous, SpliceAI<=0.1, PhastCons<1.0	0.381	0.503				34.0		
ALK	NM_004304.5	c.720T>A	Benign synonymous, SpliceAI<=0.1, PhastCons<1.0	0.381	0.503				33.0		
ALK	NM_004304.5	c.717T>G	Benign synonymous, SpliceAI<=0.1, PhastCons<1.0	0.016	0.053	0.019			1.098	B	
ALK	NM_004304.5	c.717T>A	Benign synonymous, SpliceAI<=0.1, PhastCons<1.0	0.016	0.053	0.019			1.058	B	
ALK	NM_004304.5	c.696C>G	Benign synonymous, SpliceAI<=0.1, PhastCons<1.0	0.011	0.091	0.110			4.997	B	
ALK	NM_004304.5	c.696C>A	Benign synonymous, SpliceAI<=0.1, PhastCons<1.0	0.011	0.091	0.110			4.791	B	Uncertain_significance
ALK	NM_004304.5	c.684A>T	Benign synonymous, SpliceAI<=0.1, PhastCons<1.0	0.52	-0.551	0.039			8.76	B	Uncertain_significance
ALK	NM_004304.5	c.684A>C	Benign synonymous, SpliceAI<=0.1, PhastCons<1.0	0.52	-0.551	0.041			9.143	B	
ALK	NM_004304.5	c.681G>T	Benign synonymous, SpliceAI<=0.1, PhastCons<1.0	0.294	0.388	0.073			11.93	B	
ALK	NM_004304.5	c.681G>C	Benign synonymous, SpliceAI<=0.1, PhastCons<1.0	0.294	0.388	0.071			11.11	B	
ALK	NM_004304.5	c.679T>G	Benign synonymous, SpliceAI<=0.1, PhastCons<1.0	0.003	0.637	0.015			1.936	B	
ALK	NM_004304.5	c.679T>A	Benign synonymous, SpliceAI<=0.1, PhastCons<1.0	0.003	0.637	0.008			4.934	B	
ALK	NM_004304.5	c.675C>G	Benign synonymous, SpliceAI<=0.1, PhastCons<1.0	0.001	0.359	0.246			11.5	B	
ALK	NM_004304.5	c.675C>A	Benign synonymous, SpliceAI<=0.1, PhastCons<1.0	0.001	0.359	0.257			9.929	B	
ALK	NM_004304.5	c.672T>G	Benign synonymous, SpliceAI<=0.1, PhastCons<1.0	0.0	-0.363	0.031			3.957	B	
ALK	NM_004304.5	c.672T>A	Benign synonymous, SpliceAI<=0.1, PhastCons<1.0	0.0	-0.363	0.037			3.332	B	
ALK	NM_004304.5	c.660C>G	Benign synonymous, SpliceAI<=0.1, PhastCons<1.0	0.001	-0.324	0.140			2.552	B	
ALK	NM_004304.5	c.660C>A	Benign synonymous, SpliceAI<=0.1, PhastCons<1.0	0.001	-0.324	0.140			2.142	B	
ALK	NM_004304.5	c.609G>T	Benign synonymous, SpliceAI<=0.1, PhastCons<1.0	0.861	-0.238	0.058			18.53	B	
ALK	NM_004304.5	c.609G>C	Benign synonymous, SpliceAI<=0.1, PhastCons<1.0	0.861	-0.238	0.058			18.53	B	Uncertain_significance
ALK	NM_004304.5	c.607A>T	Benign synonymous, SpliceAI<=0.1, PhastCons<1.0	0.997	2.388	0.287			24.8	B	
ALK	NM_004304.5	c.607A>G	Benign synonymous, SpliceAI<=0.1, PhastCons<1.0	0.997	2.388	0.123			22.2	B	Uncertain_significance
ALK	NM_004304.5	c.600A>T	Benign synonymous, SpliceAI<=0.1, PhastCons<1.0	0.943	-0.102	0.156			18.87	A	
ALK	NM_004304.5	c.600A>C	Benign synonymous, SpliceAI<=0.1, PhastCons<1.0	0.943	-0.102	0.206			18.91	A	
ALK	NM_004304.5	c.592G>A	Likely_benign FAF >0.1%, REVEL <0.29, SpliceAI<=0.1	1.0	3.123	0.020		0.00608700	23.0	B	Benign/Likely_benign
ALK	NM_004304.5	c.558G>T	Benign synonymous, SpliceAI<=0.1, PhastCons<1.0	0.998	0.512	0.352			21.1	P	
ALK	NM_004304.5	c.558G>C	Benign synonymous, SpliceAI<=0.1, PhastCons<1.0	0.998	0.512	0.354			21.1	P	Uncertain_significance
ALK	NM_004304.5	c.550C>T	Benign synonymous, SpliceAI<=0.1, PhastCons<1.0	0.997	2.249				37.0		Uncertain_significance
ALK	NM_004304.5	c.550C>G	Benign synonymous, SpliceAI<=0.1, PhastCons<1.0	0.997	2.249	0.295			24.1	P	
ALK	NM_004304.5	c.546A>T	Benign synonymous, SpliceAI<=0.1, PhastCons<1.0	0.995	0.151	0.013			17.02	B	
ALK	NM_004304.5	c.546A>C	Benign synonymous, SpliceAI<=0.1, PhastCons<1.0	0.995	0.151	0.013			17.0	B	
ALK	NM_004304.5	c.540A>T	Benign synonymous, SpliceAI<=0.1, PhastCons<1.0	0.999	0.427	0.030			13.1	B	
ALK	NM_004304.5	c.540A>C	Benign synonymous, SpliceAI<=0.1, PhastCons<1.0	0.999	0.427	0.030			13.1	B	Uncertain_significance
ALK	NM_004304.5	c.513C>G	Benign synonymous, SpliceAI<=0.1, PhastCons<1.0	0.995	0.472	0.175			17.66	P	
ALK	NM_004304.5	c.513C>A	Benign synonymous, SpliceAI<=0.1, PhastCons<1.0	0.995	0.472	0.175			17.69	P	
ALK	NM_004304.5	c.493C>G	Benign synonymous, SpliceAI<=0.1, PhastCons<1.0	0.035	0.067	0.018			13.09	B	
ALK	NM_004304.5	c.493C>A	Benign synonymous, SpliceAI<=0.1, PhastCons<1.0	0.035	0.067	0.016			14.27	B	
ALK	NM_004304.5	c.487G>T	Likely_benign FAF >0.1%, REVEL <0.29, SpliceAI<=0.1	0.0	0.713	0.019		0.00243041	15.36	B	Benign/Likely_benign
ALK	NM_004304.5	c.480G>T	Benign synonymous, SpliceAI<=0.1, PhastCons<1.0	0.998	1.339	0.043			14.49	B	
ALK	NM_004304.5	c.480G>C	Benign synonymous, SpliceAI<=0.1, PhastCons<1.0	0.998	1.339	0.043			14.6	B	
ALK	NM_004304.5	c.462C>G	Benign synonymous, SpliceAI<=0.1, PhastCons<1.0	0.805	1.067	0.361			18.28	P	
ALK	NM_004304.5	c.462C>A	Benign synonymous, SpliceAI<=0.1, PhastCons<1.0	0.805	1.067				34.0		
ALK	NM_004304.5	c.456G>T	Benign synonymous, SpliceAI<=0.1, PhastCons<1.0	0.854	0.191	0.045			17.98	B	
ALK	NM_004304.5	c.456G>C	Benign synonymous, SpliceAI<=0.1, PhastCons<1.0	0.854	0.191	0.048			18.11	B	Uncertain_significance
ALK	NM_004304.5	c.453G>T	Benign synonymous, SpliceAI<=0.1, PhastCons<1.0	0.001	-1.783	0.055			8.012	B	
ALK	NM_004304.5	c.453G>C	Benign synonymous, SpliceAI<=0.1, PhastCons<1.0	0.001	-1.783	0.055			7.745	B	
ALK	NM_004304.5	c.451T>G	Benign synonymous, SpliceAI<=0.1, PhastCons<1.0	0.92	0.609	0.026			17.48	B	
ALK	NM_004304.5	c.451T>A	Benign synonymous, SpliceAI<=0.1, PhastCons<1.0	0.92	0.609	0.037			18.79	B	
ALK	NM_004304.5	c.444G>T	Benign synonymous, SpliceAI<=0.1, PhastCons<1.0	0.434	0.709	0.030			14.66	B	
ALK	NM_004304.5	c.444G>C	Benign synonymous, SpliceAI<=0.1, PhastCons<1.0	0.434	0.709	0.027			14.74	B	
ALK	NM_004304.5	c.441G>T	Benign synonymous, SpliceAI<=0.1, PhastCons<1.0	0.998	0.559	0.306			20.2	P	
ALK	NM_004304.5	c.441G>C	Benign synonymous, SpliceAI<=0.1, PhastCons<1.0	0.998	0.559	0.306			20.2	P	Uncertain_significance
ALK	NM_004304.5	c.423G>T	Benign synonymous, SpliceAI<=0.1, PhastCons<1.0	0.992	0.238	0.149			20.8	A	
ALK	NM_004304.5	c.423G>C	Benign synonymous, SpliceAI<=0.1, PhastCons<1.0	0.992	0.238	0.149			20.9	A	
ALK	NM_004304.5	c.402G>T	Benign synonymous, SpliceAI<=0.1, PhastCons<1.0	0.997	0.333	0.118			19.28	A	
ALK	NM_004304.5	c.402G>C	Benign synonymous, SpliceAI<=0.1, PhastCons<1.0	0.997	0.333	0.118			19.26	A	Likely_pathogenic
ALK	NM_004304.5	c.384G>T	Benign synonymous, SpliceAI<=0.1, PhastCons<1.0	0.995	0.526	0.029			18.04	P	
ALK	NM_004304.5	c.384G>C	Benign synonymous, SpliceAI<=0.1, PhastCons<1.0	0.995	0.526	0.029			18.33	P	
ALK	NM_004304.5	c.361C>T	Benign synonymous, SpliceAI<=0.1, PhastCons<1.0	0.667	0.838	0.017		3.21000e-05	21.4	B	Uncertain_significance
ALK	NM_004304.5	c.361C>G	Benign synonymous, SpliceAI<=0.1, PhastCons<1.0	0.667	0.838	0.010			19.66	B	Uncertain_significance
ALK	NM_004304.5	c.357G>T	Benign synonymous, SpliceAI<=0.1, PhastCons<1.0	0.0	-0.802	0.064		0.000128720	0.774	B	Conflicting_classifications_of_pathogenicity
ALK	NM_004304.5	c.357G>C	Benign synonymous, SpliceAI<=0.1, PhastCons<1.0	0.0	-0.802	0.030			0.805	B	Uncertain_significance
ALK	NM_004304.5	c.304C>G	Benign synonymous, SpliceAI<=0.1, PhastCons<1.0	0.69	0.225	0.016			13.37	B	
ALK	NM_004304.5	c.304C>A	Benign synonymous, SpliceAI<=0.1, PhastCons<1.0	0.69	0.225	0.024			13.72	B	
ALK	NM_004304.5	c.303G>T	Benign synonymous, SpliceAI<=0.1, PhastCons<1.0	0.654	0.13	0.032			11.07	B	
ALK	NM_004304.5	c.303G>C	Benign synonymous, SpliceAI<=0.1, PhastCons<1.0	0.654	0.13	0.034			11.41	B	
ALK	NM_004304.5	c.301T>G	Benign synonymous, SpliceAI<=0.1, PhastCons<1.0	0.963	1.525	0.144			11.74	B	Uncertain_significance
ALK	NM_004304.5	c.301T>A	Benign synonymous, SpliceAI<=0.1, PhastCons<1.0	0.963	1.525	0.147			16.68	B	
ALK	NM_004304.5	c.300G>T	Benign synonymous, SpliceAI<=0.1, PhastCons<1.0	0.515	0.229	0.153			18.47	B	
ALK	NM_004304.5	c.300G>C	Benign synonymous, SpliceAI<=0.1, PhastCons<1.0	0.515	0.229	0.149			18.3	B	
ALK	NM_004304.5	c.298A>T	Benign synonymous, SpliceAI<=0.1, PhastCons<1.0	0.215	0.605	0.153			17.55	B	
ALK	NM_004304.5	c.298A>G	Benign synonymous, SpliceAI<=0.1, PhastCons<1.0	0.215	0.605	0.033		6.30200e-05	12.82	B	Uncertain_significance
ALK	NM_004304.5	c.292C>G	Benign synonymous, SpliceAI<=0.1, PhastCons<1.0	0.997	2.492	0.181			19.14	B	
ALK	NM_004304.5	c.292C>A	Benign synonymous, SpliceAI<=0.1, PhastCons<1.0	0.997	2.492	0.204			20.3	A	
ALK	NM_004304.5	c.285C>G	Benign synonymous, SpliceAI<=0.1, PhastCons<1.0	0.994	1.817	0.228			19.45	P	Uncertain_significance
ALK	NM_004304.5	c.285C>A	Benign synonymous, SpliceAI<=0.1, PhastCons<1.0	0.994	1.817				35.0		
ALK	NM_004304.5	c.282C>G	Benign synonymous, SpliceAI<=0.1, PhastCons<1.0	0.999	1.025	0.117			10.82	B	Uncertain_significance
ALK	NM_004304.5	c.282C>A	Benign synonymous, SpliceAI<=0.1, PhastCons<1.0	0.999	1.025	0.114			10.97	B	
ALK	NM_004304.5	c.277C>G	Benign synonymous, SpliceAI<=0.1, PhastCons<1.0	0.985	2.024	0.128		3.89000e-06	18.48	B	
ALK	NM_004304.5	c.277C>A	Benign synonymous, SpliceAI<=0.1, PhastCons<1.0	0.985	2.024	0.054			13.05	B	
ALK	NM_004304.5	c.271C>G	Benign synonymous, SpliceAI<=0.1, PhastCons<1.0	0.996	2.632	0.131			18.13	B	
ALK	NM_004304.5	c.271C>A	Benign synonymous, SpliceAI<=0.1, PhastCons<1.0	0.996	2.632	0.134			18.57	B	
ALK	NM_004304.5	c.258G>T	Benign synonymous, SpliceAI<=0.1, PhastCons<1.0	0.895	0.491	0.023			15.06	B	
ALK	NM_004304.5	c.258G>C	Benign synonymous, SpliceAI<=0.1, PhastCons<1.0	0.895	0.491	0.024			15.13	B	Uncertain_significance
ALK	NM_004304.5	c.252G>T	Benign synonymous, SpliceAI<=0.1, PhastCons<1.0	0.0	-0.073	0.017			5.246	B	Uncertain_significance
ALK	NM_004304.5	c.252G>C	Benign synonymous, SpliceAI<=0.1, PhastCons<1.0	0.0	-0.073	0.016			5.02	B	Uncertain_significance
ALK	NM_004304.5	c.250A>T	Benign synonymous, SpliceAI<=0.1, PhastCons<1.0	0.005	1.735	0.027			14.35	B	
ALK	NM_004304.5	c.250A>G	Benign synonymous, SpliceAI<=0.1, PhastCons<1.0	0.005	1.735	0.025			11.43	B	
ALK	NM_004304.5	c.243G>T	Benign synonymous, SpliceAI<=0.1, PhastCons<1.0	0.0	-0.269	0.075			11.59	B	
ALK	NM_004304.5	c.243G>C	Benign synonymous, SpliceAI<=0.1, PhastCons<1.0	0.0	-0.269	0.080			11.74	B	
ALK	NM_004304.5	c.238C>G	Benign synonymous, SpliceAI<=0.1, PhastCons<1.0	0.0	0.272	0.043			11.32	B	
ALK	NM_004304.5	c.238C>A	Benign synonymous, SpliceAI<=0.1, PhastCons<1.0	0.0	0.272	0.028			12.28	B	
ALK	NM_004304.5	c.237G>T	Benign synonymous, SpliceAI<=0.1, PhastCons<1.0	0.0	-0.163	0.060			0.471	B	Uncertain_significance
ALK	NM_004304.5	c.237G>C	Benign synonymous, SpliceAI<=0.1, PhastCons<1.0	0.0	-0.163	0.060			0.494	B	
ALK	NM_004304.5	c.210C>G	Benign synonymous, SpliceAI<=0.1, PhastCons<1.0	0.998	0.486	0.044			16.35	B	Uncertain_significance
ALK	NM_004304.5	c.210C>A	Benign synonymous, SpliceAI<=0.1, PhastCons<1.0	0.998	0.486	0.044			16.32	B	
ALK	NM_004304.5	c.201C>G	Benign synonymous, SpliceAI<=0.1, PhastCons<1.0	0.974	0.056				35.0		Uncertain_significance
ALK	NM_004304.5	c.201C>A	Benign synonymous, SpliceAI<=0.1, PhastCons<1.0	0.974	0.056				34.0		Uncertain_significance
ALK	NM_004304.5	c.192C>G	Benign synonymous, SpliceAI<=0.1, PhastCons<1.0	0.985	0.755	0.233			18.23	P	Uncertain_significance
ALK	NM_004304.5	c.192C>A	Benign synonymous, SpliceAI<=0.1, PhastCons<1.0	0.985	0.755	0.230			18.21	P	
ALK	NM_004304.5	c.174C>G	Benign synonymous, SpliceAI<=0.1, PhastCons<1.0	0.999	1.315	0.220			23.0	P	
ALK	NM_004304.5	c.174C>A	Benign synonymous, SpliceAI<=0.1, PhastCons<1.0	0.999	1.315	0.221			23.0	P	
ALK	NM_004304.5	c.140C>T	Likely_benign FAF >0.1%, REVEL <0.29, SpliceAI<=0.1	1.0	6.251	0.142		0.00228060	31.0	P	Conflicting_classifications_of_pathogenicity
ALK	NM_004304.5	c.126G>T	Benign synonymous, SpliceAI<=0.1, PhastCons<1.0	0.993	0.462	0.189			21.4	B	
ALK	NM_004304.5	c.126G>C	Benign synonymous, SpliceAI<=0.1, PhastCons<1.0	0.993	0.462	0.189			21.5	B	
ALK	NM_004304.5	c.112C>G	Benign synonymous, SpliceAI<=0.1, PhastCons<1.0	0.935	1.43	0.020			19.35	B	
ALK	NM_004304.5	c.112C>A	Benign synonymous, SpliceAI<=0.1, PhastCons<1.0	0.935	1.43	0.008			18.45	B	
ALK	NM_004304.5	c.106C>T	Likely_benign FAF >0.1%, REVEL <0.29, SpliceAI<=0.1	0.001	0.344	0.085		0.00101461	14.03	B	Benign/Likely_benign
ALK	NM_004304.5	c.81G>T	Benign synonymous, SpliceAI<=0.1, PhastCons<1.0	0.0	-0.621	0.060			14.02	B	
ALK	NM_004304.5	c.81G>C	Benign synonymous, SpliceAI<=0.1, PhastCons<1.0	0.0	-0.621	0.060			14.17	B	
ALK	NM_004304.5	c.37C>G	Benign synonymous, SpliceAI<=0.1, PhastCons<1.0	0.25	2.12	0.057			21.1	B	
ALK	NM_004304.5	c.37C>A	Benign synonymous, SpliceAI<=0.1, PhastCons<1.0	0.25	2.12	0.078			22.0	B	
ALK	NM_004304.5	c.34C>G	Benign synonymous, SpliceAI<=0.1, PhastCons<1.0	0.01	0.735	0.018			11.09	B	
ALK	NM_004304.5	c.34C>A	Benign synonymous, SpliceAI<=0.1, PhastCons<1.0	0.01	0.735	0.005			13.84	B	
ALK	NM_004304.5	c.28C>G	Benign synonymous, SpliceAI<=0.1, PhastCons<1.0	0.111	1.126	0.053			17.45	B	
ALK	NM_004304.5	c.28C>A	Benign synonymous, SpliceAI<=0.1, PhastCons<1.0	0.111	1.126	0.049			18.91	B	
ALK	NM_004304.5	c.19C>G	Benign synonymous, SpliceAI<=0.1, PhastCons<1.0	0.0	0.372	0.023			16.09	B	
ALK	NM_004304.5	c.19C>A	Benign synonymous, SpliceAI<=0.1, PhastCons<1.0	0.0	0.372	0.028			15.04	B	
ANKRD26	NM_014915.2	c.4542T>A	Benign FAF >5%	1.0	0.718	0.055;.;.;.;.;0.055;.;.		0.568678	10.88	B;.;.;.;.;.;.;.	Benign
ANKRD26	NM_014915.2	c.3913G>A	Benign FAF >5%	0.0	-1.891	0.070;.;.;.;0.070;.;.		0.568847	0.136	B;.;.;.;.;.;.	Benign
ANKRD26	NM_014915.2	c.3658G>C	Benign FAF >5%	0.0	0.416	0.096;.;.;.;0.096;.;.		0.194728	9.906	B;.;.;.;.;.;.	Benign
ANKRD26	NM_014915.2	c.2978A>C	Benign FAF >5%	1.0	6.445	0.176;.;.;.;0.176;.;.		0.0781689	23.2	B;.;.;.;.;.;.	Benign
ANKRD26	NM_014915.2	c.1868G>A	Benign FAF >5%	0.0	-0.387	0.014;.;.;.;.;0.014;.;.		0.0790293	0.069	B;.;.;.;.;.;.;.	Benign
ANKRD26	NM_014915.2	c.1817G>T	Benign synonymous, SpliceAI<=0.1, PhastCons<1.0	0.002	0.22	.;.;.;.;.			18.78	.;.;.;.;.	
ANKRD26	NM_014915.2	c.1817G>C	Benign synonymous, SpliceAI<=0.1, PhastCons<1.0	0.002	0.22	.;.;.;.;.			16.99	.;.;.;.;.	
ANKRD26	NM_014915.2	c.1817G>A	Benign synonymous, SpliceAI<=0.1, PhastCons<1.0	0.002	0.22	.;.;.;.;.		4.47000e-06	15.23	.;.;.;.;.	Uncertain_significance
ANKRD26	NM_014915.2	c.1816A>T	Benign synonymous, SpliceAI<=0.1, PhastCons<1.0	0.029	2.493	.;.;.;.;.			20.8	.;.;.;.;.	
ANKRD26	NM_014915.2	c.1816A>G	Benign synonymous, SpliceAI<=0.1, PhastCons<1.0	0.029	2.493	.;.;.;.;.			17.06	.;.;.;.;.	
ANKRD26	NM_014915.2	c.1816A>C	Benign synonymous, SpliceAI<=0.1, PhastCons<1.0	0.029	2.493	.;.;.;.;.			17.03	.;.;.;.;.	
ANKRD26	NM_014915.2	c.1815-1G>T	Benign synonymous, SpliceAI<=0.1, PhastCons<1.0, PhyloP<0.1, intronic_ROI(-1)	0.0	0.054	.;.;.			18.12	.;.;.	
ANKRD26	NM_014915.2	c.1815-1G>C	Benign synonymous, SpliceAI<=0.1, PhastCons<1.0, PhyloP<0.1, intronic_ROI(-1)	0.0	0.054	.;.;.			16.85	.;.;.	
ANKRD26	NM_014915.2	c.1815-1G>A	Benign synonymous, SpliceAI<=0.1, PhastCons<1.0, PhyloP<0.1, intronic_ROI(-1)	0.0	0.054	.;.;.			17.18	.;.;.	
ANKRD26	NM_014915.2	c.1565-1G>T	Benign synonymous, SpliceAI<=0.1, PhastCons<1.0, PhyloP<0.1, intronic_ROI(-1)	0.011	-0.007	.;.;.;.;.;.;.;.			21.3	.;.;.;.;.;.;.;.	
ANKRD26	NM_014915.2	c.1565-1G>C	Benign synonymous, SpliceAI<=0.1, PhastCons<1.0, PhyloP<0.1, intronic_ROI(-1)	0.011	-0.007	.;.;.;.;.;.;.;.			19.7	.;.;.;.;.;.;.;.	
ANKRD26	NM_014915.2	c.1565-1G>A	Benign synonymous, SpliceAI<=0.1, PhastCons<1.0, PhyloP<0.1, intronic_ROI(-1)	0.011	-0.007	.;.;.;.;.;.;.;.			18.91	.;.;.;.;.;.;.;.	
ANKRD26	NM_014915.2	c.1273A>G	Benign FAF >5%	0.005	-0.467	0.062;.;.;.;.;0.062;.;.;.		0.0994071	3.233	B;.;.;.;.;.;.;.;.	Benign
ANKRD26	NM_014915.2	c.875-2A>T	Benign synonymous, SpliceAI<=0.1, PhastCons<1.0, PhyloP<0.1, intronic_ROI(-2)	0.0	-0.158	.;.;.;.;.;.;.;.;.			19.73	.;.;.;.;.;.;.;.;.	
ANKRD26	NM_014915.2	c.875-2A>G	Benign synonymous, SpliceAI<=0.1, PhastCons<1.0, PhyloP<0.1, intronic_ROI(-2)	0.0	-0.158	.;.;.;.;.;.;.;.;.			19.86	.;.;.;.;.;.;.;.;.	
ANKRD26	NM_014915.2	c.875-2A>C	Benign synonymous, SpliceAI<=0.1, PhastCons<1.0, PhyloP<0.1, intronic_ROI(-2)	0.0	-0.158	.;.;.;.;.;.;.;.;.			19.27	.;.;.;.;.;.;.;.;.	
ANKRD26	NM_014915.2	c.793G>A	Benign FAF >5%	0.017	0.982	0.042;.;.;.;.;0.042;.;.;.		0.0598765	18.28	B;.;.;.;.;.;.;.;.	Benign
ANKRD26	NM_014915.2	c.641G>T	Benign synonymous, SpliceAI<=0.1, PhastCons<1.0	0.0	-0.686				2.011		
ANKRD26	NM_014915.2	c.641G>C	Benign synonymous, SpliceAI<=0.1, PhastCons<1.0	0.0	-0.686			1.06600e-05	0.216		
ANKRD26	NM_014915.2	c.641G>A	Benign synonymous, SpliceAI<=0.1, PhastCons<1.0	0.0	-0.686			8.00000e-07	0.116		Likely_benign
ANKRD26	NM_014915.2	c.59A>G	Benign FAF >5%	0.0	-1.094	0.005;.;.;.;.;0.005;.;.		0.991935	0.076	B;.;.;.;.;LB;.;.	Benign
AP2S1	NM_004069.5	c.164T>G	Benign FAF >5%	0.0	-2.968	.;.		0.677610	0.215	LB;.	Benign
AP2S1	NM_004069.5	c.4-2A>T	Benign synonymous, SpliceAI<=0.1, PhastCons<1.0, PhyloP<0.1, intronic_ROI(-2)	0.0	-1.997	.;.			1.296	.;.	
AP2S1	NM_004069.5	c.4-2A>G	Benign synonymous, SpliceAI<=0.1, PhastCons<1.0, PhyloP<0.1, intronic_ROI(-2)	0.0	-1.997	.;.		7.90000e-07	1.513	.;.	
AP2S1	NM_004069.5	c.4-2A>C	Benign synonymous, SpliceAI<=0.1, PhastCons<1.0, PhyloP<0.1, intronic_ROI(-2)	0.0	-1.997	.;.			1.33	.;.	
AP2S1	NM_004069.5	c.270+2T>G	Benign synonymous, SpliceAI<=0.1, PhastCons<1.0, PhyloP<0.1, intronic_ROI(+2)	0.019	-0.577				1.742		
AP2S1	NM_004069.5	c.270+2T>C	Benign synonymous, SpliceAI<=0.1, PhastCons<1.0, PhyloP<0.1, intronic_ROI(+2)	0.019	-0.577			3.76500e-05	1.856		
AP2S1	NM_004069.5	c.270+2T>A	Benign synonymous, SpliceAI<=0.1, PhastCons<1.0, PhyloP<0.1, intronic_ROI(+2)	0.019	-0.577				1.624		
AP2S1	NM_004069.5	c.270G>T	Benign synonymous, SpliceAI<=0.1, PhastCons<1.0	0.055	0.311				1.688		
AP2S1	NM_004069.5	c.270G>C	Benign synonymous, SpliceAI<=0.1, PhastCons<1.0	0.055	0.311				1.801		
AP2S1	NM_004069.5	c.264G>T	Benign synonymous, SpliceAI<=0.1, PhastCons<1.0	0.098	0.311				2.097		
AP2S1	NM_004069.5	c.264G>C	Benign synonymous, SpliceAI<=0.1, PhastCons<1.0	0.098	0.311				2.227		
AP2S1	NM_004069.5	c.229C>T	Benign synonymous, SpliceAI<=0.1, PhastCons<1.0	0.004	0.362			6.89100e-05	2.044		
AP2S1	NM_004069.5	c.229C>G	Benign synonymous, SpliceAI<=0.1, PhastCons<1.0	0.004	0.362				1.211		
AP2S1	NM_004069.5	c.227C>T	Benign FAF >5%	0.005	0.362			0.194184	2.199		
AP2S1	NM_004069.5	c.223C>T	Benign synonymous, SpliceAI<=0.1, PhastCons<1.0	0.005	-0.59			0.000148760	3.098		
AP2S1	NM_004069.5	c.223C>G	Benign synonymous, SpliceAI<=0.1, PhastCons<1.0	0.005	-0.59				0.969		
AP2S1	NM_004069.5	c.216T>G	Benign synonymous, SpliceAI<=0.1, PhastCons<1.0	0.002	0.344				2.362		
AP2S1	NM_004069.5	c.216T>A	Benign synonymous, SpliceAI<=0.1, PhastCons<1.0	0.002	0.344				2.194		
AP2S1	NM_004069.5	c.207A>T	Benign synonymous, SpliceAI<=0.1, PhastCons<1.0	0.016	0.309				2.534		
AP2S1	NM_004069.5	c.207A>C	Benign synonymous, SpliceAI<=0.1, PhastCons<1.0	0.016	0.309				2.475		
AP2S1	NM_004069.5	c.204A>T	Benign synonymous, SpliceAI<=0.1, PhastCons<1.0	0.026	0.346				2.178		
AP2S1	NM_004069.5	c.204A>C	Benign synonymous, SpliceAI<=0.1, PhastCons<1.0	0.026	0.346				2.249		
AP2S1	NM_004069.5	c.202A>T	Benign synonymous, SpliceAI<=0.1, PhastCons<1.0	0.029	0.164				3.028		
AP2S1	NM_004069.5	c.202A>G	Benign synonymous, SpliceAI<=0.1, PhastCons<1.0	0.029	0.164				3.571		
AP2S1	NM_004069.5	c.198C>G	Benign synonymous, SpliceAI<=0.1, PhastCons<1.0	0.044	0.192				1.173		
AP2S1	NM_004069.5	c.198C>A	Benign synonymous, SpliceAI<=0.1, PhastCons<1.0	0.044	0.192				1.044		
AP2S1	NM_004069.5	c.192T>G	Benign synonymous, SpliceAI<=0.1, PhastCons<1.0	0.065	0.183				1.454		
AP2S1	NM_004069.5	c.192T>A	Benign synonymous, SpliceAI<=0.1, PhastCons<1.0	0.065	0.183				1.406		
AP2S1	NM_004069.5	c.186G>T	Benign synonymous, SpliceAI<=0.1, PhastCons<1.0	0.058	-1.393				1.507		
AP2S1	NM_004069.5	c.186G>C	Benign synonymous, SpliceAI<=0.1, PhastCons<1.0	0.058	-1.393				1.078		
AP2S1	NM_004069.5	c.183T>G	Benign synonymous, SpliceAI<=0.1, PhastCons<1.0	0.072	0.183				3.647		
AP2S1	NM_004069.5	c.183T>A	Benign synonymous, SpliceAI<=0.1, PhastCons<1.0	0.072	0.183				3.485		
AP2S1	NM_004069.5	c.180C>G	Benign synonymous, SpliceAI<=0.1, PhastCons<1.0	0.108	0.192				2.488		
AP2S1	NM_004069.5	c.180C>A	Benign synonymous, SpliceAI<=0.1, PhastCons<1.0	0.108	0.192				2.513		
AP2S1	NM_004069.5	c.171G>T	Benign synonymous, SpliceAI<=0.1, PhastCons<1.0	0.192	0.163				2.062		
AP2S1	NM_004069.5	c.171G>C	Benign synonymous, SpliceAI<=0.1, PhastCons<1.0	0.192	0.163				1.791		
AP2S1	NM_004069.5	c.169T>G	Benign synonymous, SpliceAI<=0.1, PhastCons<1.0	0.2	0.183				2.615		
AP2S1	NM_004069.5	c.169T>A	Benign synonymous, SpliceAI<=0.1, PhastCons<1.0	0.2	0.183				2.473		
AP2S1	NM_004069.5	c.168C>G	Benign synonymous, SpliceAI<=0.1, PhastCons<1.0	0.203	0.192				1.831		
AP2S1	NM_004069.5	c.168C>A	Benign synonymous, SpliceAI<=0.1, PhastCons<1.0	0.203	0.192				1.713		
AP2S1	NM_004069.5	c.165A>T	Benign synonymous, SpliceAI<=0.1, PhastCons<1.0	0.205	0.164				5.143		
AP2S1	NM_004069.5	c.165A>C	Benign synonymous, SpliceAI<=0.1, PhastCons<1.0	0.205	0.164				5.366		
AP2S1	NM_004069.5	c.162G>T	Benign synonymous, SpliceAI<=0.1, PhastCons<1.0	0.2	0.163				2.425		
AP2S1	NM_004069.5	c.162G>C	Benign synonymous, SpliceAI<=0.1, PhastCons<1.0	0.2	0.163				2.771		
AP2S1	NM_004069.5	c.160A>T	Benign synonymous, SpliceAI<=0.1, PhastCons<1.0	0.193	0.164				3.532		
AP2S1	NM_004069.5	c.160A>G	Benign synonymous, SpliceAI<=0.1, PhastCons<1.0	0.193	0.164				4.385		
AP2S1	NM_004069.5	c.159C>G	Benign synonymous, SpliceAI<=0.1, PhastCons<1.0	0.188	0.192				2.27		
AP2S1	NM_004069.5	c.159C>A	Benign synonymous, SpliceAI<=0.1, PhastCons<1.0	0.188	0.192				2.22		
AP2S1	NM_004069.5	c.51+2T>G	Benign synonymous, SpliceAI<=0.1, PhastCons<1.0, PhyloP<0.1, intronic_ROI(+2)	0.001	-0.033				5.146		
AP2S1	NM_004069.5	c.51+2T>C	Benign synonymous, SpliceAI<=0.1, PhastCons<1.0, PhyloP<0.1, intronic_ROI(+2)	0.001	-0.033				5.412		
AP2S1	NM_004069.5	c.51+2T>A	Benign synonymous, SpliceAI<=0.1, PhastCons<1.0, PhyloP<0.1, intronic_ROI(+2)	0.001	-0.033				4.999		
AP2S1	NM_004069.5	c.51G>T	Benign synonymous, SpliceAI<=0.1, PhastCons<1.0	0.0	-0.089				3.771	LB	
AP2S1	NM_004069.5	c.51G>C	Benign synonymous, SpliceAI<=0.1, PhastCons<1.0	0.0	-0.089				4.004	LB	
AP2S1	NM_004069.5	c.46C>G	Benign synonymous, SpliceAI<=0.1, PhastCons<1.0	0.0	-0.807				0.832	LB	
AP2S1	NM_004069.5	c.46C>A	Benign synonymous, SpliceAI<=0.1, PhastCons<1.0	0.0	-0.807				0.852	LB	
AP2S1	NM_004069.5	c.45C>G	Benign synonymous, SpliceAI<=0.1, PhastCons<1.0	0.0	-0.532				1.18	LB	
AP2S1	NM_004069.5	c.45C>A	Benign synonymous, SpliceAI<=0.1, PhastCons<1.0	0.0	-0.532				1.178	LB	
AP2S1	NM_004069.5	c.42G>T	Benign synonymous, SpliceAI<=0.1, PhastCons<1.0	0.0	-0.117				4.398	LB	
AP2S1	NM_004069.5	c.42G>C	Benign synonymous, SpliceAI<=0.1, PhastCons<1.0	0.0	-0.117				4.394	LB	
AP2S1	NM_004069.5	c.39A>T	Benign synonymous, SpliceAI<=0.1, PhastCons<1.0	0.0	-0.899				2.088	LB	
AP2S1	NM_004069.5	c.39A>C	Benign synonymous, SpliceAI<=0.1, PhastCons<1.0	0.0	-0.899				2.116	LB	
AP2S1	NM_004069.5	c.37A>T	Benign synonymous, SpliceAI<=0.1, PhastCons<1.0	0.0	-1.515				1.657		
AP2S1	NM_004069.5	c.37A>G	Benign synonymous, SpliceAI<=0.1, PhastCons<1.0	0.0	-1.515				1.773	LB	
AP2S1	NM_004069.5	c.36G>T	Benign synonymous, SpliceAI<=0.1, PhastCons<1.0	0.0	-0.51				1.108	LB	
AP2S1	NM_004069.5	c.36G>C	Benign synonymous, SpliceAI<=0.1, PhastCons<1.0	0.0	-0.51				1.211	LB	
AP2S1	NM_004069.5	c.34A>T	Benign synonymous, SpliceAI<=0.1, PhastCons<1.0	0.0	-0.578				3.815	LB	
AP2S1	NM_004069.5	c.34A>G	Benign synonymous, SpliceAI<=0.1, PhastCons<1.0	0.0	-0.578			2.66600e-05	4.091	LB	
AP2S1	NM_004069.5	c.33A>T	Benign synonymous, SpliceAI<=0.1, PhastCons<1.0	0.0	-1.539				0.92	LB	
AP2S1	NM_004069.5	c.33A>C	Benign synonymous, SpliceAI<=0.1, PhastCons<1.0	0.0	-1.539				0.955	LB	
AP2S1	NM_004069.5	c.30T>G	Benign synonymous, SpliceAI<=0.1, PhastCons<1.0	0.0	-1.277				0.67	LB	
AP2S1	NM_004069.5	c.30T>A	Benign synonymous, SpliceAI<=0.1, PhastCons<1.0	0.0	-1.277				0.621		
AP2S1	NM_004069.5	c.24G>T	Benign synonymous, SpliceAI<=0.1, PhastCons<1.0	0.0	-0.958				4.431	LB	
AP2S1	NM_004069.5	c.24G>C	Benign synonymous, SpliceAI<=0.1, PhastCons<1.0	0.0	-0.958				4.555	LB	
AP2S1	NM_004069.5	c.16C>G	Benign synonymous, SpliceAI<=0.1, PhastCons<1.0	0.0	-1.036				0.678	LB	
AP2S1	NM_004069.5	c.16C>A	Benign synonymous, SpliceAI<=0.1, PhastCons<1.0	0.0	-1.036				0.611	LB	
AP2S1	NM_004069.5	c.12G>T	Benign synonymous, SpliceAI<=0.1, PhastCons<1.0	0.0	0.326				5.434	LB	
AP2S1	NM_004069.5	c.12G>C	Benign synonymous, SpliceAI<=0.1, PhastCons<1.0	0.0	0.326				5.789	LB	
AP2S1	NM_004069.5	c.6A>T	Benign synonymous, SpliceAI<=0.1, PhastCons<1.0	0.0	0.606				7.062	LB	
AP2S1	NM_004069.5	c.6A>C	Benign synonymous, SpliceAI<=0.1, PhastCons<1.0	0.0	0.606				7.058	LB	
APC	NM_001127511.3	c.6C>A	Benign synonymous, SpliceAI<=0.1, PhastCons<1.0	0.027	1.462				18.21		
APC	NM_001127511.3	c.6C>G	Benign synonymous, SpliceAI<=0.1, PhastCons<1.0	0.027	1.462				18.36		
APC	NM_001127511.3	c.13C>A	Benign synonymous, SpliceAI<=0.1, PhastCons<1.0	0.0	0.094	0.229			14.77	LB	
APC	NM_001127511.3	c.13C>G	Benign synonymous, SpliceAI<=0.1, PhastCons<1.0	0.0	0.094	0.228			15.17	LB	Uncertain_significance
APC	NM_001127511.3	c.16G>A	Likely_benign FAF >0.1%, REVEL <0.29, SpliceAI<=0.1	0.006	-0.302	0.267		0.00103378	13.47	LB	Conflicting_classifications_of_pathogenicity
APC	NM_001127511.3	c.37T>A	Benign synonymous, SpliceAI<=0.1, PhastCons<1.0	0.346	0.134	0.327			9.746	LB	
APC	NM_001127511.3	c.37T>G	Benign synonymous, SpliceAI<=0.1, PhastCons<1.0	0.346	0.134	0.346			10.37	LB	
APC	NM_001127511.3	c.39G>C	Benign synonymous, SpliceAI<=0.1, PhastCons<1.0	0.338	0.762	0.219		1.25700e-05	15.41	LB	Uncertain_significance
APC	NM_001127511.3	c.39G>T	Benign synonymous, SpliceAI<=0.1, PhastCons<1.0	0.338	0.762	0.212			15.37	LB	Uncertain_significance
APC	NM_001127511.3	c.90C>A	Benign synonymous, SpliceAI<=0.1, PhastCons<1.0	0.964	2.805	0.184			16.13	LB	
APC	NM_001127511.3	c.90C>G	Benign synonymous, SpliceAI<=0.1, PhastCons<1.0	0.964	2.805	0.191			16.18	LB	
APC	NM_001127511.3	c.91A>G	Benign synonymous, SpliceAI<=0.1, PhastCons<1.0	0.0	-4.251	0.236			0.134	LB	Uncertain_significance
APC	NM_001127511.3	c.91A>T	Benign synonymous, SpliceAI<=0.1, PhastCons<1.0	0.0	-4.251	0.277			0.106	LB	
APC	NM_001127511.3	c.93G>C	Benign synonymous, SpliceAI<=0.1, PhastCons<1.0	0.072	0.38	0.112			9.83	LB	
APC	NM_001127511.3	c.93G>T	Benign synonymous, SpliceAI<=0.1, PhastCons<1.0	0.072	0.38	0.114		1.12500e-05	9.643	LB	Uncertain_significance
APC	NM_001127511.3	c.96C>A	Benign synonymous, SpliceAI<=0.1, PhastCons<1.0	0.065	0.401	0.156			13.53	LB	
APC	NM_001127511.3	c.96C>G	Benign synonymous, SpliceAI<=0.1, PhastCons<1.0	0.065	0.401	0.122			13.57	LB	Uncertain_significance
APC	NM_001127511.3	c.99C>A	Benign synonymous, SpliceAI<=0.1, PhastCons<1.0	0.06	-0.253				5.148		
APC	NM_001127511.3	c.99C>G	Benign synonymous, SpliceAI<=0.1, PhastCons<1.0	0.06	-0.253	0.172			4.898	LB	
APC	NM_001127511.3	c.103C>G	Benign synonymous, SpliceAI<=0.1, PhastCons<1.0	0.035	0.86	0.194		9.00000e-07	9.637	LB	Uncertain_significance
APC	NM_001127511.3	c.103C>T	Benign synonymous, SpliceAI<=0.1, PhastCons<1.0	0.035	0.86	0.261			10.8	LB	Uncertain_significance
APC	NM_001127511.3	c.108G>C	Benign synonymous, SpliceAI<=0.1, PhastCons<1.0	0.665	1.361	0.167			12.13	LB	
APC	NM_001127511.3	c.108G>T	Benign synonymous, SpliceAI<=0.1, PhastCons<1.0	0.665	1.361	0.167			12.23	LB	
APC	NM_001127511.3	c.111G>C	Benign synonymous, SpliceAI<=0.1, PhastCons<1.0	0.94	0.678	0.147			10.16	LB	
APC	NM_001127511.3	c.111G>T	Benign synonymous, SpliceAI<=0.1, PhastCons<1.0	0.94	0.678	0.132			9.907	LB	
APC	NM_001127511.3	c.117G>C	Benign synonymous, SpliceAI<=0.1, PhastCons<1.0	0.975	0.822	0.174			12.9	LB	Uncertain_significance
APC	NM_001127511.3	c.117G>T	Benign synonymous, SpliceAI<=0.1, PhastCons<1.0	0.975	0.822	0.174			12.89	LB	
APC	NM_001127511.3	c.120C>A	Benign synonymous, SpliceAI<=0.1, PhastCons<1.0	0.893	2.749	0.262			14.71	LB	Uncertain_significance
APC	NM_001127511.3	c.120C>G	Benign synonymous, SpliceAI<=0.1, PhastCons<1.0	0.893	2.749	0.256			14.85	LB	
APC	NM_001127511.3	c.125G>A	Likely_benign FAF >0.1%, REVEL <0.29, SpliceAI<=0.1	0.086	2.088	0.140		0.00101934	14.87	LB	Benign
APC	NM_001127511.3	c.147C>A	Benign synonymous, SpliceAI<=0.1, PhastCons<1.0	0.291	1.488	0.078			15.4	LB	
APC	NM_001127511.3	c.147C>G	Benign synonymous, SpliceAI<=0.1, PhastCons<1.0	0.291	1.488	0.081		9.75000e-06	15.22	LB	
APC	NM_001127511.3	c.156C>A	Benign synonymous, SpliceAI<=0.1, PhastCons<1.0	0.88	1.296	0.365		1.41000e-06	18.24	A	Uncertain_significance
APC	NM_001127511.3	c.156C>G	Benign synonymous, SpliceAI<=0.1, PhastCons<1.0	0.88	1.296	0.365			18.61	A	
APC	NM_000038.6	c.5465T>A	Benign FAF >5%	0.997	2.36	.;.;.;.;.;0.190;.;.;0.190;.		0.952772	12.61	.;.;.;.;.;.;.;.;B;.	Benign
ATM	NM_000051.3	c.378T>A	Benign FAF >5%	0.135	-0.695	.;0.163;.;.;.;.;.;.;0.163;.		0.196027	4.363	LB;B;.;.;.;.;LB;.;.;.	Benign/Likely_benign
ATM	NM_000051.3	c.1541G>A	Benign FAF >5%	1.0	4.342	.;0.269;.;.;.;.;.;0.269		0.0602876	25.5	.;A;.;.;.;.;.;.	Benign/Likely_benign
ATM	NM_000051.3	c.4138C>T	Benign FAF >5%	0.317	0.1	.;0.164;.;.;.;.;.;0.164		0.0673217	12.72	.;B;.;.;.;.;.;.	Benign
ATM	NM_000051.3	c.4800A>C	Benign synonymous, SpliceAI<=0.1, PhastCons<1.0	0.01	-1.059				3.89		
ATM	NM_000051.3	c.4800A>T	Benign synonymous, SpliceAI<=0.1, PhastCons<1.0	0.01	-1.059				2.547		Likely_benign
ATM	NM_000051.3	c.5557G>A	Benign FAF >5%	1.0	5.927	.;0.118;.;.;.;.;0.118		0.142954	23.4	.;B;.;.;.;.;.	Benign
AXIN2	NM_004655.4	c.148C>T	Benign FAF >5%	0.996	1.136	.;.;.;.;.;0.126;.;.;.;0.126;.;.;.;0.126		0.522727	20.8	.;.;.;.;.;B;.;.;.;LB;LB;LB;LB;LB	Benign
BAP1	NM_004656.4	c.*615G>T	Benign synonymous, SpliceAI<=0.1, PhastCons<1.0	0.0	0.498				10.68		
BAP1	NM_004656.4	c.*615G>C	Benign synonymous, SpliceAI<=0.1, PhastCons<1.0	0.0	0.498				10.43		
BAP1	NM_004656.4	c.*612G>T	Benign synonymous, SpliceAI<=0.1, PhastCons<1.0	0.0	-0.377				3.095	LB	
BAP1	NM_004656.4	c.*612G>C	Benign synonymous, SpliceAI<=0.1, PhastCons<1.0	0.0	-0.377				3.134	LB	
BAP1	NM_004656.4	c.*601C>G	Benign synonymous, SpliceAI<=0.1, PhastCons<1.0	0.003	1.275				10.32	LB	
BAP1	NM_004656.4	c.*601C>A	Benign synonymous, SpliceAI<=0.1, PhastCons<1.0	0.003	1.275				9.573	LB	
BAP1	NM_004656.4	c.*594C>G	Benign synonymous, SpliceAI<=0.1, PhastCons<1.0	0.075	3.167				8.48	A	
BAP1	NM_004656.4	c.*594C>A	Benign synonymous, SpliceAI<=0.1, PhastCons<1.0	0.075	3.167				8.439	A	
BAP1	NM_004656.4	c.*585G>T	Benign synonymous, SpliceAI<=0.1, PhastCons<1.0	0.828	0.85				17.97	LB	
BAP1	NM_004656.4	c.*585G>C	Benign synonymous, SpliceAI<=0.1, PhastCons<1.0	0.828	0.85				18.05	LB	
BAP1	NM_004656.4	c.*579A>T	Benign synonymous, SpliceAI<=0.1, PhastCons<1.0	0.954	0.048				12.98	A	
BAP1	NM_004656.4	c.*579A>C	Benign synonymous, SpliceAI<=0.1, PhastCons<1.0	0.954	0.048				13.01	A	
BAP1	NM_004656.4	c.*576C>G	Benign synonymous, SpliceAI<=0.1, PhastCons<1.0	0.941	1.731				13.77	LP	
BAP1	NM_004656.4	c.*576C>A	Benign synonymous, SpliceAI<=0.1, PhastCons<1.0	0.941	1.731				13.72		
BAP1	NM_004656.4	c.*573G>T	Benign synonymous, SpliceAI<=0.1, PhastCons<1.0	0.015	0.109			4.30700e-05	11.88	LB	
BAP1	NM_004656.4	c.*573G>C	Benign synonymous, SpliceAI<=0.1, PhastCons<1.0	0.015	0.109				11.96	LB	
BAP1	NM_004656.4	c.*567A>T	Benign synonymous, SpliceAI<=0.1, PhastCons<1.0	0.0	0.031				9.036	A	
BAP1	NM_004656.4	c.*567A>C	Benign synonymous, SpliceAI<=0.1, PhastCons<1.0	0.0	0.031				9.164	A	
BAP1	NM_004656.4	c.*565T>G	Benign synonymous, SpliceAI<=0.1, PhastCons<1.0	0.0	0.062				7.966	LB	
BAP1	NM_004656.4	c.*565T>A	Benign synonymous, SpliceAI<=0.1, PhastCons<1.0	0.0	0.062				7.844	LB	
BAP1	NM_004656.4	c.*561C>G	Benign synonymous, SpliceAI<=0.1, PhastCons<1.0	0.0	-0.131				6.592	LP	
BAP1	NM_004656.4	c.*561C>A	Benign synonymous, SpliceAI<=0.1, PhastCons<1.0	0.0	-0.131				6.588	LP	
BAP1	NM_004656.4	c.*540G>T	Benign synonymous, SpliceAI<=0.1, PhastCons<1.0	0.0	0.598				7.279	LP	
BAP1	NM_004656.4	c.*540G>C	Benign synonymous, SpliceAI<=0.1, PhastCons<1.0	0.0	0.598				7.448	LP	
BAP1	NM_004656.4	c.*537G>T	Benign synonymous, SpliceAI<=0.1, PhastCons<1.0	0.0	0.008				8.74	LP	
BAP1	NM_004656.4	c.*537G>C	Benign synonymous, SpliceAI<=0.1, PhastCons<1.0	0.0	0.008				8.369	LP	
BAP1	NM_004656.4	c.*535A>T	Benign synonymous, SpliceAI<=0.1, PhastCons<1.0	0.0	-0.455				7.479	A	
BAP1	NM_004656.4	c.*535A>G	Benign synonymous, SpliceAI<=0.1, PhastCons<1.0	0.0	-0.455				8.31	A	
BAP1	NM_004656.4	c.*519G>T	Benign synonymous, SpliceAI<=0.1, PhastCons<1.0	0.0	-0.083				5.363	A	
BAP1	NM_004656.4	c.*519G>C	Benign synonymous, SpliceAI<=0.1, PhastCons<1.0	0.0	-0.083				5.777	A	
BAP1	NM_004656.4	c.*516C>G	Benign synonymous, SpliceAI<=0.1, PhastCons<1.0	0.0	0.212			6.33000e-06	5.129	LB	
BAP1	NM_004656.4	c.*516C>A	Benign synonymous, SpliceAI<=0.1, PhastCons<1.0	0.0	0.212				4.989	LB	
BAP1	NM_004656.4	c.*513C>G	Benign synonymous, SpliceAI<=0.1, PhastCons<1.0	0.007	0.814				7.077	LP	
BAP1	NM_004656.4	c.*513C>A	Benign synonymous, SpliceAI<=0.1, PhastCons<1.0	0.007	0.814				6.939	LP	
BAP1	NM_004656.4	c.*507C>G	Benign synonymous, SpliceAI<=0.1, PhastCons<1.0	0.01	1.257				5.355	LP	
BAP1	NM_004656.4	c.*507C>A	Benign synonymous, SpliceAI<=0.1, PhastCons<1.0	0.01	1.257				5.293	LP	
BAP1	NM_004656.4	c.*501C>G	Benign synonymous, SpliceAI<=0.1, PhastCons<1.0	0.0	-0.094				4.074	LP	
BAP1	NM_004656.4	c.*501C>A	Benign synonymous, SpliceAI<=0.1, PhastCons<1.0	0.0	-0.094				3.928		
BAP1	NM_004656.4	c.*498C>G	Benign synonymous, SpliceAI<=0.1, PhastCons<1.0	0.044	0.483				3.792	LP	
BAP1	NM_004656.4	c.*498C>A	Benign synonymous, SpliceAI<=0.1, PhastCons<1.0	0.044	0.483				3.481		
BAP1	NM_004656.4	c.*481C>G	Benign synonymous, SpliceAI<=0.1, PhastCons<1.0	0.0	-2.21			7.20000e-06	0.017	LB	
BAP1	NM_004656.4	c.*481C>A	Benign synonymous, SpliceAI<=0.1, PhastCons<1.0	0.0	-2.21				0.016	LB	
BAP1	NM_004656.4	c.*462C>G	Benign synonymous, SpliceAI<=0.1, PhastCons<1.0	0.042	1.404				8.556	LP	
BAP1	NM_004656.4	c.*462C>A	Benign synonymous, SpliceAI<=0.1, PhastCons<1.0	0.042	1.404				7.984	LP	
BAP1	NM_004656.4	c.*453G>T	Benign synonymous, SpliceAI<=0.1, PhastCons<1.0	0.0	0.139				2.312	LB	
BAP1	NM_004656.4	c.*453G>C	Benign synonymous, SpliceAI<=0.1, PhastCons<1.0	0.0	0.139				2.498	LB	
BAP1	NM_004656.4	c.*448C>G	Benign synonymous, SpliceAI<=0.1, PhastCons<1.0	0.0	0.184				2.288	LB	
BAP1	NM_004656.4	c.*448C>A	Benign synonymous, SpliceAI<=0.1, PhastCons<1.0	0.0	0.184				2.316	LB	
BAP1	NM_004656.4	c.*447A>T	Benign synonymous, SpliceAI<=0.1, PhastCons<1.0	0.0	-0.759				0.358	LB	
BAP1	NM_004656.4	c.*447A>C	Benign synonymous, SpliceAI<=0.1, PhastCons<1.0	0.0	-0.759				0.388	LB	
BAP1	NM_004656.4	c.*439C>T	Benign synonymous, SpliceAI<=0.1, PhastCons<1.0	0.0	-0.444			3.05200e-05	4.092	LB	
BAP1	NM_004656.4	c.*439C>G	Benign synonymous, SpliceAI<=0.1, PhastCons<1.0	0.0	-0.444				1.671	LB	
BAP1	NM_004656.4	c.*429T>G	Benign synonymous, SpliceAI<=0.1, PhastCons<1.0	0.0	-0.2				1.011	A	
BAP1	NM_004656.4	c.*429T>A	Benign synonymous, SpliceAI<=0.1, PhastCons<1.0	0.0	-0.2				0.785		
BAP1	NM_004656.4	c.*409C>G	Benign synonymous, SpliceAI<=0.1, PhastCons<1.0	0.001	0.713				4.855	LB	
BAP1	NM_004656.4	c.*409C>A	Benign synonymous, SpliceAI<=0.1, PhastCons<1.0	0.001	0.713				4.7	LB	
BAP1	NM_004656.4	c.*397C>G	Benign synonymous, SpliceAI<=0.1, PhastCons<1.0	0.247	0.565				4.848	LB	
BAP1	NM_004656.4	c.*397C>A	Benign synonymous, SpliceAI<=0.1, PhastCons<1.0	0.247	0.565				4.812	LB	
BAP1	NM_004656.4	c.*379C>G	Benign synonymous, SpliceAI<=0.1, PhastCons<1.0	0.967	0.376				6.842	LB	
BAP1	NM_004656.4	c.*379C>A	Benign synonymous, SpliceAI<=0.1, PhastCons<1.0	0.967	0.376				6.812	LB	
BAP1	NM_004656.4	c.*378C>G	Benign synonymous, SpliceAI<=0.1, PhastCons<1.0	0.988	0.861				5.723		
BAP1	NM_004656.4	c.*378C>A	Benign synonymous, SpliceAI<=0.1, PhastCons<1.0	0.988	0.861				6.184		
BAP1	NM_004656.4	c.*372T>G	Benign synonymous, SpliceAI<=0.1, PhastCons<1.0	0.0	-0.872				0.646	LP	
BAP1	NM_004656.4	c.*372T>A	Benign synonymous, SpliceAI<=0.1, PhastCons<1.0	0.0	-0.872				0.612	LP	
BAP1	NM_004656.4	c.*366C>G	Benign synonymous, SpliceAI<=0.1, PhastCons<1.0	0.896	1.209				12.19	LP	
BAP1	NM_004656.4	c.*366C>A	Benign synonymous, SpliceAI<=0.1, PhastCons<1.0	0.896	1.209				11.93	LP	
BAP1	NM_004656.4	c.*345C>G	Benign synonymous, SpliceAI<=0.1, PhastCons<1.0	0.005	0.603				13.01	LP	
BAP1	NM_004656.4	c.*345C>A	Benign synonymous, SpliceAI<=0.1, PhastCons<1.0	0.005	0.603				12.11	LP	
BAP1	NM_004656.4	c.*334C>G	Benign synonymous, SpliceAI<=0.1, PhastCons<1.0	0.993	0.261			0.000104470	12.33	A	
BAP1	NM_004656.4	c.*334C>A	Benign synonymous, SpliceAI<=0.1, PhastCons<1.0	0.993	0.261				12.29	A	
BAP1	NM_004656.4	c.*333T>G	Benign synonymous, SpliceAI<=0.1, PhastCons<1.0	0.994	0.688				15.48	LP	
BAP1	NM_004656.4	c.*333T>A	Benign synonymous, SpliceAI<=0.1, PhastCons<1.0	0.994	0.688				15.31	LP	
BAP1	NM_004656.4	c.*321G>T	Benign synonymous, SpliceAI<=0.1, PhastCons<1.0	0.7	0.575				15.74	LP	
BAP1	NM_004656.4	c.*321G>C	Benign synonymous, SpliceAI<=0.1, PhastCons<1.0	0.7	0.575				15.73	LP	
BAP1	NM_004656.4	c.*313C>G	Benign synonymous, SpliceAI<=0.1, PhastCons<1.0	0.995	0.247				13.79	A	
BAP1	NM_004656.4	c.*313C>A	Benign synonymous, SpliceAI<=0.1, PhastCons<1.0	0.995	0.247				13.71	A	
BAP1	NM_004656.4	c.*312C>G	Benign synonymous, SpliceAI<=0.1, PhastCons<1.0	0.999	1.744				13.57		
BAP1	NM_004656.4	c.*312C>A	Benign synonymous, SpliceAI<=0.1, PhastCons<1.0	0.999	1.744				13.28		
BAP1	NM_004656.4	c.*303T>G	Benign synonymous, SpliceAI<=0.1, PhastCons<1.0	0.969	1.739				12.96		
BAP1	NM_004656.4	c.*303T>A	Benign synonymous, SpliceAI<=0.1, PhastCons<1.0	0.969	1.739				12.53		
BAP1	NM_004656.4	c.*300A>T	Benign synonymous, SpliceAI<=0.1, PhastCons<1.0	0.939	-0.0				12.72	LP	
BAP1	NM_004656.4	c.*300A>C	Benign synonymous, SpliceAI<=0.1, PhastCons<1.0	0.939	-0.0				13.29	LP	
BAP1	NM_004656.4	c.*261T>G	Benign synonymous, SpliceAI<=0.1, PhastCons<1.0	0.998	1.21				10.62	LP	
BAP1	NM_004656.4	c.*261T>A	Benign synonymous, SpliceAI<=0.1, PhastCons<1.0	0.998	1.21				10.1		
BAP1	NM_004656.4	c.*229C>T	Benign synonymous, SpliceAI<=0.1, PhastCons<1.0	0.0	-1.461			7.60000e-07	0.135		
BAP1	NM_004656.4	c.*229C>G	Benign synonymous, SpliceAI<=0.1, PhastCons<1.0	0.0	-1.461				0.061	LB	
BAP1	NM_004656.4	c.*228G>T	Benign synonymous, SpliceAI<=0.1, PhastCons<1.0	0.001	0.334				3.31	A	
BAP1	NM_004656.4	c.*228G>C	Benign synonymous, SpliceAI<=0.1, PhastCons<1.0	0.001	0.334				3.407	A	
BAP1	NM_004656.4	c.*204G>T	Benign synonymous, SpliceAI<=0.1, PhastCons<1.0	0.908	-0.155				7.248	LB	
BAP1	NM_004656.4	c.*204G>C	Benign synonymous, SpliceAI<=0.1, PhastCons<1.0	0.908	-0.155				7.442	LB	
BAP1	NM_004656.4	c.*201G>T	Benign synonymous, SpliceAI<=0.1, PhastCons<1.0	0.933	2.583				12.42	A	
BAP1	NM_004656.4	c.*201G>C	Benign synonymous, SpliceAI<=0.1, PhastCons<1.0	0.933	2.583				12.41	A	
BAP1	NM_004656.4	c.*195T>G	Benign synonymous, SpliceAI<=0.1, PhastCons<1.0	0.0	-0.189				4.273	A	
BAP1	NM_004656.4	c.*195T>A	Benign synonymous, SpliceAI<=0.1, PhastCons<1.0	0.0	-0.189				4.02	A	
BAP1	NM_004656.4	c.*192T>G	Benign synonymous, SpliceAI<=0.1, PhastCons<1.0	0.0	-0.203				1.635	LB	
BAP1	NM_004656.4	c.*192T>A	Benign synonymous, SpliceAI<=0.1, PhastCons<1.0	0.0	-0.203				1.655	LB	
BAP1	NM_004656.4	c.*186G>T	Benign synonymous, SpliceAI<=0.1, PhastCons<1.0	0.015	0.795				7.915	LB	
BAP1	NM_004656.4	c.*186G>C	Benign synonymous, SpliceAI<=0.1, PhastCons<1.0	0.015	0.795				8.24	LB	
BAP1	NM_004656.4	c.*183T>G	Benign synonymous, SpliceAI<=0.1, PhastCons<1.0	0.0	-1.304				0.579	LB	
BAP1	NM_004656.4	c.*183T>A	Benign synonymous, SpliceAI<=0.1, PhastCons<1.0	0.0	-1.304				0.556	LB	
BAP1	NM_004656.4	c.*174C>G	Benign synonymous, SpliceAI<=0.1, PhastCons<1.0	0.0	0.458			1.77000e-06	6.405	LB	
BAP1	NM_004656.4	c.*174C>A	Benign synonymous, SpliceAI<=0.1, PhastCons<1.0	0.0	0.458				6.39	LB	
BAP1	NM_004656.4	c.*168G>T	Benign synonymous, SpliceAI<=0.1, PhastCons<1.0	0.001	0.322				10.24	A	
BAP1	NM_004656.4	c.*168G>C	Benign synonymous, SpliceAI<=0.1, PhastCons<1.0	0.001	0.322				10.47	A	
BAP1	NM_004656.4	c.*166A>T	Benign synonymous, SpliceAI<=0.1, PhastCons<1.0	0.0	0.145				9.828	LB	
BAP1	NM_004656.4	c.*166A>G	Benign synonymous, SpliceAI<=0.1, PhastCons<1.0	0.0	0.145				9.687	LB	
BAP1	NM_004656.4	c.*163C>G	Benign synonymous, SpliceAI<=0.1, PhastCons<1.0	0.051	1.346				9.805	LB	
BAP1	NM_004656.4	c.*163C>A	Benign synonymous, SpliceAI<=0.1, PhastCons<1.0	0.051	1.346				9.641	LB	
BAP1	NM_004656.4	c.*156T>G	Benign synonymous, SpliceAI<=0.1, PhastCons<1.0	0.0	-0.686				0.851	LB	
BAP1	NM_004656.4	c.*156T>A	Benign synonymous, SpliceAI<=0.1, PhastCons<1.0	0.0	-0.686				0.808	LB	
BAP1	NM_004656.4	c.*153C>G	Benign synonymous, SpliceAI<=0.1, PhastCons<1.0	0.0	-0.215				1.161	LP	
BAP1	NM_004656.4	c.*153C>A	Benign synonymous, SpliceAI<=0.1, PhastCons<1.0	0.0	-0.215				1.14	LP	
BAP1	NM_004656.4	c.*147T>G	Benign synonymous, SpliceAI<=0.1, PhastCons<1.0	0.0	-0.243				2.048	LB	
BAP1	NM_004656.4	c.*147T>A	Benign synonymous, SpliceAI<=0.1, PhastCons<1.0	0.0	-0.243				1.912	LB	
BAP1	NM_004656.4	c.*141G>T	Benign synonymous, SpliceAI<=0.1, PhastCons<1.0	0.002	0.363				2.07	A	
BAP1	NM_004656.4	c.*141G>C	Benign synonymous, SpliceAI<=0.1, PhastCons<1.0	0.002	0.363				1.817	A	
BAP1	NM_004656.4	c.*139A>T	Benign synonymous, SpliceAI<=0.1, PhastCons<1.0	0.0	-0.171				1.056	LB	
BAP1	NM_004656.4	c.*139A>G	Benign synonymous, SpliceAI<=0.1, PhastCons<1.0	0.0	-0.171				1.338	LB	
BAP1	NM_004656.4	c.1891-30G>C	Likely_benign FAF >0.1%, REVEL <0.29, SpliceAI<=0.1	0.0	-1.127	0.008		0.0224564	0.84	LB	Benign/Likely_benign
BAP1	NM_004656.4	c.1786A>G	Benign FAF >5%	0.001	0.015	0.046;0.046;0.046		0.0749767	9.376	B;LB;LB	Benign
BAP1	NM_004656.4	c.672C>G	Benign synonymous, SpliceAI<=0.1, PhastCons<1.0	0.818	0.072	0.186			18.71	P	
BAP1	NM_004656.4	c.672C>A	Benign synonymous, SpliceAI<=0.1, PhastCons<1.0	0.818	0.072	0.186			17.89	P	
BAP1	NM_004656.4	c.663G>T	Benign synonymous, SpliceAI<=0.1, PhastCons<1.0	0.997	0.525	0.153			22.0	P	
BAP1	NM_004656.4	c.663G>C	Benign synonymous, SpliceAI<=0.1, PhastCons<1.0	0.997	0.525	0.153			22.0	P	
BARD1	NM_000465.4	c.1933T>C	Benign FAF >5%	0.733	1.561	0.048;.;.;.;.;.;.;.;.;.;0.048		0.0661744	13.92	B;.;.;.;.;.;LB;LB;LB;LB;LB	Benign/Likely_benign
BARD1	NM_000465.4	c.1839A>T	Benign synonymous, SpliceAI<=0.1, PhastCons<1.0	0.825	0.024				6.542		
BARD1	NM_000465.4	c.1839A>G	Benign synonymous, SpliceAI<=0.1, PhastCons<1.0	0.825	0.024				6.69		
BARD1	NM_000465.4	c.1839A>C	Benign synonymous, SpliceAI<=0.1, PhastCons<1.0	0.825	0.024				6.13		Uncertain_significance
BARD1	NM_000465.4	c.1569T>G	Benign synonymous, SpliceAI<=0.1, PhastCons<1.0	0.996	0.294				6.014	A	
BARD1	NM_000465.4	c.1569T>A	Benign synonymous, SpliceAI<=0.1, PhastCons<1.0	0.996	0.294				5.799		
BARD1	NM_000465.4	c.1519G>A	Benign FAF >5%	0.0	-5.22	0.108;.;.;.;.;.;.;.		0.403417	0.008	B;.;.;.;.;.;LB;LB	Benign/Likely_benign
BARD1	NM_000465.4	c.1395+4G>T	Benign synonymous, SpliceAI<=0.1, PhastCons<1.0, PhyloP<0.1, intronic_ROI(+4)	0.326	-0.338			1.32700e-05	7.581		Conflicting_classifications_of_pathogenicity
BARD1	NM_000465.4	c.1395+4G>C	Benign synonymous, SpliceAI<=0.1, PhastCons<1.0, PhyloP<0.1, intronic_ROI(+4)	0.326	-0.338				7.521		
BARD1	NM_000465.4	c.1395+4G>A	Benign synonymous, SpliceAI<=0.1, PhastCons<1.0, PhyloP<0.1, intronic_ROI(+4)	0.326	-0.338				7.451		Conflicting_classifications_of_pathogenicity
BARD1	NM_000465.4	c.1134G>C	Benign FAF >5%	0.0	-0.395	0.111;.;.;.;.;.		0.610135	1.391	B;.;.;.;.;LB	Benign
BARD1	NM_000465.4	c.908T>G	Benign synonymous, SpliceAI<=0.1, PhastCons<1.0	0.0	-0.435				12.59		
BARD1	NM_000465.4	c.908T>C	Benign synonymous, SpliceAI<=0.1, PhastCons<1.0	0.0	-0.435				6.368		
BARD1	NM_000465.4	c.908T>A	Benign synonymous, SpliceAI<=0.1, PhastCons<1.0	0.0	-0.435				11.18		Uncertain_significance
BARD1	NM_000465.4	c.907G>T	Benign synonymous, SpliceAI<=0.1, PhastCons<1.0	0.0	0.014				16.32		
BARD1	NM_000465.4	c.907G>C	Benign synonymous, SpliceAI<=0.1, PhastCons<1.0	0.0	0.014			2.55100e-05	12.31		Conflicting_classifications_of_pathogenicity
BARD1	NM_000465.4	c.907G>A	Benign synonymous, SpliceAI<=0.1, PhastCons<1.0	0.0	0.014				12.83		Conflicting_classifications_of_pathogenicity
BARD1	NM_000465.4	c.156T>G	Benign synonymous, SpliceAI<=0.1, PhastCons<1.0	0.481	-1.001				16.4		Benign/Likely_benign
BARD1	NM_000465.4	c.156T>C	Benign synonymous, SpliceAI<=0.1, PhastCons<1.0	0.481	-1.001				10.61		
BARD1	NM_000465.4	c.156T>A	Benign synonymous, SpliceAI<=0.1, PhastCons<1.0	0.481	-1.001				9.944		Likely_benign
BARD1	NM_000465.4	c.70C>T	Benign FAF >5%	0.726	0.99	0.260;.;.;.;.;.;.;.;.;.;0.260		0.410843	15.74	B;.;.;.;.;.;LB;LB;LB;LB;LB	Benign
BLM	NM_000057.4	c.893C>T	Benign FAF >5%	0.001	0.504	.;.;0.022;.;.;.;.;.;.;.;.;.;.;.;.;.;.		0.0920305	14.95	.;.;B;.;.;.;.;.;.;.;.;.;LB;.;.;LB;.	Benign
BLM	NM_000057.4	c.1219A>T	Benign synonymous, SpliceAI<=0.1, PhastCons<1.0	0.992	3.07				38.0		
BLM	NM_000057.4	c.2603C>T	Benign FAF >5%	1.0	5.726	.;.;0.184;.;.;.;.;.;.;.;.;.;.;.		0.0702820	23.3	.;.;B;.;.;.;.;.;.;LB;.;.;LB;.	Benign
BLM	NM_000057.4	c.3961G>A	Benign FAF >5%	0.0	-0.636	.;.;0.089;.;.;.;.;.;.;.;.;.;.;.;.;.;.		0.0934518	0.335	.;.;B;.;.;.;.;.;.;.;.;.;LB;.;.;LB;.	Benign
BMPR1A	NM_004329.2	c.4C>A	Benign FAF >5%	1.0	3.2	.;.;.;.;.;.;.;.;.;.;.;.;.;.;.;.;0.206;.;.;.;.;.;.;.;.;.;.;.;.;.;.;.;.;.		0.709208	14.97	.;.;.;.;.;.;.;.;.;.;.;.;.;.;.;.;.;.;.;LB;.;.;.;.;.;.;.;.;.;.;.;.;.;.	Benign
BMPR1A	NM_004329.2	c.1041A>C	Benign synonymous, SpliceAI<=0.1, PhastCons<1.0	0.537	-0.085				5.774		
BMPR1A	NM_004329.2	c.1041A>G	Benign synonymous, SpliceAI<=0.1, PhastCons<1.0	0.537	-0.085				6.431		Likely_benign
BMPR1A	NM_004329.2	c.1041A>T	Benign synonymous, SpliceAI<=0.1, PhastCons<1.0	0.537	-0.085				5.552		Benign/Likely_benign
BMPR1A	NM_004329.2	c.1503A>G	Benign synonymous, SpliceAI<=0.1, PhastCons<1.0	0.573	-0.183				5.499		Likely_benign
BMPR1A	NM_004329.2	c.1503A>T	Benign synonymous, SpliceAI<=0.1, PhastCons<1.0	0.573	-0.183				5.327		
BRCA1	NM_007294.4	c.5480T>G	Benign synonymous, SpliceAI<=0.1, PhastCons<1.0	0.98	3.206	0.325			21.6	LB	
BRCA1	NM_007294.4	c.5480T>A	Benign synonymous, SpliceAI<=0.1, PhastCons<1.0	0.98	3.206	0.327			18.82	LB	Uncertain_significance
BRCA1	NM_007294.4	c.5448A>T	Benign synonymous, SpliceAI<=0.1, PhastCons<1.0	0.989	0.035				6.208		
BRCA1	NM_007294.4	c.5448A>G	Benign synonymous, SpliceAI<=0.1, PhastCons<1.0	0.989	0.035	0.244			8.739	LB	Likely_benign
BRCA1	NM_007294.4	c.5447C>G	Benign synonymous, SpliceAI<=0.1, PhastCons<1.0	0.993	1.321	0.490			21.5	LB	Likely_benign
BRCA1	NM_007294.4	c.5447C>A	Benign synonymous, SpliceAI<=0.1, PhastCons<1.0	0.993	1.321	0.489			19.73	LB	Uncertain_significance
BRCA1	NM_007294.4	c.5436A>T	Benign synonymous, SpliceAI<=0.1, PhastCons<1.0	0.213	-1.192				1.007		
BRCA1	NM_007294.4	c.5436A>G	Benign synonymous, SpliceAI<=0.1, PhastCons<1.0	0.213	-1.192	0.254			1.651	LB	
BRCA1	NM_007294.4	c.5429T>G	Benign synonymous, SpliceAI<=0.1, PhastCons<1.0	0.991	3.363	0.343			24.8	LB	Uncertain_significance
BRCA1	NM_007294.4	c.5429T>A	Benign synonymous, SpliceAI<=0.1, PhastCons<1.0	0.991	3.363				24.3		
BRCA1	NM_007294.4	c.5423T>G	Benign synonymous, SpliceAI<=0.1, PhastCons<1.0	0.997	4.874	0.528			26.7	LB	Uncertain_significance
BRCA1	NM_007294.4	c.5423T>A	Benign synonymous, SpliceAI<=0.1, PhastCons<1.0	0.997	4.874				26.6		Uncertain_significance
BRCA1	NM_007294.4	c.5411T>G	Benign synonymous, SpliceAI<=0.1, PhastCons<1.0	0.003	0.527	0.124			15.06	LB	
BRCA1	NM_007294.4	c.5411T>A	Benign synonymous, SpliceAI<=0.1, PhastCons<1.0	0.003	0.527			0.000416240	15.08		Benign
BRCA1	NM_007294.4	c.4837A>G	Benign FAF >5%	0.0	-0.194	.;.;.;0.252;0.252;.;.;.;0.252;0.252;.;0.252;.;.;.;.;.;.;.;.;.;.;0.252;.;.;.;0.252;.;0.252;0.252;.		0.495036	6.903	.;.;.;LB;B;.;.;.;LB;LB;.;LB;.;.;.;.;.;.;.;.;.;.;LB;.;.;.;.;LB;LB;LB;.	Benign
BRCA1	NM_007294.4	c.4360G>T	Benign synonymous, SpliceAI<=0.1, PhastCons<1.0	0.031	0.136	.;.;.;.;.;.;.;.;.;.			13.66	.;.;.;.;.;.;.;.;.;.	
BRCA1	NM_007294.4	c.4360G>C	Benign synonymous, SpliceAI<=0.1, PhastCons<1.0	0.031	0.136	.;.;.;.;.;.;.;.;.;.			11.81	.;.;.;.;.;.;.;.;.;.	
BRCA1	NM_007294.4	c.4360G>A	Benign synonymous, SpliceAI<=0.1, PhastCons<1.0	0.031	0.136	.;.;.;.;.;.;.;.;.;.			8.925	.;.;.;.;.;.;.;.;.;.	Uncertain_significance
BRCA1	NM_007294.4	c.4359A>T	Benign synonymous, SpliceAI<=0.1, PhastCons<1.0	0.228	1.174	.;.;.;.;.;.;.;.;.;.			18.77	.;.;.;.;.;.;.;.;.;.	Likely_benign
BRCA1	NM_007294.4	c.4359A>G	Benign synonymous, SpliceAI<=0.1, PhastCons<1.0	0.228	1.174	.;.;.;.;.;.;.;.;.;.			17.53	.;.;.;.;.;.;.;.;.;.	
BRCA1	NM_007294.4	c.4359A>C	Benign synonymous, SpliceAI<=0.1, PhastCons<1.0	0.228	1.174	.;.;.;.;.;.;.;.;.;.			17.1	.;.;.;.;.;.;.;.;.;.	Conflicting_classifications_of_pathogenicity
BRCA1	NM_007294.4	c.3548A>G	Benign FAF >5%	0.0	-0.319	.;.;0.067;.;.;.;0.067;.;.;.;.;.;.;.;.;.;0.067		0.495014	1.218	.;.;B;.;.;.;LB;.;.;.;.;.;.;.;.;.;LB	Benign
BRCA1	NM_007294.4	c.3113A>G	Benign FAF >5%	0.0	-0.149	.;.;0.227;.;.;.;0.227;.;.;.;.;.;.;.;.;.;0.227		0.494444	17.09	.;.;B;.;.;.;LB;.;.;.;.;.;.;.;.;.;LB	Benign
BRCA1	NM_007294.4	c.2612C>T	Benign FAF >5%	1.0	4.247	.;.;0.140;.;.;.;0.140;.;.;.;.;.;.;.;.;.;0.140		0.814471	16.51	.;.;B;.;.;.;LB;.;.;.;.;.;.;.;.;.;LB	Benign
BRCA1	NM_007294.4	c.2077G>A	Benign FAF >5%	0.0	0.205	.;.;0.126;.;.;.;0.126;.;.;.;.;.;.;.;.;.;0.126		0.0777222	7.114	.;.;B;.;.;.;LB;.;LB;.;.;.;.;.;.;.;LB	Benign
BRCA1	NM_007294.4	c.1067A>G	Benign FAF >5%	0.997	2.371	0.417;.;0.417;.;0.417;0.417;0.417;.;.;.;.;0.417;.;.;.;.;0.417		0.0624407	19.63	LB;.;B;.;LB;LB;LB;LB;LB;.;.;LB;.;.;.;.;LB	Benign
BRCA1	NM_007294.4	c.789T>G	Benign synonymous, SpliceAI<=0.1, PhastCons<1.0	0.054	0.084	.;.;.;.;.;.;.;.;.;.;.;.			10.32	.;.;.;.;.;.;.;.;.;.;.;.	
BRCA1	NM_007294.4	c.789T>C	Benign synonymous, SpliceAI<=0.1, PhastCons<1.0	0.054	0.084	.;.;.;.;.;.;.;.;.;.;.;.			7.341	.;.;.;.;.;.;.;.;.;.;.;.	Likely_benign
BRCA1	NM_007294.4	c.789T>A	Benign synonymous, SpliceAI<=0.1, PhastCons<1.0	0.054	0.084	.;.;.;.;.;.;.;.;.;.;.;.			9.183	.;.;.;.;.;.;.;.;.;.;.;.	
BRCA1	NM_007294.4	c.788G>T	Benign synonymous, SpliceAI<=0.1, PhastCons<1.0	0.094	0.606	.;.;.;.;.;.;.;.;.;.;.;.			29.4	.;.;.;.;.;.;.;.;.;.;.;.	Conflicting_classifications_of_pathogenicity
BRCA1	NM_007294.4	c.788G>C	Benign synonymous, SpliceAI<=0.1, PhastCons<1.0	0.094	0.606	.;.;.;.;.;.;.;.;.;.;.;.			18.74	.;.;.;.;.;.;.;.;.;.;.;.	Likely_benign
BRCA1	NM_007294.4	c.788G>A	Benign synonymous, SpliceAI<=0.1, PhastCons<1.0	0.094	0.606	.;.;.;.;.;.;.;.;.;.;.;.		1.06600e-05	18.52	.;.;.;.;.;.;.;.;.;.;.;.	Conflicting_classifications_of_pathogenicity
BRCA1	NM_007294.4	c.442-1G>T	Benign synonymous, SpliceAI<=0.1, PhastCons<1.0, PhyloP<0.1, intronic_ROI(-1)	0.97	-0.276	.;.;.;.;.;.;.;.;.;.;.;.;.;.;.;.;.;.;.;.;.;.;.		1.32800e-05	20.7	.;.;.;.;.;.;.;.;.;.;.;.;.;.;.;.;.;.;.;.;.;.;.	Uncertain_significance
BRCA1	NM_007294.4	c.442-1G>C	Benign synonymous, SpliceAI<=0.1, PhastCons<1.0, PhyloP<0.1, intronic_ROI(-1)	0.97	-0.276	.;.;.;.;.;.;.;.;.;.;.;.;.;.;.;.;.;.;.;.;.;.;.			20.5	.;.;.;.;.;.;.;.;.;.;.;.;.;.;.;.;.;.;.;.;.;.;.	
BRCA1	NM_007294.4	c.442-1G>A	Benign synonymous, SpliceAI<=0.1, PhastCons<1.0, PhyloP<0.1, intronic_ROI(-1)	0.97	-0.276	.;.;.;.;.;.;.;.;.;.;.;.;.;.;.;.;.;.;.;.;.;.;.			20.9	.;.;.;.;.;.;.;.;.;.;.;.;.;.;.;.;.;.;.;.;.;.;.	Uncertain_significance
BRCA2	NM_000059.3	c.865A>C	Benign FAF >5%	0.239	0.498	0.086;.;0.086;.;0.086;.;.		0.114142	16.16	B;.;LB;.;LB;.;.	Benign
BRCA2	NM_000059.3	c.1114A>C	Benign FAF >5%	0.0	0.32	0.041;.;0.041;.;0.041;.;.		0.346579	14.68	B;.;LB;.;LB;.;.	Benign
BRCA2	NM_000059.3	c.2971A>G	Benign FAF >5%	0.0	-0.04	0.040;.;.;.;0.040;.;.		0.114095	0.239	B;.;.;.;LB;.;.	Benign
BRCA2	NM_000059.3	c.7397=	Benign FAF >5%	0.028	2.491	0.091;.;.;.;0.091;.;.		0.998295	8.683	B;.;.;.;LB;.;.	Benign
BRCA2	NM_000059.3	c.7469T>C	Benign FAF >5%	0.001	0.406	0.291;.;.;.;0.291;.;.		0.113394	0.502	B;.;.;.;LB;.;.	Benign
BRCA2	NM_000059.3	c.9003A>C	Benign synonymous, SpliceAI<=0.1, PhastCons<1.0	0.828	0.015				9.272		
BRCA2	NM_000059.3	c.9003A>G	Benign synonymous, SpliceAI<=0.1, PhastCons<1.0	0.828	0.015				10.49		
BRCA2	NM_000059.3	c.9003A>T	Benign synonymous, SpliceAI<=0.1, PhastCons<1.0	0.828	0.015				9.74		
BRCA2	NM_000059.3	c.9710G>A	Benign synonymous, SpliceAI<=0.1, PhastCons<1.0	0.106	-0.084				0.723		Conflicting_classifications_of_pathogenicity
BRCA2	NM_000059.3	c.9710G>C	Benign synonymous, SpliceAI<=0.1, PhastCons<1.0	0.106	-0.084				5.676		
BRCA2	NM_000059.3	c.9710G>T	Benign synonymous, SpliceAI<=0.1, PhastCons<1.0	0.106	-0.084				12.92		Uncertain_significance
BRCA2	NM_000059.3	c.9713A>C	Benign synonymous, SpliceAI<=0.1, PhastCons<1.0	0.987	2.076				16.49		Uncertain_significance
BRCA2	NM_000059.3	c.9713A>T	Benign synonymous, SpliceAI<=0.1, PhastCons<1.0	0.987	2.076				21.1		
BRCA2	NM_000059.3	c.9719T>A	Benign synonymous, SpliceAI<=0.1, PhastCons<1.0	0.061	0.129				16.42		
BRCA2	NM_000059.3	c.9719T>G	Benign synonymous, SpliceAI<=0.1, PhastCons<1.0	0.061	0.129				8.947		Uncertain_significance
BRCA2	NM_000059.3	c.9722C>A	Benign synonymous, SpliceAI<=0.1, PhastCons<1.0	0.0	0.777				19.07		
BRCA2	NM_000059.3	c.9722C>G	Benign synonymous, SpliceAI<=0.1, PhastCons<1.0	0.0	0.777			6.80000e-07	12.72		Uncertain_significance
BRCA2	NM_000059.3	c.9725C>A	Benign synonymous, SpliceAI<=0.1, PhastCons<1.0	0.0	-0.207				13.61		
BRCA2	NM_000059.3	c.9725C>G	Benign synonymous, SpliceAI<=0.1, PhastCons<1.0	0.0	-0.207				13.79		
BRCA2	NM_000059.3	c.9731T>A	Benign synonymous, SpliceAI<=0.1, PhastCons<1.0	0.0	-0.156				4.006		
BRCA2	NM_000059.3	c.9731T>G	Benign synonymous, SpliceAI<=0.1, PhastCons<1.0	0.0	-0.156				0.83		
BRCA2	NM_000059.3	c.9743T>A	Benign synonymous, SpliceAI<=0.1, PhastCons<1.0	0.543	1.336				10.66		
BRCA2	NM_000059.3	c.9743T>G	Benign synonymous, SpliceAI<=0.1, PhastCons<1.0	0.543	1.336				15.7		Uncertain_significance
BRCA2	NM_000059.3	c.9746C>A	Benign synonymous, SpliceAI<=0.1, PhastCons<1.0	0.235	0.837				20.3		
BRCA2	NM_000059.3	c.9746C>G	Benign synonymous, SpliceAI<=0.1, PhastCons<1.0	0.235	0.837				17.85		
BRCA2	NM_000059.3	c.9749C>A	Benign synonymous, SpliceAI<=0.1, PhastCons<1.0	0.002	1.305				36.0		Pathogenic
BRCA2	NM_000059.3	c.9749C>G	Benign synonymous, SpliceAI<=0.1, PhastCons<1.0	0.002	1.305				36.0		
BRCA2	NM_000059.3	c.9752A>C	Benign synonymous, SpliceAI<=0.1, PhastCons<1.0	0.001	1.353				20.6		
BRCA2	NM_000059.3	c.9756T>A	Benign synonymous, SpliceAI<=0.1, PhastCons<1.0	0.0	0.083				4.857		
BRCA2	NM_000059.3	c.9756T>G	Benign synonymous, SpliceAI<=0.1, PhastCons<1.0	0.0	0.083				5.966		
BRCA2	NM_000059.3	c.10234A>G	Benign FAF >5%	0.0	0.556	0.028;.;.;0.028;.;.		0.108134	0.466	B;.;.;LB;.;.	Benign
BRIP1	NM_032043.3	c.2755T>C	Benign FAF >5%	0.001	0.201	.;0.088;.;.;.;.;.;.;.		0.770844	6.854	.;B;.;.;.;.;.;.;LB	Benign
BUB1B	NM_001211.5	c.34A>G	Benign synonymous, SpliceAI<=0.1, PhastCons<1.0	0.917	1.86				22.9		
BUB1B	NM_001211.5	c.34A>T	Benign synonymous, SpliceAI<=0.1, PhastCons<1.0	0.917	1.86				27.7		
BUB1B	NM_001211.5	c.119C>T	Benign FAF >5%	1.0	4.261	.;.;.;.;0.125;0.125;.;.;.		0.0738216	27.8	.;.;.;.;LB;B;.;.;.	Benign/Likely_benign
BUB1B	NM_001211.5	c.986C>A	Benign synonymous, SpliceAI<=0.1, PhastCons<1.0	0.067	1.943				34.0		
BUB1B	NM_001211.5	c.986C>G	Benign synonymous, SpliceAI<=0.1, PhastCons<1.0	0.067	1.943				33.0		
BUB1B	NM_001211.5	c.992T>A	Benign synonymous, SpliceAI<=0.1, PhastCons<1.0	0.004	1.85				9.239		
BUB1B	NM_001211.5	c.992T>G	Benign synonymous, SpliceAI<=0.1, PhastCons<1.0	0.004	1.85				10.76		
BUB1B	NM_001211.5	c.998T>A	Benign synonymous, SpliceAI<=0.1, PhastCons<1.0	0.0	-0.07				2.56		
BUB1B	NM_001211.5	c.998T>G	Benign synonymous, SpliceAI<=0.1, PhastCons<1.0	0.0	-0.07				7.381		
BUB1B	NM_001211.5	c.1007T>A	Benign synonymous, SpliceAI<=0.1, PhastCons<1.0	0.0	-0.344				8.067		
BUB1B	NM_001211.5	c.1007T>G	Benign synonymous, SpliceAI<=0.1, PhastCons<1.0	0.0	-0.344				13.03		
BUB1B	NM_001211.5	c.1016G>C	Benign synonymous, SpliceAI<=0.1, PhastCons<1.0	0.993	0.38				18.28		
BUB1B	NM_001211.5	c.1016G>T	Benign synonymous, SpliceAI<=0.1, PhastCons<1.0	0.993	0.38				22.3		
BUB1B	NM_001211.5	c.1022C>A	Benign synonymous, SpliceAI<=0.1, PhastCons<1.0	0.998	1.977				24.5		
BUB1B	NM_001211.5	c.1022C>G	Benign synonymous, SpliceAI<=0.1, PhastCons<1.0	0.998	1.977				24.1		
BUB1B	NM_001211.5	c.1046=	Benign FAF >5%	0.998	3.42	.;.;.;.;0.061;0.061;.;.		0.819555	16.68	.;.;.;.;LB;B;.;.	Benign
BUB1B	NM_001211.5	c.1055T>A	Benign synonymous, SpliceAI<=0.1, PhastCons<1.0	0.963	1.49				21.9		
BUB1B	NM_001211.5	c.1055T>G	Benign synonymous, SpliceAI<=0.1, PhastCons<1.0	0.963	1.49				29.3		
BUB1B	NM_001211.5	c.1170G>C	Benign FAF >5%	0.077	-0.646	.;.;.;.;.;0.007;0.007;.;.;.		0.118879	9.592	.;.;.;.;.;LB;B;.;.;.	Benign
BUB1B	NM_001211.5	c.1289-10C>A	Benign synonymous, SpliceAI<=0.1, PhastCons<1.0, PhyloP<0.1, intronic_ROI(-10)	0.0	-0.189			2.80000e-07	12.37		
BUB1B	NM_001211.5	c.1289-10C>G	Benign synonymous, SpliceAI<=0.1, PhastCons<1.0, PhyloP<0.1, intronic_ROI(-10)	0.0	-0.189				19.66		
BUB1B	NM_001211.5	c.1568-4C>A	Benign synonymous, SpliceAI<=0.1, PhastCons<1.0, PhyloP<0.1, intronic_ROI(-4)	0.0	-3.339				0.021		
BUB1B	NM_001211.5	c.1568-4C>G	Benign synonymous, SpliceAI<=0.1, PhastCons<1.0, PhyloP<0.1, intronic_ROI(-4)	0.0	-3.339				0.02		
BUB1B	NM_001211.5	c.1853T>C	Benign FAF >5%	0.999	0.782	.;.;.;.;.;0.066;0.066;.;.;.		0.274280	11.28	.;.;.;.;.;LB;B;.;.;.	Benign
CASR	NM_001178065.2	c.1333A>G	Benign FAF >5%	1.0	3.787	.;.;.;0.226;.;0.226		0.199180	15.02	LB;.;B;LB;.;LB	Benign/Likely_benign
CASR	NM_001178065.2	c.1609-2A>C	Benign synonymous, SpliceAI<=0.1, PhastCons<1.0, PhyloP<0.1, intronic_ROI(-2)	0.0	-0.279				12.18		
CASR	NM_001178065.2	c.1609-2A>G	Benign synonymous, SpliceAI<=0.1, PhastCons<1.0, PhyloP<0.1, intronic_ROI(-2)	0.0	-0.279				12.66		
CASR	NM_001178065.2	c.1609-2A>T	Benign synonymous, SpliceAI<=0.1, PhastCons<1.0, PhyloP<0.1, intronic_ROI(-2)	0.0	-0.279				12.96		
CASR	NM_001178065.2	c.1609-1G>A	Benign synonymous, SpliceAI<=0.1, PhastCons<1.0, PhyloP<0.1, intronic_ROI(-1)	0.001	0.043			0.000205740	13.92		
CASR	NM_001178065.2	c.1609-1G>C	Benign synonymous, SpliceAI<=0.1, PhastCons<1.0, PhyloP<0.1, intronic_ROI(-1)	0.001	0.043			7.50500e-05	13.09		
CASR	NM_001178065.2	c.1609-1G>T	Benign synonymous, SpliceAI<=0.1, PhastCons<1.0, PhyloP<0.1, intronic_ROI(-1)	0.001	0.043				13.88		
CASR	NM_001178065.2	c.1620T>A	Benign synonymous, SpliceAI<=0.1, PhastCons<1.0	0.0	-0.196	0.201			3.115	A	
CASR	NM_001178065.2	c.1620T>G	Benign synonymous, SpliceAI<=0.1, PhastCons<1.0	0.0	-0.196	0.201			1.247	A	
CASR	NM_001178065.2	c.1624C>A	Benign synonymous, SpliceAI<=0.1, PhastCons<1.0	0.001	-0.505	0.104			4.091	LB	
CASR	NM_001178065.2	c.1624C>G	Benign synonymous, SpliceAI<=0.1, PhastCons<1.0	0.001	-0.505	0.117			3.887	LB	
CASR	NM_001178065.2	c.2986G>T	Benign FAF >5%	1.0	3.227	.;.;.;0.287;.;0.287		0.257866	12.63	LB;.;B;LB;.;LB	Benign
CASR	NM_001178065.2	c.2998A>G	Benign FAF >5%	0.999	2.667	.;.;.;0.437;.;0.437		0.532892	19.13	LB;.;B;LB;.;LB	Benign
CASR	NM_001178065.2	c.3061G>C	Benign FAF >5%	1.0	1.199	.;.;.;0.240;.;0.240		0.976626	14.01	LB;.;B;LB;.;LB	Benign
CBL	NM_005188.4	c.2528G>A	Benign synonymous, SpliceAI<=0.1, PhastCons<1.0	0.994	2.976	.;.			19.22	.;.	
CBL	NM_005188.4	c.2528G>C	Benign synonymous, SpliceAI<=0.1, PhastCons<1.0	0.994	2.976	.;.			18.24	.;.	
CBL	NM_005188.4	c.2528G>T	Benign synonymous, SpliceAI<=0.1, PhastCons<1.0	0.994	2.976	.;.			20.5	.;.	Uncertain_significance
CBL	NM_005188.4	c.2529T>A	Benign synonymous, SpliceAI<=0.1, PhastCons<1.0	0.003	-2.132	.;.			4.148	.;.	
CBL	NM_005188.4	c.2529T>C	Benign synonymous, SpliceAI<=0.1, PhastCons<1.0	0.003	-2.132	.;.			1.079	.;.	
CBL	NM_005188.4	c.2529T>G	Benign synonymous, SpliceAI<=0.1, PhastCons<1.0	0.003	-2.132	.;.			4.201	.;.	
CBL	NM_005188.4	c.2577T>A	Benign synonymous, SpliceAI<=0.1, PhastCons<1.0	0.112	-0.672				19.94		
CBL	NM_005188.4	c.2577T>C	Benign synonymous, SpliceAI<=0.1, PhastCons<1.0	0.112	-0.672				5.54		
CBL	NM_005188.4	c.2577T>G	Benign synonymous, SpliceAI<=0.1, PhastCons<1.0	0.112	-0.672			6.15000e-06	20.9		
CBL	NM_005188.4	c.*6508G>C	Benign synonymous, SpliceAI<=0.1, PhastCons<1.0	0.026	1.203				8.406	LB	
CBL	NM_005188.4	c.*6508G>T	Benign synonymous, SpliceAI<=0.1, PhastCons<1.0	0.026	1.203				8.551	LB	
CBL	NM_005188.4	c.*6511A>C	Benign synonymous, SpliceAI<=0.1, PhastCons<1.0	0.0	-0.106				1.709	LB	
CBL	NM_005188.4	c.*6511A>T	Benign synonymous, SpliceAI<=0.1, PhastCons<1.0	0.0	-0.106				1.758	LB	
CBL	NM_005188.4	c.*6514C>A	Benign synonymous, SpliceAI<=0.1, PhastCons<1.0	0.0	0.13				3.885	A	
CBL	NM_005188.4	c.*6514C>G	Benign synonymous, SpliceAI<=0.1, PhastCons<1.0	0.0	0.13				3.998	A	
CBL	NM_005188.4	c.*6520A>C	Benign synonymous, SpliceAI<=0.1, PhastCons<1.0	0.005	-0.242				1.047	LB	
CBL	NM_005188.4	c.*6520A>T	Benign synonymous, SpliceAI<=0.1, PhastCons<1.0	0.005	-0.242				1.088	LB	
CBL	NM_005188.4	c.*6526C>A	Benign synonymous, SpliceAI<=0.1, PhastCons<1.0	0.0	-0.037				3.818	LB	
CBL	NM_005188.4	c.*6526C>G	Benign synonymous, SpliceAI<=0.1, PhastCons<1.0	0.0	-0.037				3.982	LB	
CBL	NM_005188.4	c.*6530A>G	Benign synonymous, SpliceAI<=0.1, PhastCons<1.0	0.0	-0.036				1.374	LB	
CBL	NM_005188.4	c.*6530A>T	Benign synonymous, SpliceAI<=0.1, PhastCons<1.0	0.0	-0.036				1.226		
CBL	NM_005188.4	c.*6532A>C	Benign synonymous, SpliceAI<=0.1, PhastCons<1.0	0.0	-0.484				0.458	LB	
CBL	NM_005188.4	c.*6532A>T	Benign synonymous, SpliceAI<=0.1, PhastCons<1.0	0.0	-0.484				0.563	LB	
CBL	NM_005188.4	c.*6541T>A	Benign synonymous, SpliceAI<=0.1, PhastCons<1.0	0.0	-0.994				4.72	LB	
CBL	NM_005188.4	c.*6541T>G	Benign synonymous, SpliceAI<=0.1, PhastCons<1.0	0.0	-0.994				4.713	LB	
CBL	NM_005188.4	c.*6542T>A	Benign synonymous, SpliceAI<=0.1, PhastCons<1.0	0.058	0.015				8.474	LB	
CBL	NM_005188.4	c.*6542T>G	Benign synonymous, SpliceAI<=0.1, PhastCons<1.0	0.058	0.015			0.00163977	7.772	LB	Benign
CBL	NM_005188.4	c.*6544G>C	Benign synonymous, SpliceAI<=0.1, PhastCons<1.0	0.978	2.799				14.61	LB	
CBL	NM_005188.4	c.*6544G>T	Benign synonymous, SpliceAI<=0.1, PhastCons<1.0	0.978	2.799				14.63	LB	
CBL	NM_005188.4	c.*6553A>C	Benign synonymous, SpliceAI<=0.1, PhastCons<1.0	0.001	0.622				14.38	LB	
CBL	NM_005188.4	c.*6553A>T	Benign synonymous, SpliceAI<=0.1, PhastCons<1.0	0.001	0.622				14.22	LB	
CBL	NM_005188.4	c.*6556A>C	Benign synonymous, SpliceAI<=0.1, PhastCons<1.0	0.0	-1.162				3.536	LB	
CBL	NM_005188.4	c.*6556A>T	Benign synonymous, SpliceAI<=0.1, PhastCons<1.0	0.0	-1.162				4.412	LB	
CBL	NM_005188.4	c.*6562C>A	Benign synonymous, SpliceAI<=0.1, PhastCons<1.0	0.003	0.649				15.89	A	
CBL	NM_005188.4	c.*6562C>G	Benign synonymous, SpliceAI<=0.1, PhastCons<1.0	0.003	0.649				15.92	A	
CBL	NM_005188.4	c.*6563A>G	Benign synonymous, SpliceAI<=0.1, PhastCons<1.0	0.006	-0.054				12.12	LB	
CBL	NM_005188.4	c.*6563A>T	Benign synonymous, SpliceAI<=0.1, PhastCons<1.0	0.006	-0.054				11.67		
CBL	NM_005188.4	c.*6565A>C	Benign synonymous, SpliceAI<=0.1, PhastCons<1.0	0.917	2.006				15.67	LB	
CBL	NM_005188.4	c.*6565A>T	Benign synonymous, SpliceAI<=0.1, PhastCons<1.0	0.917	2.006				15.45	LB	
CBL	NM_005188.4	c.*6569C>A	Benign synonymous, SpliceAI<=0.1, PhastCons<1.0	0.788	0.012			3.53000e-06	13.35	LB	
CBL	NM_005188.4	c.*6569C>G	Benign synonymous, SpliceAI<=0.1, PhastCons<1.0	0.788	0.012				13.14	LB	
CBL	NM_005188.4	c.*6579G>C	Benign synonymous, SpliceAI<=0.1, PhastCons<1.0	0.0	0.47				8.576		
CBL	NM_005188.4	c.*6579G>T	Benign synonymous, SpliceAI<=0.1, PhastCons<1.0	0.0	0.47				8.429		
CBL	NM_005188.4	c.*8293T>A	Benign synonymous, SpliceAI<=0.1, PhastCons<1.0	0.999	0.0				7.864	A	
CBL	NM_005188.4	c.*8293T>G	Benign synonymous, SpliceAI<=0.1, PhastCons<1.0	0.999	0.0				8.205	A	
CBL	NM_005188.4	c.2522-2A>C	Benign synonymous, SpliceAI<=0.1, PhastCons<1.0, PhyloP<0.1, intronic_ROI(-2)	0.005	-0.086				12.78		
CBL	NM_005188.4	c.2522-2A>G	Benign synonymous, SpliceAI<=0.1, PhastCons<1.0, PhyloP<0.1, intronic_ROI(-2)	0.005	-0.086				12.25		
CBL	NM_005188.4	c.2522-2A>T	Benign synonymous, SpliceAI<=0.1, PhastCons<1.0, PhyloP<0.1, intronic_ROI(-2)	0.005	-0.086				12.25		
CBL	NM_005188.4	c.2523C>A	Benign synonymous, SpliceAI<=0.1, PhastCons<1.0	0.001	-0.114				1.253	LB	
CBL	NM_005188.4	c.2523C>G	Benign synonymous, SpliceAI<=0.1, PhastCons<1.0	0.001	-0.114			1.41000e-06	1.374	LB	
CBL	NM_005188.4	c.2524A>G	Benign synonymous, SpliceAI<=0.1, PhastCons<1.0	0.0	-1.77				1.245	LB	
CBL	NM_005188.4	c.2524A>T	Benign synonymous, SpliceAI<=0.1, PhastCons<1.0	0.0	-1.77				24.5		
CBL	NM_005188.4	c.2526A>C	Benign synonymous, SpliceAI<=0.1, PhastCons<1.0	0.0	-0.688				1.861	LB	
CBL	NM_005188.4	c.2526A>T	Benign synonymous, SpliceAI<=0.1, PhastCons<1.0	0.0	-0.688				1.948	LB	
CBL	NM_005188.4	c.2536T>A	Benign synonymous, SpliceAI<=0.1, PhastCons<1.0	0.006	-0.178				6.882	LB	
CBL	NM_005188.4	c.2536T>G	Benign synonymous, SpliceAI<=0.1, PhastCons<1.0	0.006	-0.178				1.077	LB	
CBL	NM_005188.4	c.2538G>C	Benign synonymous, SpliceAI<=0.1, PhastCons<1.0	0.009	0.858				9.501	LB	
CBL	NM_005188.4	c.2538G>T	Benign synonymous, SpliceAI<=0.1, PhastCons<1.0	0.009	0.858				9.552	LB	
CBL	NM_005188.4	c.2539T>A	Benign synonymous, SpliceAI<=0.1, PhastCons<1.0	0.007	-0.1				7.353	LB	
CBL	NM_005188.4	c.2539T>G	Benign synonymous, SpliceAI<=0.1, PhastCons<1.0	0.007	-0.1				3.921	LB	
CBL	NM_005188.4	c.2541G>C	Benign synonymous, SpliceAI<=0.1, PhastCons<1.0	0.005	0.863				9.67	LB	
CBL	NM_005188.4	c.2541G>T	Benign synonymous, SpliceAI<=0.1, PhastCons<1.0	0.005	0.863				9.79	LB	
CBL	NM_005188.4	c.2545A>G	Benign synonymous, SpliceAI<=0.1, PhastCons<1.0	0.001	0.816				10.16	LB	
CBL	NM_005188.4	c.2545A>T	Benign synonymous, SpliceAI<=0.1, PhastCons<1.0	0.001	0.816				16.33	LB	
CBL	NM_005188.4	c.2547G>C	Benign synonymous, SpliceAI<=0.1, PhastCons<1.0	0.0	-0.054				5.112	LB	
CBL	NM_005188.4	c.2547G>T	Benign synonymous, SpliceAI<=0.1, PhastCons<1.0	0.0	-0.054				5.029	LB	
CBL	NM_005188.4	c.2548C>A	Benign synonymous, SpliceAI<=0.1, PhastCons<1.0	0.0	-0.808				4.001	LB	
CBL	NM_005188.4	c.2548C>G	Benign synonymous, SpliceAI<=0.1, PhastCons<1.0	0.0	-0.808				2.526	LB	
CBL	NM_005188.4	c.2553G>C	Benign synonymous, SpliceAI<=0.1, PhastCons<1.0	0.001	0.095				2.647	LB	
CBL	NM_005188.4	c.2553G>T	Benign synonymous, SpliceAI<=0.1, PhastCons<1.0	0.001	0.095				2.528	LB	
CBL	NM_005188.4	c.2556C>A	Benign synonymous, SpliceAI<=0.1, PhastCons<1.0	0.0	-0.017				26.5		
CBL	NM_005188.4	c.2556C>G	Benign synonymous, SpliceAI<=0.1, PhastCons<1.0	0.0	-0.017				13.0	LB	
CBL	NM_005188.4	c.2559T>A	Benign synonymous, SpliceAI<=0.1, PhastCons<1.0	0.001	-0.782				6.89	LB	
CBL	NM_005188.4	c.2559T>G	Benign synonymous, SpliceAI<=0.1, PhastCons<1.0	0.001	-0.782			5.08300e-05	7.484	LB	
CBL	NM_005188.4	c.2577C>A	Benign synonymous, SpliceAI<=0.1, PhastCons<1.0	0.0	-0.076				4.368	LB	
CBL	NM_005188.4	c.2577C>G	Benign synonymous, SpliceAI<=0.1, PhastCons<1.0	0.0	-0.076				4.485	LB	
CBL	NM_005188.4	c.2583C>A	Benign synonymous, SpliceAI<=0.1, PhastCons<1.0	0.001	-0.192				10.45	LB	
CBL	NM_005188.4	c.2583C>G	Benign synonymous, SpliceAI<=0.1, PhastCons<1.0	0.001	-0.192				10.55	LB	
CBL	NM_005188.4	c.2589C>A	Benign synonymous, SpliceAI<=0.1, PhastCons<1.0	0.0	-0.107			9.81500e-05	4.678	LB	
CBL	NM_005188.4	c.2589C>G	Benign synonymous, SpliceAI<=0.1, PhastCons<1.0	0.0	-0.107				4.729	LB	
CBL	NM_005188.4	c.2604C>A	Benign synonymous, SpliceAI<=0.1, PhastCons<1.0	0.001	0.421				12.46	A	
CBL	NM_005188.4	c.2604C>G	Benign synonymous, SpliceAI<=0.1, PhastCons<1.0	0.001	0.421				12.33	A	
CBL	NM_005188.4	c.2607G>C	Benign synonymous, SpliceAI<=0.1, PhastCons<1.0	0.001	-0.227				4.202	LB	
CBL	NM_005188.4	c.2607G>T	Benign synonymous, SpliceAI<=0.1, PhastCons<1.0	0.001	-0.227				4.275	LB	
CBL	NM_005188.4	c.2609G>C	Benign synonymous, SpliceAI<=0.1, PhastCons<1.0	0.001	-0.144				0.431		
CBL	NM_005188.4	c.2609G>T	Benign synonymous, SpliceAI<=0.1, PhastCons<1.0	0.001	-0.144				1.379		
CDKN1A	NM_000389.5	c.93C>A	Benign FAF >5%	0.965	0.899	.;.;.;.;.;0.244;.;.;.;.;.;.;.;.;0.244;.;.;.;.;0.244;.;.;.;.;.;.;.;0.244;.;.;.;.;.;.;.;.		0.475759	2.378	.;.;.;.;.;.;.;.;.;.;.;.;.;.;LB;.;.;.;.;.;.;.;.;.;.;.;.;B;.;.;.;.;.;.;.;.	Benign
CDKN1A	NM_000389.5	c.183T>A	Benign synonymous, SpliceAI<=0.1, PhastCons<1.0	0.058	-0.627				11.35		
CDKN1A	NM_000389.5	c.183T>C	Benign synonymous, SpliceAI<=0.1, PhastCons<1.0	0.058	-0.627				12.85		
CDKN1A	NM_000389.5	c.183T>G	Benign synonymous, SpliceAI<=0.1, PhastCons<1.0	0.058	-0.627				11.49		
CDKN1B	NM_004064.4	c.326T>G	Benign FAF >5%	0.998	1.192	.;0.078;.;0.078		0.720345	16.88	.;B;.;LB	Benign
CDKN1B	NM_004064.4	c.*39T>A	Benign synonymous, SpliceAI<=0.1, PhastCons<1.0	0.997	1.837	0.040			15.79	LB	
CDKN1B	NM_004064.4	c.*39T>G	Benign synonymous, SpliceAI<=0.1, PhastCons<1.0	0.997	1.837	0.041			15.75	LB	
CDKN1B	NM_004064.4	c.*46C>A	Benign synonymous, SpliceAI<=0.1, PhastCons<1.0	0.001	0.505	0.036			9.58	LB	
CDKN1B	NM_004064.4	c.*46C>G	Benign synonymous, SpliceAI<=0.1, PhastCons<1.0	0.001	0.505	0.013			9.688	LB	
CDKN1B	NM_004064.4	c.*78A>C	Benign synonymous, SpliceAI<=0.1, PhastCons<1.0	0.475	0.8	0.178		4.53000e-06	13.67	LB	
CDKN1B	NM_004064.4	c.*78A>T	Benign synonymous, SpliceAI<=0.1, PhastCons<1.0	0.475	0.8	0.168			13.6	LB	
CDKN1B	NM_004064.4	c.*82T>A	Benign synonymous, SpliceAI<=0.1, PhastCons<1.0	0.164	1.101	0.061			12.64	LB	
CDKN1B	NM_004064.4	c.*82T>G	Benign synonymous, SpliceAI<=0.1, PhastCons<1.0	0.164	1.101	0.089			13.5	LB	
CDKN1B	NM_004064.4	c.*84A>C	Benign synonymous, SpliceAI<=0.1, PhastCons<1.0	0.177	0.224	0.080			12.02	LB	
CDKN1B	NM_004064.4	c.*84A>T	Benign synonymous, SpliceAI<=0.1, PhastCons<1.0	0.177	0.224	0.090			8.665	LB	
CDKN1B	NM_004064.4	c.*138A>C	Benign synonymous, SpliceAI<=0.1, PhastCons<1.0	0.991	0.911	0.279			13.98	LB	
CDKN1B	NM_004064.4	c.*138A>T	Benign synonymous, SpliceAI<=0.1, PhastCons<1.0	0.991	0.911	0.279			13.93	LB	
CDKN1B	NM_004064.4	c.*141A>C	Benign synonymous, SpliceAI<=0.1, PhastCons<1.0	0.998	1.098	0.290			14.38	LB	
CDKN1B	NM_004064.4	c.*141A>T	Benign synonymous, SpliceAI<=0.1, PhastCons<1.0	0.998	1.098	0.324			14.31	LB	
CDKN1B	NM_004064.4	c.*147C>A	Benign synonymous, SpliceAI<=0.1, PhastCons<1.0	0.998	0.819	0.356			12.18	LB	
CDKN1B	NM_004064.4	c.*147C>G	Benign synonymous, SpliceAI<=0.1, PhastCons<1.0	0.998	0.819	0.356		4.52000e-06	12.24	LB	
CDKN1C	NM_000076.2	c.*146G>T	Benign synonymous, SpliceAI<=0.1, PhastCons<1.0	0.947	0.432				16.4		
CDKN1C	NM_000076.2	c.*146G>C	Benign synonymous, SpliceAI<=0.1, PhastCons<1.0	0.947	0.432				16.46		
CDKN1C	NM_000076.2	c.*144T>G	Benign synonymous, SpliceAI<=0.1, PhastCons<1.0	0.911	2.203				15.59	LP	
CDKN1C	NM_000076.2	c.*144T>A	Benign synonymous, SpliceAI<=0.1, PhastCons<1.0	0.911	2.203				15.51	LP	
CDKN1C	NM_000076.2	c.*141A>T	Benign synonymous, SpliceAI<=0.1, PhastCons<1.0	0.996	4.468				16.72	LP	
CDKN1C	NM_000076.2	c.*141A>C	Benign synonymous, SpliceAI<=0.1, PhastCons<1.0	0.996	4.468				16.82	LP	
CDKN1C	NM_000076.2	c.*138T>G	Benign synonymous, SpliceAI<=0.1, PhastCons<1.0	0.989	0.21				15.05	LP	
CDKN1C	NM_000076.2	c.*138T>A	Benign synonymous, SpliceAI<=0.1, PhastCons<1.0	0.989	0.21				14.96	LP	
CDKN1C	NM_000076.2	c.*132T>G	Benign synonymous, SpliceAI<=0.1, PhastCons<1.0	0.977	0.014				17.48	LP	
CDKN1C	NM_000076.2	c.*132T>A	Benign synonymous, SpliceAI<=0.1, PhastCons<1.0	0.977	0.014				14.52	LP	
CDKN1C	NM_000076.2	c.*117A>T	Benign synonymous, SpliceAI<=0.1, PhastCons<1.0	0.784	0.364				15.23	A	
CDKN1C	NM_000076.2	c.*117A>C	Benign synonymous, SpliceAI<=0.1, PhastCons<1.0	0.784	0.364				15.27	A	
CDKN1C	NM_000076.2	c.*115A>T	Benign synonymous, SpliceAI<=0.1, PhastCons<1.0	0.639	0.113				16.07		
CDKN1C	NM_000076.2	c.*115A>G	Benign synonymous, SpliceAI<=0.1, PhastCons<1.0	0.639	0.113				16.29	LB	
CDKN1C	NM_000076.2	c.*111C>G	Benign synonymous, SpliceAI<=0.1, PhastCons<1.0	0.546	0.699				17.23	A	
CDKN1C	NM_000076.2	c.*111C>A	Benign synonymous, SpliceAI<=0.1, PhastCons<1.0	0.546	0.699				17.23		
CDKN1C	NM_000076.2	c.*87T>G	Benign synonymous, SpliceAI<=0.1, PhastCons<1.0	0.999	1.33				28.2	LP	
CDKN1C	NM_000076.2	c.*87T>A	Benign synonymous, SpliceAI<=0.1, PhastCons<1.0	0.999	1.33			8.12000e-06	18.07	LP	
CDKN1C	NM_000076.2	c.*57A>T	Benign synonymous, SpliceAI<=0.1, PhastCons<1.0	0.0	-0.113				15.83	LB	
CDKN1C	NM_000076.2	c.*57A>C	Benign synonymous, SpliceAI<=0.1, PhastCons<1.0	0.0	-0.113				16.51	LB	
CDKN1C	NM_000076.2	c.*54G>T	Benign synonymous, SpliceAI<=0.1, PhastCons<1.0	0.0	-1.548				15.38	LB	
CDKN1C	NM_000076.2	c.*54G>C	Benign synonymous, SpliceAI<=0.1, PhastCons<1.0	0.0	-1.548				15.99	LB	
CDKN1C	NM_000076.2	c.*52T>G	Benign synonymous, SpliceAI<=0.1, PhastCons<1.0	0.002	0.374				14.29	LB	
CDKN1C	NM_000076.2	c.*52T>A	Benign synonymous, SpliceAI<=0.1, PhastCons<1.0	0.002	0.374				14.58	LB	
CDKN1C	NM_000076.2	c.*46C>T	Benign synonymous, SpliceAI<=0.1, PhastCons<1.0	0.052	0.562			2.59100e-05	18.32	LB	
CDKN1C	NM_000076.2	c.*46C>G	Benign synonymous, SpliceAI<=0.1, PhastCons<1.0	0.052	0.562				18.09	LB	
CDKN1C	NM_000076.2	c.*45G>T	Benign synonymous, SpliceAI<=0.1, PhastCons<1.0	0.1	2.66				18.73	LB	
CDKN1C	NM_000076.2	c.*45G>C	Benign synonymous, SpliceAI<=0.1, PhastCons<1.0	0.1	2.66				18.76	LB	
CDKN1C	NM_000076.2	c.*34C>G	Benign synonymous, SpliceAI<=0.1, PhastCons<1.0	0.015	1.982				17.85	LB	
CDKN1C	NM_000076.2	c.*34C>A	Benign synonymous, SpliceAI<=0.1, PhastCons<1.0	0.015	1.982				17.76	LB	
CDKN1C	NM_000076.2	c.*33C>G	Benign synonymous, SpliceAI<=0.1, PhastCons<1.0	0.004	-0.008				15.73	LB	
CDKN1C	NM_000076.2	c.*33C>A	Benign synonymous, SpliceAI<=0.1, PhastCons<1.0	0.004	-0.008				15.74	LB	
CDKN1C	NM_000076.2	c.*25C>T	Benign synonymous, SpliceAI<=0.1, PhastCons<1.0	0.12	0.323				15.45		
CDKN1C	NM_000076.2	c.*25C>G	Benign synonymous, SpliceAI<=0.1, PhastCons<1.0	0.12	0.323				15.28	LB	
CDKN1C	NM_000076.2	c.*21G>T	Benign synonymous, SpliceAI<=0.1, PhastCons<1.0	0.895	0.5				18.09	LB	
CDKN1C	NM_000076.2	c.*21G>C	Benign synonymous, SpliceAI<=0.1, PhastCons<1.0	0.895	0.5				18.33	LB	
CDKN1C	NM_000076.2	c.*18A>T	Benign synonymous, SpliceAI<=0.1, PhastCons<1.0	0.001	-0.678				13.74	LB	
CDKN1C	NM_000076.2	c.*18A>C	Benign synonymous, SpliceAI<=0.1, PhastCons<1.0	0.001	-0.678				16.24	LB	
CDKN1C	NM_000076.2	c.*12G>T	Benign synonymous, SpliceAI<=0.1, PhastCons<1.0	0.0	-0.163			5.77000e-06	18.05	LB	
CDKN1C	NM_000076.2	c.*12G>C	Benign synonymous, SpliceAI<=0.1, PhastCons<1.0	0.0	-0.163				14.82	LB	
CDKN1C	NM_000076.2	c.*9A>T	Benign synonymous, SpliceAI<=0.1, PhastCons<1.0	0.011	-0.033				16.21		
CDKN1C	NM_000076.2	c.*9A>G	Benign synonymous, SpliceAI<=0.1, PhastCons<1.0	0.011	-0.033				16.96		
CDKN1C	NM_000076.2	c.*9A>C	Benign synonymous, SpliceAI<=0.1, PhastCons<1.0	0.011	-0.033				16.24		
CDKN1C	NM_000076.2	c.290T>G	Benign synonymous, SpliceAI<=0.1, PhastCons<1.0	0.017	0.019	.;.			27.9	.;.	
CDKN1C	NM_000076.2	c.290T>C	Benign synonymous, SpliceAI<=0.1, PhastCons<1.0	0.017	0.019	.;.			24.0	.;.	
CDKN1C	NM_000076.2	c.290T>A	Benign synonymous, SpliceAI<=0.1, PhastCons<1.0	0.017	0.019	.;.			27.8	.;.	
CDKN1C	NM_000076.2	c.289G>T	Benign synonymous, SpliceAI<=0.1, PhastCons<1.0	0.544	1.011	.;.			26.4	.;.	
CDKN1C	NM_000076.2	c.289G>C	Benign synonymous, SpliceAI<=0.1, PhastCons<1.0	0.544	1.011	.;.			25.4	.;.	
CDKN1C	NM_000076.2	c.289G>A	Benign synonymous, SpliceAI<=0.1, PhastCons<1.0	0.544	1.011	.;.			29.9	.;.	Uncertain_significance
CDKN2A	NM_000077.4	c.*19G>T	Benign synonymous, SpliceAI<=0.1, PhastCons<1.0	0.0	0.158				8.451		
CDKN2A	NM_000077.4	c.*19G>C	Benign synonymous, SpliceAI<=0.1, PhastCons<1.0	0.0	0.158				6.159		
CDKN2A	NM_000077.4	c.*14G>T	Benign synonymous, SpliceAI<=0.1, PhastCons<1.0	0.0	-1.222				0.568	LB	
CDKN2A	NM_000077.4	c.*14G>C	Benign synonymous, SpliceAI<=0.1, PhastCons<1.0	0.0	-1.222				0.566	LB	
CDKN2A	NM_000077.4	c.*12A>T	Benign synonymous, SpliceAI<=0.1, PhastCons<1.0	0.008	1.109				7.465	LB	
CDKN2A	NM_000077.4	c.*12A>G	Benign synonymous, SpliceAI<=0.1, PhastCons<1.0	0.008	1.109				8.697	LB	
CDKN2A	NM_000077.4	c.*11G>T	Benign synonymous, SpliceAI<=0.1, PhastCons<1.0	0.005	0.772				2.418	LB	
CDKN2A	NM_000077.4	c.*11G>C	Benign synonymous, SpliceAI<=0.1, PhastCons<1.0	0.005	0.772				5.236	LB	
CDKN2A	NM_000077.4	c.*5A>T	Benign synonymous, SpliceAI<=0.1, PhastCons<1.0	0.0	-0.007				3.966	LB	
CDKN2A	NM_000077.4	c.*5A>C	Benign synonymous, SpliceAI<=0.1, PhastCons<1.0	0.0	-0.007				4.248	LB	
CDKN2A	NM_000077.4	c.*2A>T	Benign synonymous, SpliceAI<=0.1, PhastCons<1.0	0.004	0.549				7.479	A	
CDKN2A	NM_000077.4	c.*2A>C	Benign synonymous, SpliceAI<=0.1, PhastCons<1.0	0.004	0.549				8.11	A	
CDKN2A	NM_000077.4	c.470G>T	Benign synonymous, SpliceAI<=0.1, PhastCons<1.0	0.0	-0.42				0.327	LB	Uncertain_significance
CDKN2A	NM_000077.4	c.470G>C	Benign synonymous, SpliceAI<=0.1, PhastCons<1.0	0.0	-0.42				0.139	LB	
CDKN2A	NM_000077.4	c.465C>T	Benign synonymous, SpliceAI<=0.1, PhastCons<1.0	0.0	-0.988			0.000120210	1.238		Likely_benign
CDKN2A	NM_000077.4	c.465C>G	Benign synonymous, SpliceAI<=0.1, PhastCons<1.0	0.0	-0.988			4.43000e-06	1.265	LB	Conflicting_classifications_of_pathogenicity
CDKN2A	NM_000077.4	c.461T>G	Benign synonymous, SpliceAI<=0.1, PhastCons<1.0	0.0	-4.19				0.583	LP	
CDKN2A	NM_000077.4	c.461T>A	Benign synonymous, SpliceAI<=0.1, PhastCons<1.0	0.0	-4.19			5.79200e-05	0.12	LP	Uncertain_significance
CDKN2A	NM_000077.4	c.384G>T	Benign synonymous, SpliceAI<=0.1, PhastCons<1.0	0.0	-0.767				13.58		
CDKN2A	NM_000077.4	c.384G>C	Benign synonymous, SpliceAI<=0.1, PhastCons<1.0	0.0	-0.767				11.21		
CDKN2A	NM_000077.4	c.384G>A	Benign synonymous, SpliceAI<=0.1, PhastCons<1.0	0.0	-0.767			0.000166240	10.66		Benign/Likely_benign
CDKN2B	NM_004936.4	c.156+67G>A	Likely_benign FAF >0.1%, REVEL <0.29, SpliceAI<=0.1	0.0	-0.828	0.204		0.00233940	5.991	LB	
CEBPA	NM_004364.4	c.1076G>T	Benign synonymous, SpliceAI<=0.1, PhastCons<1.0	0.998	1.17				18.9		
CEBPA	NM_004364.4	c.1076G>C	Benign synonymous, SpliceAI<=0.1, PhastCons<1.0	0.998	1.17				18.89		
CEBPA	NM_004364.4	c.936G>T	Benign synonymous, SpliceAI<=0.1, PhastCons<1.0	0.998	0.501	0.079			23.3	A	
CEBPA	NM_004364.4	c.936G>C	Benign synonymous, SpliceAI<=0.1, PhastCons<1.0	0.998	0.501	0.080			23.3	A	
CEBPA	NM_004364.4	c.819G>T	Benign synonymous, SpliceAI<=0.1, PhastCons<1.0	0.025	-0.106	0.135			24.5	P	
CEBPA	NM_004364.4	c.819G>C	Benign synonymous, SpliceAI<=0.1, PhastCons<1.0	0.025	-0.106	0.135			24.5	P	Uncertain_significance
CEBPA	NM_004364.4	c.811G>C	Likely_benign FAF >0.1%, REVEL <0.29, SpliceAI<=0.1	0.064	-0.402	0.095		0.00131784	4.008	B	Benign
CEBPA	NM_004364.4	c.807C>G	Benign synonymous, SpliceAI<=0.1, PhastCons<1.0	0.538	-0.168	0.005			1.754	A	
CEBPA	NM_004364.4	c.807C>A	Benign synonymous, SpliceAI<=0.1, PhastCons<1.0	0.538	-0.168	0.005			1.617	A	
CEBPA	NM_004364.4	c.798T>G	Benign synonymous, SpliceAI<=0.1, PhastCons<1.0	0.594	-0.407	0.010			6.53	A	
CEBPA	NM_004364.4	c.798T>A	Benign synonymous, SpliceAI<=0.1, PhastCons<1.0	0.594	-0.407	0.010			6.266	A	
CEBPA	NM_004364.4	c.766C>G	Benign synonymous, SpliceAI<=0.1, PhastCons<1.0	0.0	-0.222	0.030			15.87	B	
CEBPA	NM_004364.4	c.766C>A	Benign synonymous, SpliceAI<=0.1, PhastCons<1.0	0.0	-0.222	0.014			16.22	B	
CEBPA	NM_004364.4	c.762G>T	Benign synonymous, SpliceAI<=0.1, PhastCons<1.0	0.955	1.619	0.055			18.5	P	
CEBPA	NM_004364.4	c.762G>C	Benign synonymous, SpliceAI<=0.1, PhastCons<1.0	0.955	1.619	0.050			18.57	P	
CEBPA	NM_004364.4	c.753C>G	Benign synonymous, SpliceAI<=0.1, PhastCons<1.0	0.014	1.218	0.030			12.51	A	Uncertain_significance
CEBPA	NM_004364.4	c.753C>A	Benign synonymous, SpliceAI<=0.1, PhastCons<1.0	0.014	1.218	0.030			12.52	A	
CEBPA	NM_004364.4	c.667G>A	Likely_benign FAF >0.1%, REVEL <0.29, SpliceAI<=0.1	0.996	5.145	0.237		0.00435425	28.1	A	Conflicting_classifications_of_pathogenicity
CEBPA	NM_004364.4	c.601C>G	Benign synonymous, SpliceAI<=0.1, PhastCons<1.0	0.994	1.689	0.025			22.7	B	
CEBPA	NM_004364.4	c.601C>A	Benign synonymous, SpliceAI<=0.1, PhastCons<1.0	0.994	1.689	0.055			22.6	B	
CEBPA	NM_004364.4	c.600C>G	Benign synonymous, SpliceAI<=0.1, PhastCons<1.0	0.539	0.946	0.023			18.31	B	Uncertain_significance
CEBPA	NM_004364.4	c.600C>A	Benign synonymous, SpliceAI<=0.1, PhastCons<1.0	0.539	0.946	0.023			18.3	B	
CEBPA	NM_004364.4	c.573C>G	Benign synonymous, SpliceAI<=0.1, PhastCons<1.0	0.054	-0.839	0.024			12.04	B	
CEBPA	NM_004364.4	c.573C>A	Benign synonymous, SpliceAI<=0.1, PhastCons<1.0	0.054	-0.839	0.023			12.0	B	
CEBPA	NM_004364.4	c.517C>G	Benign synonymous, SpliceAI<=0.1, PhastCons<1.0	0.997	1.083	0.039			20.8	B	
CEBPA	NM_004364.4	c.517C>A	Benign synonymous, SpliceAI<=0.1, PhastCons<1.0	0.997	1.083	0.045			22.0	B	
CEBPA	NM_004364.4	c.507A>T	Benign synonymous, SpliceAI<=0.1, PhastCons<1.0	0.588	0.148	0.026			16.24	B	
CEBPA	NM_004364.4	c.507A>C	Benign synonymous, SpliceAI<=0.1, PhastCons<1.0	0.588	0.148	0.025			16.26	B	Uncertain_significance
CEBPA	NM_004364.4	c.486G>T	Benign synonymous, SpliceAI<=0.1, PhastCons<1.0	0.998	0.783	0.048			24.8	P	
CEBPA	NM_004364.4	c.486G>C	Benign synonymous, SpliceAI<=0.1, PhastCons<1.0	0.998	0.783	0.046			24.8	P	
CEBPA	NM_004364.4	c.472C>G	Benign synonymous, SpliceAI<=0.1, PhastCons<1.0	0.999	1.809	0.035			19.08	B	
CEBPA	NM_004364.4	c.472C>A	Benign synonymous, SpliceAI<=0.1, PhastCons<1.0	0.999	1.809	0.035			24.0	A	Uncertain_significance
CEBPA	NM_004364.4	c.444G>T	Benign synonymous, SpliceAI<=0.1, PhastCons<1.0	0.575	0.242	0.018			18.96	B	
CEBPA	NM_004364.4	c.444G>C	Benign synonymous, SpliceAI<=0.1, PhastCons<1.0	0.575	0.242	0.018			19.13	B	
CEBPA	NM_004364.4	c.436C>G	Benign synonymous, SpliceAI<=0.1, PhastCons<1.0	0.963	0.748	0.006			23.0	B	
CEBPA	NM_004364.4	c.436C>A	Benign synonymous, SpliceAI<=0.1, PhastCons<1.0	0.963	0.748	0.022			23.6	B	
CEBPA	NM_004364.4	c.426G>T	Benign synonymous, SpliceAI<=0.1, PhastCons<1.0	0.985	0.205	0.012			22.2	P	
CEBPA	NM_004364.4	c.426G>C	Benign synonymous, SpliceAI<=0.1, PhastCons<1.0	0.985	0.205	0.013			22.3	P	
CEBPA	NM_004364.4	c.399C>G	Benign synonymous, SpliceAI<=0.1, PhastCons<1.0	0.983	1.859	0.165			23.9	P	
CEBPA	NM_004364.4	c.399C>A	Benign synonymous, SpliceAI<=0.1, PhastCons<1.0	0.983	1.859				36.0		
CEBPA	NM_004364.4	c.388G>A	Likely_benign FAF >0.1%, REVEL <0.29, SpliceAI<=0.1	0.649	0.581	0.035		0.00121562	19.12	B	Conflicting_classifications_of_pathogenicity
CEBPA	NM_004364.4	c.375C>G	Benign synonymous, SpliceAI<=0.1, PhastCons<1.0	0.174	-0.064	0.090			15.06	B	
CEBPA	NM_004364.4	c.375C>A	Benign synonymous, SpliceAI<=0.1, PhastCons<1.0	0.174	-0.064	0.090			15.17	B	Uncertain_significance
CEBPA	NM_004364.4	c.324C>G	Benign synonymous, SpliceAI<=0.1, PhastCons<1.0	0.853	0.869				34.0		Pathogenic/Likely_pathogenic
CEBPA	NM_004364.4	c.324C>A	Benign synonymous, SpliceAI<=0.1, PhastCons<1.0	0.853	0.869				34.0		Pathogenic
CEBPA	NM_004364.4	c.315C>G	Benign synonymous, SpliceAI<=0.1, PhastCons<1.0	0.954	0.153	0.029			17.6	B	
CEBPA	NM_004364.4	c.315C>A	Benign synonymous, SpliceAI<=0.1, PhastCons<1.0	0.954	0.153	0.030			17.51	B	
CEBPA	NM_004364.4	c.276G>T	Benign synonymous, SpliceAI<=0.1, PhastCons<1.0	0.409	0.363	0.089			26.3	P	
CEBPA	NM_004364.4	c.276G>C	Benign synonymous, SpliceAI<=0.1, PhastCons<1.0	0.409	0.363	0.089			26.4	P	
CEBPA	NM_004364.4	c.267G>T	Benign synonymous, SpliceAI<=0.1, PhastCons<1.0	0.999	1.465	0.038			19.06	B	Uncertain_significance
CEBPA	NM_004364.4	c.267G>C	Benign synonymous, SpliceAI<=0.1, PhastCons<1.0	0.999	1.465	0.036			19.09	B	
CEBPA	NM_004364.4	c.264G>T	Benign synonymous, SpliceAI<=0.1, PhastCons<1.0	0.979	1.747	0.062			24.2	A	
CEBPA	NM_004364.4	c.264G>C	Benign synonymous, SpliceAI<=0.1, PhastCons<1.0	0.979	1.747	0.062			24.3	A	
CEBPA	NM_004364.4	c.184A>G	Likely_benign FAF >0.1%, REVEL <0.29, SpliceAI<=0.1	1.0	7.558	0.165		0.00175862	24.2	P	Uncertain_significance
CEBPA	NM_004364.4	c.171G>T	Benign synonymous, SpliceAI<=0.1, PhastCons<1.0	0.769	0.557	0.047			12.95	A	Uncertain_significance
CEBPA	NM_004364.4	c.171G>C	Benign synonymous, SpliceAI<=0.1, PhastCons<1.0	0.769	0.557	0.054			13.07	A	Uncertain_significance
CEBPA	NM_004364.4	c.150G>T	Benign synonymous, SpliceAI<=0.1, PhastCons<1.0	0.999	1.282	0.031			19.51	B	
CEBPA	NM_004364.4	c.150G>C	Benign synonymous, SpliceAI<=0.1, PhastCons<1.0	0.999	1.282	0.031			19.56	B	
CEBPA	NM_004364.4	c.123G>T	Benign synonymous, SpliceAI<=0.1, PhastCons<1.0	0.998	0.334	0.070			15.06	B	
CEBPA	NM_004364.4	c.123G>C	Benign synonymous, SpliceAI<=0.1, PhastCons<1.0	0.998	0.334	0.076			15.21	B	Conflicting_classifications_of_pathogenicity
CEBPA	NM_004364.4	c.99T>G	Benign synonymous, SpliceAI<=0.1, PhastCons<1.0	0.165	-0.864	0.073			13.84	P	
CEBPA	NM_004364.4	c.99T>A	Benign synonymous, SpliceAI<=0.1, PhastCons<1.0	0.165	-0.864	0.073			13.8	P	
CEBPA	NM_004364.4	c.63C>G	Benign synonymous, SpliceAI<=0.1, PhastCons<1.0	0.434	-0.605	0.160		1.40000e-06	9.685	P	Conflicting_classifications_of_pathogenicity
CEBPA	NM_004364.4	c.63C>A	Benign synonymous, SpliceAI<=0.1, PhastCons<1.0	0.434	-0.605	0.160		1.55100e-05	9.819	P	Conflicting_classifications_of_pathogenicity
CEBPA	NM_004364.4	c.60G>T	Benign synonymous, SpliceAI<=0.1, PhastCons<1.0	0.98	4.718	0.069			21.1	B	
CEBPA	NM_004364.4	c.60G>C	Benign synonymous, SpliceAI<=0.1, PhastCons<1.0	0.98	4.718	0.069		1.56800e-05	21.2	B	Conflicting_classifications_of_pathogenicity
CEBPA	NM_004364.4	c.54C>G	Benign synonymous, SpliceAI<=0.1, PhastCons<1.0	0.997	0.238	0.056		4.89000e-06	16.53	B	Uncertain_significance
CEBPA	NM_004364.4	c.54C>A	Benign synonymous, SpliceAI<=0.1, PhastCons<1.0	0.997	0.238	0.056			16.62	B	
CEBPA	NM_004364.4	c.30G>T	Benign synonymous, SpliceAI<=0.1, PhastCons<1.0	0.978	0.27	0.132			18.26	B	
CEBPA	NM_004364.4	c.30G>C	Benign synonymous, SpliceAI<=0.1, PhastCons<1.0	0.978	0.27	0.133			18.46	B	
CEP57	NM_014679.5	c.164G>A	Benign synonymous, SpliceAI<=0.1, PhastCons<1.0	0.019	0.281	.;.			12.29	.;.	
CEP57	NM_014679.5	c.164G>C	Benign synonymous, SpliceAI<=0.1, PhastCons<1.0	0.019	0.281	.;.			12.72	.;.	
CEP57	NM_014679.5	c.164G>T	Benign synonymous, SpliceAI<=0.1, PhastCons<1.0	0.019	0.281	.;.			16.09	.;.	
CEP57	NM_014679.5	c.165T>A	Benign synonymous, SpliceAI<=0.1, PhastCons<1.0	0.108	0.114	.;.			15.36	.;.	
CEP57	NM_014679.5	c.165T>C	Benign synonymous, SpliceAI<=0.1, PhastCons<1.0	0.108	0.114	.;.			10.97	.;.	
CEP57	NM_014679.5	c.165T>G	Benign synonymous, SpliceAI<=0.1, PhastCons<1.0	0.108	0.114	.;.			15.45	.;.	
CEP57	NM_014679.5	c.1342A>G	Benign FAF >5%	1.0	1.125	0.093;.;.;0.093;.;0.093;.;.;.;.;.;.;.;.;0.093		0.380705	18.67	LB;.;.;LB;.;B;.;.;.;.;.;.;.;.;LB	Benign
CHEK2	NM_007194.4	c.1532T>G	Benign synonymous, SpliceAI<=0.1, PhastCons<1.0	0.0	0.076				8.686		
CHEK2	NM_007194.4	c.1532T>C	Benign synonymous, SpliceAI<=0.1, PhastCons<1.0	0.0	0.076				4.854		
CHEK2	NM_007194.4	c.1532T>A	Benign synonymous, SpliceAI<=0.1, PhastCons<1.0	0.0	0.076				8.896		
CHEK2	NM_007194.4	c.1531G>T	Benign synonymous, SpliceAI<=0.1, PhastCons<1.0	0.0	-2.497				0.191		Uncertain_significance
CHEK2	NM_007194.4	c.1531G>C	Benign synonymous, SpliceAI<=0.1, PhastCons<1.0	0.0	-2.497				0.058		
CHEK2	NM_007194.4	c.1531G>A	Benign synonymous, SpliceAI<=0.1, PhastCons<1.0	0.0	-2.497				0.066		Uncertain_significance
CHEK2	NM_007194.4	c.1264A>T	Benign synonymous, SpliceAI<=0.1, PhastCons<1.0	0.991	2.156	.;.			22.0	.;.	
CHEK2	NM_007194.4	c.1264A>G	Benign synonymous, SpliceAI<=0.1, PhastCons<1.0	0.991	2.156	.;.			20.0	.;.	Uncertain_significance
CHEK2	NM_007194.4	c.1264A>C	Benign synonymous, SpliceAI<=0.1, PhastCons<1.0	0.991	2.156	.;.			26.7	.;.	Uncertain_significance
CHEK2	NM_007194.4	c.684T>A	Benign synonymous, SpliceAI<=0.1, PhastCons<1.0	0.868	-0.114				17.66		Uncertain_significance
CHEK2	NM_007194.4	c.684-107T>G	Benign FAF >5%	0.001	0.059			0.0661706	5.65	LB	Benign
CTNNA1	NM_001903.5	c.1338T>A	Benign synonymous, SpliceAI<=0.1, PhastCons<1.0	0.126	-0.638				4.434		
CTNNA1	NM_001903.5	c.1338T>C	Benign synonymous, SpliceAI<=0.1, PhastCons<1.0	0.126	-0.638				5.001		Likely_benign
CTNNA1	NM_001903.5	c.1338T>G	Benign synonymous, SpliceAI<=0.1, PhastCons<1.0	0.126	-0.638				6.254		Likely_benign
CTNNA1	NM_001903.5	c.2299-15C>A	Benign synonymous, SpliceAI<=0.1, PhastCons<1.0, PhyloP<0.1, intronic_ROI(-15)	0.0	-0.361				0.631		
CTNNA1	NM_001903.5	c.2299-15C>G	Benign synonymous, SpliceAI<=0.1, PhastCons<1.0, PhyloP<0.1, intronic_ROI(-15)	0.0	-0.361			2.54900e-05	0.658		Likely_benign
CYLD	NM_015247.2	c.1167A>C	Benign synonymous, SpliceAI<=0.1, PhastCons<1.0	0.21	-0.421	.;.;.;.;.;.;.;.;.		7.90000e-07	8.959	.;.;.;.;.;.;.;.;.	
CYLD	NM_015247.2	c.1167A>G	Benign synonymous, SpliceAI<=0.1, PhastCons<1.0	0.21	-0.421	.;.;.;.;.;.;.;.;.			9.328	.;.;.;.;.;.;.;.;.	
CYLD	NM_015247.2	c.1167A>T	Benign synonymous, SpliceAI<=0.1, PhastCons<1.0	0.21	-0.421	.;.;.;.;.;.;.;.;.			9.145	.;.;.;.;.;.;.;.;.	
DDB2	NM_000107.2	c.113G>A	Benign synonymous, SpliceAI<=0.1, PhastCons<1.0	0.001	0.163	.;.			12.29	.;.	
DDB2	NM_000107.2	c.113G>C	Benign synonymous, SpliceAI<=0.1, PhastCons<1.0	0.001	0.163	.;.			13.48	.;.	
DDB2	NM_000107.2	c.113G>T	Benign synonymous, SpliceAI<=0.1, PhastCons<1.0	0.001	0.163	.;.			13.12	.;.	
DDB2	NM_000107.2	c.114T>A	Benign synonymous, SpliceAI<=0.1, PhastCons<1.0	0.002	-0.036	.;.			34.0	.;.	
DDB2	NM_000107.2	c.114T>C	Benign synonymous, SpliceAI<=0.1, PhastCons<1.0	0.002	-0.036	.;.			11.65	.;.	
DDB2	NM_000107.2	c.114T>G	Benign synonymous, SpliceAI<=0.1, PhastCons<1.0	0.002	-0.036	.;.			16.94	.;.	
DDX41	NM_016222.4	c.1734A>T	Benign synonymous, SpliceAI<=0.1, PhastCons<1.0	0.194	-0.643				11.8		
DDX41	NM_016222.4	c.1734A>G	Benign synonymous, SpliceAI<=0.1, PhastCons<1.0	0.194	-0.643				12.09		
DDX41	NM_016222.4	c.1734A>C	Benign synonymous, SpliceAI<=0.1, PhastCons<1.0	0.194	-0.643				11.72		
DDX41	NM_016222.4	c.1110G>T	Benign synonymous, SpliceAI<=0.1, PhastCons<1.0	0.775	-0.027				26.1		
DDX41	NM_016222.4	c.1110G>C	Benign synonymous, SpliceAI<=0.1, PhastCons<1.0	0.775	-0.027				25.0		
DDX41	NM_016222.4	c.1110G>A	Benign synonymous, SpliceAI<=0.1, PhastCons<1.0	0.775	-0.027			0.000205770	13.94		Benign/Likely_benign
DDX41	NM_016222.4	c.571+5T>G	Benign synonymous, SpliceAI<=0.1, PhastCons<1.0, PhyloP<0.1, intronic_ROI(+5)	0.0	-1.07				4.284		
DDX41	NM_016222.4	c.571+5T>C	Benign synonymous, SpliceAI<=0.1, PhastCons<1.0, PhyloP<0.1, intronic_ROI(+5)	0.0	-1.07				4.522		
DDX41	NM_016222.4	c.571+5T>A	Benign synonymous, SpliceAI<=0.1, PhastCons<1.0, PhyloP<0.1, intronic_ROI(+5)	0.0	-1.07				4.314		
DGCR8	NM_022720.7	c.520A>G	Benign FAF >5%	0.0	-0.712	.;.;0.034;.;.;.;.;.;0.034;.;.;.		0.0969564	0.004	.;.;B;.;.;.;.;.;LB;.;.;.	
DGCR8	NM_022720.7	c.1953T>A	Benign synonymous, SpliceAI<=0.1, PhastCons<1.0	0.294	-0.395				20.3		
DGCR8	NM_022720.7	c.1953T>C	Benign synonymous, SpliceAI<=0.1, PhastCons<1.0	0.294	-0.395				7.636		
DGCR8	NM_022720.7	c.1953T>G	Benign synonymous, SpliceAI<=0.1, PhastCons<1.0	0.294	-0.395				20.5		
DICER1	NM_030621.4	c.5563C>G	Benign synonymous, SpliceAI<=0.1, PhastCons<1.0	0.999	2.089	0.089			24.3	LB	Uncertain_significance
DICER1	NM_030621.4	c.5563C>A	Benign synonymous, SpliceAI<=0.1, PhastCons<1.0	0.999	2.089				10.1		Likely_benign
DICER1	NM_030621.4	c.307+81A>C	Benign FAF >5%	0.004	0.297			0.0521516	3.336		Likely_benign
DIS3L2	NM_152383.4	c.34C>T	Benign FAF >5%	0.795	-0.275	0.064;.;0.064;0.064;.;.;0.064;.;.;.		0.201417	0.961	LB;.;.;LB;.;.;LB;.;.;.	Benign
DIS3L2	NM_152383.4	c.702+4A>G	Likely_benign FAF >0.1%, REVEL <0.29, SpliceAI<=0.1	0.765	0.77	0.031		0.00118266	11.84		Likely_benign
DIS3L2	NM_152383.4	c.702+10T>G	Likely_benign FAF >0.1%, REVEL <0.29, SpliceAI<=0.1	0.0	-0.56	0.008		0.00323095	4.849		Benign/Likely_benign
DIS3L2	NM_152383.4	c.954G>A	Benign synonymous, SpliceAI<=0.1, PhastCons<1.0	0.929	0.039				5.921		Likely_benign
DIS3L2	NM_152383.4	c.954G>C	Benign synonymous, SpliceAI<=0.1, PhastCons<1.0	0.929	0.039				15.57		
DIS3L2	NM_152383.4	c.954G>T	Benign synonymous, SpliceAI<=0.1, PhastCons<1.0	0.929	0.039				15.57		Uncertain_significance
DIS3L2	NM_152383.4	c.1047A>C	Benign synonymous, SpliceAI<=0.1, PhastCons<1.0	0.139	-0.298				5.516		
DIS3L2	NM_152383.4	c.1047A>G	Benign synonymous, SpliceAI<=0.1, PhastCons<1.0	0.139	-0.298				4.551		Likely_benign
DIS3L2	NM_152383.4	c.1047A>T	Benign synonymous, SpliceAI<=0.1, PhastCons<1.0	0.139	-0.298				5.869		
DIS3L2	NM_152383.4	c.1448G>A	Benign FAF >5%	1.0	5.435	0.297;.;.;.;0.297;.;.		0.0526406	26.7	LB;.;.;.;LB;.;.	Benign
DIS3L2	NM_152383.4	c.2011-13T>A	Benign synonymous, SpliceAI<=0.1, PhastCons<1.0, PhyloP<0.1, intronic_ROI(-13)	0.0	-0.115				6.558		
DIS3L2	NM_152383.4	c.2011-13T>G	Benign synonymous, SpliceAI<=0.1, PhastCons<1.0, PhyloP<0.1, intronic_ROI(-13)	0.0	-0.115				6.705		
DIS3L2	NM_152383.4	c.2496+265A>G	Benign FAF >5%	0.0	-0.053			0.281007	3.682		Benign
DIS3L2	NM_152383.4	c.1584G>C	Benign synonymous, SpliceAI<=0.1, PhastCons<1.0	0.997	1.551	0.028		8.20000e-07	12.33	LB	
DIS3L2	NM_152383.4	c.1584G>T	Benign synonymous, SpliceAI<=0.1, PhastCons<1.0	0.997	1.551	0.028			12.34	LB	
DIS3L2	NM_152383.4	c.1587C>A	Benign synonymous, SpliceAI<=0.1, PhastCons<1.0	0.009	-0.395	0.061			2.855	LB	
DIS3L2	NM_152383.4	c.1587C>G	Benign synonymous, SpliceAI<=0.1, PhastCons<1.0	0.009	-0.395	0.061			2.999	LB	
DIS3L2	NM_152383.4	c.1593C>A	Benign synonymous, SpliceAI<=0.1, PhastCons<1.0	0.984	0.844	0.032			12.23	LB	
DIS3L2	NM_152383.4	c.1593C>G	Benign synonymous, SpliceAI<=0.1, PhastCons<1.0	0.984	0.844	0.032			12.26	LB	
DIS3L2	NM_152383.4	c.1596G>C	Benign synonymous, SpliceAI<=0.1, PhastCons<1.0	0.895	0.887	0.015			9.552	LB	
DIS3L2	NM_152383.4	c.1596G>T	Benign synonymous, SpliceAI<=0.1, PhastCons<1.0	0.895	0.887	0.010			9.526	LB	
DIS3L2	NM_152383.4	c.1599T>A	Benign synonymous, SpliceAI<=0.1, PhastCons<1.0	0.191	0.084	0.013		2.99000e-06	5.351	LB	
DIS3L2	NM_152383.4	c.1599T>G	Benign synonymous, SpliceAI<=0.1, PhastCons<1.0	0.191	0.084	0.026		2.90000e-07	5.541	LB	
DIS3L2	NM_152383.4	c.1611T>A	Benign synonymous, SpliceAI<=0.1, PhastCons<1.0	0.032	-0.314	0.029			2.875	LB	
DIS3L2	NM_152383.4	c.1611T>G	Benign synonymous, SpliceAI<=0.1, PhastCons<1.0	0.032	-0.314	0.020			3.004	LB	
DIS3L2	NM_152383.4	c.1626C>A	Benign synonymous, SpliceAI<=0.1, PhastCons<1.0	0.006	0.299	0.046			10.78	LB	
DIS3L2	NM_152383.4	c.1626C>G	Benign synonymous, SpliceAI<=0.1, PhastCons<1.0	0.006	0.299	0.046			10.83	LB	
DIS3L2	NM_152383.4	c.1629C>A	Benign synonymous, SpliceAI<=0.1, PhastCons<1.0	0.017	-0.182	0.016			9.427	LB	
DIS3L2	NM_152383.4	c.1629C>G	Benign synonymous, SpliceAI<=0.1, PhastCons<1.0	0.017	-0.182	0.016			9.429	LB	
DIS3L2	NM_152383.4	c.1641A>C	Benign synonymous, SpliceAI<=0.1, PhastCons<1.0	0.999	0.324	0.026			12.09	LB	
DIS3L2	NM_152383.4	c.1641A>T	Benign synonymous, SpliceAI<=0.1, PhastCons<1.0	0.999	0.324	0.079			11.72	LB	
DIS3L2	NM_152383.4	c.1644T>A	Benign synonymous, SpliceAI<=0.1, PhastCons<1.0	0.998	0.113	0.017			6.829	LB	
DIS3L2	NM_152383.4	c.1644T>G	Benign synonymous, SpliceAI<=0.1, PhastCons<1.0	0.998	0.113	0.055			7.043	LB	
DIS3L2	NM_152383.4	c.1650A>C	Benign synonymous, SpliceAI<=0.1, PhastCons<1.0	0.1	-0.122	0.024			4.427	LB	
DIS3L2	NM_152383.4	c.1650A>T	Benign synonymous, SpliceAI<=0.1, PhastCons<1.0	0.1	-0.122	0.013			4.354	LB	
DIS3L2	NM_152383.4	c.1656G>C	Benign synonymous, SpliceAI<=0.1, PhastCons<1.0	0.48	1.078	0.023			2.46	LB	
DIS3L2	NM_152383.4	c.1656G>T	Benign synonymous, SpliceAI<=0.1, PhastCons<1.0	0.48	1.078	0.015			2.346	LB	
DIS3L2	NM_152383.4	c.1668G>C	Benign synonymous, SpliceAI<=0.1, PhastCons<1.0	0.566	1.063	0.036			6.205	LB	
DIS3L2	NM_152383.4	c.1668G>T	Benign synonymous, SpliceAI<=0.1, PhastCons<1.0	0.566	1.063	0.029			6.176	LB	
DIS3L2	NM_152383.4	c.1671A>C	Benign synonymous, SpliceAI<=0.1, PhastCons<1.0	0.009	0.074	0.014			6.225	LB	
DIS3L2	NM_152383.4	c.1671A>T	Benign synonymous, SpliceAI<=0.1, PhastCons<1.0	0.009	0.074	0.013			6.08	LB	
DIS3L2	NM_152383.4	c.1675C>A	Benign synonymous, SpliceAI<=0.1, PhastCons<1.0	0.006	0.943	0.080			5.427	LB	
DIS3L2	NM_152383.4	c.1675C>G	Benign synonymous, SpliceAI<=0.1, PhastCons<1.0	0.006	0.943	0.074			3.368	LB	
DIS3L2	NM_152383.4	c.1683G>C	Benign synonymous, SpliceAI<=0.1, PhastCons<1.0	0.127	0.039	0.023			3.362	LB	
DIS3L2	NM_152383.4	c.1683G>T	Benign synonymous, SpliceAI<=0.1, PhastCons<1.0	0.127	0.039	0.023			3.244	LB	
DIS3L2	NM_152383.4	c.1687C>G	Benign synonymous, SpliceAI<=0.1, PhastCons<1.0	0.34	3.526	0.082			7.585	LB	
DIS3L2	NM_152383.4	c.1687C>T	Benign synonymous, SpliceAI<=0.1, PhastCons<1.0	0.34	3.526	0.064		8.73100e-05	13.65	LB	
DIS3L2	NM_152383.4	c.1698T>A	Benign synonymous, SpliceAI<=0.1, PhastCons<1.0	0.999	0.016				33.0		
DIS3L2	NM_152383.4	c.1698T>G	Benign synonymous, SpliceAI<=0.1, PhastCons<1.0	0.999	0.016	0.026			12.08	LB	
DIS3L2	NM_152383.4	c.1701C>A	Benign synonymous, SpliceAI<=0.1, PhastCons<1.0	0.996	0.062	0.131			6.079	LB	
DIS3L2	NM_152383.4	c.1701C>G	Benign synonymous, SpliceAI<=0.1, PhastCons<1.0	0.996	0.062	0.131			6.228	LB	
DIS3L2	NM_152383.4	c.1707T>A	Benign synonymous, SpliceAI<=0.1, PhastCons<1.0	0.997	0.006	0.044		2.90000e-07	8.573	LB	
DIS3L2	NM_152383.4	c.1707T>G	Benign synonymous, SpliceAI<=0.1, PhastCons<1.0	0.997	0.006	0.044			8.672	LB	
DIS3L2	NM_152383.4	c.1717C>G	Benign synonymous, SpliceAI<=0.1, PhastCons<1.0	0.677	1.267	0.050		3.93000e-06	7.674	LB	
DIS3L2	NM_152383.4	c.1717C>T	Benign synonymous, SpliceAI<=0.1, PhastCons<1.0	0.677	1.267			9.11300e-05	34.0		Uncertain_significance
DIS3L2	NM_152383.4	c.1720C>A	Benign synonymous, SpliceAI<=0.1, PhastCons<1.0	0.449	0.303	0.083			5.348	LB	
DIS3L2	NM_152383.4	c.1720C>G	Benign synonymous, SpliceAI<=0.1, PhastCons<1.0	0.449	0.303	0.079			3.341	LB	
DIS3L2	NM_152383.4	c.1743C>A	Benign synonymous, SpliceAI<=0.1, PhastCons<1.0	0.518	-0.117	0.096			4.627	LB	
DIS3L2	NM_152383.4	c.1743C>G	Benign synonymous, SpliceAI<=0.1, PhastCons<1.0	0.518	-0.117	0.048			4.906	LB	
DIS3L2	NM_152383.4	c.1750T>A	Benign synonymous, SpliceAI<=0.1, PhastCons<1.0	0.986	0.738	0.037			7.883	LB	
DIS3L2	NM_152383.4	c.1750T>G	Benign synonymous, SpliceAI<=0.1, PhastCons<1.0	0.986	0.738	0.069			6.417	LB	
DIS3L2	NM_152383.4	c.1777A>G	Benign synonymous, SpliceAI<=0.1, PhastCons<1.0	0.903	2.162	0.037			4.107	LB	
DIS3L2	NM_152383.4	c.1777A>T	Benign synonymous, SpliceAI<=0.1, PhastCons<1.0	0.903	2.162				28.4		
DIS3L2	NM_152383.4	c.1779A>C	Benign synonymous, SpliceAI<=0.1, PhastCons<1.0	0.89	0.089	0.028			2.109	LB	
DIS3L2	NM_152383.4	c.1779A>T	Benign synonymous, SpliceAI<=0.1, PhastCons<1.0	0.89	0.089	0.022			2.097	LB	
DKC1	NM_001363.5	c.567A>C	Benign synonymous, SpliceAI<=0.1, PhastCons<1.0	0.84	-0.075				14.77		
DKC1	NM_001363.5	c.567A>G	Benign synonymous, SpliceAI<=0.1, PhastCons<1.0	0.84	-0.075				15.22		
DKC1	NM_001363.5	c.567A>T	Benign synonymous, SpliceAI<=0.1, PhastCons<1.0	0.84	-0.075				14.97		
DKC1	NM_001363.5	c.1245G>A	Benign synonymous, SpliceAI<=0.1, PhastCons<1.0	0.001	-1.748				7.728		Likely_benign
DKC1	NM_001363.5	c.1245G>C	Benign synonymous, SpliceAI<=0.1, PhastCons<1.0	0.001	-1.748				7.57		
DKC1	NM_001363.5	c.1245G>T	Benign synonymous, SpliceAI<=0.1, PhastCons<1.0	0.001	-1.748				9.19		
DKC1	NM_001363.5	c.1260T>A	Benign synonymous, SpliceAI<=0.1, PhastCons<1.0	0.193	-0.3				8.699		
DKC1	NM_001363.5	c.1260T>G	Benign synonymous, SpliceAI<=0.1, PhastCons<1.0	0.193	-0.3			2.63300e-05	7.909		
DKC1	NM_001363.5	c.1476+6T>A	Benign synonymous, SpliceAI<=0.1, PhastCons<1.0, PhyloP<0.1, intronic_ROI(+6)	0.028	-0.011				14.82		
DKC1	NM_001363.5	c.1476+6T>C	Benign synonymous, SpliceAI<=0.1, PhastCons<1.0, PhyloP<0.1, intronic_ROI(+6)	0.028	-0.011				6.147		
DKC1	NM_001363.5	c.1476+6T>G	Benign synonymous, SpliceAI<=0.1, PhastCons<1.0, PhyloP<0.1, intronic_ROI(+6)	0.028	-0.011				14.29		
DKC1	NM_001363.5	c.1525G>C	Benign synonymous, SpliceAI<=0.1, PhastCons<1.0	0.01	0.746				10.02		
DKC1	NM_001363.5	c.1525G>T	Benign synonymous, SpliceAI<=0.1, PhastCons<1.0	0.01	0.746				10.12		
DLST	NM_001933.5	c.18C>A	Benign synonymous, SpliceAI<=0.1, PhastCons<1.0	0.937	-0.107	0.042		2.90000e-07	6.524	LB	
DLST	NM_001933.5	c.18C>G	Benign synonymous, SpliceAI<=0.1, PhastCons<1.0	0.937	-0.107	0.020			9.129	LB	
DNMT3A	NM_022552.4	c.640-1439G>A	Likely_benign FAF >0.1%, REVEL <0.29, SpliceAI<=0.1	0.0	-2.439	0.218		0.00140343	5.817	LB	Conflicting_classifications_of_pathogenicity
DPYD	NM_000110.4	c.2766+802T>G	Benign FAF >5%	0.0	-0.995			0.171710	0.577		
DPYD	NM_000110.4	c.2622+21901G>A	Benign FAF >5%	0.0	-0.263			0.0525384	0.789		
DPYD	NM_000110.4	c.2194G>A	Benign FAF >5%	1.0	7.499	.;.;0.297;.;.;.;.;.;.;.		0.117053	23.8	.;.;B;.;.;.;.;.;.;.	drug_response
DPYD	NM_000110.4	c.1627A>G	Benign FAF >5%	0.994	1.397	.;.;0.123;.;.;.;.;.;.;.		0.275970	9.508	.;.;B;.;.;.;.;.;.;.	drug_response
DPYD	NM_000110.4	c.1218G>A	Benign FAF >5%	1.0	3.709	.;.;0.334;.;.;.;.;.;.;.;.		0.0692118	18.95	.;.;B;.;.;.;.;.;.;.;.	Conflicting_classifications_of_pathogenicity
DPYD	NM_000110.4	c.496A>G	Benign FAF >5%	1.0	7.559	.;.;0.523;.;.;.;.;.;.;.;.		0.136474	26.3	.;.;B;.;.;.;.;.;.;.;.	drug_response
EGFR	NM_005228.5	c.1207+3T>A	Benign synonymous, SpliceAI<=0.1, PhastCons<1.0, PhyloP<0.1, intronic_ROI(+3)	0.989	-0.066	0.083			5.905	LB	Uncertain_significance
EGFR	NM_005228.5	c.1207+3T>G	Benign synonymous, SpliceAI<=0.1, PhastCons<1.0, PhyloP<0.1, intronic_ROI(+3)	0.989	-0.066	0.091			6.109	LB	
EGFR	NM_005228.5	c.1562G>A	Benign FAF >5%	0.0	-0.764	.;0.005;0.005;0.005;0.005;.;.		0.567496	0.178	.;LB;B;LB;LB;.;.	Benign
EGFR	NM_005228.5	c.1632T>A	Benign synonymous, SpliceAI<=0.1, PhastCons<1.0	0.001	-1.916				0.041		
EGFR	NM_005228.5	c.1632T>G	Benign synonymous, SpliceAI<=0.1, PhastCons<1.0	0.001	-1.916				0.041		
EGFR	NM_005228.5	c.1881-831C>A	Likely_benign FAF >0.1%, REVEL <0.29, SpliceAI<=0.1	0.052	0.328	0.045		0.0148847	6.718	LB	not_provided
EGFR	NM_005228.5	c.1881-692G>A	Likely_benign FAF >0.1%, REVEL <0.29, SpliceAI<=0.1	0.0	-0.639	0.133		0.00115787	0.846	LB	
EGFR	NM_005228.5	c.1881-641C>T	Benign FAF >5%	0.0	-0.223	0.107		0.118638	5.605	LB	Benign
EGFR	NM_005228.5	c.3163-1G>A	Benign synonymous, SpliceAI<=0.1, PhastCons<1.0, PhyloP<0.1, intronic_ROI(-1)	0.055	-0.135	.;.;.;.;.;.;.			23.9	.;.;.;.;.;.;.	
EGFR	NM_005228.5	c.3163-1G>C	Benign synonymous, SpliceAI<=0.1, PhastCons<1.0, PhyloP<0.1, intronic_ROI(-1)	0.055	-0.135	.;.;.;.;.;.;.			23.5	.;.;.;.;.;.;.	
EGFR	NM_005228.5	c.3163-1G>T	Benign synonymous, SpliceAI<=0.1, PhastCons<1.0, PhyloP<0.1, intronic_ROI(-1)	0.055	-0.135	.;.;.;.;.;.;.		6.80000e-07	23.9	.;.;.;.;.;.;.	
EGLN1	NM_022051.2	c.380G>C	Benign FAF >5%	0.299	1.268	0.214;.;.;.		0.444091	12.26	B;.;.;.	Benign
EGLN2	NM_080732.4	c.1173A>C	Benign synonymous, SpliceAI<=0.1, PhastCons<1.0	0.0	-1.639				2.675		
EGLN2	NM_080732.4	c.1173A>G	Benign synonymous, SpliceAI<=0.1, PhastCons<1.0	0.0	-1.639				3.154		
EGLN2	NM_080732.4	c.1173A>T	Benign synonymous, SpliceAI<=0.1, PhastCons<1.0	0.0	-1.639				2.626		
ELOC	NM_005648.4	c.198G>T	Benign synonymous, SpliceAI<=0.1, PhastCons<1.0	0.001	-0.144				4.776		
ELOC	NM_005648.4	c.198G>C	Benign synonymous, SpliceAI<=0.1, PhastCons<1.0	0.001	-0.144				4.962		
ELOC	NM_005648.4	c.192T>G	Benign synonymous, SpliceAI<=0.1, PhastCons<1.0	0.002	-0.162				6.877	LB	
ELOC	NM_005648.4	c.192T>A	Benign synonymous, SpliceAI<=0.1, PhastCons<1.0	0.002	-0.162				6.809		
ELOC	NM_005648.4	c.186T>G	Benign synonymous, SpliceAI<=0.1, PhastCons<1.0	0.0	-0.26				7.714	LB	
ELOC	NM_005648.4	c.186T>A	Benign synonymous, SpliceAI<=0.1, PhastCons<1.0	0.0	-0.26				7.494	LB	
ELOC	NM_005648.4	c.183C>G	Benign synonymous, SpliceAI<=0.1, PhastCons<1.0	0.002	0.693				6.73	A	
ELOC	NM_005648.4	c.183C>A	Benign synonymous, SpliceAI<=0.1, PhastCons<1.0	0.002	0.693				6.653		
ELOC	NM_005648.4	c.180G>T	Benign synonymous, SpliceAI<=0.1, PhastCons<1.0	0.003	0.665				6.006	LB	
ELOC	NM_005648.4	c.180G>C	Benign synonymous, SpliceAI<=0.1, PhastCons<1.0	0.003	0.665				6.114	LB	
ELOC	NM_005648.4	c.175C>G	Benign synonymous, SpliceAI<=0.1, PhastCons<1.0	0.005	-0.147				7.557	LB	
ELOC	NM_005648.4	c.175C>A	Benign synonymous, SpliceAI<=0.1, PhastCons<1.0	0.005	-0.147				7.372	LB	
ELOC	NM_005648.4	c.174G>T	Benign synonymous, SpliceAI<=0.1, PhastCons<1.0	0.003	-0.24				6.307	LB	
ELOC	NM_005648.4	c.174G>C	Benign synonymous, SpliceAI<=0.1, PhastCons<1.0	0.003	-0.24				6.443	LB	
ELOC	NM_005648.4	c.172A>T	Benign synonymous, SpliceAI<=0.1, PhastCons<1.0	0.003	0.672				6.503	LB	
ELOC	NM_005648.4	c.172A>G	Benign synonymous, SpliceAI<=0.1, PhastCons<1.0	0.003	0.672				6.905	LB	
ELOC	NM_005648.4	c.168G>T	Benign synonymous, SpliceAI<=0.1, PhastCons<1.0	0.0	-0.188				5.275	LB	
ELOC	NM_005648.4	c.168G>C	Benign synonymous, SpliceAI<=0.1, PhastCons<1.0	0.0	-0.188				5.241	LB	
ELOC	NM_005648.4	c.166T>G	Benign synonymous, SpliceAI<=0.1, PhastCons<1.0	0.0	-0.118				5.461	LB	
ELOC	NM_005648.4	c.166T>A	Benign synonymous, SpliceAI<=0.1, PhastCons<1.0	0.0	-0.118				5.398	LB	
ELOC	NM_005648.4	c.150C>G	Benign synonymous, SpliceAI<=0.1, PhastCons<1.0	0.001	-0.35				0.682	LB	
ELOC	NM_005648.4	c.150C>A	Benign synonymous, SpliceAI<=0.1, PhastCons<1.0	0.001	-0.35				0.579	LB	
ELOC	NM_005648.4	c.149-2A>T	Benign synonymous, SpliceAI<=0.1, PhastCons<1.0, PhyloP<0.1, intronic_ROI(-2)	0.001	-0.043				10.13		
ELOC	NM_005648.4	c.149-2A>G	Benign synonymous, SpliceAI<=0.1, PhastCons<1.0, PhyloP<0.1, intronic_ROI(-2)	0.001	-0.043				9.993		
ELOC	NM_005648.4	c.149-2A>C	Benign synonymous, SpliceAI<=0.1, PhastCons<1.0, PhyloP<0.1, intronic_ROI(-2)	0.001	-0.043				11.31		
ELOC	NM_005648.4	c.148+219G>C	Benign FAF >5%	0.019	-0.749	.;.		0.404648	2.082	.;.	
ELP1	NM_003640.5	c.3970A>T	Benign synonymous, SpliceAI<=0.1, PhastCons<1.0	0.023	0.541				13.61		
ELP1	NM_003640.5	c.3970A>C	Benign synonymous, SpliceAI<=0.1, PhastCons<1.0	0.023	0.541				18.38		
ELP1	NM_003640.5	c.3967A>T	Benign synonymous, SpliceAI<=0.1, PhastCons<1.0	0.055	1.537				36.0		
ELP1	NM_003640.5	c.3967A>C	Benign synonymous, SpliceAI<=0.1, PhastCons<1.0	0.055	1.537				9.497		
ELP1	NM_003640.5	c.3943T>G	Benign synonymous, SpliceAI<=0.1, PhastCons<1.0	0.998	2.96				19.24		
ELP1	NM_003640.5	c.3473C>T	Benign FAF >5%	0.988	3.177	0.045;.;.;.;.;.;.;.;.;.;0.045;.;.		0.316832	12.91	B;.;.;.;.;.;.;.;.;.;LB;.;.	Benign
ELP1	NM_003640.5	c.3214T>A	Benign FAF >5%	1.0	6.717	0.111;.;.;.;.;.;.;.;.;.;0.111;.;.		0.318333	23.3	B;.;.;.;.;.;.;.;.;.;LB;.;.	Benign
ELP1	NM_003640.5	c.3037G>A	Benign FAF >5%	1.0	7.159	0.149;.;.;.;.;.;.;.;.;.;0.149;.;.		0.109286	24.4	B;.;.;.;.;.;.;.;.;.;LB;.;.	Benign/Likely_benign
ELP1	NM_003640.5	c.2855A>T	Benign FAF >5%	1.0	3.511	0.161;.;.;.;.;.;.;.;.;.;0.161;.;.		0.0501195	23.1	B;.;.;.;.;.;.;.;.;.;LB;.;.	Benign/Likely_benign
ELP1	NM_003640.5	c.2490A>G	Benign FAF >5%	0.761	-0.097	0.134;.;.;.;.;.;.;.;.;.;0.134;.;.		0.172479	12.2	B;.;.;.;.;.;.;.;.;.;LB;.;.	Benign
ELP1	NM_003640.5	c.2446A>C	Benign FAF >5%	1.0	1.827	0.073;.;.;.;.;.;.;.;.;.;0.073;.;.		0.439043	12.3	B;.;.;.;.;.;.;.;.;.;LB;.;.	Benign
ELP1	NM_003640.5	c.2294G>A	Benign FAF >5%	1.0	1.947	0.109;.;.;.;.;.;.;.;.;.;0.109;.;.		0.411944	15.74	B;.;.;.;.;.;.;.;.;.;LB;.;.	Benign
ELP1	NM_003640.5	c.1574G>A	Benign FAF >5%	0.993	0.301	0.008;.;.;.;.;.;.;.;.;.;0.008;.;.		0.107605	6.009	B;.;.;.;.;.;.;.;.;.;LB;.;.	Benign
ELP1	NM_003640.5	c.1362T>G	Benign synonymous, SpliceAI<=0.1, PhastCons<1.0	0.998	0.874				10.81		
ELP1	NM_003640.5	c.1362T>A	Benign synonymous, SpliceAI<=0.1, PhastCons<1.0	0.998	0.874				10.32		
ELP1	NM_003640.5	c.747A>T	Benign synonymous, SpliceAI<=0.1, PhastCons<1.0	0.305	-0.439				11.03		
ELP1	NM_003640.5	c.747A>G	Benign synonymous, SpliceAI<=0.1, PhastCons<1.0	0.305	-0.439				11.58		Uncertain_significance
ELP1	NM_003640.5	c.747A>C	Benign synonymous, SpliceAI<=0.1, PhastCons<1.0	0.305	-0.439				10.16		
ELP1	NM_003640.5	c.545T>A	Benign FAF >5%	1.0	4.157	0.070;.;.;.;.;.;.;.;.;.;.;.		0.215327	18.3	B;.;.;.;.;.;.;.;.;.;.;.	Benign/Likely_benign
EPAS1	NM_001430.5	c.2296A>C	Benign FAF >5%	0.826	0.571	0.061;.;.;.;.		0.417030	15.98	B;.;.;.;.	Benign
EPAS1	NM_001430.5	c.2353C>A	Benign FAF >5%	0.951	4.69	0.194;.;.;.;.		0.138816	20.5	B;.;.;.;.	Benign
EPCAM	NM_002354.3	c.6G>C	Benign synonymous, SpliceAI<=0.1, PhastCons<1.0	0.0	-0.891	0.081			1.533		
EPCAM	NM_002354.3	c.6G>T	Benign synonymous, SpliceAI<=0.1, PhastCons<1.0	0.0	-0.891	0.089			1.233		
EPCAM	NM_002354.3	c.12G>C	Benign synonymous, SpliceAI<=0.1, PhastCons<1.0	0.004	0.452	0.055			8.565		
EPCAM	NM_002354.3	c.12G>T	Benign synonymous, SpliceAI<=0.1, PhastCons<1.0	0.004	0.452	0.050			8.575		
EPCAM	NM_002354.3	c.15C>A	Benign synonymous, SpliceAI<=0.1, PhastCons<1.0	0.001	0.145	0.086			9.755		
EPCAM	NM_002354.3	c.15C>G	Benign synonymous, SpliceAI<=0.1, PhastCons<1.0	0.001	0.145	0.087			9.877		
EPCAM	NM_002354.3	c.16C>A	Benign synonymous, SpliceAI<=0.1, PhastCons<1.0	0.002	1.062	0.147			12.33		
EPCAM	NM_002354.3	c.16C>G	Benign synonymous, SpliceAI<=0.1, PhastCons<1.0	0.002	1.062	0.100			12.75		
EPCAM	NM_002354.3	c.22C>G	Benign synonymous, SpliceAI<=0.1, PhastCons<1.0	0.091	0.416	0.120			11.12		
EPCAM	NM_002354.3	c.22C>T	Benign synonymous, SpliceAI<=0.1, PhastCons<1.0	0.091	0.416	0.196			12.25		
EPCAM	NM_002354.3	c.51C>A	Benign synonymous, SpliceAI<=0.1, PhastCons<1.0	0.986	1.042	0.131			14.12		
EPCAM	NM_002354.3	c.51C>G	Benign synonymous, SpliceAI<=0.1, PhastCons<1.0	0.986	1.042	0.131			14.32		
EPCAM	NM_002354.3	c.52C>A	Benign synonymous, SpliceAI<=0.1, PhastCons<1.0	0.989	2.234	0.174			13.28		
EPCAM	NM_002354.3	c.52C>G	Benign synonymous, SpliceAI<=0.1, PhastCons<1.0	0.989	2.234	0.143			13.62		
EPCAM	NM_002354.3	c.58A>G	Benign synonymous, SpliceAI<=0.1, PhastCons<1.0	0.0	-0.525	0.092			3.513		
EPCAM	NM_002354.3	c.58A>T	Benign synonymous, SpliceAI<=0.1, PhastCons<1.0	0.0	-0.525				2.821		
EPCAM	NM_002354.3	c.60A>C	Benign synonymous, SpliceAI<=0.1, PhastCons<1.0	0.0	-0.051	0.043			4.374		
EPCAM	NM_002354.3	c.60A>T	Benign synonymous, SpliceAI<=0.1, PhastCons<1.0	0.0	-0.051	0.043			4.143		
EPCAM	NM_002354.3	c.75C>A	Benign synonymous, SpliceAI<=0.1, PhastCons<1.0	0.001	0.197	0.066			5.321		
EPCAM	NM_002354.3	c.75C>G	Benign synonymous, SpliceAI<=0.1, PhastCons<1.0	0.001	0.197	0.069		7.20000e-07	5.812		
EPCAM	NM_002354.3	c.78C>A	Benign synonymous, SpliceAI<=0.1, PhastCons<1.0	0.0	-0.53				4.486		
EPCAM	NM_002354.3	c.78C>G	Benign synonymous, SpliceAI<=0.1, PhastCons<1.0	0.0	-0.53	0.084			4.62		
EPCAM	NM_002354.3	c.81C>A	Benign synonymous, SpliceAI<=0.1, PhastCons<1.0	0.0	0.213	0.090			3.824		
EPCAM	NM_002354.3	c.81C>G	Benign synonymous, SpliceAI<=0.1, PhastCons<1.0	0.0	0.213	0.090			3.852		
EPCAM	NM_002354.3	c.102G>C	Benign synonymous, SpliceAI<=0.1, PhastCons<1.0	0.001	0.162	0.133		3.00000e-07	8.109		
EPCAM	NM_002354.3	c.102G>T	Benign synonymous, SpliceAI<=0.1, PhastCons<1.0	0.001	0.162	0.133			7.784		
EPCAM	NM_002354.3	c.111C>A	Benign synonymous, SpliceAI<=0.1, PhastCons<1.0	0.0	-0.236	0.062			2.795		
EPCAM	NM_002354.3	c.111C>G	Benign synonymous, SpliceAI<=0.1, PhastCons<1.0	0.0	-0.236	0.062			3.575		
EPCAM	NM_002354.3	c.120C>A	Benign synonymous, SpliceAI<=0.1, PhastCons<1.0	0.001	0.666	0.037		7.20000e-07	7.636		
EPCAM	NM_002354.3	c.120C>G	Benign synonymous, SpliceAI<=0.1, PhastCons<1.0	0.001	0.666	0.037			7.912		
EPCAM	NM_002354.3	c.124C>G	Benign synonymous, SpliceAI<=0.1, PhastCons<1.0	0.001	-0.159	0.117			4.138		
EPCAM	NM_002354.3	c.124C>T	Benign synonymous, SpliceAI<=0.1, PhastCons<1.0	0.001	-0.159	0.118			5.219		
EPCAM	NM_002354.3	c.138T>A	Benign synonymous, SpliceAI<=0.1, PhastCons<1.0	0.002	-0.286	0.076			0.031		
EPCAM	NM_002354.3	c.138T>G	Benign synonymous, SpliceAI<=0.1, PhastCons<1.0	0.002	-0.286	0.089			0.031		
EPCAM	NM_002354.3	c.141A>C	Benign synonymous, SpliceAI<=0.1, PhastCons<1.0	0.0	-0.424	0.070			6.118		
EPCAM	NM_002354.3	c.141A>T	Benign synonymous, SpliceAI<=0.1, PhastCons<1.0	0.0	-0.424	0.074			5.972		
EPCAM	NM_002354.3	c.142C>G	Benign synonymous, SpliceAI<=0.1, PhastCons<1.0	0.0	-1.964	0.044			1.48		
EPCAM	NM_002354.3	c.142C>T	Benign synonymous, SpliceAI<=0.1, PhastCons<1.0	0.0	-1.964			3.00000e-07	2.509		
EPCAM	NM_002354.3	c.151G>C	Likely_benign FAF >0.1%, REVEL <0.29, SpliceAI<=0.1	0.008	0.302	0.079		0.00115147	5.634		
EPCAM	NM_002354.3	c.157A>G	Benign synonymous, SpliceAI<=0.1, PhastCons<1.0	0.0	-2.161	0.072		2.60000e-06	0.005		
EPCAM	NM_002354.3	c.157A>T	Benign synonymous, SpliceAI<=0.1, PhastCons<1.0	0.0	-2.161				0.005		
EPCAM	NM_002354.3	c.159A>C	Benign synonymous, SpliceAI<=0.1, PhastCons<1.0	0.995	1.797	0.071			12.8		
EPCAM	NM_002354.3	c.159A>T	Benign synonymous, SpliceAI<=0.1, PhastCons<1.0	0.995	1.797	0.066			12.7		
EPCAM	NM_002354.3	c.76+6G>T	Likely_benign FAF >0.1%, REVEL <0.29, SpliceAI<=0.1	0.003	-0.214	0.109		0.00261545	13.27	LB	Benign/Likely_benign
EPCAM	NM_002354.3	c.76+21G>C	Likely_benign FAF >0.1%, REVEL <0.29, SpliceAI<=0.1	0.002	0.564	0.055		0.00689590	11.78	LB	Benign
EPCAM	NM_002354.3	c.344T>C	Benign FAF >5%	0.559	0.05	0.183;.;.;.;.;0.183;.;.;.;0.183		0.833734	13.51	.;.;.;.;.;B;.;.;.;LB	Benign
EPCAM	NM_002354.3	c.515C>T	Benign FAF >5%	0.0	-1.411	0.225;.;.;.;.;0.225;.;.;.		0.0616047	16.19	.;.;.;.;.;B;.;.;.	Benign
EPCAM	NM_002354.3	c.687G>A	Benign synonymous, SpliceAI<=0.1, PhastCons<1.0	0.0	-2.215				0.464		
EPCAM	NM_002354.3	c.687G>C	Benign synonymous, SpliceAI<=0.1, PhastCons<1.0	0.0	-2.215				0.054		
EPCAM	NM_002354.3	c.687G>T	Benign synonymous, SpliceAI<=0.1, PhastCons<1.0	0.0	-2.215				0.058		
EPCAM	NM_002354.3	c.904-13T>A	Benign synonymous, SpliceAI<=0.1, PhastCons<1.0, PhyloP<0.1, intronic_ROI(-13)	0.0	-1.084				1.277		
EPCAM	NM_002354.3	c.904-13T>G	Benign synonymous, SpliceAI<=0.1, PhastCons<1.0, PhyloP<0.1, intronic_ROI(-13)	0.0	-1.084				1.328		
EPCAM	NM_002354.3	c.904-12T>C	Benign FAF >5%	0.0	-1.597			0.0629604	2.62		Benign/Likely_benign
EPCAM	NM_002354.3	c.904-10C>A	Benign synonymous, SpliceAI<=0.1, PhastCons<1.0, PhyloP<0.1, intronic_ROI(-10)	0.0	-0.088				8.171		
EPCAM	NM_002354.3	c.904-10C>G	Benign synonymous, SpliceAI<=0.1, PhastCons<1.0, PhyloP<0.1, intronic_ROI(-10)	0.0	-0.088				8.286		
EPCAM	NM_002354.3	c.904-4T>A	Benign synonymous, SpliceAI<=0.1, PhastCons<1.0, PhyloP<0.1, intronic_ROI(-4)	0.536	-0.034				10.28		
EPCAM	NM_002354.3	c.904-4T>G	Benign synonymous, SpliceAI<=0.1, PhastCons<1.0, PhyloP<0.1, intronic_ROI(-4)	0.536	-0.034				9.937		
ERCC2	NM_000400.3	c.2251A>C	Benign FAF >5%	0.995	1.271	.;.;.;.;0.205;.;.;.;.		0.382548	12.63	.;.;.;.;B;.;.;.;.	Benign/Likely_benign
ERCC2	NM_000400.3	c.2190+149T>C	Benign FAF >5%	0.005	0.52			0.0840471	2.0		Benign
ERCC2	NM_000400.3	c.2190+6G>T	Benign synonymous, SpliceAI<=0.1, PhastCons<1.0, PhyloP<0.1, intronic_ROI(+6)	0.011	0.008				7.794		
ERCC2	NM_000400.3	c.2190+6G>C	Benign synonymous, SpliceAI<=0.1, PhastCons<1.0, PhyloP<0.1, intronic_ROI(+6)	0.011	0.008				7.831		
ERCC2	NM_000400.3	c.1666-670C>T	Benign FAF >5%	0.0	-0.263			0.0585032	0.217		
ERCC2	NM_000400.3	c.955G>T	Benign synonymous, SpliceAI<=0.1, PhastCons<1.0	0.99	3.562	.;.			22.4	.;.	
ERCC2	NM_000400.3	c.955G>C	Benign synonymous, SpliceAI<=0.1, PhastCons<1.0	0.99	3.562	.;.			22.5	.;.	
ERCC2	NM_000400.3	c.955G>A	Benign synonymous, SpliceAI<=0.1, PhastCons<1.0	0.99	3.562	.;.			24.6	.;.	Uncertain_significance
ERCC2	NM_000400.3	c.954A>T	Benign synonymous, SpliceAI<=0.1, PhastCons<1.0	0.0	-4.524	.;.			0.199	.;.	
ERCC2	NM_000400.3	c.954A>G	Benign synonymous, SpliceAI<=0.1, PhastCons<1.0	0.0	-4.524	.;.		1.60200e-05	0.244	.;.	Likely_benign
ERCC2	NM_000400.3	c.954A>C	Benign synonymous, SpliceAI<=0.1, PhastCons<1.0	0.0	-4.524	.;.			0.202	.;.	
ERCC2	NM_000400.3	c.934G>A	Benign FAF >5%	1.0	4.64	.;.;.;.;0.128;.;.;0.128;.;.;0.128;.;.		0.371399	23.2	.;.;.;.;B;.;.;.;.;.;LB;LB;LB	Benign/Likely_benign
ERCC3	NM_000122.2	c.457A>T	Benign synonymous, SpliceAI<=0.1, PhastCons<1.0	0.817	1.019				16.01		
ERCC3	NM_000122.2	c.457A>C	Benign synonymous, SpliceAI<=0.1, PhastCons<1.0	0.817	1.019				15.73		
ERCC3	NM_000122.2	c.375A>T	Benign synonymous, SpliceAI<=0.1, PhastCons<1.0	0.12	-0.462				15.41		
ERCC3	NM_000122.2	c.375A>G	Benign synonymous, SpliceAI<=0.1, PhastCons<1.0	0.12	-0.462				15.09		
ERCC3	NM_000122.2	c.375A>C	Benign synonymous, SpliceAI<=0.1, PhastCons<1.0	0.12	-0.462				15.06		
ERCC4	NM_005236.3	c.1244G>A	Benign FAF >5%	1.0	9.602	.;0.312		0.125350	31.0	.;B	Benign/Likely_benign
ERCC4	NM_005236.3	c.1984T>C	Benign FAF >5%	0.015	0.463	.;0.015		0.204482	4.506	.;B	Benign
ERCC5	NM_000123.3	c.760A>G	Benign FAF >5%	1.0	2.918	.;.;.;.;.;.;.		0.0614440	21.5	.;A;.;LP;.;A;.	Benign
ERCC5	NM_000123.3	c.767A>G	Benign FAF >5%	1.0	6.86	.;.;.;.;.;.;.		0.0769284	24.1	.;LB;.;LB;.;B;.	Benign/Likely_benign
ERCC5	NM_000123.3	c.1586G>C	Benign FAF >5%	0.0	0.247	.;.;.;.;.;.;.		0.0649270	0.161	.;LB;.;LB;.;B;.	Benign
ERCC5	NM_000123.3	c.2034A>C	Benign synonymous, SpliceAI<=0.1, PhastCons<1.0	0.262	0.07				2.938		
ERCC5	NM_000123.3	c.2034A>G	Benign synonymous, SpliceAI<=0.1, PhastCons<1.0	0.262	0.07				3.338		
ERCC5	NM_000123.3	c.2034A>T	Benign synonymous, SpliceAI<=0.1, PhastCons<1.0	0.262	0.07				2.553		
ERCC5	NM_000123.3	c.2880-1T>A	Benign synonymous, SpliceAI<=0.1, PhastCons<1.0, PhyloP<0.1, intronic_ROI(-1)	0.03	-0.013	.;.;.;.;.;.;.			14.77	.;.;.;.;.;.;.	
ERCC5	NM_000123.3	c.2880-1T>C	Benign synonymous, SpliceAI<=0.1, PhastCons<1.0, PhyloP<0.1, intronic_ROI(-1)	0.03	-0.013	.;.;.;.;.;.;.			14.38	.;.;.;.;.;.;.	
ERCC5	NM_000123.3	c.2880-1T>G	Benign synonymous, SpliceAI<=0.1, PhastCons<1.0, PhyloP<0.1, intronic_ROI(-1)	0.03	-0.013	.;.;.;.;.;.;.			14.17	.;.;.;.;.;.;.	
ERCC5	NM_000123.3	c.3157=	Benign FAF >5%	0.95	3.466	.;.;.;.;.;.;.		0.998453	23.5	.;LB;.;LB;.;B;.	Benign
ERCC5	NM_000123.3	c.3238=	Benign FAF >5%	0.0	-0.26	.;.;.;.;.;.;.		0.998446	0.426	.;LB;.;LB;.;B;.	Benign
ERCC5	NM_000123.3	c.3310G>C	Benign FAF >5%	1.0	5.184	.;.;.;.;.;.;.		0.519411	22.4	.;LB;.;LB;.;B;.	Benign
EXT1	NM_000127.2	c.2232G>T	Benign synonymous, SpliceAI<=0.1, PhastCons<1.0	0.979	0.234	0.564			21.3	P	
EXT1	NM_000127.2	c.2232G>C	Benign synonymous, SpliceAI<=0.1, PhastCons<1.0	0.979	0.234	0.565			21.4	P	
EXT1	NM_000127.2	c.2028G>T	Benign synonymous, SpliceAI<=0.1, PhastCons<1.0	0.99	0.258	0.625			22.1	P	
EXT1	NM_000127.2	c.2028G>C	Benign synonymous, SpliceAI<=0.1, PhastCons<1.0	0.99	0.258	0.625			22.1	P	
EXT1	NM_000127.2	c.1842C>G	Benign synonymous, SpliceAI<=0.1, PhastCons<1.0	0.651	-0.123	0.545			17.48	P	
EXT1	NM_000127.2	c.1842C>A	Benign synonymous, SpliceAI<=0.1, PhastCons<1.0	0.651	-0.123	0.575			17.46	P	
EXT1	NM_000127.2	c.1833G>T	Benign synonymous, SpliceAI<=0.1, PhastCons<1.0	0.999	0.585	0.588			25.5	P	
EXT1	NM_000127.2	c.1833G>C	Benign synonymous, SpliceAI<=0.1, PhastCons<1.0	0.999	0.585	0.588			25.7	P	
EXT1	NM_000127.2	c.1752C>G	Benign synonymous, SpliceAI<=0.1, PhastCons<1.0	0.996	0.57	0.708			23.0	P	
EXT1	NM_000127.2	c.1752C>A	Benign synonymous, SpliceAI<=0.1, PhastCons<1.0	0.996	0.57	0.708			22.8	P	
EXT1	NM_000127.2	c.1695C>G	Benign synonymous, SpliceAI<=0.1, PhastCons<1.0	0.028	-0.568	0.598			15.06	P	
EXT1	NM_000127.2	c.1695C>A	Benign synonymous, SpliceAI<=0.1, PhastCons<1.0	0.028	-0.568	0.598			14.59	P	
EXT1	NM_000127.2	c.1677C>G	Benign synonymous, SpliceAI<=0.1, PhastCons<1.0	0.0	-1.189	0.551			0.01	B	
EXT1	NM_000127.2	c.1677C>A	Benign synonymous, SpliceAI<=0.1, PhastCons<1.0	0.0	-1.189	0.551		5.53000e-06	0.008	B	Uncertain_significance
EXT1	NM_000127.2	c.1659C>G	Benign synonymous, SpliceAI<=0.1, PhastCons<1.0	0.467	-0.093				36.0		Pathogenic
EXT1	NM_000127.2	c.1659C>A	Benign synonymous, SpliceAI<=0.1, PhastCons<1.0	0.467	-0.093				35.0		
EXT1	NM_000127.2	c.1650T>G	Benign synonymous, SpliceAI<=0.1, PhastCons<1.0	0.998	0.595	0.755			22.8	P	
EXT1	NM_000127.2	c.1650T>A	Benign synonymous, SpliceAI<=0.1, PhastCons<1.0	0.998	0.595	0.755			22.8	P	
EXT1	NM_000127.2	c.1626G>T	Benign synonymous, SpliceAI<=0.1, PhastCons<1.0	0.998	0.481	0.363			16.44	B	
EXT1	NM_000127.2	c.1626G>C	Benign synonymous, SpliceAI<=0.1, PhastCons<1.0	0.998	0.481	0.364			15.68	B	
EXT1	NM_000127.2	c.1518G>T	Benign synonymous, SpliceAI<=0.1, PhastCons<1.0	0.999	0.677	0.334			21.5	P	
EXT1	NM_000127.2	c.1518G>C	Benign synonymous, SpliceAI<=0.1, PhastCons<1.0	0.999	0.677	0.334			21.4	P	
EXT1	NM_000127.2	c.1479G>T	Benign synonymous, SpliceAI<=0.1, PhastCons<1.0	0.997	0.494	0.622			23.6	A	
EXT1	NM_000127.2	c.1479G>C	Benign synonymous, SpliceAI<=0.1, PhastCons<1.0	0.997	0.494	0.622			23.4	A	
EXT1	NM_000127.2	c.1455T>G	Benign synonymous, SpliceAI<=0.1, PhastCons<1.0	0.794	0.052	0.584			14.13	P	
EXT1	NM_000127.2	c.1455T>A	Benign synonymous, SpliceAI<=0.1, PhastCons<1.0	0.794	0.052	0.586			14.05	P	
EXT1	NM_000127.2	c.1425G>T	Benign synonymous, SpliceAI<=0.1, PhastCons<1.0	0.999	0.763	0.371			20.9	A	
EXT1	NM_000127.2	c.1425G>C	Benign synonymous, SpliceAI<=0.1, PhastCons<1.0	0.999	0.763	0.367			20.9	A	
EXT1	NM_000127.2	c.1383T>G	Benign synonymous, SpliceAI<=0.1, PhastCons<1.0	0.998	0.754				35.0		
EXT1	NM_000127.2	c.1383T>A	Benign synonymous, SpliceAI<=0.1, PhastCons<1.0	0.998	0.754				35.0		Pathogenic
EXT1	NM_000127.2	c.1344T>G	Benign synonymous, SpliceAI<=0.1, PhastCons<1.0	0.999	0.744	0.446			19.07	B	
EXT1	NM_000127.2	c.1344T>A	Benign synonymous, SpliceAI<=0.1, PhastCons<1.0	0.999	0.744	0.446			18.99	B	
EXT1	NM_000127.2	c.1098G>T	Benign synonymous, SpliceAI<=0.1, PhastCons<1.0	0.991	0.36	0.939			23.8	P	
EXT1	NM_000127.2	c.1098G>C	Benign synonymous, SpliceAI<=0.1, PhastCons<1.0	0.991	0.36	0.939			23.8	P	
EXT1	NM_000127.2	c.1096T>G	Benign synonymous, SpliceAI<=0.1, PhastCons<1.0	0.995	0.458	0.902			21.1	P	
EXT1	NM_000127.2	c.1096T>A	Benign synonymous, SpliceAI<=0.1, PhastCons<1.0	0.995	0.458	0.794			21.2	B	
EXT1	NM_000127.2	c.1086T>G	Benign synonymous, SpliceAI<=0.1, PhastCons<1.0	0.958	0.172	0.815			21.7	P	
EXT1	NM_000127.2	c.1086T>A	Benign synonymous, SpliceAI<=0.1, PhastCons<1.0	0.958	0.172	0.815			21.3	P	
EXT1	NM_000127.2	c.1065C>G	Benign synonymous, SpliceAI<=0.1, PhastCons<1.0	0.755	-0.009	0.923			22.8	P	
EXT1	NM_000127.2	c.1065C>A	Benign synonymous, SpliceAI<=0.1, PhastCons<1.0	0.755	-0.009				36.0		Pathogenic
EXT1	NM_000127.2	c.957T>G	Benign synonymous, SpliceAI<=0.1, PhastCons<1.0	0.488	-0.027			1.88500e-05	34.0		
EXT1	NM_000127.2	c.957T>A	Benign synonymous, SpliceAI<=0.1, PhastCons<1.0	0.488	-0.027				35.0		Pathogenic
EXT1	NM_000127.2	c.900T>G	Benign synonymous, SpliceAI<=0.1, PhastCons<1.0	0.998	0.767	0.842			23.2	P	
EXT1	NM_000127.2	c.900T>A	Benign synonymous, SpliceAI<=0.1, PhastCons<1.0	0.998	0.767	0.842			23.1	P	
EXT1	NM_000127.2	c.873C>G	Benign synonymous, SpliceAI<=0.1, PhastCons<1.0	0.988	0.291	0.741			24.3	P	Conflicting_classifications_of_pathogenicity
EXT1	NM_000127.2	c.873C>A	Benign synonymous, SpliceAI<=0.1, PhastCons<1.0	0.988	0.291	0.741			24.3	P	
EXT1	NM_000127.2	c.861T>G	Benign synonymous, SpliceAI<=0.1, PhastCons<1.0	0.131	-0.283	0.747			22.5	P	
EXT1	NM_000127.2	c.861T>A	Benign synonymous, SpliceAI<=0.1, PhastCons<1.0	0.131	-0.283	0.748			22.5	P	
EXT1	NM_000127.2	c.723T>G	Benign synonymous, SpliceAI<=0.1, PhastCons<1.0	0.995	0.436	0.765			23.9	P	
EXT1	NM_000127.2	c.723T>A	Benign synonymous, SpliceAI<=0.1, PhastCons<1.0	0.995	0.436	0.765			23.9	P	
EXT1	NM_000127.2	c.672A>T	Benign synonymous, SpliceAI<=0.1, PhastCons<1.0	0.999	0.583	0.366			21.6	B	
EXT1	NM_000127.2	c.672A>C	Benign synonymous, SpliceAI<=0.1, PhastCons<1.0	0.999	0.583	0.366			21.4	B	
EXT1	NM_000127.2	c.654A>T	Benign synonymous, SpliceAI<=0.1, PhastCons<1.0	0.348	-0.332	0.624			24.1	P	
EXT1	NM_000127.2	c.654A>C	Benign synonymous, SpliceAI<=0.1, PhastCons<1.0	0.348	-0.332	0.624			24.2	P	Uncertain_significance
EXT1	NM_000127.2	c.564G>T	Benign synonymous, SpliceAI<=0.1, PhastCons<1.0	0.998	0.616	0.864			31.0	A	Uncertain_significance
EXT1	NM_000127.2	c.564G>C	Benign synonymous, SpliceAI<=0.1, PhastCons<1.0	0.998	0.616	0.864			31.0	A	
EXT1	NM_000127.2	c.525A>T	Benign synonymous, SpliceAI<=0.1, PhastCons<1.0	0.998	0.505	0.489			21.6	B	
EXT1	NM_000127.2	c.525A>C	Benign synonymous, SpliceAI<=0.1, PhastCons<1.0	0.998	0.505	0.489			21.5	B	
EXT1	NM_000127.2	c.520T>G	Benign synonymous, SpliceAI<=0.1, PhastCons<1.0	0.999	0.624	0.353			12.6	B	
EXT1	NM_000127.2	c.520T>A	Benign synonymous, SpliceAI<=0.1, PhastCons<1.0	0.999	0.624	0.317			17.08	B	
EXT1	NM_000127.2	c.510T>G	Benign synonymous, SpliceAI<=0.1, PhastCons<1.0	0.982	0.238				35.0		Pathogenic
EXT1	NM_000127.2	c.510T>A	Benign synonymous, SpliceAI<=0.1, PhastCons<1.0	0.982	0.238				35.0		
EXT1	NM_000127.2	c.498G>T	Benign synonymous, SpliceAI<=0.1, PhastCons<1.0	0.998	0.666	0.721			27.2	P	
EXT1	NM_000127.2	c.498G>C	Benign synonymous, SpliceAI<=0.1, PhastCons<1.0	0.998	0.666	0.721			27.2	P	
EXT1	NM_000127.2	c.369A>T	Benign synonymous, SpliceAI<=0.1, PhastCons<1.0	0.998	0.591	0.418			23.9	P	
EXT1	NM_000127.2	c.369A>C	Benign synonymous, SpliceAI<=0.1, PhastCons<1.0	0.998	0.591	0.418			23.9	P	Uncertain_significance
EXT1	NM_000127.2	c.366A>T	Benign synonymous, SpliceAI<=0.1, PhastCons<1.0	0.249	0.041	0.664			16.44	B	
EXT1	NM_000127.2	c.366A>C	Benign synonymous, SpliceAI<=0.1, PhastCons<1.0	0.249	0.041	0.664			16.57	B	
EXT1	NM_000127.2	c.303G>T	Benign synonymous, SpliceAI<=0.1, PhastCons<1.0	0.985	0.228	0.299			21.8	B	
EXT1	NM_000127.2	c.303G>C	Benign synonymous, SpliceAI<=0.1, PhastCons<1.0	0.985	0.228	0.299			21.8	B	
EXT1	NM_000127.2	c.291G>T	Benign synonymous, SpliceAI<=0.1, PhastCons<1.0	0.996	0.493	0.344			24.5	B	Uncertain_significance
EXT1	NM_000127.2	c.291G>C	Benign synonymous, SpliceAI<=0.1, PhastCons<1.0	0.996	0.493	0.344			24.5	B	
EXT1	NM_000127.2	c.282A>T	Benign synonymous, SpliceAI<=0.1, PhastCons<1.0	0.023	0.234	0.308			23.6	B	
EXT1	NM_000127.2	c.282A>C	Benign synonymous, SpliceAI<=0.1, PhastCons<1.0	0.023	0.234	0.308			23.5	B	
EXT1	NM_000127.2	c.267C>G	Benign synonymous, SpliceAI<=0.1, PhastCons<1.0	0.996	2.187	0.280			21.6	B	
EXT1	NM_000127.2	c.267C>A	Benign synonymous, SpliceAI<=0.1, PhastCons<1.0	0.996	2.187	0.280			21.6	B	
EXT1	NM_000127.2	c.261T>G	Benign synonymous, SpliceAI<=0.1, PhastCons<1.0	0.966	0.375	0.298			14.59	B	
EXT1	NM_000127.2	c.261T>A	Benign synonymous, SpliceAI<=0.1, PhastCons<1.0	0.966	0.375	0.298			14.52	B	
EXT1	NM_000127.2	c.231C>G	Benign synonymous, SpliceAI<=0.1, PhastCons<1.0	0.0	0.341	0.234			17.28	B	
EXT1	NM_000127.2	c.231C>A	Benign synonymous, SpliceAI<=0.1, PhastCons<1.0	0.0	0.341	0.233			17.02	B	
EXT1	NM_000127.2	c.225T>G	Benign synonymous, SpliceAI<=0.1, PhastCons<1.0	0.598	0.041	0.297			15.13	B	
EXT1	NM_000127.2	c.225T>A	Benign synonymous, SpliceAI<=0.1, PhastCons<1.0	0.598	0.041	0.297			14.86	B	
EXT1	NM_000127.2	c.222G>T	Benign synonymous, SpliceAI<=0.1, PhastCons<1.0	0.986	0.283	0.316			16.86	B	
EXT1	NM_000127.2	c.222G>C	Benign synonymous, SpliceAI<=0.1, PhastCons<1.0	0.986	0.283	0.315			16.73	B	
EXT1	NM_000127.2	c.219C>G	Benign synonymous, SpliceAI<=0.1, PhastCons<1.0	0.98	0.868	0.238			18.13	B	
EXT1	NM_000127.2	c.219C>A	Benign synonymous, SpliceAI<=0.1, PhastCons<1.0	0.98	0.868	0.239		3.65000e-06	18.13	B	
EXT1	NM_000127.2	c.216A>T	Benign synonymous, SpliceAI<=0.1, PhastCons<1.0	0.878	-0.072	0.273			13.84	B	
EXT1	NM_000127.2	c.216A>C	Benign synonymous, SpliceAI<=0.1, PhastCons<1.0	0.878	-0.072	0.275			14.07	B	
EXT1	NM_000127.2	c.213G>T	Benign synonymous, SpliceAI<=0.1, PhastCons<1.0	0.986	2.629	0.256			21.4	B	
EXT1	NM_000127.2	c.213G>C	Benign synonymous, SpliceAI<=0.1, PhastCons<1.0	0.986	2.629	0.256		4.43000e-06	21.5	B	Uncertain_significance
EXT1	NM_000127.2	c.211T>G	Benign synonymous, SpliceAI<=0.1, PhastCons<1.0	0.006	1.119	0.283			16.26	B	
EXT1	NM_000127.2	c.211T>A	Benign synonymous, SpliceAI<=0.1, PhastCons<1.0	0.006	1.119	0.318			17.63	B	
EXT1	NM_000127.2	c.210A>T	Benign synonymous, SpliceAI<=0.1, PhastCons<1.0	0.0	-1.304	0.307		6.80000e-07	8.053	B	
EXT1	NM_000127.2	c.210A>C	Benign synonymous, SpliceAI<=0.1, PhastCons<1.0	0.0	-1.304	0.307			8.019	B	
EXT1	NM_000127.2	c.207T>G	Benign synonymous, SpliceAI<=0.1, PhastCons<1.0	0.986	0.289	0.214			14.34	B	
EXT1	NM_000127.2	c.207T>A	Benign synonymous, SpliceAI<=0.1, PhastCons<1.0	0.986	0.289	0.215			14.46	B	
EXT1	NM_000127.2	c.184C>G	Benign synonymous, SpliceAI<=0.1, PhastCons<1.0	0.136	0.551	0.393		7.39000e-06	21.2	B	
EXT1	NM_000127.2	c.184C>A	Benign synonymous, SpliceAI<=0.1, PhastCons<1.0	0.136	0.551	0.504			23.6	B	
EXT1	NM_000127.2	c.159T>G	Benign synonymous, SpliceAI<=0.1, PhastCons<1.0	0.985	1.656	0.217			14.65	B	
EXT1	NM_000127.2	c.159T>A	Benign synonymous, SpliceAI<=0.1, PhastCons<1.0	0.985	1.656	0.217		7.39000e-06	14.38	B	
EXT1	NM_000127.2	c.156T>G	Benign synonymous, SpliceAI<=0.1, PhastCons<1.0	0.319	0.259	0.235			13.89	B	
EXT1	NM_000127.2	c.156T>A	Benign synonymous, SpliceAI<=0.1, PhastCons<1.0	0.319	0.259	0.236			13.73	B	
EXT1	NM_000127.2	c.150T>G	Benign synonymous, SpliceAI<=0.1, PhastCons<1.0	0.797	-0.093	0.258			15.52	B	
EXT1	NM_000127.2	c.150T>A	Benign synonymous, SpliceAI<=0.1, PhastCons<1.0	0.797	-0.093	0.258			15.28	B	
EXT1	NM_000127.2	c.144C>G	Benign synonymous, SpliceAI<=0.1, PhastCons<1.0	0.741	-0.215	0.224			12.85	B	
EXT1	NM_000127.2	c.144C>A	Benign synonymous, SpliceAI<=0.1, PhastCons<1.0	0.741	-0.215	0.224			12.76	B	
EXT1	NM_000127.2	c.136T>G	Benign synonymous, SpliceAI<=0.1, PhastCons<1.0	0.995	1.87	0.335			18.62	B	
EXT1	NM_000127.2	c.136T>A	Benign synonymous, SpliceAI<=0.1, PhastCons<1.0	0.995	1.87	0.292			20.8	B	
EXT1	NM_000127.2	c.129G>T	Benign synonymous, SpliceAI<=0.1, PhastCons<1.0	0.997	0.72	0.485		2.80000e-07	17.77	B	Uncertain_significance
EXT1	NM_000127.2	c.129G>C	Benign synonymous, SpliceAI<=0.1, PhastCons<1.0	0.997	0.72	0.485			17.84	B	
EXT1	NM_000127.2	c.127A>T	Benign synonymous, SpliceAI<=0.1, PhastCons<1.0	0.996	1.457	0.532			24.4	B	
EXT1	NM_000127.2	c.127A>G	Benign synonymous, SpliceAI<=0.1, PhastCons<1.0	0.996	1.457	0.489			21.9	B	
EXT1	NM_000127.2	c.117A>T	Benign synonymous, SpliceAI<=0.1, PhastCons<1.0	0.994	0.729	0.288			19.67	B	
EXT1	NM_000127.2	c.117A>C	Benign synonymous, SpliceAI<=0.1, PhastCons<1.0	0.994	0.729	0.288			19.86	B	
EXT1	NM_000127.2	c.114A>T	Benign synonymous, SpliceAI<=0.1, PhastCons<1.0	0.046	-0.893	0.361			5.178	B	
EXT1	NM_000127.2	c.114A>C	Benign synonymous, SpliceAI<=0.1, PhastCons<1.0	0.046	-0.893	0.361			5.286	B	
EXT1	NM_000127.2	c.111A>T	Benign synonymous, SpliceAI<=0.1, PhastCons<1.0	0.97	1.353	0.369			19.49	B	
EXT1	NM_000127.2	c.111A>C	Benign synonymous, SpliceAI<=0.1, PhastCons<1.0	0.97	1.353	0.369			19.66	B	
EXT1	NM_000127.2	c.102C>G	Benign synonymous, SpliceAI<=0.1, PhastCons<1.0	0.996	0.717	0.304			19.82	B	
EXT1	NM_000127.2	c.102C>A	Benign synonymous, SpliceAI<=0.1, PhastCons<1.0	0.996	0.717	0.305			19.76	B	
EXT1	NM_000127.2	c.96G>T	Benign synonymous, SpliceAI<=0.1, PhastCons<1.0	0.456	0.422	0.484			15.88	B	
EXT1	NM_000127.2	c.96G>C	Benign synonymous, SpliceAI<=0.1, PhastCons<1.0	0.456	0.422	0.484			15.9	B	
EXT1	NM_000127.2	c.94A>T	Benign synonymous, SpliceAI<=0.1, PhastCons<1.0	0.102	0.598	0.608			19.42	B	
EXT1	NM_000127.2	c.94A>G	Benign synonymous, SpliceAI<=0.1, PhastCons<1.0	0.102	0.598	0.520			16.27	B	
EXT1	NM_000127.2	c.87G>T	Benign synonymous, SpliceAI<=0.1, PhastCons<1.0	0.985	0.486	0.169			22.4	B	
EXT1	NM_000127.2	c.87G>C	Benign synonymous, SpliceAI<=0.1, PhastCons<1.0	0.985	0.486	0.169			22.7	B	
EXT1	NM_000127.2	c.84T>G	Benign synonymous, SpliceAI<=0.1, PhastCons<1.0	0.998	0.52	0.106			16.98	B	
EXT1	NM_000127.2	c.84T>A	Benign synonymous, SpliceAI<=0.1, PhastCons<1.0	0.998	0.52	0.106			16.58	B	
EXT1	NM_000127.2	c.81G>T	Benign synonymous, SpliceAI<=0.1, PhastCons<1.0	0.921	0.015	0.077			20.5	B	
EXT1	NM_000127.2	c.81G>C	Benign synonymous, SpliceAI<=0.1, PhastCons<1.0	0.921	0.015	0.077			19.81	B	
EXT1	NM_000127.2	c.78G>T	Benign synonymous, SpliceAI<=0.1, PhastCons<1.0	0.969	0.308	0.119		2.80000e-07	20.5	B	Uncertain_significance
EXT1	NM_000127.2	c.78G>C	Benign synonymous, SpliceAI<=0.1, PhastCons<1.0	0.969	0.308	0.119			20.6	B	
EXT1	NM_000127.2	c.76T>G	Benign synonymous, SpliceAI<=0.1, PhastCons<1.0	0.921	0.727	0.064			19.46	B	
EXT1	NM_000127.2	c.76T>A	Benign synonymous, SpliceAI<=0.1, PhastCons<1.0	0.921	0.727	0.054			21.3	B	
EXT1	NM_000127.2	c.69C>G	Benign synonymous, SpliceAI<=0.1, PhastCons<1.0	0.993	0.215	0.074			20.3	B	
EXT1	NM_000127.2	c.69C>A	Benign synonymous, SpliceAI<=0.1, PhastCons<1.0	0.993	0.215	0.074		0.000136930	24.5	B	Uncertain_significance
EXT1	NM_000127.2	c.60G>T	Benign synonymous, SpliceAI<=0.1, PhastCons<1.0	0.577	-0.123	0.243			23.7	B	Uncertain_significance
EXT1	NM_000127.2	c.60G>C	Benign synonymous, SpliceAI<=0.1, PhastCons<1.0	0.577	-0.123	0.243			23.7	B	
EZH2	NM_004456.5	c.553G>C	Benign FAF >5%	1.0	7.28	.;.;0.454;.;.;.;.;0.454;.;.;.;.;.;0.454;0.454;.;.;.;.;.;.;.;0.454;0.454		0.124517	27.2	.;.;LB;.;.;.;.;.;.;.;.;.;.;B;LB;.;.;.;.;.;.;.;LB;LB	Benign
FANCA	NM_000135.4	c.4215G>T	Benign synonymous, SpliceAI<=0.1, PhastCons<1.0	0.0	-1.402				8.885		
FANCA	NM_000135.4	c.4215G>C	Benign synonymous, SpliceAI<=0.1, PhastCons<1.0	0.0	-1.402			6.80000e-07	7.883		
FANCA	NM_000135.4	c.4215G>A	Benign synonymous, SpliceAI<=0.1, PhastCons<1.0	0.0	-1.402				10.14		
FANCA	NM_000135.4	c.4214A>T	Benign synonymous, SpliceAI<=0.1, PhastCons<1.0	0.0	-1.013				16.95		
FANCA	NM_000135.4	c.4214A>G	Benign synonymous, SpliceAI<=0.1, PhastCons<1.0	0.0	-1.013				14.01		
FANCA	NM_000135.4	c.4214A>C	Benign synonymous, SpliceAI<=0.1, PhastCons<1.0	0.0	-1.013				18.93		
FANCA	NM_000135.4	c.4167+6T>G	Benign synonymous, SpliceAI<=0.1, PhastCons<1.0, PhyloP<0.1, intronic_ROI(+6)	0.0	0.016	.;.;.			11.48	.;.;.	
FANCA	NM_000135.4	c.4167+6T>C	Benign synonymous, SpliceAI<=0.1, PhastCons<1.0, PhyloP<0.1, intronic_ROI(+6)	0.0	0.016	.;.;.			11.37	.;.;.	
FANCA	NM_000135.4	c.4167+6T>A	Benign synonymous, SpliceAI<=0.1, PhastCons<1.0, PhyloP<0.1, intronic_ROI(+6)	0.0	0.016	.;.;.			11.95	.;.;.	
FANCA	NM_000135.4	c.4167+1G>T	Benign synonymous, SpliceAI<=0.1, PhastCons<1.0, PhyloP<0.1, intronic_ROI(+1)	0.005	-0.19	.;.;.			25.7	.;.;.	
FANCA	NM_000135.4	c.4167+1G>C	Benign synonymous, SpliceAI<=0.1, PhastCons<1.0, PhyloP<0.1, intronic_ROI(+1)	0.005	-0.19	.;.;.			24.0	.;.;.	
FANCA	NM_000135.4	c.4167+1G>A	Benign synonymous, SpliceAI<=0.1, PhastCons<1.0, PhyloP<0.1, intronic_ROI(+1)	0.005	-0.19	.;.;.			24.4	.;.;.	Likely_pathogenic
FANCA	NM_000135.4	c.4163G>T	Benign synonymous, SpliceAI<=0.1, PhastCons<1.0	0.0	-0.295				18.2		
FANCA	NM_000135.4	c.4163G>C	Benign synonymous, SpliceAI<=0.1, PhastCons<1.0	0.0	-0.295				9.422		
FANCA	NM_000135.4	c.4163G>A	Benign synonymous, SpliceAI<=0.1, PhastCons<1.0	0.0	-0.295				11.95		
FANCA	NM_000135.4	c.4032A>T	Benign synonymous, SpliceAI<=0.1, PhastCons<1.0	0.0	-4.001				0.386		
FANCA	NM_000135.4	c.4032A>G	Benign synonymous, SpliceAI<=0.1, PhastCons<1.0	0.0	-4.001				16.14		
FANCA	NM_000135.4	c.4032A>C	Benign synonymous, SpliceAI<=0.1, PhastCons<1.0	0.0	-4.001				0.139		
FANCA	NM_000135.4	c.3982A>G	Benign FAF >5%	0.0	-0.994	0.202;.;.;.;.;.;.		0.158363	0.106	B;LB;.;.;LB;.;.	Benign
FANCA	NM_000135.4	c.3859G>A	Benign FAF >5%	0.0	-1.792	0.179;.;.;.;.;.;.;.		0.0834866	0.002	B;LB;.;.;LB;.;.;LB	Benign/Likely_benign
FANCA	NM_000135.4	c.3263C>T	Benign FAF >5%	0.066	2.428	0.380;.;.;.;.;.		0.0858414	19.3	B;LB;.;.;.;.	Benign
FANCA	NM_000135.4	c.2426G>A	Benign FAF >5%	0.0	0.077	0.198;.;.;.;.;.		0.972862	13.46	B;LB;.;.;.;.	Benign/Likely_benign
FANCA	NM_000135.4	c.1927C>G	Benign FAF >5%	0.0	0.074	0.233;.;.;.;.		0.168840	0.756	B;LB;.;.;.	Benign
FANCA	NM_000135.4	c.1501G>A	Benign FAF >5%	0.0	-0.965	0.261;.;.;.;.;.		0.837956	0.295	B;LB;.;.;.;.	Benign
FANCA	NM_000135.4	c.1235C>T	Benign FAF >5%	0.998	4.091	0.348;.;.;.;.;.		0.160477	23.8	B;LB;.;.;.;.	Benign/Likely_benign
FANCA	NM_000135.4	c.893+4T>G	Benign synonymous, SpliceAI<=0.1, PhastCons<1.0, PhyloP<0.1, intronic_ROI(+4)	0.0	-3.428				0.005		Uncertain_significance
FANCA	NM_000135.4	c.893+4T>A	Benign synonymous, SpliceAI<=0.1, PhastCons<1.0, PhyloP<0.1, intronic_ROI(+4)	0.0	-3.428				0.004		
FANCA	NM_000135.4	c.888G>T	Benign synonymous, SpliceAI<=0.1, PhastCons<1.0	0.0	-1.614				14.68		
FANCA	NM_000135.4	c.888G>C	Benign synonymous, SpliceAI<=0.1, PhastCons<1.0	0.0	-1.614				0.893		
FANCA	NM_000135.4	c.888G>A	Benign synonymous, SpliceAI<=0.1, PhastCons<1.0	0.0	-1.614			6.15000e-06	2.185		Likely_benign
FANCA	NM_000135.4	c.796A>G	Benign FAF >5%	0.056	0.671	0.084;.;.;.;.;.;.;.;0.084;.;0.084;0.084		0.972485	7.195	B;LB;.;.;.;.;.;.;LB;LB;LB;LB	Benign
FANCA	NM_000135.4	c.755A>G	Benign FAF >5%	0.0	0.287	0.019;.;.;.;.;.;.;.;0.019;.;0.019;0.019		0.0595478	6.803	B;LB;.;.;.;.;.;.;LB;LB;LB;LB	Benign/Likely_benign
FANCA	NM_000135.4	c.542C>T	Benign FAF >5%	0.897	1.004	0.173;.;.;.;.;.;.;.;0.173;.;0.173;0.173		0.160608	14.74	B;LB;.;.;.;.;.;.;LB;LB;LB;LB	Benign/Likely_benign
FANCA	NM_000135.4	c.24C>G	Benign FAF >5%	0.0	-2.249	0.055;.;.;.;.;.;0.055;.;0.055;0.055		0.155214	0.033	B;LB;.;.;.;.;LB;LB;LB;LB	Benign
FANCA	NM_000135.4	c.17T>A	Benign FAF >5%	0.0	-0.16	0.163;.;.;.;.;.;0.163;.;0.163;0.163		0.101029	11.99	B;LB;.;.;.;.;LB;LB;LB;LB	Benign
FANCB	NM_001018113.3	c.2789G>T	Benign synonymous, SpliceAI<=0.1, PhastCons<1.0	0.1	0.022				0.945		
FANCB	NM_001018113.3	c.2789G>C	Benign synonymous, SpliceAI<=0.1, PhastCons<1.0	0.1	0.022				0.292		
FANCB	NM_001018113.3	c.2787A>T	Benign synonymous, SpliceAI<=0.1, PhastCons<1.0	0.225	0.416				8.035		
FANCB	NM_001018113.3	c.2787A>C	Benign synonymous, SpliceAI<=0.1, PhastCons<1.0	0.225	0.416				7.322		
FANCB	NM_001018113.3	c.2785A>T	Benign synonymous, SpliceAI<=0.1, PhastCons<1.0	0.259	1.418				32.0		
FANCB	NM_001018113.3	c.2785A>G	Benign synonymous, SpliceAI<=0.1, PhastCons<1.0	0.259	1.418				11.55		
FANCB	NM_001018113.3	c.2784C>G	Benign synonymous, SpliceAI<=0.1, PhastCons<1.0	0.233	-0.13				3.92		
FANCB	NM_001018113.3	c.2784C>A	Benign synonymous, SpliceAI<=0.1, PhastCons<1.0	0.233	-0.13				4.282		
FANCB	NM_001018113.3	c.2778A>T	Benign synonymous, SpliceAI<=0.1, PhastCons<1.0	0.678	1.313				9.251		
FANCB	NM_001018113.3	c.2778A>C	Benign synonymous, SpliceAI<=0.1, PhastCons<1.0	0.678	1.313				9.733		
FANCB	NM_001018113.3	c.2775T>G	Benign synonymous, SpliceAI<=0.1, PhastCons<1.0	0.776	1.514				12.44		
FANCB	NM_001018113.3	c.2775T>A	Benign synonymous, SpliceAI<=0.1, PhastCons<1.0	0.776	1.514				12.35		
FANCB	NM_001018113.3	c.2769C>G	Benign synonymous, SpliceAI<=0.1, PhastCons<1.0	0.264	-0.1				6.52		
FANCB	NM_001018113.3	c.2769C>A	Benign synonymous, SpliceAI<=0.1, PhastCons<1.0	0.264	-0.1				6.579		
FANCB	NM_001018113.3	c.2760C>G	Benign synonymous, SpliceAI<=0.1, PhastCons<1.0	0.05	0.462				0.973		
FANCB	NM_001018113.3	c.2760C>A	Benign synonymous, SpliceAI<=0.1, PhastCons<1.0	0.05	0.462				0.847		
FANCB	NM_001018113.3	c.2756+1G>T	Benign synonymous, SpliceAI<=0.1, PhastCons<1.0, PhyloP<0.1, intronic_ROI(+1)	0.0	-1.934				1.358		
FANCB	NM_001018113.3	c.2756+1G>C	Benign synonymous, SpliceAI<=0.1, PhastCons<1.0, PhyloP<0.1, intronic_ROI(+1)	0.0	-1.934				0.793		
FANCB	NM_001018113.3	c.2756+1G>A	Benign synonymous, SpliceAI<=0.1, PhastCons<1.0, PhyloP<0.1, intronic_ROI(+1)	0.0	-1.934				1.186		
FANCB	NM_001018113.3	c.2739C>G	Benign synonymous, SpliceAI<=0.1, PhastCons<1.0	0.034	-0.06				25.2		
FANCB	NM_001018113.3	c.2739C>A	Benign synonymous, SpliceAI<=0.1, PhastCons<1.0	0.034	-0.06				24.9		
FANCB	NM_001018113.3	c.2736C>G	Benign synonymous, SpliceAI<=0.1, PhastCons<1.0	0.018	0.054				1.68		
FANCB	NM_001018113.3	c.2736C>A	Benign synonymous, SpliceAI<=0.1, PhastCons<1.0	0.018	0.054				1.662		
FANCB	NM_001018113.3	c.2727A>T	Benign synonymous, SpliceAI<=0.1, PhastCons<1.0	0.0	-1.314				2.124		
FANCB	NM_001018113.3	c.2727A>C	Benign synonymous, SpliceAI<=0.1, PhastCons<1.0	0.0	-1.314				2.123		
FANCB	NM_001018113.3	c.2725A>T	Benign synonymous, SpliceAI<=0.1, PhastCons<1.0	0.0	-0.487				24.8		
FANCB	NM_001018113.3	c.2725A>G	Benign synonymous, SpliceAI<=0.1, PhastCons<1.0	0.0	-0.487				4.253		
FANCB	NM_001018113.3	c.2724C>G	Benign synonymous, SpliceAI<=0.1, PhastCons<1.0	0.002	1.446				7.005		
FANCB	NM_001018113.3	c.2724C>A	Benign synonymous, SpliceAI<=0.1, PhastCons<1.0	0.002	1.446				25.6		
FANCB	NM_001018113.3	c.2721C>G	Benign synonymous, SpliceAI<=0.1, PhastCons<1.0	0.003	1.203				5.374		
FANCB	NM_001018113.3	c.2721C>A	Benign synonymous, SpliceAI<=0.1, PhastCons<1.0	0.003	1.203				4.735		
FANCB	NM_001018113.3	c.2712G>T	Benign synonymous, SpliceAI<=0.1, PhastCons<1.0	0.0	-0.524				1.188		
FANCB	NM_001018113.3	c.2712G>C	Benign synonymous, SpliceAI<=0.1, PhastCons<1.0	0.0	-0.524				1.052		
FANCB	NM_001018113.3	c.2706T>G	Benign synonymous, SpliceAI<=0.1, PhastCons<1.0	0.007	0.018				3.995		
FANCB	NM_001018113.3	c.2706T>A	Benign synonymous, SpliceAI<=0.1, PhastCons<1.0	0.007	0.018				4.117		
FANCB	NM_001018113.3	c.2701C>G	Benign synonymous, SpliceAI<=0.1, PhastCons<1.0	0.0	-0.945				0.433		
FANCB	NM_001018113.3	c.2701C>A	Benign synonymous, SpliceAI<=0.1, PhastCons<1.0	0.0	-0.945				0.806		
FANCB	NM_001018113.3	c.2694G>T	Benign synonymous, SpliceAI<=0.1, PhastCons<1.0	0.002	-0.371				2.429		
FANCB	NM_001018113.3	c.2694G>C	Benign synonymous, SpliceAI<=0.1, PhastCons<1.0	0.002	-0.371				1.824		
FANCB	NM_001018113.3	c.2692T>G	Benign synonymous, SpliceAI<=0.1, PhastCons<1.0	0.002	0.118				3.154		
FANCB	NM_001018113.3	c.2692T>A	Benign synonymous, SpliceAI<=0.1, PhastCons<1.0	0.002	0.118				4.661		
FANCB	NM_001018113.3	c.2670G>T	Benign synonymous, SpliceAI<=0.1, PhastCons<1.0	0.002	-0.359				7.003		
FANCB	NM_001018113.3	c.2670G>C	Benign synonymous, SpliceAI<=0.1, PhastCons<1.0	0.002	-0.359				7.043		
FANCB	NM_001018113.3	c.2658C>G	Benign synonymous, SpliceAI<=0.1, PhastCons<1.0	0.001	0.356				6.488		
FANCB	NM_001018113.3	c.2658C>A	Benign synonymous, SpliceAI<=0.1, PhastCons<1.0	0.001	0.356				6.859		
FANCB	NM_001018113.3	c.2646G>T	Benign synonymous, SpliceAI<=0.1, PhastCons<1.0	0.013	-0.228				0.581		
FANCB	NM_001018113.3	c.2646G>C	Benign synonymous, SpliceAI<=0.1, PhastCons<1.0	0.013	-0.228			2.56400e-05	0.614		
FANCB	NM_001018113.3	c.2643C>G	Benign synonymous, SpliceAI<=0.1, PhastCons<1.0	0.203	0.224				8.528		
FANCB	NM_001018113.3	c.2643C>A	Benign synonymous, SpliceAI<=0.1, PhastCons<1.0	0.203	0.224				8.562		
FANCB	NM_001018113.3	c.2640C>G	Benign synonymous, SpliceAI<=0.1, PhastCons<1.0	0.481	1.291				10.66		
FANCB	NM_001018113.3	c.2640C>A	Benign synonymous, SpliceAI<=0.1, PhastCons<1.0	0.481	1.291				10.78		
FANCB	NM_001018113.3	c.2637A>T	Benign synonymous, SpliceAI<=0.1, PhastCons<1.0	0.43	1.061				12.04		
FANCB	NM_001018113.3	c.2637A>C	Benign synonymous, SpliceAI<=0.1, PhastCons<1.0	0.43	1.061				12.18		
FANCB	NM_001018113.3	c.2634T>G	Benign synonymous, SpliceAI<=0.1, PhastCons<1.0	0.345	-0.098				2.9		
FANCB	NM_001018113.3	c.2634T>A	Benign synonymous, SpliceAI<=0.1, PhastCons<1.0	0.345	-0.098				3.168		
FANCB	NM_001018113.3	c.2627G>A	Benign FAF >5%	0.485	0.156			0.143025	10.76		
FANCB	NM_001018113.3	c.2625G>T	Benign synonymous, SpliceAI<=0.1, PhastCons<1.0	0.477	0.146				8.852		
FANCB	NM_001018113.3	c.2625G>C	Benign synonymous, SpliceAI<=0.1, PhastCons<1.0	0.477	0.146				9.092		
FANCB	NM_001018113.3	c.2623T>G	Benign synonymous, SpliceAI<=0.1, PhastCons<1.0	0.491	1.216				13.79		
FANCB	NM_001018113.3	c.2623T>A	Benign synonymous, SpliceAI<=0.1, PhastCons<1.0	0.491	1.216				14.72		
FANCB	NM_001018113.3	c.2619G>T	Benign synonymous, SpliceAI<=0.1, PhastCons<1.0	0.247	-0.232				6.584		
FANCB	NM_001018113.3	c.2619G>C	Benign synonymous, SpliceAI<=0.1, PhastCons<1.0	0.247	-0.232				7.193		
FANCB	NM_001018113.3	c.2616C>G	Benign synonymous, SpliceAI<=0.1, PhastCons<1.0	0.189	0.299				15.68		
FANCB	NM_001018113.3	c.2616C>A	Benign synonymous, SpliceAI<=0.1, PhastCons<1.0	0.189	0.299				32.0		
FANCB	NM_001018113.3	c.2613C>G	Benign synonymous, SpliceAI<=0.1, PhastCons<1.0	0.024	-0.614				10.38		
FANCB	NM_001018113.3	c.2613C>A	Benign synonymous, SpliceAI<=0.1, PhastCons<1.0	0.024	-0.614				10.75		
FANCB	NM_001018113.3	c.2607C>G	Benign synonymous, SpliceAI<=0.1, PhastCons<1.0	0.001	0.09				9.492		
FANCB	NM_001018113.3	c.2607C>A	Benign synonymous, SpliceAI<=0.1, PhastCons<1.0	0.001	0.09				8.458		
FANCB	NM_001018113.3	c.2605-1G>T	Benign synonymous, SpliceAI<=0.1, PhastCons<1.0, PhyloP<0.1, intronic_ROI(-1)	0.001	-0.397				9.084		
FANCB	NM_001018113.3	c.2605-1G>C	Benign synonymous, SpliceAI<=0.1, PhastCons<1.0, PhyloP<0.1, intronic_ROI(-1)	0.001	-0.397				7.273		
FANCB	NM_001018113.3	c.2605-1G>A	Benign synonymous, SpliceAI<=0.1, PhastCons<1.0, PhyloP<0.1, intronic_ROI(-1)	0.001	-0.397				7.885		
FANCB	NM_001018113.3	c.2605-2A>T	Benign synonymous, SpliceAI<=0.1, PhastCons<1.0, PhyloP<0.1, intronic_ROI(-2)	0.012	-0.311				13.06		
FANCB	NM_001018113.3	c.2605-2A>G	Benign synonymous, SpliceAI<=0.1, PhastCons<1.0, PhyloP<0.1, intronic_ROI(-2)	0.012	-0.311				12.7		
FANCB	NM_001018113.3	c.2605-2A>C	Benign synonymous, SpliceAI<=0.1, PhastCons<1.0, PhyloP<0.1, intronic_ROI(-2)	0.012	-0.311				12.44		
FANCB	NM_001018113.3	c.2643G>T	Benign synonymous, SpliceAI<=0.1, PhastCons<1.0	0.001	0.344				6.535		
FANCB	NM_001018113.3	c.2643G>C	Benign synonymous, SpliceAI<=0.1, PhastCons<1.0	0.001	0.344				6.509		
FANCB	NM_001018113.3	c.2640C>G	Benign synonymous, SpliceAI<=0.1, PhastCons<1.0	0.001	0.111				1.301		
FANCB	NM_001018113.3	c.2640C>A	Benign synonymous, SpliceAI<=0.1, PhastCons<1.0	0.001	0.111				1.252		
FANCB	NM_001018113.3	c.2634A>T	Benign synonymous, SpliceAI<=0.1, PhastCons<1.0	0.002	-0.726				0.466		
FANCB	NM_001018113.3	c.2634A>C	Benign synonymous, SpliceAI<=0.1, PhastCons<1.0	0.002	-0.726				0.515		
FANCB	NM_001018113.3	c.2631T>G	Benign synonymous, SpliceAI<=0.1, PhastCons<1.0	0.035	1.43				8.492		
FANCB	NM_001018113.3	c.2631T>A	Benign synonymous, SpliceAI<=0.1, PhastCons<1.0	0.035	1.43				8.129		
FANCB	NM_001018113.3	c.2625T>G	Benign synonymous, SpliceAI<=0.1, PhastCons<1.0	0.072	0.496				6.233		
FANCB	NM_001018113.3	c.2625T>A	Benign synonymous, SpliceAI<=0.1, PhastCons<1.0	0.072	0.496				6.039		
FANCB	NM_001018113.3	c.2622T>G	Benign synonymous, SpliceAI<=0.1, PhastCons<1.0	0.146	0.084				3.324		
FANCB	NM_001018113.3	c.2622T>A	Benign synonymous, SpliceAI<=0.1, PhastCons<1.0	0.146	0.084				2.867		
FANCB	NM_001018113.3	c.2610T>G	Benign synonymous, SpliceAI<=0.1, PhastCons<1.0	0.001	0.086				7.43		
FANCB	NM_001018113.3	c.2610T>A	Benign synonymous, SpliceAI<=0.1, PhastCons<1.0	0.001	0.086				7.415		
FANCB	NM_001018113.3	c.2604+2T>G	Benign synonymous, SpliceAI<=0.1, PhastCons<1.0, PhyloP<0.1, intronic_ROI(+2)	0.0	-0.587				4.554		
FANCB	NM_001018113.3	c.2604+2T>C	Benign synonymous, SpliceAI<=0.1, PhastCons<1.0, PhyloP<0.1, intronic_ROI(+2)	0.0	-0.587				3.18		
FANCB	NM_001018113.3	c.2604+2T>A	Benign synonymous, SpliceAI<=0.1, PhastCons<1.0, PhyloP<0.1, intronic_ROI(+2)	0.0	-0.587				4.784		
FANCB	NM_001018113.3	c.2604+1G>T	Benign synonymous, SpliceAI<=0.1, PhastCons<1.0, PhyloP<0.1, intronic_ROI(+1)	0.0	-0.644				1.604		
FANCB	NM_001018113.3	c.2604+1G>C	Benign synonymous, SpliceAI<=0.1, PhastCons<1.0, PhyloP<0.1, intronic_ROI(+1)	0.0	-0.644				1.079		
FANCB	NM_001018113.3	c.2604+1G>A	Benign synonymous, SpliceAI<=0.1, PhastCons<1.0, PhyloP<0.1, intronic_ROI(+1)	0.0	-0.644				1.088		
FANCB	NM_001018113.3	c.2488-1G>T	Benign synonymous, SpliceAI<=0.1, PhastCons<1.0, PhyloP<0.1, intronic_ROI(-1)	0.019	-0.446	.;.			11.27	.;.	
FANCB	NM_001018113.3	c.2488-1G>C	Benign synonymous, SpliceAI<=0.1, PhastCons<1.0, PhyloP<0.1, intronic_ROI(-1)	0.019	-0.446	.;.			9.58	.;.	
FANCB	NM_001018113.3	c.2488-1G>A	Benign synonymous, SpliceAI<=0.1, PhastCons<1.0, PhyloP<0.1, intronic_ROI(-1)	0.019	-0.446	.;.			10.78	.;.	
FANCB	NM_001018113.3	c.2499A>T	Benign synonymous, SpliceAI<=0.1, PhastCons<1.0	0.022	-0.044				3.09		
FANCB	NM_001018113.3	c.2499A>C	Benign synonymous, SpliceAI<=0.1, PhastCons<1.0	0.022	-0.044				3.265		
FANCB	NM_001018113.3	c.2498A>T	Benign synonymous, SpliceAI<=0.1, PhastCons<1.0	0.052	0.798				2.855		
FANCB	NM_001018113.3	c.2498A>C	Benign synonymous, SpliceAI<=0.1, PhastCons<1.0	0.052	0.798				2.939		
FANCB	NM_001018113.3	c.2488-1G>T	Benign synonymous, SpliceAI<=0.1, PhastCons<1.0, PhyloP<0.1, intronic_ROI(-1)	0.025	-0.019				9.071		
FANCB	NM_001018113.3	c.2488-1G>C	Benign synonymous, SpliceAI<=0.1, PhastCons<1.0, PhyloP<0.1, intronic_ROI(-1)	0.025	-0.019				7.321		
FANCB	NM_001018113.3	c.2488-1G>A	Benign synonymous, SpliceAI<=0.1, PhastCons<1.0, PhyloP<0.1, intronic_ROI(-1)	0.025	-0.019				8.612		
FANCB	NM_001018113.3	c.2595G>T	Benign synonymous, SpliceAI<=0.1, PhastCons<1.0	0.0	-0.543				1.146		
FANCB	NM_001018113.3	c.2595G>C	Benign synonymous, SpliceAI<=0.1, PhastCons<1.0	0.0	-0.543				1.197		
FANCB	NM_001018113.3	c.2589T>G	Benign synonymous, SpliceAI<=0.1, PhastCons<1.0	0.03	0.122				2.682		
FANCB	NM_001018113.3	c.2589T>A	Benign synonymous, SpliceAI<=0.1, PhastCons<1.0	0.03	0.122				2.57		
FANCB	NM_001018113.3	c.2586T>G	Benign synonymous, SpliceAI<=0.1, PhastCons<1.0	0.041	0.284				7.337		
FANCB	NM_001018113.3	c.2586T>A	Benign synonymous, SpliceAI<=0.1, PhastCons<1.0	0.041	0.284				6.733		
FANCB	NM_001018113.3	c.2578C>G	Benign synonymous, SpliceAI<=0.1, PhastCons<1.0	0.008	-0.045				0.873		
FANCB	NM_001018113.3	c.2578C>A	Benign synonymous, SpliceAI<=0.1, PhastCons<1.0	0.008	-0.045				0.948		
FANCB	NM_001018113.3	c.2577C>G	Benign synonymous, SpliceAI<=0.1, PhastCons<1.0	0.005	0.328				4.675		
FANCB	NM_001018113.3	c.2577C>A	Benign synonymous, SpliceAI<=0.1, PhastCons<1.0	0.005	0.328				4.625		
FANCB	NM_001018113.3	c.2574G>T	Benign synonymous, SpliceAI<=0.1, PhastCons<1.0	0.001	-0.777				1.003		
FANCB	NM_001018113.3	c.2574G>C	Benign synonymous, SpliceAI<=0.1, PhastCons<1.0	0.001	-0.777				0.832		
FANCB	NM_001018113.3	c.2572T>G	Benign synonymous, SpliceAI<=0.1, PhastCons<1.0	0.016	1.245				5.529		
FANCB	NM_001018113.3	c.2572T>A	Benign synonymous, SpliceAI<=0.1, PhastCons<1.0	0.016	1.245				5.271		
FANCB	NM_001018113.3	c.2571T>G	Benign synonymous, SpliceAI<=0.1, PhastCons<1.0	0.014	1.245				5.261		
FANCB	NM_001018113.3	c.2571T>A	Benign synonymous, SpliceAI<=0.1, PhastCons<1.0	0.014	1.245				5.16		
FANCB	NM_001018113.3	c.2565T>G	Benign synonymous, SpliceAI<=0.1, PhastCons<1.0	0.006	0.276				4.109		
FANCB	NM_001018113.3	c.2565T>A	Benign synonymous, SpliceAI<=0.1, PhastCons<1.0	0.006	0.276				4.034		
FANCB	NM_001018113.3	c.2559A>T	Benign synonymous, SpliceAI<=0.1, PhastCons<1.0	0.013	0.137				2.865		
FANCB	NM_001018113.3	c.2559A>C	Benign synonymous, SpliceAI<=0.1, PhastCons<1.0	0.013	0.137				2.482		
FANCB	NM_001018113.3	c.2557A>T	Benign synonymous, SpliceAI<=0.1, PhastCons<1.0	0.005	-0.242				2.78		
FANCB	NM_001018113.3	c.2557A>G	Benign synonymous, SpliceAI<=0.1, PhastCons<1.0	0.005	-0.242				3.129		
FANCB	NM_001018113.3	c.2556T>G	Benign synonymous, SpliceAI<=0.1, PhastCons<1.0	0.009	0.272				2.304		
FANCB	NM_001018113.3	c.2556T>A	Benign synonymous, SpliceAI<=0.1, PhastCons<1.0	0.009	0.272				2.23		
FANCB	NM_001018113.3	c.2553T>G	Benign synonymous, SpliceAI<=0.1, PhastCons<1.0	0.014	0.276				3.065		
FANCB	NM_001018113.3	c.2553T>A	Benign synonymous, SpliceAI<=0.1, PhastCons<1.0	0.014	0.276				3.142		
FANCB	NM_001018113.3	c.2547G>T	Benign synonymous, SpliceAI<=0.1, PhastCons<1.0	0.001	-0.264				1.495		
FANCB	NM_001018113.3	c.2547G>C	Benign synonymous, SpliceAI<=0.1, PhastCons<1.0	0.001	-0.264				1.572		
FANCB	NM_001018113.3	c.2544T>G	Benign synonymous, SpliceAI<=0.1, PhastCons<1.0	0.003	1.194				5.885		
FANCB	NM_001018113.3	c.2544T>A	Benign synonymous, SpliceAI<=0.1, PhastCons<1.0	0.003	1.194				5.742		
FANCB	NM_001018113.3	c.2535T>G	Benign synonymous, SpliceAI<=0.1, PhastCons<1.0	0.001	1.245				8.558		
FANCB	NM_001018113.3	c.2535T>A	Benign synonymous, SpliceAI<=0.1, PhastCons<1.0	0.001	1.245				8.474		
FANCB	NM_001018113.3	c.2532A>T	Benign synonymous, SpliceAI<=0.1, PhastCons<1.0	0.007	-0.219				6.549		
FANCB	NM_001018113.3	c.2532A>C	Benign synonymous, SpliceAI<=0.1, PhastCons<1.0	0.007	-0.219				6.634		
FANCB	NM_001018113.3	c.2530T>G	Benign synonymous, SpliceAI<=0.1, PhastCons<1.0	0.056	0.209				6.859		
FANCB	NM_001018113.3	c.2530T>A	Benign synonymous, SpliceAI<=0.1, PhastCons<1.0	0.056	0.209				6.781		
FANCB	NM_001018113.3	c.2523G>T	Benign synonymous, SpliceAI<=0.1, PhastCons<1.0	0.001	-0.749				4.081		
FANCB	NM_001018113.3	c.2523G>C	Benign synonymous, SpliceAI<=0.1, PhastCons<1.0	0.001	-0.749				3.413		
FANCB	NM_001018113.3	c.2521T>G	Benign synonymous, SpliceAI<=0.1, PhastCons<1.0	0.002	-0.473				7.27		
FANCB	NM_001018113.3	c.2521T>A	Benign synonymous, SpliceAI<=0.1, PhastCons<1.0	0.002	-0.473				7.285		
FANCB	NM_001018113.3	c.2506C>G	Benign synonymous, SpliceAI<=0.1, PhastCons<1.0	0.007	1.322				12.61		
FANCB	NM_001018113.3	c.2506C>A	Benign synonymous, SpliceAI<=0.1, PhastCons<1.0	0.007	1.322				12.61		
FANCB	NM_001018113.3	c.2505T>G	Benign synonymous, SpliceAI<=0.1, PhastCons<1.0	0.002	-0.595				9.383		
FANCB	NM_001018113.3	c.2505T>A	Benign synonymous, SpliceAI<=0.1, PhastCons<1.0	0.002	-0.595				9.488		
FANCB	NM_001018113.3	c.2493G>T	Benign synonymous, SpliceAI<=0.1, PhastCons<1.0	0.002	0.472				8.416		
FANCB	NM_001018113.3	c.2493G>C	Benign synonymous, SpliceAI<=0.1, PhastCons<1.0	0.002	0.472				8.093		
FANCB	NM_001018113.3	c.2491T>G	Benign synonymous, SpliceAI<=0.1, PhastCons<1.0	0.003	0.698				10.97		
FANCB	NM_001018113.3	c.2491T>A	Benign synonymous, SpliceAI<=0.1, PhastCons<1.0	0.003	0.698				10.81		
FANCB	NM_001018113.3	c.1495C>A	Benign synonymous, SpliceAI<=0.1, PhastCons<1.0	0.002	-0.092				15.33		
FANCB	NM_001018113.3	c.1327-2A>T	Benign synonymous, SpliceAI<=0.1, PhastCons<1.0, PhyloP<0.1, intronic_ROI(-2)	0.0	-2.138	.;.;.;.;.;.;.;.;.;.			8.05	.;.;.;.;.;.;.;.;.;.	
FANCB	NM_001018113.3	c.1327-2A>G	Benign synonymous, SpliceAI<=0.1, PhastCons<1.0, PhyloP<0.1, intronic_ROI(-2)	0.0	-2.138	.;.;.;.;.;.;.;.;.;.			6.107	.;.;.;.;.;.;.;.;.;.	
FANCB	NM_001018113.3	c.1327-2A>C	Benign synonymous, SpliceAI<=0.1, PhastCons<1.0, PhyloP<0.1, intronic_ROI(-2)	0.0	-2.138	.;.;.;.;.;.;.;.;.;.			7.159	.;.;.;.;.;.;.;.;.;.	
FANCB	NM_001018113.3	c.1004G>A	Benign FAF >5%	0.999	4.56	.;.;0.316;.;.;.;.;.;0.316;.		0.0807233	24.5	.;.;A;.;.;.;.;.;A;.	Benign/Likely_benign
FANCC	NM_000136.3	c.1345G>A	Benign FAF >5%	0.003	1.06	.;0.080;0.080;.;.;.;.		0.0705158	17.23	.;LB;B;.;.;.;.	Benign
FANCC	NM_000136.3	c.520C>T	Benign synonymous, SpliceAI<=0.1, PhastCons<1.0	0.999	3.755			4.37100e-05	42.0		Pathogenic/Likely_pathogenic
FANCD2	NM_033084.5	c.65-2A>C	Benign synonymous, SpliceAI<=0.1, PhastCons<1.0, PhyloP<0.1, intronic_ROI(-2)	0.0	-1.176				6.131		
FANCD2	NM_033084.5	c.65-2A>G	Benign synonymous, SpliceAI<=0.1, PhastCons<1.0, PhyloP<0.1, intronic_ROI(-2)	0.0	-1.176				6.069		
FANCD2	NM_033084.5	c.65-2A>T	Benign synonymous, SpliceAI<=0.1, PhastCons<1.0, PhyloP<0.1, intronic_ROI(-2)	0.0	-1.176				6.217		
FANCD2	NM_033084.5	c.65-1G>A	Benign synonymous, SpliceAI<=0.1, PhastCons<1.0, PhyloP<0.1, intronic_ROI(-1)	0.0	-1.277				9.781		
FANCD2	NM_033084.5	c.65-1G>C	Benign synonymous, SpliceAI<=0.1, PhastCons<1.0, PhyloP<0.1, intronic_ROI(-1)	0.0	-1.277				23.3		
FANCD2	NM_033084.5	c.65-1G>T	Benign synonymous, SpliceAI<=0.1, PhastCons<1.0, PhyloP<0.1, intronic_ROI(-1)	0.0	-1.277				17.36		
FANCD2	NM_033084.5	c.66G>C	Benign synonymous, SpliceAI<=0.1, PhastCons<1.0	0.0	-0.372				1.063	A	
FANCD2	NM_033084.5	c.66G>T	Benign synonymous, SpliceAI<=0.1, PhastCons<1.0	0.0	-0.372				6.831	A	
FANCD2	NM_033084.5	c.84T>A	Benign synonymous, SpliceAI<=0.1, PhastCons<1.0	0.002	0.736				6.987		
FANCD2	NM_033084.5	c.84T>G	Benign synonymous, SpliceAI<=0.1, PhastCons<1.0	0.002	0.736				7.078	LP	
FANCD2	NM_033084.5	c.87C>A	Benign synonymous, SpliceAI<=0.1, PhastCons<1.0	0.0	-0.813				4.923	A	
FANCD2	NM_033084.5	c.87C>G	Benign synonymous, SpliceAI<=0.1, PhastCons<1.0	0.0	-0.813				2.145	A	
FANCD2	NM_033084.5	c.99T>A	Benign synonymous, SpliceAI<=0.1, PhastCons<1.0	0.028	-0.402			1.56000e-06	7.38	LP	
FANCD2	NM_033084.5	c.99T>G	Benign synonymous, SpliceAI<=0.1, PhastCons<1.0	0.028	-0.402				8.915	LP	
FANCD2	NM_033084.5	c.117G>C	Benign synonymous, SpliceAI<=0.1, PhastCons<1.0	0.001	-0.164				1.434		
FANCD2	NM_033084.5	c.117G>T	Benign synonymous, SpliceAI<=0.1, PhastCons<1.0	0.001	-0.164				1.739		
FANCD2	NM_033084.5	c.210G>C	Benign synonymous, SpliceAI<=0.1, PhastCons<1.0	0.362	2.05				10.12		
FANCD2	NM_033084.5	c.210G>T	Benign synonymous, SpliceAI<=0.1, PhastCons<1.0	0.362	2.05			1.33000e-06	10.06		
FANCD2	NM_033084.5	c.213A>C	Benign synonymous, SpliceAI<=0.1, PhastCons<1.0	0.013	0.453				9.452		
FANCD2	NM_033084.5	c.213A>T	Benign synonymous, SpliceAI<=0.1, PhastCons<1.0	0.013	0.453				9.392		
FANCD2	NM_033084.5	c.222T>A	Benign synonymous, SpliceAI<=0.1, PhastCons<1.0	0.116	0.57				10.9		
FANCD2	NM_033084.5	c.222T>G	Benign synonymous, SpliceAI<=0.1, PhastCons<1.0	0.116	0.57				10.99		
FANCD2	NM_033084.5	c.223T>A	Benign synonymous, SpliceAI<=0.1, PhastCons<1.0	0.196	3.613				12.79		
FANCD2	NM_033084.5	c.223T>G	Benign synonymous, SpliceAI<=0.1, PhastCons<1.0	0.196	3.613				12.87		
FANCD2	NM_033084.5	c.225A>C	Benign synonymous, SpliceAI<=0.1, PhastCons<1.0	0.066	0.739				11.97		
FANCD2	NM_033084.5	c.225A>T	Benign synonymous, SpliceAI<=0.1, PhastCons<1.0	0.066	0.739				11.85		
FANCD2	NM_033084.5	c.228G>C	Benign synonymous, SpliceAI<=0.1, PhastCons<1.0	0.076	0.021				10.19		
FANCD2	NM_033084.5	c.228G>T	Benign synonymous, SpliceAI<=0.1, PhastCons<1.0	0.076	0.021				9.693		
FANCD2	NM_033084.5	c.231G>C	Benign synonymous, SpliceAI<=0.1, PhastCons<1.0	0.073	0.556				13.3		
FANCD2	NM_033084.5	c.231G>T	Benign synonymous, SpliceAI<=0.1, PhastCons<1.0	0.073	0.556				11.91		
FANCD2	NM_033084.5	c.234A>C	Benign synonymous, SpliceAI<=0.1, PhastCons<1.0	0.0	0.117				16.71		
FANCD2	NM_033084.5	c.234A>T	Benign synonymous, SpliceAI<=0.1, PhastCons<1.0	0.0	0.117				12.17		
FANCD2	NM_033084.5	c.237C>A	Benign synonymous, SpliceAI<=0.1, PhastCons<1.0	0.0	-1.153				8.708		
FANCD2	NM_033084.5	c.237C>G	Benign synonymous, SpliceAI<=0.1, PhastCons<1.0	0.0	-1.153				8.629		
FANCD2	NM_033084.5	c.240T>A	Benign synonymous, SpliceAI<=0.1, PhastCons<1.0	0.0	-0.038				9.124		
FANCD2	NM_033084.5	c.240T>G	Benign synonymous, SpliceAI<=0.1, PhastCons<1.0	0.0	-0.038				9.489		
FANCD2	NM_033084.5	c.244A>G	Benign synonymous, SpliceAI<=0.1, PhastCons<1.0	0.0	-0.571			1.51100e-05	4.555		
FANCD2	NM_033084.5	c.244A>T	Benign synonymous, SpliceAI<=0.1, PhastCons<1.0	0.0	-0.571				6.455		
FANCD2	NM_033084.5	c.246G>C	Benign synonymous, SpliceAI<=0.1, PhastCons<1.0	0.0	-0.362				0.698		
FANCD2	NM_033084.5	c.246G>T	Benign synonymous, SpliceAI<=0.1, PhastCons<1.0	0.0	-0.362				0.966		
FANCD2	NM_033084.5	c.249A>C	Benign synonymous, SpliceAI<=0.1, PhastCons<1.0	0.0	-0.088				2.755		
FANCD2	NM_033084.5	c.249A>T	Benign synonymous, SpliceAI<=0.1, PhastCons<1.0	0.0	-0.088				2.086		
FANCD2	NM_033084.5	c.250C>A	Benign synonymous, SpliceAI<=0.1, PhastCons<1.0	0.0	-0.035				0.531		
FANCD2	NM_033084.5	c.250C>G	Benign synonymous, SpliceAI<=0.1, PhastCons<1.0	0.0	-0.035				0.584		
FANCD2	NM_033084.5	c.261C>A	Benign synonymous, SpliceAI<=0.1, PhastCons<1.0	0.001	-0.37			0.000243600	5.787		Likely_benign
FANCD2	NM_033084.5	c.261C>G	Benign synonymous, SpliceAI<=0.1, PhastCons<1.0	0.001	-0.37				6.14		
FANCD2	NM_033084.5	c.270T>A	Benign synonymous, SpliceAI<=0.1, PhastCons<1.0	0.998	1.992				11.69		
FANCD2	NM_033084.5	c.270T>G	Benign synonymous, SpliceAI<=0.1, PhastCons<1.0	0.998	1.992				12.37		
FANCD2	NM_033084.5	c.273C>A	Benign synonymous, SpliceAI<=0.1, PhastCons<1.0	0.005	-0.03				4.472		
FANCD2	NM_033084.5	c.273C>G	Benign synonymous, SpliceAI<=0.1, PhastCons<1.0	0.005	-0.03				3.262		
FANCD2	NM_033084.5	c.276C>A	Benign synonymous, SpliceAI<=0.1, PhastCons<1.0	0.0	-0.631				0.266		
FANCD2	NM_033084.5	c.276C>G	Benign synonymous, SpliceAI<=0.1, PhastCons<1.0	0.0	-0.631				0.425		
FANCD2	NM_033084.5	c.516A>G	Benign FAF >5%	0.996	0.263	.;0.025;.;.;.;.;.;.;.;.;.;.;.;.;.;.;.;.;.;.;.;.;.;0.025;0.025;.		0.0616828	15.53	.;LB;.;.;.;.;.;.;.;.;.;.;.;.;.;.;.;.;.;.;.;.;.;B;LB;.	Benign
FANCD2	NM_033084.5	c.705C>A	Benign synonymous, SpliceAI<=0.1, PhastCons<1.0	0.0	-0.102	0.005		7.90000e-07	1.536	LB	
FANCD2	NM_033084.5	c.705C>G	Benign synonymous, SpliceAI<=0.1, PhastCons<1.0	0.0	-0.102	0.007			4.031	LB	
FANCD2	NM_033084.5	c.709C>A	Benign synonymous, SpliceAI<=0.1, PhastCons<1.0	0.0	-0.473	0.038			0.384	LB	
FANCD2	NM_033084.5	c.709C>G	Benign synonymous, SpliceAI<=0.1, PhastCons<1.0	0.0	-0.473	0.029			0.852	LB	
FANCD2	NM_033084.5	c.723G>C	Benign synonymous, SpliceAI<=0.1, PhastCons<1.0	0.0	0.261	0.018			5.271	LB	
FANCD2	NM_033084.5	c.723G>T	Benign synonymous, SpliceAI<=0.1, PhastCons<1.0	0.0	0.261	0.016		1.83000e-06	5.162	LB	
FANCD2	NM_033084.5	c.725G>C	Benign synonymous, SpliceAI<=0.1, PhastCons<1.0	0.0	-0.595				0.739		
FANCD2	NM_033084.5	c.725G>T	Benign synonymous, SpliceAI<=0.1, PhastCons<1.0	0.0	-0.595				0.602		
FANCD2	NM_033084.5	c.492T>A	Benign synonymous, SpliceAI<=0.1, PhastCons<1.0	0.992	0.937				22.8		
FANCD2	NM_033084.5	c.492T>G	Benign synonymous, SpliceAI<=0.1, PhastCons<1.0	0.992	0.937				22.8		
FANCD2	NM_033084.5	c.1214A>G	Benign FAF >5%	0.265	0.211	0.032;.;.;.;.;.;.;.;.;.;.;.;.;.;.;.;.;.;0.032;.		0.455825	10.31	LB;.;.;.;.;.;.;.;.;.;.;.;.;.;.;.;.;.;B;.	Benign
FANCD2	NM_033084.5	c.1367T>G	Benign FAF >5%	0.999	3.528	0.238;.;.;.;.;.;.;.;.;.;.;.;.;.;.;.;.;.;.;.;0.238;.		0.0924696	22.7	LB;.;.;.;.;.;.;.;.;.;.;.;.;.;.;.;.;.;.;.;B;.	Benign/Likely_benign
FANCD2	NM_033084.5	c.1767-1G>A	Benign synonymous, SpliceAI<=0.1, PhastCons<1.0, PhyloP<0.1, intronic_ROI(-1)	0.258	-0.059	.;.			2.196	.;.	
FANCD2	NM_033084.5	c.1767-1G>C	Benign synonymous, SpliceAI<=0.1, PhastCons<1.0, PhyloP<0.1, intronic_ROI(-1)	0.258	-0.059	.;.			3.398	.;.	
FANCD2	NM_033084.5	c.1767-1G>T	Benign synonymous, SpliceAI<=0.1, PhastCons<1.0, PhyloP<0.1, intronic_ROI(-1)	0.258	-0.059	.;.			7.741	.;.	
FANCD2	NM_033084.5	c.1457A>C	Benign FAF >5%	1.0	6.762	.;0.163;.;.;.;.;.;.;.;.;.;.;.;.;.;.;.;.;.;.;.;.;.;0.163;.		0.0760916	24.6	.;LB;.;.;.;.;.;.;.;.;.;.;.;.;.;.;.;.;.;.;.;.;.;B;.	Benign/Likely_benign
FANCD2	NM_033084.5	c.1948-1G>A	Benign synonymous, SpliceAI<=0.1, PhastCons<1.0, PhyloP<0.1, intronic_ROI(-1)	0.987	0.064			5.00000e-06	4.428		
FANCD2	NM_033084.5	c.1948-1G>C	Benign synonymous, SpliceAI<=0.1, PhastCons<1.0, PhyloP<0.1, intronic_ROI(-1)	0.987	0.064			4.43000e-06	18.61		
FANCD2	NM_033084.5	c.1948-1G>T	Benign synonymous, SpliceAI<=0.1, PhastCons<1.0, PhyloP<0.1, intronic_ROI(-1)	0.987	0.064				18.82		
FANCD2	NM_033084.5	c.1730C>T	Benign FAF >5%	0.0	-0.09	.;0.028;.;.;.;.;.;.;.;.;.;.;.;.;.;.;.;.;.;.;.;.;.;0.028;.		0.274561	2.093	.;LB;.;.;.;.;.;.;.;.;.;.;.;.;.;.;.;.;.;.;.;.;.;B;.	Benign/Likely_benign
FANCD2	NM_033084.5	c.3225T>A	Benign synonymous, SpliceAI<=0.1, PhastCons<1.0	0.0	-0.491				11.18		
FANCD2	NM_033084.5	c.3225T>G	Benign synonymous, SpliceAI<=0.1, PhastCons<1.0	0.0	-0.491				12.17		Uncertain_significance
FANCD2	NM_033084.5	c.4288C>A	Benign synonymous, SpliceAI<=0.1, PhastCons<1.0	0.002	0.631	0.099			2.766	LB	
FANCD2	NM_033084.5	c.4288C>G	Benign synonymous, SpliceAI<=0.1, PhastCons<1.0	0.002	0.631	0.073			3.157	LB	
FANCD2	NM_033084.5	c.4293A>C	Benign synonymous, SpliceAI<=0.1, PhastCons<1.0	0.0	-1.517	0.076			0.749	LB	
FANCD2	NM_033084.5	c.4293A>T	Benign synonymous, SpliceAI<=0.1, PhastCons<1.0	0.0	-1.517	0.076			0.727	LB	
FANCD2	NM_033084.5	c.4296C>A	Benign synonymous, SpliceAI<=0.1, PhastCons<1.0	0.0	-0.293	0.038			0.625	LB	
FANCD2	NM_033084.5	c.4296C>G	Benign synonymous, SpliceAI<=0.1, PhastCons<1.0	0.0	-0.293	0.038			0.749	LB	
FANCD2	NM_033084.5	c.4305G>C	Benign synonymous, SpliceAI<=0.1, PhastCons<1.0	0.0	0.355	0.113			2.572	LB	
FANCD2	NM_033084.5	c.4305G>T	Benign synonymous, SpliceAI<=0.1, PhastCons<1.0	0.0	0.355	0.113			2.549	LB	
FANCD2	NM_033084.5	c.4317T>A	Benign synonymous, SpliceAI<=0.1, PhastCons<1.0	0.001	0.154	0.057			7.434	LB	
FANCD2	NM_033084.5	c.4317T>G	Benign synonymous, SpliceAI<=0.1, PhastCons<1.0	0.001	0.154	0.057			8.315	LB	
FANCD2	NM_033084.5	c.4323C>A	Benign synonymous, SpliceAI<=0.1, PhastCons<1.0	0.0	-0.473				8.613		
FANCD2	NM_033084.5	c.4323C>G	Benign synonymous, SpliceAI<=0.1, PhastCons<1.0	0.0	-0.473	0.056			9.009	LB	
FANCD2	NM_033084.5	c.4327T>A	Benign synonymous, SpliceAI<=0.1, PhastCons<1.0	0.001	0.233	0.092			11.74	LB	
FANCD2	NM_033084.5	c.4327T>G	Benign synonymous, SpliceAI<=0.1, PhastCons<1.0	0.001	0.233	0.017			11.77	LB	
FANCD2	NM_033084.5	c.4329G>C	Benign synonymous, SpliceAI<=0.1, PhastCons<1.0	0.0	-0.032	0.064			11.62	LB	
FANCD2	NM_033084.5	c.4329G>T	Benign synonymous, SpliceAI<=0.1, PhastCons<1.0	0.0	-0.032	0.064			11.94	LB	
FANCD2	NM_033084.5	c.4330T>A	Benign synonymous, SpliceAI<=0.1, PhastCons<1.0	0.0	-0.01	0.057			12.58	LB	
FANCD2	NM_033084.5	c.4330T>G	Benign synonymous, SpliceAI<=0.1, PhastCons<1.0	0.0	-0.01	0.075			12.95	LB	
FANCD2	NM_033084.5	c.4332A>C	Benign synonymous, SpliceAI<=0.1, PhastCons<1.0	0.0	-0.164	0.023			7.369	LB	
FANCD2	NM_033084.5	c.4332A>T	Benign synonymous, SpliceAI<=0.1, PhastCons<1.0	0.0	-0.164	0.023			7.316	LB	
FANCD2	NM_033084.5	c.4339C>A	Benign synonymous, SpliceAI<=0.1, PhastCons<1.0	0.0	0.011	0.034			15.43	LB	
FANCD2	NM_033084.5	c.4339C>G	Benign synonymous, SpliceAI<=0.1, PhastCons<1.0	0.0	0.011	0.034			15.37	LB	
FANCD2	NM_033084.5	c.4344T>A	Benign synonymous, SpliceAI<=0.1, PhastCons<1.0	0.003	0.627	0.067			12.34	LB	
FANCD2	NM_033084.5	c.4344T>G	Benign synonymous, SpliceAI<=0.1, PhastCons<1.0	0.003	0.627	0.067			12.55	LB	
FANCD2	NM_033084.5	c.4353C>A	Benign synonymous, SpliceAI<=0.1, PhastCons<1.0	0.0	-0.639	0.039			4.773	LB	
FANCD2	NM_033084.5	c.4353C>G	Benign synonymous, SpliceAI<=0.1, PhastCons<1.0	0.0	-0.639	0.039			4.997	LB	
FANCD2	NM_033084.5	c.4354A>G	Benign synonymous, SpliceAI<=0.1, PhastCons<1.0	0.0	0.718	0.125			11.99	LB	
FANCD2	NM_033084.5	c.4354A>T	Benign synonymous, SpliceAI<=0.1, PhastCons<1.0	0.0	0.718				11.67		
FANCD2	NM_033084.5	c.4356A>C	Benign synonymous, SpliceAI<=0.1, PhastCons<1.0	0.0	-0.17	0.150			5.667	LB	
FANCD2	NM_033084.5	c.4356A>T	Benign synonymous, SpliceAI<=0.1, PhastCons<1.0	0.0	-0.17	0.150			6.006	LB	
FANCD2	NM_033084.5	c.4360T>A	Benign synonymous, SpliceAI<=0.1, PhastCons<1.0	0.004	1.032	0.072			9.035	LB	
FANCD2	NM_033084.5	c.4360T>G	Benign synonymous, SpliceAI<=0.1, PhastCons<1.0	0.004	1.032	0.064			9.13	LB	
FANCD2	NM_033084.5	c.4362G>C	Benign synonymous, SpliceAI<=0.1, PhastCons<1.0	0.0	-0.513	0.123			3.74	LB	
FANCD2	NM_033084.5	c.4362G>T	Benign synonymous, SpliceAI<=0.1, PhastCons<1.0	0.0	-0.513	0.123			3.653	LB	
FANCD2	NM_033084.5	c.4371T>A	Benign synonymous, SpliceAI<=0.1, PhastCons<1.0	0.001	-0.21				3.015		
FANCD2	NM_033084.5	c.4371T>G	Benign synonymous, SpliceAI<=0.1, PhastCons<1.0	0.001	-0.21				3.357		
FANCD2	NM_033084.5	c.4377T>A	Benign synonymous, SpliceAI<=0.1, PhastCons<1.0	0.0	0.035				9.073		
FANCD2	NM_033084.5	c.4377T>G	Benign synonymous, SpliceAI<=0.1, PhastCons<1.0	0.0	0.035				8.718		
FANCD2	NM_033084.5	c.4380T>A	Benign synonymous, SpliceAI<=0.1, PhastCons<1.0	0.0	0.024				10.13		
FANCD2	NM_033084.5	c.4380T>G	Benign synonymous, SpliceAI<=0.1, PhastCons<1.0	0.0	0.024	0.062			7.903	LB	
FANCD2	NM_033084.5	c.4383A>C	Benign synonymous, SpliceAI<=0.1, PhastCons<1.0	0.0	-0.853	0.020			0.305	LB	
FANCD2	NM_033084.5	c.4383A>T	Benign synonymous, SpliceAI<=0.1, PhastCons<1.0	0.0	-0.853	0.020			0.326	LB	
FANCD2	NM_033084.5	c.4390C>A	Benign synonymous, SpliceAI<=0.1, PhastCons<1.0	0.15	1.027	0.072			16.89	LB	
FANCD2	NM_033084.5	c.4390C>G	Benign synonymous, SpliceAI<=0.1, PhastCons<1.0	0.15	1.027	0.051			12.19	LB	
FANCD2	NM_033084.5	c.4395C>A	Benign synonymous, SpliceAI<=0.1, PhastCons<1.0	0.0	-1.355				5.622		
FANCD2	NM_033084.5	c.4395C>G	Benign synonymous, SpliceAI<=0.1, PhastCons<1.0	0.0	-1.355	0.081			3.832	LB	
FANCD2	NM_033084.5	c.4396C>A	Likely_benign FAF >0.1%, REVEL <0.29, SpliceAI<=0.1	0.0	0.183	0.031		0.00575759	10.1	LB	Benign/Likely_benign
FANCD2	NM_033084.5	c.4401T>A	Benign synonymous, SpliceAI<=0.1, PhastCons<1.0	0.002	1.109	0.052			12.96	A	
FANCD2	NM_033084.5	c.4401T>G	Benign synonymous, SpliceAI<=0.1, PhastCons<1.0	0.002	1.109	0.052			13.11	A	
FANCD2	NM_033084.5	c.4407C>A	Benign synonymous, SpliceAI<=0.1, PhastCons<1.0	0.0	-0.11	0.069		2.80000e-07	8.872	LB	
FANCD2	NM_033084.5	c.4407C>G	Benign synonymous, SpliceAI<=0.1, PhastCons<1.0	0.0	-0.11	0.069			9.004	LB	
FANCD2	NM_033084.5	c.4415A>C	Benign synonymous, SpliceAI<=0.1, PhastCons<1.0	0.115	3.244				12.0		
FANCD2	NM_033084.5	c.4415A>T	Benign synonymous, SpliceAI<=0.1, PhastCons<1.0	0.115	3.244				15.28		
FANCD2	NM_033084.5	c.4416A>C	Benign synonymous, SpliceAI<=0.1, PhastCons<1.0	0.006	0.068				3.062		
FANCD2	NM_033084.5	c.4416A>T	Benign synonymous, SpliceAI<=0.1, PhastCons<1.0	0.006	0.068				2.936		
FANCE	NM_021922.3	c.611C>T	Benign FAF >5%	0.001	0.589	.;.;.;.;.;.;0.151;.;.;.;.;.;.;.;.		0.0954998	19.54	.;.;.;.;.;.;B;.;.;.;.;.;.;.;.	Benign/Likely_benign
FANCE	NM_021922.3	c.970-5A>C	Benign synonymous, SpliceAI<=0.1, PhastCons<1.0, PhyloP<0.1, intronic_ROI(-5)	0.002	-0.448	.;.			5.238	.;.	
FANCE	NM_021922.3	c.970-5A>G	Benign synonymous, SpliceAI<=0.1, PhastCons<1.0, PhyloP<0.1, intronic_ROI(-5)	0.002	-0.448	.;.			19.06	.;.	
FANCE	NM_021922.3	c.970-5A>T	Benign synonymous, SpliceAI<=0.1, PhastCons<1.0, PhyloP<0.1, intronic_ROI(-5)	0.002	-0.448	.;.			5.315	.;.	
FANCE	NM_021922.3	c.989A>C	Benign synonymous, SpliceAI<=0.1, PhastCons<1.0	0.918	1.993	.;.;.;.			26.4	.;.;.;.	
FANCE	NM_021922.3	c.989A>G	Benign synonymous, SpliceAI<=0.1, PhastCons<1.0	0.918	1.993	.;.;.;.			18.03	.;.;.;.	
FANCE	NM_021922.3	c.989A>T	Benign synonymous, SpliceAI<=0.1, PhastCons<1.0	0.918	1.993	.;.;.;.			23.3	.;.;.;.	
FANCE	NM_021922.3	c.990G>A	Benign synonymous, SpliceAI<=0.1, PhastCons<1.0	0.927	0.402	.;.;.;.			18.75	.;.;.;.	
FANCE	NM_021922.3	c.990G>C	Benign synonymous, SpliceAI<=0.1, PhastCons<1.0	0.927	0.402	.;.;.;.			25.5	.;.;.;.	
FANCE	NM_021922.3	c.990G>T	Benign synonymous, SpliceAI<=0.1, PhastCons<1.0	0.927	0.402	.;.;.;.			25.7	.;.;.;.	
FANCE	NM_021922.3	c.995A>C	Benign synonymous, SpliceAI<=0.1, PhastCons<1.0	0.998	0.482	.;.			21.6	.;.	
FANCE	NM_021922.3	c.995A>G	Benign synonymous, SpliceAI<=0.1, PhastCons<1.0	0.998	0.482	.;.			15.22	.;.	
FANCE	NM_021922.3	c.995A>T	Benign synonymous, SpliceAI<=0.1, PhastCons<1.0	0.998	0.482	.;.			21.3	.;.	
FANCE	NM_021922.3	c.1304T>A	Benign synonymous, SpliceAI<=0.1, PhastCons<1.0	0.003	-0.008			1.06200e-05	16.3		
FANCE	NM_021922.3	c.1304T>C	Benign synonymous, SpliceAI<=0.1, PhastCons<1.0	0.003	-0.008				8.773		
FANCE	NM_021922.3	c.1304T>G	Benign synonymous, SpliceAI<=0.1, PhastCons<1.0	0.003	-0.008				15.61		
FANCE	NM_021922.3	c.1504G>A	Benign FAF >5%	0.379	1.052	.;.;.;.;0.050;.;.;.;.;.;.		0.365214	17.52	.;.;.;.;B;.;.;.;.;.;.	Benign
FANCE	NM_021922.3	c.1514C>A	Benign synonymous, SpliceAI<=0.1, PhastCons<1.0	0.968	1.779				23.7		
FANCE	NM_021922.3	c.1514C>G	Benign synonymous, SpliceAI<=0.1, PhastCons<1.0	0.968	1.779				24.2		
FANCE	NM_021922.3	c.1519A>C	Benign synonymous, SpliceAI<=0.1, PhastCons<1.0	0.019	-0.011				11.9		
FANCE	NM_021922.3	c.1519A>T	Benign synonymous, SpliceAI<=0.1, PhastCons<1.0	0.019	-0.011				13.51		
FANCE	NM_021922.3	c.1525A>C	Benign synonymous, SpliceAI<=0.1, PhastCons<1.0	0.998	3.042			8.00000e-07	9.743		Likely_benign
FANCE	NM_021922.3	c.1525A>T	Benign synonymous, SpliceAI<=0.1, PhastCons<1.0	0.998	3.042				24.0		
FANCF	NM_022725.4	c.1125G>T	Benign synonymous, SpliceAI<=0.1, PhastCons<1.0	0.0	0.011				1.803		
FANCF	NM_022725.4	c.1125G>C	Benign synonymous, SpliceAI<=0.1, PhastCons<1.0	0.0	0.011				1.909		
FANCF	NM_022725.4	c.1116T>G	Benign synonymous, SpliceAI<=0.1, PhastCons<1.0	0.0	-0.026	0.006			11.54	B	
FANCF	NM_022725.4	c.1116T>A	Benign synonymous, SpliceAI<=0.1, PhastCons<1.0	0.0	-0.026	0.006			11.46	B	
FANCF	NM_022725.4	c.1104C>G	Benign synonymous, SpliceAI<=0.1, PhastCons<1.0	0.002	0.19	0.023			10.32	B	
FANCF	NM_022725.4	c.1104C>A	Benign synonymous, SpliceAI<=0.1, PhastCons<1.0	0.002	0.19	0.023			10.21	B	
FANCF	NM_022725.4	c.1095G>T	Benign synonymous, SpliceAI<=0.1, PhastCons<1.0	0.0	-1.305	0.075			1.693	B	
FANCF	NM_022725.4	c.1095G>C	Benign synonymous, SpliceAI<=0.1, PhastCons<1.0	0.0	-1.305	0.075			1.829	B	
FANCF	NM_022725.4	c.1093T>G	Benign synonymous, SpliceAI<=0.1, PhastCons<1.0	0.009	0.58	0.026			8.728	B	
FANCF	NM_022725.4	c.1093T>A	Benign synonymous, SpliceAI<=0.1, PhastCons<1.0	0.009	0.58	0.057			14.46	B	
FANCF	NM_022725.4	c.1089A>T	Benign synonymous, SpliceAI<=0.1, PhastCons<1.0	0.016	0.772	0.022			6.872	B	
FANCF	NM_022725.4	c.1089A>C	Benign synonymous, SpliceAI<=0.1, PhastCons<1.0	0.016	0.772	0.022		6.80000e-07	7.004	B	Uncertain_significance
FANCF	NM_022725.4	c.1086A>T	Benign synonymous, SpliceAI<=0.1, PhastCons<1.0	0.0	-0.322	0.025			3.314	B	
FANCF	NM_022725.4	c.1086A>C	Benign synonymous, SpliceAI<=0.1, PhastCons<1.0	0.0	-0.322	0.025			3.371	B	
FANCF	NM_022725.4	c.1084A>T	Benign synonymous, SpliceAI<=0.1, PhastCons<1.0	0.0	0.245				33.0		
FANCF	NM_022725.4	c.1084A>G	Benign synonymous, SpliceAI<=0.1, PhastCons<1.0	0.0	0.245	0.027			9.716	B	
FANCF	NM_022725.4	c.1083A>T	Benign synonymous, SpliceAI<=0.1, PhastCons<1.0	0.0	-0.73	0.015			13.32	B	
FANCF	NM_022725.4	c.1083A>C	Benign synonymous, SpliceAI<=0.1, PhastCons<1.0	0.0	-0.73	0.015			13.39	B	
FANCF	NM_022725.4	c.1080G>T	Benign synonymous, SpliceAI<=0.1, PhastCons<1.0	0.0	-0.139	0.005			1.403	B	
FANCF	NM_022725.4	c.1080G>C	Benign synonymous, SpliceAI<=0.1, PhastCons<1.0	0.0	-0.139	0.005			1.412	B	
FANCF	NM_022725.4	c.1078A>T	Benign synonymous, SpliceAI<=0.1, PhastCons<1.0	0.0	0.394	0.041			20.3	B	
FANCF	NM_022725.4	c.1078A>G	Benign synonymous, SpliceAI<=0.1, PhastCons<1.0	0.0	0.394	0.017		1.24000e-06	9.171	B	Uncertain_significance
FANCF	NM_022725.4	c.1077T>G	Benign synonymous, SpliceAI<=0.1, PhastCons<1.0	0.001	1.212	0.048			7.304	A	
FANCF	NM_022725.4	c.1077T>A	Benign synonymous, SpliceAI<=0.1, PhastCons<1.0	0.001	1.212	0.048			7.19	A	
FANCF	NM_022725.4	c.1068T>G	Benign synonymous, SpliceAI<=0.1, PhastCons<1.0	0.0	-0.869	0.007			0.688	B	
FANCF	NM_022725.4	c.1068T>A	Benign synonymous, SpliceAI<=0.1, PhastCons<1.0	0.0	-0.869	0.007			0.649	B	
FANCF	NM_022725.4	c.1056A>T	Benign synonymous, SpliceAI<=0.1, PhastCons<1.0	0.002	-0.819	0.155			11.84	B	
FANCF	NM_022725.4	c.1056A>C	Benign synonymous, SpliceAI<=0.1, PhastCons<1.0	0.002	-0.819	0.155		1.56700e-05	11.94	B	Uncertain_significance
FANCF	NM_022725.4	c.1054T>G	Benign synonymous, SpliceAI<=0.1, PhastCons<1.0	0.0	-1.367	0.010			3.209	B	
FANCF	NM_022725.4	c.1054T>A	Benign synonymous, SpliceAI<=0.1, PhastCons<1.0	0.0	-1.367	0.016			5.172	B	
FANCF	NM_022725.4	c.1053A>T	Benign synonymous, SpliceAI<=0.1, PhastCons<1.0	0.104	1.065	0.115			20.5	B	
FANCF	NM_022725.4	c.1053A>C	Benign synonymous, SpliceAI<=0.1, PhastCons<1.0	0.104	1.065	0.115			20.6	B	
FANCF	NM_022725.4	c.1051T>G	Benign synonymous, SpliceAI<=0.1, PhastCons<1.0	0.002	-0.131	0.146			17.29	B	
FANCF	NM_022725.4	c.1051T>A	Benign synonymous, SpliceAI<=0.1, PhastCons<1.0	0.002	-0.131	0.132			17.7	B	
FANCF	NM_022725.4	c.1035C>G	Benign synonymous, SpliceAI<=0.1, PhastCons<1.0	0.998	1.379	0.521			23.7	P	
FANCF	NM_022725.4	c.1035C>A	Benign synonymous, SpliceAI<=0.1, PhastCons<1.0	0.998	1.379	0.523			23.6	P	
FANCF	NM_022725.4	c.1020A>T	Benign synonymous, SpliceAI<=0.1, PhastCons<1.0	0.871	0.304	0.011			19.73	B	
FANCF	NM_022725.4	c.1020A>C	Benign synonymous, SpliceAI<=0.1, PhastCons<1.0	0.871	0.304	0.011			19.74	B	
FANCF	NM_022725.4	c.1017T>G	Benign synonymous, SpliceAI<=0.1, PhastCons<1.0	0.021	-0.375	0.198			15.25	P	
FANCF	NM_022725.4	c.1017T>A	Benign synonymous, SpliceAI<=0.1, PhastCons<1.0	0.021	-0.375	0.198			15.21	P	
FANCF	NM_022725.4	c.1014T>G	Benign synonymous, SpliceAI<=0.1, PhastCons<1.0	0.995	0.332	0.096			18.8	P	
FANCF	NM_022725.4	c.1014T>A	Benign synonymous, SpliceAI<=0.1, PhastCons<1.0	0.995	0.332	0.096			18.76	P	
FANCF	NM_022725.4	c.1008T>G	Benign synonymous, SpliceAI<=0.1, PhastCons<1.0	0.997	0.351	0.131		7.90000e-07	18.41	P	
FANCF	NM_022725.4	c.1008T>A	Benign synonymous, SpliceAI<=0.1, PhastCons<1.0	0.997	0.351	0.133			18.34	P	
FANCF	NM_022725.4	c.1005G>T	Benign synonymous, SpliceAI<=0.1, PhastCons<1.0	0.002	-0.338	0.044			18.27	B	
FANCF	NM_022725.4	c.1005G>C	Benign synonymous, SpliceAI<=0.1, PhastCons<1.0	0.002	-0.338	0.044			18.34	B	
FANCF	NM_022725.4	c.999A>T	Benign synonymous, SpliceAI<=0.1, PhastCons<1.0	0.001	-0.434	0.052			17.56	P	
FANCF	NM_022725.4	c.999A>C	Benign synonymous, SpliceAI<=0.1, PhastCons<1.0	0.001	-0.434	0.052			17.63	P	
FANCF	NM_022725.4	c.996T>G	Benign synonymous, SpliceAI<=0.1, PhastCons<1.0	0.0	-0.404	0.133			2.047	B	
FANCF	NM_022725.4	c.996T>A	Benign synonymous, SpliceAI<=0.1, PhastCons<1.0	0.0	-0.404				26.6		
FANCF	NM_022725.4	c.990G>T	Benign synonymous, SpliceAI<=0.1, PhastCons<1.0	0.0	-0.229	0.013			3.943	B	
FANCF	NM_022725.4	c.990G>C	Benign synonymous, SpliceAI<=0.1, PhastCons<1.0	0.0	-0.229	0.013			4.164	B	
FANCF	NM_022725.4	c.985C>G	Benign synonymous, SpliceAI<=0.1, PhastCons<1.0	0.224	1.071	0.152			17.78	B	
FANCF	NM_022725.4	c.985C>A	Benign synonymous, SpliceAI<=0.1, PhastCons<1.0	0.224	1.071	0.156			18.53	B	
FANCF	NM_022725.4	c.976C>G	Benign synonymous, SpliceAI<=0.1, PhastCons<1.0	0.002	1.238	0.024			15.33	B	
FANCF	NM_022725.4	c.976C>A	Benign synonymous, SpliceAI<=0.1, PhastCons<1.0	0.002	1.238	0.035			15.61	B	
FANCF	NM_022725.4	c.972A>T	Benign synonymous, SpliceAI<=0.1, PhastCons<1.0	0.0	-0.678	0.026			15.51	B	
FANCF	NM_022725.4	c.972A>C	Benign synonymous, SpliceAI<=0.1, PhastCons<1.0	0.0	-0.678	0.026			15.64	B	
FANCF	NM_022725.4	c.970A>G	Likely_benign FAF >0.1%, REVEL <0.29, SpliceAI<=0.1	0.0	0.433	0.045		0.00140604	7.731	B	Conflicting_classifications_of_pathogenicity
FANCF	NM_022725.4	c.969T>G	Benign synonymous, SpliceAI<=0.1, PhastCons<1.0	0.0	-1.452	0.009		2.80000e-07	1.491	B	Uncertain_significance
FANCF	NM_022725.4	c.969T>A	Benign synonymous, SpliceAI<=0.1, PhastCons<1.0	0.0	-1.452	0.009			1.385	B	
FANCF	NM_022725.4	c.966A>T	Benign synonymous, SpliceAI<=0.1, PhastCons<1.0	0.0	-0.87	0.049			18.07	P	
FANCF	NM_022725.4	c.966A>C	Benign synonymous, SpliceAI<=0.1, PhastCons<1.0	0.0	-0.87	0.049			17.81	P	
FANCF	NM_022725.4	c.961C>G	Benign synonymous, SpliceAI<=0.1, PhastCons<1.0	0.491	1.332	0.180		2.80000e-07	22.3	B	
FANCF	NM_022725.4	c.961C>A	Benign synonymous, SpliceAI<=0.1, PhastCons<1.0	0.491	1.332	0.218			23.0	B	
FANCF	NM_022725.4	c.959C>T	Likely_benign FAF >0.1%, REVEL <0.29, SpliceAI<=0.1	0.035	0.912	0.096		0.0178125	18.42	B	Benign/Likely_benign
FANCF	NM_022725.4	c.948G>T	Benign synonymous, SpliceAI<=0.1, PhastCons<1.0	0.888	1.647	0.049			19.61	B	
FANCF	NM_022725.4	c.948G>C	Benign synonymous, SpliceAI<=0.1, PhastCons<1.0	0.888	1.647	0.049			19.73	B	
FANCF	NM_022725.4	c.945T>G	Benign synonymous, SpliceAI<=0.1, PhastCons<1.0	0.008	-0.668	0.134			14.08	B	
FANCF	NM_022725.4	c.945T>A	Benign synonymous, SpliceAI<=0.1, PhastCons<1.0	0.008	-0.668				32.0		
FANCF	NM_022725.4	c.939C>G	Benign synonymous, SpliceAI<=0.1, PhastCons<1.0	0.989	1.015	0.148			19.67	P	
FANCF	NM_022725.4	c.939C>A	Benign synonymous, SpliceAI<=0.1, PhastCons<1.0	0.989	1.015	0.148			19.62	P	
FANCF	NM_022725.4	c.936A>T	Benign synonymous, SpliceAI<=0.1, PhastCons<1.0	0.0	-1.476	0.033		0.000324060	8.349	B	Uncertain_significance
FANCF	NM_022725.4	c.936A>C	Benign synonymous, SpliceAI<=0.1, PhastCons<1.0	0.0	-1.476	0.033			8.493	B	
FANCF	NM_022725.4	c.933T>G	Benign synonymous, SpliceAI<=0.1, PhastCons<1.0	0.082	0.076	0.130			17.48	P	
FANCF	NM_022725.4	c.933T>A	Benign synonymous, SpliceAI<=0.1, PhastCons<1.0	0.082	0.076	0.130			17.26	P	
FANCF	NM_022725.4	c.930G>T	Benign synonymous, SpliceAI<=0.1, PhastCons<1.0	0.18	0.117	0.199			15.75	P	
FANCF	NM_022725.4	c.930G>C	Benign synonymous, SpliceAI<=0.1, PhastCons<1.0	0.18	0.117	0.199			15.73	P	
FANCF	NM_022725.4	c.928A>T	Benign synonymous, SpliceAI<=0.1, PhastCons<1.0	0.002	-0.169	0.192			18.98	B	
FANCF	NM_022725.4	c.928A>G	Benign synonymous, SpliceAI<=0.1, PhastCons<1.0	0.002	-0.169	0.235			14.78	A	
FANCF	NM_022725.4	c.927T>G	Benign synonymous, SpliceAI<=0.1, PhastCons<1.0	0.001	0.416	0.025			6.032	B	
FANCF	NM_022725.4	c.927T>A	Benign synonymous, SpliceAI<=0.1, PhastCons<1.0	0.001	0.416	0.025			6.247	B	
FANCF	NM_022725.4	c.924C>G	Benign synonymous, SpliceAI<=0.1, PhastCons<1.0	0.0	-0.378	0.009		1.77300e-05	1.881	B	
FANCF	NM_022725.4	c.924C>A	Benign synonymous, SpliceAI<=0.1, PhastCons<1.0	0.0	-0.378	0.009			1.281	B	Uncertain_significance
FANCF	NM_022725.4	c.921G>T	Benign synonymous, SpliceAI<=0.1, PhastCons<1.0	0.051	0.471	0.147			20.1	A	Uncertain_significance
FANCF	NM_022725.4	c.921G>C	Benign synonymous, SpliceAI<=0.1, PhastCons<1.0	0.051	0.471	0.147			20.6	A	
FANCF	NM_022725.4	c.919T>G	Benign synonymous, SpliceAI<=0.1, PhastCons<1.0	0.0	-1.178	0.266			10.69	B	
FANCF	NM_022725.4	c.919T>A	Benign synonymous, SpliceAI<=0.1, PhastCons<1.0	0.0	-1.178	0.278			12.74	B	Uncertain_significance
FANCF	NM_022725.4	c.918G>T	Benign synonymous, SpliceAI<=0.1, PhastCons<1.0	0.041	0.21	0.030			19.41	B	
FANCF	NM_022725.4	c.918G>C	Benign synonymous, SpliceAI<=0.1, PhastCons<1.0	0.041	0.21	0.030			19.25	B	
FANCF	NM_022725.4	c.915G>T	Benign synonymous, SpliceAI<=0.1, PhastCons<1.0	0.442	-0.312	0.105			15.76	B	
FANCF	NM_022725.4	c.915G>C	Benign synonymous, SpliceAI<=0.1, PhastCons<1.0	0.442	-0.312	0.105			15.71	B	
FANCF	NM_022725.4	c.903T>G	Benign synonymous, SpliceAI<=0.1, PhastCons<1.0	0.0	-2.149	0.044			0.181	B	
FANCF	NM_022725.4	c.903T>A	Benign synonymous, SpliceAI<=0.1, PhastCons<1.0	0.0	-2.149	0.044			0.175	B	
FANCF	NM_022725.4	c.900A>T	Benign synonymous, SpliceAI<=0.1, PhastCons<1.0	0.0	-3.578	0.035			2.371	B	
FANCF	NM_022725.4	c.900A>C	Benign synonymous, SpliceAI<=0.1, PhastCons<1.0	0.0	-3.578	0.035			2.521	B	
FANCF	NM_022725.4	c.894G>T	Benign synonymous, SpliceAI<=0.1, PhastCons<1.0	0.0	0.121	0.033			11.88	B	
FANCF	NM_022725.4	c.894G>C	Benign synonymous, SpliceAI<=0.1, PhastCons<1.0	0.0	0.121	0.033			11.97	B	
FANCF	NM_022725.4	c.883G>A	Likely_benign FAF >0.1%, REVEL <0.29, SpliceAI<=0.1	0.006	-0.109	0.036		0.0143955	12.7	B	Benign/Likely_benign
FANCF	NM_022725.4	c.873A>T	Benign synonymous, SpliceAI<=0.1, PhastCons<1.0	0.0	-0.977	0.038			15.11	B	
FANCF	NM_022725.4	c.873A>C	Benign synonymous, SpliceAI<=0.1, PhastCons<1.0	0.0	-0.977	0.037			15.21	B	
FANCF	NM_022725.4	c.870G>T	Benign synonymous, SpliceAI<=0.1, PhastCons<1.0	0.0	-0.01	0.088			12.74	A	
FANCF	NM_022725.4	c.870G>C	Benign synonymous, SpliceAI<=0.1, PhastCons<1.0	0.0	-0.01	0.088			12.81	A	
FANCF	NM_022725.4	c.861T>G	Benign synonymous, SpliceAI<=0.1, PhastCons<1.0	0.985	-0.004				35.0		
FANCF	NM_022725.4	c.861T>A	Benign synonymous, SpliceAI<=0.1, PhastCons<1.0	0.985	-0.004				35.0		
FANCF	NM_022725.4	c.858C>G	Benign synonymous, SpliceAI<=0.1, PhastCons<1.0	0.925	0.924	0.041			16.46	B	Uncertain_significance
FANCF	NM_022725.4	c.858C>A	Benign synonymous, SpliceAI<=0.1, PhastCons<1.0	0.925	0.924	0.041			16.39	B	
FANCF	NM_022725.4	c.855G>T	Benign synonymous, SpliceAI<=0.1, PhastCons<1.0	0.998	3.14	0.174			24.6	A	
FANCF	NM_022725.4	c.855G>C	Benign synonymous, SpliceAI<=0.1, PhastCons<1.0	0.998	3.14	0.174			24.6	A	
FANCF	NM_022725.4	c.853T>G	Benign synonymous, SpliceAI<=0.1, PhastCons<1.0	0.97	1.731	0.188			23.4	A	
FANCF	NM_022725.4	c.853T>A	Benign synonymous, SpliceAI<=0.1, PhastCons<1.0	0.97	1.731	0.197			23.8	B	
FANCF	NM_022725.4	c.849A>T	Benign synonymous, SpliceAI<=0.1, PhastCons<1.0	0.0	-3.521	0.082			0.112	B	
FANCF	NM_022725.4	c.849A>C	Benign synonymous, SpliceAI<=0.1, PhastCons<1.0	0.0	-3.521	0.082		4.28400e-05	0.118	B	Uncertain_significance
FANCF	NM_022725.4	c.840C>G	Benign synonymous, SpliceAI<=0.1, PhastCons<1.0	0.072	0.148	0.087			12.75	B	
FANCF	NM_022725.4	c.840C>A	Benign synonymous, SpliceAI<=0.1, PhastCons<1.0	0.072	0.148	0.087			12.63	B	
FANCF	NM_022725.4	c.832C>G	Benign synonymous, SpliceAI<=0.1, PhastCons<1.0	0.992	2.01	0.235			24.0	A	
FANCF	NM_022725.4	c.832C>A	Benign synonymous, SpliceAI<=0.1, PhastCons<1.0	0.992	2.01	0.224			24.4	A	
FANCF	NM_022725.4	c.829C>G	Benign synonymous, SpliceAI<=0.1, PhastCons<1.0	0.706	0.891	0.014			19.98	B	Uncertain_significance
FANCF	NM_022725.4	c.829C>A	Benign synonymous, SpliceAI<=0.1, PhastCons<1.0	0.706	0.891	0.036			23.2	B	
FANCF	NM_022725.4	c.823C>G	Benign synonymous, SpliceAI<=0.1, PhastCons<1.0	0.033	0.36	0.125			19.33	B	
FANCF	NM_022725.4	c.823C>A	Benign synonymous, SpliceAI<=0.1, PhastCons<1.0	0.033	0.36	0.096			20.1	B	
FANCF	NM_022725.4	c.822T>G	Benign synonymous, SpliceAI<=0.1, PhastCons<1.0	0.001	-1.167				29.0		
FANCF	NM_022725.4	c.822T>A	Benign synonymous, SpliceAI<=0.1, PhastCons<1.0	0.001	-1.167				29.0		
FANCF	NM_022725.4	c.808C>G	Benign synonymous, SpliceAI<=0.1, PhastCons<1.0	0.082	0.727	0.065			17.73	B	
FANCF	NM_022725.4	c.808C>A	Benign synonymous, SpliceAI<=0.1, PhastCons<1.0	0.082	0.727	0.094			21.0	B	
FANCF	NM_022725.4	c.801C>G	Benign synonymous, SpliceAI<=0.1, PhastCons<1.0	0.008	-0.538	0.033			14.25	A	
FANCF	NM_022725.4	c.801C>A	Benign synonymous, SpliceAI<=0.1, PhastCons<1.0	0.008	-0.538	0.033		1.22000e-05	14.3	A	Uncertain_significance
FANCF	NM_022725.4	c.795C>G	Benign synonymous, SpliceAI<=0.1, PhastCons<1.0	0.004	0.302	0.022			16.78	B	
FANCF	NM_022725.4	c.795C>A	Benign synonymous, SpliceAI<=0.1, PhastCons<1.0	0.004	0.302	0.022		2.47000e-06	16.19	B	Uncertain_significance
FANCF	NM_022725.4	c.786A>T	Benign synonymous, SpliceAI<=0.1, PhastCons<1.0	0.0	-3.143	0.021			0.558	B	
FANCF	NM_022725.4	c.786A>C	Benign synonymous, SpliceAI<=0.1, PhastCons<1.0	0.0	-3.143	0.021			0.594	B	
FANCF	NM_022725.4	c.784T>G	Benign synonymous, SpliceAI<=0.1, PhastCons<1.0	0.028	1.881	0.039		1.24000e-06	16.69	B	
FANCF	NM_022725.4	c.784T>A	Benign synonymous, SpliceAI<=0.1, PhastCons<1.0	0.028	1.881	0.053			17.33	B	
FANCF	NM_022725.4	c.780G>T	Benign synonymous, SpliceAI<=0.1, PhastCons<1.0	0.0	-1.391	0.192			13.91	A	
FANCF	NM_022725.4	c.780G>C	Benign synonymous, SpliceAI<=0.1, PhastCons<1.0	0.0	-1.391	0.192			13.9	A	
FANCF	NM_022725.4	c.778T>G	Benign synonymous, SpliceAI<=0.1, PhastCons<1.0	0.0	-0.212	0.069			8.394	B	
FANCF	NM_022725.4	c.778T>A	Benign synonymous, SpliceAI<=0.1, PhastCons<1.0	0.0	-0.212	0.139			15.47	B	
FANCF	NM_022725.4	c.753T>G	Benign synonymous, SpliceAI<=0.1, PhastCons<1.0	0.984	0.086	0.051			11.41	P	
FANCF	NM_022725.4	c.753T>A	Benign synonymous, SpliceAI<=0.1, PhastCons<1.0	0.984	0.086	0.051			11.1	P	
FANCF	NM_022725.4	c.744T>G	Benign synonymous, SpliceAI<=0.1, PhastCons<1.0	0.0	0.027	0.031			5.927	A	
FANCF	NM_022725.4	c.744T>A	Benign synonymous, SpliceAI<=0.1, PhastCons<1.0	0.0	0.027	0.031			5.665	A	
FANCF	NM_022725.4	c.738A>T	Benign synonymous, SpliceAI<=0.1, PhastCons<1.0	0.0	-1.699	0.041			0.54	B	
FANCF	NM_022725.4	c.738A>C	Benign synonymous, SpliceAI<=0.1, PhastCons<1.0	0.0	-1.699	0.041			0.495	B	
FANCF	NM_022725.4	c.732T>G	Benign synonymous, SpliceAI<=0.1, PhastCons<1.0	0.0	-2.619	0.016			0.327	B	
FANCF	NM_022725.4	c.732T>A	Benign synonymous, SpliceAI<=0.1, PhastCons<1.0	0.0	-2.619	0.016			0.316	B	
FANCF	NM_022725.4	c.724C>G	Benign synonymous, SpliceAI<=0.1, PhastCons<1.0	0.998	1.858	0.209			23.0	B	
FANCF	NM_022725.4	c.724C>A	Benign synonymous, SpliceAI<=0.1, PhastCons<1.0	0.998	1.858	0.202			23.4	B	
FANCF	NM_022725.4	c.717C>G	Benign synonymous, SpliceAI<=0.1, PhastCons<1.0	0.0	-2.626	0.016			0.014	B	
FANCF	NM_022725.4	c.717C>A	Benign synonymous, SpliceAI<=0.1, PhastCons<1.0	0.0	-2.626	0.016			0.014	B	
FANCF	NM_022725.4	c.709C>G	Benign synonymous, SpliceAI<=0.1, PhastCons<1.0	0.564	2.221	0.189			21.9	B	
FANCF	NM_022725.4	c.709C>A	Benign synonymous, SpliceAI<=0.1, PhastCons<1.0	0.564	2.221	0.202			22.2	B	
FANCF	NM_022725.4	c.705A>T	Benign synonymous, SpliceAI<=0.1, PhastCons<1.0	0.0	-2.38	0.018			0.231	B	
FANCF	NM_022725.4	c.705A>C	Benign synonymous, SpliceAI<=0.1, PhastCons<1.0	0.0	-2.38	0.018		3.86100e-05	0.229	B	Uncertain_significance
FANCF	NM_022725.4	c.702C>G	Benign synonymous, SpliceAI<=0.1, PhastCons<1.0	0.0	-0.862	0.004			0.871	B	
FANCF	NM_022725.4	c.702C>A	Benign synonymous, SpliceAI<=0.1, PhastCons<1.0	0.0	-0.862	0.004			0.826	B	
FANCF	NM_022725.4	c.696G>T	Benign synonymous, SpliceAI<=0.1, PhastCons<1.0	0.0	-0.651	0.026			7.759	B	Uncertain_significance
FANCF	NM_022725.4	c.696G>C	Benign synonymous, SpliceAI<=0.1, PhastCons<1.0	0.0	-0.651	0.026		1.06600e-05	7.838	B	Uncertain_significance
FANCF	NM_022725.4	c.684A>T	Benign synonymous, SpliceAI<=0.1, PhastCons<1.0	0.0	-1.265	0.011			1.068	B	
FANCF	NM_022725.4	c.684A>C	Benign synonymous, SpliceAI<=0.1, PhastCons<1.0	0.0	-1.265	0.011			1.223	B	
FANCF	NM_022725.4	c.681C>G	Benign synonymous, SpliceAI<=0.1, PhastCons<1.0	0.087	0.368	0.026			4.514	B	
FANCF	NM_022725.4	c.681C>A	Benign synonymous, SpliceAI<=0.1, PhastCons<1.0	0.087	0.368	0.026			4.372	B	
FANCF	NM_022725.4	c.669A>T	Benign synonymous, SpliceAI<=0.1, PhastCons<1.0	0.0	-1.452	0.014			0.179	B	
FANCF	NM_022725.4	c.669A>C	Benign synonymous, SpliceAI<=0.1, PhastCons<1.0	0.0	-1.452	0.014			0.196	B	
FANCF	NM_022725.4	c.666G>T	Benign synonymous, SpliceAI<=0.1, PhastCons<1.0	0.0	0.636	0.046		3.75900e-05	15.15	B	Uncertain_significance
FANCF	NM_022725.4	c.666G>C	Benign synonymous, SpliceAI<=0.1, PhastCons<1.0	0.0	0.636	0.046			15.3	B	
FANCF	NM_022725.4	c.664T>G	Benign synonymous, SpliceAI<=0.1, PhastCons<1.0	0.0	-2.727	0.030			0.081	B	
FANCF	NM_022725.4	c.664T>A	Benign synonymous, SpliceAI<=0.1, PhastCons<1.0	0.0	-2.727	0.036			3.056	B	
FANCF	NM_022725.4	c.663G>T	Benign synonymous, SpliceAI<=0.1, PhastCons<1.0	0.0	-0.275	0.030			8.676	B	
FANCF	NM_022725.4	c.663G>C	Benign synonymous, SpliceAI<=0.1, PhastCons<1.0	0.0	-0.275	0.030		1.14700e-05	8.776	B	
FANCF	NM_022725.4	c.660A>T	Benign synonymous, SpliceAI<=0.1, PhastCons<1.0	0.0	0.105	0.016			6.106	B	
FANCF	NM_022725.4	c.660A>C	Benign synonymous, SpliceAI<=0.1, PhastCons<1.0	0.0	0.105	0.016			6.189	B	
FANCF	NM_022725.4	c.657A>T	Benign synonymous, SpliceAI<=0.1, PhastCons<1.0	0.0	-2.003	0.028			0.118	B	
FANCF	NM_022725.4	c.657A>C	Benign synonymous, SpliceAI<=0.1, PhastCons<1.0	0.0	-2.003	0.028			0.116	B	
FANCF	NM_022725.4	c.649C>T	Benign synonymous, SpliceAI<=0.1, PhastCons<1.0	0.0	-0.458	0.086		3.66000e-06	13.87	B	
FANCF	NM_022725.4	c.649C>G	Benign synonymous, SpliceAI<=0.1, PhastCons<1.0	0.0	-0.458	0.015			2.896	B	
FANCF	NM_022725.4	c.642G>T	Benign synonymous, SpliceAI<=0.1, PhastCons<1.0	0.0	-0.354	0.012			2.5	B	
FANCF	NM_022725.4	c.642G>C	Benign synonymous, SpliceAI<=0.1, PhastCons<1.0	0.0	-0.354	0.012			2.433	B	
FANCF	NM_022725.4	c.640T>G	Benign synonymous, SpliceAI<=0.1, PhastCons<1.0	0.0	-2.056	0.027			0.006	B	
FANCF	NM_022725.4	c.640T>A	Benign synonymous, SpliceAI<=0.1, PhastCons<1.0	0.0	-2.056	0.036			0.023	B	
FANCF	NM_022725.4	c.637C>T	Likely_benign FAF >0.1%, REVEL <0.29, SpliceAI<=0.1	0.0	0.062	0.059		0.00109217	5.426	B	Conflicting_classifications_of_pathogenicity
FANCF	NM_022725.4	c.633G>T	Benign synonymous, SpliceAI<=0.1, PhastCons<1.0	0.0	0.389	0.060		0.000677400	10.36	B	Conflicting_classifications_of_pathogenicity
FANCF	NM_022725.4	c.633G>C	Benign synonymous, SpliceAI<=0.1, PhastCons<1.0	0.0	0.389	0.060			10.77	B	
FANCF	NM_022725.4	c.630G>T	Benign synonymous, SpliceAI<=0.1, PhastCons<1.0	0.021	0.865	0.147			23.4	B	
FANCF	NM_022725.4	c.630G>C	Benign synonymous, SpliceAI<=0.1, PhastCons<1.0	0.021	0.865	0.147			23.5	B	
FANCF	NM_022725.4	c.628T>G	Benign synonymous, SpliceAI<=0.1, PhastCons<1.0	0.0	-1.744	0.138			15.68	B	
FANCF	NM_022725.4	c.628T>A	Benign synonymous, SpliceAI<=0.1, PhastCons<1.0	0.0	-1.744	0.174			16.69	B	
FANCF	NM_022725.4	c.609G>T	Benign synonymous, SpliceAI<=0.1, PhastCons<1.0	0.0	-0.715	0.108			14.3	A	
FANCF	NM_022725.4	c.609G>C	Benign synonymous, SpliceAI<=0.1, PhastCons<1.0	0.0	-0.715	0.108			14.39	A	
FANCF	NM_022725.4	c.604C>G	Benign synonymous, SpliceAI<=0.1, PhastCons<1.0	0.679	2.53	0.068			24.1	B	
FANCF	NM_022725.4	c.604C>A	Benign synonymous, SpliceAI<=0.1, PhastCons<1.0	0.679	2.53	0.085			24.6	B	
FANCF	NM_022725.4	c.603C>G	Benign synonymous, SpliceAI<=0.1, PhastCons<1.0	0.6	-0.002	0.047			17.92	P	
FANCF	NM_022725.4	c.603C>A	Benign synonymous, SpliceAI<=0.1, PhastCons<1.0	0.6	-0.002	0.047			17.58	P	
FANCF	NM_022725.4	c.600C>G	Benign synonymous, SpliceAI<=0.1, PhastCons<1.0	0.281	0.584	0.098			20.3	A	
FANCF	NM_022725.4	c.600C>A	Benign synonymous, SpliceAI<=0.1, PhastCons<1.0	0.281	0.584	0.098		1.29800e-05	20.3	A	
FANCF	NM_022725.4	c.597C>G	Benign synonymous, SpliceAI<=0.1, PhastCons<1.0	0.0	0.458	0.038			12.92	B	
FANCF	NM_022725.4	c.597C>A	Benign synonymous, SpliceAI<=0.1, PhastCons<1.0	0.0	0.458	0.038			12.57	B	
FANCF	NM_022725.4	c.594G>T	Benign synonymous, SpliceAI<=0.1, PhastCons<1.0	0.0	0.124	0.062			13.18	B	
FANCF	NM_022725.4	c.594G>C	Benign synonymous, SpliceAI<=0.1, PhastCons<1.0	0.0	0.124	0.062		4.42000e-06	13.18	B	Uncertain_significance
FANCF	NM_022725.4	c.588G>T	Benign synonymous, SpliceAI<=0.1, PhastCons<1.0	0.03	0.053	0.038			19.05	B	
FANCF	NM_022725.4	c.588G>C	Benign synonymous, SpliceAI<=0.1, PhastCons<1.0	0.03	0.053	0.038			19.1	B	
FANCF	NM_022725.4	c.586T>G	Benign synonymous, SpliceAI<=0.1, PhastCons<1.0	0.0	-1.355	0.046			4.579	B	
FANCF	NM_022725.4	c.586T>A	Benign synonymous, SpliceAI<=0.1, PhastCons<1.0	0.0	-1.355	0.110			13.2	B	
FANCF	NM_022725.4	c.582G>T	Benign synonymous, SpliceAI<=0.1, PhastCons<1.0	0.111	0.22	0.084			14.04	B	
FANCF	NM_022725.4	c.582G>C	Benign synonymous, SpliceAI<=0.1, PhastCons<1.0	0.111	0.22	0.084			14.49	B	
FANCF	NM_022725.4	c.574C>G	Benign synonymous, SpliceAI<=0.1, PhastCons<1.0	0.978	1.741	0.159			15.27	B	
FANCF	NM_022725.4	c.574C>A	Benign synonymous, SpliceAI<=0.1, PhastCons<1.0	0.978	1.741	0.177			22.2	B	
FANCF	NM_022725.4	c.573C>G	Benign synonymous, SpliceAI<=0.1, PhastCons<1.0	0.052	-0.089	0.031		0.00152442	6.56	B	Conflicting_classifications_of_pathogenicity
FANCF	NM_022725.4	c.573C>A	Benign synonymous, SpliceAI<=0.1, PhastCons<1.0	0.052	-0.089	0.032			6.154	B	
FANCF	NM_022725.4	c.570C>G	Benign synonymous, SpliceAI<=0.1, PhastCons<1.0	0.0	0.113	0.033			16.12	B	
FANCF	NM_022725.4	c.570C>A	Benign synonymous, SpliceAI<=0.1, PhastCons<1.0	0.0	0.113	0.033			16.08	B	
FANCF	NM_022725.4	c.564T>G	Benign synonymous, SpliceAI<=0.1, PhastCons<1.0	0.0	-0.963	0.057			2.38	P	
FANCF	NM_022725.4	c.564T>A	Benign synonymous, SpliceAI<=0.1, PhastCons<1.0	0.0	-0.963	0.057			2.789	P	
FANCF	NM_022725.4	c.561G>T	Benign synonymous, SpliceAI<=0.1, PhastCons<1.0	0.0	-0.064	0.008			5.698	B	
FANCF	NM_022725.4	c.561G>C	Benign synonymous, SpliceAI<=0.1, PhastCons<1.0	0.0	-0.064	0.008			5.682	B	
FANCF	NM_022725.4	c.559A>T	Benign synonymous, SpliceAI<=0.1, PhastCons<1.0	0.0	-2.461	0.034			13.1	B	
FANCF	NM_022725.4	c.559A>G	Benign synonymous, SpliceAI<=0.1, PhastCons<1.0	0.0	-2.461	0.017		0.000189850	0.256	B	Uncertain_significance
FANCF	NM_022725.4	c.557C>T	Likely_benign FAF >0.1%, REVEL <0.29, SpliceAI<=0.1	0.0	0.252	0.041		0.0173768	9.216	B	Benign/Likely_benign
FANCF	NM_022725.4	c.549G>T	Benign synonymous, SpliceAI<=0.1, PhastCons<1.0	0.002	0.157	0.037			12.5	B	
FANCF	NM_022725.4	c.549G>C	Benign synonymous, SpliceAI<=0.1, PhastCons<1.0	0.002	0.157	0.037			13.03	B	
FANCF	NM_022725.4	c.543A>T	Benign synonymous, SpliceAI<=0.1, PhastCons<1.0	0.0	-3.586	0.046			2.412	B	
FANCF	NM_022725.4	c.543A>C	Benign synonymous, SpliceAI<=0.1, PhastCons<1.0	0.0	-3.586	0.046			2.037	B	
FANCF	NM_022725.4	c.537G>T	Benign synonymous, SpliceAI<=0.1, PhastCons<1.0	0.0	-0.095	0.024			11.74	B	
FANCF	NM_022725.4	c.537G>C	Benign synonymous, SpliceAI<=0.1, PhastCons<1.0	0.0	-0.095	0.024			11.75	B	Uncertain_significance
FANCF	NM_022725.4	c.528G>T	Benign synonymous, SpliceAI<=0.1, PhastCons<1.0	0.146	-0.002	0.050			15.43	B	
FANCF	NM_022725.4	c.528G>C	Benign synonymous, SpliceAI<=0.1, PhastCons<1.0	0.146	-0.002	0.050			15.54	B	
FANCF	NM_022725.4	c.525G>T	Benign synonymous, SpliceAI<=0.1, PhastCons<1.0	0.406	-0.277	0.052			14.58	B	
FANCF	NM_022725.4	c.525G>C	Benign synonymous, SpliceAI<=0.1, PhastCons<1.0	0.406	-0.277	0.052			14.48	B	
FANCF	NM_022725.4	c.520C>G	Benign synonymous, SpliceAI<=0.1, PhastCons<1.0	0.997	2.186	0.131			23.5	B	
FANCF	NM_022725.4	c.520C>A	Benign synonymous, SpliceAI<=0.1, PhastCons<1.0	0.997	2.186	0.133			23.9	B	
FANCF	NM_022725.4	c.516G>T	Benign synonymous, SpliceAI<=0.1, PhastCons<1.0	0.314	0.525	0.049			16.22	B	
FANCF	NM_022725.4	c.516G>C	Benign synonymous, SpliceAI<=0.1, PhastCons<1.0	0.314	0.525	0.049			16.5	B	
FANCF	NM_022725.4	c.511C>G	Benign synonymous, SpliceAI<=0.1, PhastCons<1.0	0.94	1.392	0.054			23.0	B	
FANCF	NM_022725.4	c.511C>A	Benign synonymous, SpliceAI<=0.1, PhastCons<1.0	0.94	1.392	0.085			23.5	B	
FANCF	NM_022725.4	c.504G>T	Benign synonymous, SpliceAI<=0.1, PhastCons<1.0	0.991	2.764	0.017			20.9	B	
FANCF	NM_022725.4	c.504G>C	Benign synonymous, SpliceAI<=0.1, PhastCons<1.0	0.991	2.764	0.017			21.0	B	
FANCF	NM_022725.4	c.492G>T	Benign synonymous, SpliceAI<=0.1, PhastCons<1.0	0.065	0.392	0.060			21.5	A	
FANCF	NM_022725.4	c.492G>C	Benign synonymous, SpliceAI<=0.1, PhastCons<1.0	0.065	0.392	0.060			21.6	A	
FANCF	NM_022725.4	c.484C>G	Benign synonymous, SpliceAI<=0.1, PhastCons<1.0	0.015	0.977	0.071		1.24000e-06	12.58	B	Uncertain_significance
FANCF	NM_022725.4	c.484C>A	Benign synonymous, SpliceAI<=0.1, PhastCons<1.0	0.015	0.977	0.100			19.66	B	
FANCF	NM_022725.4	c.480C>G	Benign synonymous, SpliceAI<=0.1, PhastCons<1.0	0.006	0.322	0.057			10.91	A	
FANCF	NM_022725.4	c.480C>A	Benign synonymous, SpliceAI<=0.1, PhastCons<1.0	0.006	0.322	0.057			10.78	A	
FANCF	NM_022725.4	c.477G>T	Benign synonymous, SpliceAI<=0.1, PhastCons<1.0	0.015	0.407	0.017			9.904	B	
FANCF	NM_022725.4	c.477G>C	Benign synonymous, SpliceAI<=0.1, PhastCons<1.0	0.015	0.407	0.017			10.07	B	
FANCF	NM_022725.4	c.474G>T	Benign synonymous, SpliceAI<=0.1, PhastCons<1.0	0.0	0.001	0.097			8.678	B	
FANCF	NM_022725.4	c.474G>C	Benign synonymous, SpliceAI<=0.1, PhastCons<1.0	0.0	0.001	0.097			8.749	B	
FANCF	NM_022725.4	c.468T>G	Benign synonymous, SpliceAI<=0.1, PhastCons<1.0	0.0	-2.738	0.009			0.101	B	
FANCF	NM_022725.4	c.468T>A	Benign synonymous, SpliceAI<=0.1, PhastCons<1.0	0.0	-2.738	0.009			0.097	B	
FANCF	NM_022725.4	c.462C>G	Benign synonymous, SpliceAI<=0.1, PhastCons<1.0	0.04	0.641	0.032			3.721	B	
FANCF	NM_022725.4	c.462C>A	Benign synonymous, SpliceAI<=0.1, PhastCons<1.0	0.04	0.641	0.032			3.782	B	Uncertain_significance
FANCF	NM_022725.4	c.459G>T	Benign synonymous, SpliceAI<=0.1, PhastCons<1.0	0.0	-0.191	0.045			13.49	B	
FANCF	NM_022725.4	c.459G>C	Benign synonymous, SpliceAI<=0.1, PhastCons<1.0	0.0	-0.191	0.045			13.45	B	
FANCF	NM_022725.4	c.456A>T	Benign synonymous, SpliceAI<=0.1, PhastCons<1.0	0.0	-5.259	0.018			0.087	B	
FANCF	NM_022725.4	c.456A>C	Benign synonymous, SpliceAI<=0.1, PhastCons<1.0	0.0	-5.259	0.018			0.09	B	
FANCF	NM_022725.4	c.454A>T	Benign synonymous, SpliceAI<=0.1, PhastCons<1.0	0.0	-0.732				26.4		
FANCF	NM_022725.4	c.454A>G	Benign synonymous, SpliceAI<=0.1, PhastCons<1.0	0.0	-0.732	0.008		2.80000e-07	5.018	B	
FANCF	NM_022725.4	c.453T>G	Benign synonymous, SpliceAI<=0.1, PhastCons<1.0	0.0	-0.401				26.4		
FANCF	NM_022725.4	c.453T>A	Benign synonymous, SpliceAI<=0.1, PhastCons<1.0	0.0	-0.401				26.5		
FANCF	NM_022725.4	c.447T>G	Benign synonymous, SpliceAI<=0.1, PhastCons<1.0	0.0	0.274	0.020			2.176	B	
FANCF	NM_022725.4	c.447T>A	Benign synonymous, SpliceAI<=0.1, PhastCons<1.0	0.0	0.274	0.020			2.191	B	
FANCF	NM_022725.4	c.444C>G	Benign synonymous, SpliceAI<=0.1, PhastCons<1.0	0.0	0.378	0.023			1.113	A	
FANCF	NM_022725.4	c.444C>A	Benign synonymous, SpliceAI<=0.1, PhastCons<1.0	0.0	0.378	0.023			1.073	A	
FANCF	NM_022725.4	c.432C>G	Benign synonymous, SpliceAI<=0.1, PhastCons<1.0	0.0	-0.076	0.007			6.476	B	
FANCF	NM_022725.4	c.432C>A	Benign synonymous, SpliceAI<=0.1, PhastCons<1.0	0.0	-0.076	0.007			6.441	B	
FANCF	NM_022725.4	c.418C>T	Benign synonymous, SpliceAI<=0.1, PhastCons<1.0	0.7	0.521	0.099			20.9	B	
FANCF	NM_022725.4	c.418C>G	Benign synonymous, SpliceAI<=0.1, PhastCons<1.0	0.7	0.521	0.050			15.96	B	
FANCF	NM_022725.4	c.415C>T	Benign synonymous, SpliceAI<=0.1, PhastCons<1.0	0.988	0.722	0.152			19.93	B	
FANCF	NM_022725.4	c.415C>G	Benign synonymous, SpliceAI<=0.1, PhastCons<1.0	0.988	0.722	0.132		5.42000e-06	17.93	B	
FANCF	NM_022725.4	c.412C>A	Likely_benign FAF >0.1%, REVEL <0.29, SpliceAI<=0.1	1.0	5.138	0.244		0.00130871	23.3	P	Conflicting_classifications_of_pathogenicity
FANCF	NM_022725.4	c.397C>G	Benign synonymous, SpliceAI<=0.1, PhastCons<1.0	0.909	1.888	0.071			18.59	B	
FANCF	NM_022725.4	c.397C>A	Benign synonymous, SpliceAI<=0.1, PhastCons<1.0	0.909	1.888	0.076			19.36	B	
FANCF	NM_022725.4	c.396C>G	Benign synonymous, SpliceAI<=0.1, PhastCons<1.0	0.194	0.088	0.015			0.445	B	
FANCF	NM_022725.4	c.396C>A	Benign synonymous, SpliceAI<=0.1, PhastCons<1.0	0.194	0.088	0.015			0.427	B	
FANCF	NM_022725.4	c.393G>T	Benign synonymous, SpliceAI<=0.1, PhastCons<1.0	0.009	1.752	0.022			1.975	B	
FANCF	NM_022725.4	c.393G>C	Benign synonymous, SpliceAI<=0.1, PhastCons<1.0	0.009	1.752	0.022			2.118	B	
FANCF	NM_022725.4	c.390A>T	Benign synonymous, SpliceAI<=0.1, PhastCons<1.0	0.0	-1.525	0.121			12.98	A	
FANCF	NM_022725.4	c.390A>C	Benign synonymous, SpliceAI<=0.1, PhastCons<1.0	0.0	-1.525	0.121			12.98	A	
FANCF	NM_022725.4	c.381G>T	Benign synonymous, SpliceAI<=0.1, PhastCons<1.0	0.001	-0.108	0.012			4.02	B	
FANCF	NM_022725.4	c.381G>C	Benign synonymous, SpliceAI<=0.1, PhastCons<1.0	0.001	-0.108	0.012			4.178	B	
FANCF	NM_022725.4	c.378G>T	Benign synonymous, SpliceAI<=0.1, PhastCons<1.0	0.0	-1.176	0.012			0.972	B	
FANCF	NM_022725.4	c.378G>C	Benign synonymous, SpliceAI<=0.1, PhastCons<1.0	0.0	-1.176	0.012			1.028	B	
FANCF	NM_022725.4	c.375T>G	Benign synonymous, SpliceAI<=0.1, PhastCons<1.0	0.0	-2.282	0.021			0.005	B	
FANCF	NM_022725.4	c.375T>A	Benign synonymous, SpliceAI<=0.1, PhastCons<1.0	0.0	-2.282	0.021			0.005	B	
FANCF	NM_022725.4	c.373G>A	Likely_benign FAF >0.1%, REVEL <0.29, SpliceAI<=0.1	0.0	0.367	0.043		0.00966203	10.35	B	Conflicting_classifications_of_pathogenicity
FANCF	NM_022725.4	c.369C>G	Benign synonymous, SpliceAI<=0.1, PhastCons<1.0	0.0	-0.012	0.032			7.379	B	
FANCF	NM_022725.4	c.369C>A	Benign synonymous, SpliceAI<=0.1, PhastCons<1.0	0.0	-0.012	0.032			7.173	B	
FANCF	NM_022725.4	c.364C>T	Benign synonymous, SpliceAI<=0.1, PhastCons<1.0	0.453	1.101	0.060		1.24000e-06	18.76	B	Uncertain_significance
FANCF	NM_022725.4	c.364C>G	Benign synonymous, SpliceAI<=0.1, PhastCons<1.0	0.453	1.101	0.077		1.22000e-05	11.44	B	Uncertain_significance
FANCF	NM_022725.4	c.349C>A	Likely_benign FAF >0.1%, REVEL <0.29, SpliceAI<=0.1	0.488	3.526	0.087		0.00126563	22.4	B	Conflicting_classifications_of_pathogenicity
FANCF	NM_022725.4	c.348T>G	Benign synonymous, SpliceAI<=0.1, PhastCons<1.0	0.001	-0.908	0.067			1.014	P	
FANCF	NM_022725.4	c.348T>A	Benign synonymous, SpliceAI<=0.1, PhastCons<1.0	0.001	-0.908	0.067			0.951	P	
FANCF	NM_022725.4	c.342A>T	Benign synonymous, SpliceAI<=0.1, PhastCons<1.0	0.166	0.312	0.015			11.06	B	
FANCF	NM_022725.4	c.342A>C	Benign synonymous, SpliceAI<=0.1, PhastCons<1.0	0.166	0.312	0.015			11.1	B	
FANCF	NM_022725.4	c.339G>T	Benign synonymous, SpliceAI<=0.1, PhastCons<1.0	0.004	-0.03	0.018			11.47	B	
FANCF	NM_022725.4	c.339G>C	Benign synonymous, SpliceAI<=0.1, PhastCons<1.0	0.004	-0.03	0.018			11.55	B	
FANCF	NM_022725.4	c.331C>G	Benign synonymous, SpliceAI<=0.1, PhastCons<1.0	0.959	1.332	0.139			21.4	B	
FANCF	NM_022725.4	c.331C>A	Benign synonymous, SpliceAI<=0.1, PhastCons<1.0	0.959	1.332	0.121		0.000171660	22.0	B	
FANCF	NM_022725.4	c.330C>G	Benign synonymous, SpliceAI<=0.1, PhastCons<1.0	0.384	0.444	0.010			9.305	B	
FANCF	NM_022725.4	c.330C>A	Benign synonymous, SpliceAI<=0.1, PhastCons<1.0	0.384	0.444	0.010			9.337	B	
FANCF	NM_022725.4	c.327C>G	Benign synonymous, SpliceAI<=0.1, PhastCons<1.0	0.005	1.424				34.0		Pathogenic
FANCF	NM_022725.4	c.327C>A	Benign synonymous, SpliceAI<=0.1, PhastCons<1.0	0.005	1.424				34.0		
FANCF	NM_022725.4	c.315T>G	Benign synonymous, SpliceAI<=0.1, PhastCons<1.0	0.004	-0.279	0.047			1.917	B	
FANCF	NM_022725.4	c.315T>A	Benign synonymous, SpliceAI<=0.1, PhastCons<1.0	0.004	-0.279	0.047			1.788	B	
FANCF	NM_022725.4	c.301C>T	Benign synonymous, SpliceAI<=0.1, PhastCons<1.0	0.999	3.729	0.141			26.4	B	Uncertain_significance
FANCF	NM_022725.4	c.301C>G	Benign synonymous, SpliceAI<=0.1, PhastCons<1.0	0.999	3.729	0.095		2.47000e-06	21.4	B	Uncertain_significance
FANCF	NM_022725.4	c.297G>T	Benign synonymous, SpliceAI<=0.1, PhastCons<1.0	0.377	0.543	0.013			14.86	B	
FANCF	NM_022725.4	c.297G>C	Benign synonymous, SpliceAI<=0.1, PhastCons<1.0	0.377	0.543	0.015			14.92	B	
FANCF	NM_022725.4	c.289C>G	Benign synonymous, SpliceAI<=0.1, PhastCons<1.0	0.973	1.662	0.266			21.4	A	
FANCF	NM_022725.4	c.289C>A	Benign synonymous, SpliceAI<=0.1, PhastCons<1.0	0.973	1.662	0.254			22.1	A	
FANCF	NM_022725.4	c.283C>G	Benign synonymous, SpliceAI<=0.1, PhastCons<1.0	0.005	0.4	0.096		2.80000e-07	12.16	B	
FANCF	NM_022725.4	c.283C>A	Benign synonymous, SpliceAI<=0.1, PhastCons<1.0	0.005	0.4	0.058			16.69	B	
FANCF	NM_022725.4	c.274C>G	Benign synonymous, SpliceAI<=0.1, PhastCons<1.0	0.982	2.098	0.066			17.33	B	
FANCF	NM_022725.4	c.274C>A	Benign synonymous, SpliceAI<=0.1, PhastCons<1.0	0.982	2.098	0.110			20.9	B	
FANCF	NM_022725.4	c.270C>G	Benign synonymous, SpliceAI<=0.1, PhastCons<1.0	0.0	-0.376	0.078			7.856	A	
FANCF	NM_022725.4	c.270C>A	Benign synonymous, SpliceAI<=0.1, PhastCons<1.0	0.0	-0.376	0.075		6.80000e-07	7.772	A	
FANCF	NM_022725.4	c.267T>G	Benign synonymous, SpliceAI<=0.1, PhastCons<1.0	0.002	-1.693	0.165			11.78	P	
FANCF	NM_022725.4	c.267T>A	Benign synonymous, SpliceAI<=0.1, PhastCons<1.0	0.002	-1.693				24.0		
FANCF	NM_022725.4	c.264C>G	Benign synonymous, SpliceAI<=0.1, PhastCons<1.0	0.277	2.945	0.045			10.96	B	
FANCF	NM_022725.4	c.264C>A	Benign synonymous, SpliceAI<=0.1, PhastCons<1.0	0.277	2.945	0.045			10.68	B	
FANCF	NM_022725.4	c.252G>T	Benign synonymous, SpliceAI<=0.1, PhastCons<1.0	0.014	0.353	0.088			16.33	B	
FANCF	NM_022725.4	c.252G>C	Benign synonymous, SpliceAI<=0.1, PhastCons<1.0	0.014	0.353	0.088			16.29	B	
FANCF	NM_022725.4	c.249C>G	Benign synonymous, SpliceAI<=0.1, PhastCons<1.0	0.105	0.174	0.097			18.53	P	
FANCF	NM_022725.4	c.249C>A	Benign synonymous, SpliceAI<=0.1, PhastCons<1.0	0.105	0.174	0.097			18.53	P	
FANCF	NM_022725.4	c.246C>G	Benign synonymous, SpliceAI<=0.1, PhastCons<1.0	0.85	1.8	0.018			19.02	P	
FANCF	NM_022725.4	c.246C>A	Benign synonymous, SpliceAI<=0.1, PhastCons<1.0	0.85	1.8	0.018			18.88	P	
FANCF	NM_022725.4	c.240A>T	Benign synonymous, SpliceAI<=0.1, PhastCons<1.0	0.001	0.091	0.069			17.72	B	
FANCF	NM_022725.4	c.240A>C	Benign synonymous, SpliceAI<=0.1, PhastCons<1.0	0.001	0.091	0.069			17.79	B	
FANCF	NM_022725.4	c.238T>G	Benign synonymous, SpliceAI<=0.1, PhastCons<1.0	0.0	-0.198	0.104			10.24	B	
FANCF	NM_022725.4	c.238T>A	Benign synonymous, SpliceAI<=0.1, PhastCons<1.0	0.0	-0.198	0.098			11.62	B	
FANCF	NM_022725.4	c.220C>T	Benign synonymous, SpliceAI<=0.1, PhastCons<1.0	0.048	1.515	0.109			19.06	B	
FANCF	NM_022725.4	c.220C>G	Benign synonymous, SpliceAI<=0.1, PhastCons<1.0	0.048	1.515	0.021			12.82	B	
FANCF	NM_022725.4	c.216T>G	Benign synonymous, SpliceAI<=0.1, PhastCons<1.0	0.0	-0.686	0.024			0.629	B	
FANCF	NM_022725.4	c.216T>A	Benign synonymous, SpliceAI<=0.1, PhastCons<1.0	0.0	-0.686	0.024			0.688	B	
FANCF	NM_022725.4	c.207G>T	Benign synonymous, SpliceAI<=0.1, PhastCons<1.0	0.0	-0.283	0.004			1.854	B	
FANCF	NM_022725.4	c.207G>C	Benign synonymous, SpliceAI<=0.1, PhastCons<1.0	0.0	-0.283	0.004			2.192	B	
FANCF	NM_022725.4	c.204A>T	Benign synonymous, SpliceAI<=0.1, PhastCons<1.0	0.0	0.441	0.020		7.90000e-07	11.52	B	
FANCF	NM_022725.4	c.204A>C	Benign synonymous, SpliceAI<=0.1, PhastCons<1.0	0.0	0.441	0.020		3.65000e-06	11.47	B	
FANCF	NM_022725.4	c.201G>T	Benign synonymous, SpliceAI<=0.1, PhastCons<1.0	0.0	-0.544	0.024			2.212	B	
FANCF	NM_022725.4	c.201G>C	Benign synonymous, SpliceAI<=0.1, PhastCons<1.0	0.0	-0.544	0.024			2.464	B	
FANCF	NM_022725.4	c.199A>T	Benign synonymous, SpliceAI<=0.1, PhastCons<1.0	0.001	-0.235	0.031			17.96	B	
FANCF	NM_022725.4	c.199A>G	Benign synonymous, SpliceAI<=0.1, PhastCons<1.0	0.001	-0.235	0.053			7.007	B	
FANCF	NM_022725.4	c.195G>T	Benign synonymous, SpliceAI<=0.1, PhastCons<1.0	0.0	-0.379	0.029			0.478	B	
FANCF	NM_022725.4	c.195G>C	Benign synonymous, SpliceAI<=0.1, PhastCons<1.0	0.0	-0.379	0.029			0.513	B	
FANCF	NM_022725.4	c.192C>G	Benign synonymous, SpliceAI<=0.1, PhastCons<1.0	0.0	-0.606	0.086			0.831	B	
FANCF	NM_022725.4	c.192C>A	Benign synonymous, SpliceAI<=0.1, PhastCons<1.0	0.0	-0.606	0.086			0.651	B	Uncertain_significance
FANCF	NM_022725.4	c.189C>G	Benign synonymous, SpliceAI<=0.1, PhastCons<1.0	0.0	-0.725	0.079		2.54900e-05	0.582	B	Uncertain_significance
FANCF	NM_022725.4	c.189C>A	Benign synonymous, SpliceAI<=0.1, PhastCons<1.0	0.0	-0.725	0.079		7.90000e-07	0.579	B	
FANCF	NM_022725.4	c.184C>G	Benign synonymous, SpliceAI<=0.1, PhastCons<1.0	0.631	0.679	0.229			19.52	B	
FANCF	NM_022725.4	c.184C>A	Benign synonymous, SpliceAI<=0.1, PhastCons<1.0	0.631	0.679	0.221			20.4	B	
FANCF	NM_022725.4	c.181C>T	Benign synonymous, SpliceAI<=0.1, PhastCons<1.0	0.894	2.237	0.146			26.5	B	Uncertain_significance
FANCF	NM_022725.4	c.181C>G	Benign synonymous, SpliceAI<=0.1, PhastCons<1.0	0.894	2.237	0.042			23.4	B	
FANCF	NM_022725.4	c.178C>T	Benign synonymous, SpliceAI<=0.1, PhastCons<1.0	0.012	0.183	0.090			21.4	B	
FANCF	NM_022725.4	c.178C>G	Benign synonymous, SpliceAI<=0.1, PhastCons<1.0	0.012	0.183	0.127			17.27	B	
FANCF	NM_022725.4	c.177G>T	Benign synonymous, SpliceAI<=0.1, PhastCons<1.0	0.009	-0.019	0.082			14.98	P	
FANCF	NM_022725.4	c.177G>C	Benign synonymous, SpliceAI<=0.1, PhastCons<1.0	0.009	-0.019	0.082			15.39	P	
FANCF	NM_022725.4	c.172C>G	Benign synonymous, SpliceAI<=0.1, PhastCons<1.0	0.24	0.88	0.089			12.37	B	
FANCF	NM_022725.4	c.172C>A	Benign synonymous, SpliceAI<=0.1, PhastCons<1.0	0.24	0.88	0.164			19.43	B	
FANCF	NM_022725.4	c.153T>G	Benign synonymous, SpliceAI<=0.1, PhastCons<1.0	0.0	-1.113	0.119			4.912	B	
FANCF	NM_022725.4	c.153T>A	Benign synonymous, SpliceAI<=0.1, PhastCons<1.0	0.0	-1.113	0.118		0.000577590	4.774	B	Uncertain_significance
FANCF	NM_022725.4	c.148C>T	Benign synonymous, SpliceAI<=0.1, PhastCons<1.0	0.02	-0.199	0.024		0.00236117	17.03	B	Conflicting_classifications_of_pathogenicity
FANCF	NM_022725.4	c.148C>G	Benign synonymous, SpliceAI<=0.1, PhastCons<1.0	0.02	-0.199	0.036		6.80000e-07	6.727	B	Uncertain_significance
FANCF	NM_022725.4	c.144T>G	Benign synonymous, SpliceAI<=0.1, PhastCons<1.0	0.466	0.223	0.087			16.93	P	
FANCF	NM_022725.4	c.144T>A	Benign synonymous, SpliceAI<=0.1, PhastCons<1.0	0.466	0.223	0.087			16.91	P	
FANCF	NM_022725.4	c.136C>T	Benign synonymous, SpliceAI<=0.1, PhastCons<1.0	0.0	0.007	0.082		3.65000e-06	17.59	B	
FANCF	NM_022725.4	c.136C>G	Benign synonymous, SpliceAI<=0.1, PhastCons<1.0	0.0	0.007	0.062		9.53000e-06	8.18	B	Uncertain_significance
FANCF	NM_022725.4	c.135T>G	Benign synonymous, SpliceAI<=0.1, PhastCons<1.0	0.017	0.64	0.072			14.74	A	
FANCF	NM_022725.4	c.135T>A	Benign synonymous, SpliceAI<=0.1, PhastCons<1.0	0.017	0.64	0.072			14.68	A	
FANCF	NM_022725.4	c.129C>G	Benign synonymous, SpliceAI<=0.1, PhastCons<1.0	0.255	0.326	0.055			15.49	A	
FANCF	NM_022725.4	c.129C>A	Benign synonymous, SpliceAI<=0.1, PhastCons<1.0	0.255	0.326	0.055			15.5	A	
FANCF	NM_022725.4	c.105G>T	Benign synonymous, SpliceAI<=0.1, PhastCons<1.0	0.453	-0.389	0.068			19.47	B	
FANCF	NM_022725.4	c.105G>C	Benign synonymous, SpliceAI<=0.1, PhastCons<1.0	0.453	-0.389	0.068		2.80000e-07	19.42	B	
FANCF	NM_022725.4	c.103T>G	Benign synonymous, SpliceAI<=0.1, PhastCons<1.0	0.01	0.016	0.135			16.39	B	
FANCF	NM_022725.4	c.103T>A	Benign synonymous, SpliceAI<=0.1, PhastCons<1.0	0.01	0.016	0.142			17.55	B	
FANCF	NM_022725.4	c.97C>T	Benign synonymous, SpliceAI<=0.1, PhastCons<1.0	0.187	0.062	0.505			21.2	A	
FANCF	NM_022725.4	c.97C>G	Benign synonymous, SpliceAI<=0.1, PhastCons<1.0	0.187	0.062	0.470			19.29	P	
FANCF	NM_022725.4	c.81C>G	Benign synonymous, SpliceAI<=0.1, PhastCons<1.0	0.506	0.29	0.084			17.83	A	
FANCF	NM_022725.4	c.81C>A	Benign synonymous, SpliceAI<=0.1, PhastCons<1.0	0.506	0.29	0.084			17.85	A	
FANCF	NM_022725.4	c.72C>G	Benign synonymous, SpliceAI<=0.1, PhastCons<1.0	0.024	1.073	0.067			15.14	B	
FANCF	NM_022725.4	c.72C>A	Benign synonymous, SpliceAI<=0.1, PhastCons<1.0	0.024	1.073	0.067			15.1	B	
FANCF	NM_022725.4	c.66C>G	Benign synonymous, SpliceAI<=0.1, PhastCons<1.0	0.235	0.365				35.0		
FANCF	NM_022725.4	c.66C>A	Benign synonymous, SpliceAI<=0.1, PhastCons<1.0	0.235	0.365				35.0		
FANCF	NM_022725.4	c.57C>G	Benign synonymous, SpliceAI<=0.1, PhastCons<1.0	0.881	0.373	0.097			12.34	B	
FANCF	NM_022725.4	c.57C>A	Benign synonymous, SpliceAI<=0.1, PhastCons<1.0	0.881	0.373	0.097			12.42	B	
FANCF	NM_022725.4	c.43C>G	Benign synonymous, SpliceAI<=0.1, PhastCons<1.0	0.026	0.039	0.089			13.46	B	
FANCF	NM_022725.4	c.43C>A	Benign synonymous, SpliceAI<=0.1, PhastCons<1.0	0.026	0.039	0.180			20.3	B	
FANCF	NM_022725.4	c.39G>T	Benign synonymous, SpliceAI<=0.1, PhastCons<1.0	0.396	0.011	0.104			17.61	A	
FANCF	NM_022725.4	c.39G>C	Benign synonymous, SpliceAI<=0.1, PhastCons<1.0	0.396	0.011	0.104			17.65	A	Uncertain_significance
FANCF	NM_022725.4	c.33T>G	Benign synonymous, SpliceAI<=0.1, PhastCons<1.0	0.993	0.216	0.110			19.6	P	
FANCF	NM_022725.4	c.33T>A	Benign synonymous, SpliceAI<=0.1, PhastCons<1.0	0.993	0.216	0.110			19.48	P	
FANCF	NM_022725.4	c.27T>G	Benign synonymous, SpliceAI<=0.1, PhastCons<1.0	0.905	-0.189	0.028			5.524	B	
FANCF	NM_022725.4	c.27T>A	Benign synonymous, SpliceAI<=0.1, PhastCons<1.0	0.905	-0.189	0.028			5.403	B	
FANCF	NM_022725.4	c.22C>G	Benign synonymous, SpliceAI<=0.1, PhastCons<1.0	0.009	-0.11	0.056		2.80000e-07	14.13	B	
FANCF	NM_022725.4	c.22C>A	Benign synonymous, SpliceAI<=0.1, PhastCons<1.0	0.009	-0.11	0.126			18.75	B	
FANCF	NM_022725.4	c.21C>G	Benign synonymous, SpliceAI<=0.1, PhastCons<1.0	0.0	-3.579	0.078		7.39000e-06	0.038	B	Likely_benign
FANCF	NM_022725.4	c.21C>A	Benign synonymous, SpliceAI<=0.1, PhastCons<1.0	0.0	-3.579	0.078			0.04	B	
FANCF	NM_022725.4	c.18G>T	Benign synonymous, SpliceAI<=0.1, PhastCons<1.0	0.155	0.182	0.071			16.67	B	
FANCF	NM_022725.4	c.18G>C	Benign synonymous, SpliceAI<=0.1, PhastCons<1.0	0.155	0.182	0.071			16.62	B	
FANCF	NM_022725.4	c.13C>G	Benign synonymous, SpliceAI<=0.1, PhastCons<1.0	0.0	-0.212	0.096			2.761	B	
FANCF	NM_022725.4	c.13C>A	Benign synonymous, SpliceAI<=0.1, PhastCons<1.0	0.0	-0.212	0.089			11.48	B	
FANCF	NM_022725.4	c.6A>T	Benign synonymous, SpliceAI<=0.1, PhastCons<1.0	0.0	-0.777	0.025			0.895	B	
FANCF	NM_022725.4	c.6A>C	Benign synonymous, SpliceAI<=0.1, PhastCons<1.0	0.0	-0.777	0.025			0.969	B	
FANCG	NM_004629.1	c.1779A>T	Benign synonymous, SpliceAI<=0.1, PhastCons<1.0	0.992	-0.112				5.453		
FANCG	NM_004629.1	c.1779A>G	Benign synonymous, SpliceAI<=0.1, PhastCons<1.0	0.992	-0.112				5.646		Likely_benign
FANCG	NM_004629.1	c.1779A>C	Benign synonymous, SpliceAI<=0.1, PhastCons<1.0	0.992	-0.112				5.292		
FANCG	NM_004629.1	c.1760+3G>T	Benign synonymous, SpliceAI<=0.1, PhastCons<1.0, PhyloP<0.1, intronic_ROI(+3)	0.101	-0.765				9.169		
FANCG	NM_004629.1	c.1760+3G>C	Benign synonymous, SpliceAI<=0.1, PhastCons<1.0, PhyloP<0.1, intronic_ROI(+3)	0.101	-0.765				9.505		
FANCG	NM_004629.1	c.1759T>G	Benign synonymous, SpliceAI<=0.1, PhastCons<1.0	0.001	-0.558	.;.			5.362	.;.	
FANCG	NM_004629.1	c.1759T>C	Benign synonymous, SpliceAI<=0.1, PhastCons<1.0	0.001	-0.558	.;.			0.489	.;.	
FANCG	NM_004629.1	c.1759T>A	Benign synonymous, SpliceAI<=0.1, PhastCons<1.0	0.001	-0.558	.;.			0.543	.;.	
FANCG	NM_004629.1	c.1758G>T	Benign synonymous, SpliceAI<=0.1, PhastCons<1.0	0.0	-0.215	.;.		0.000127400	0.302	.;.	Likely_benign
FANCG	NM_004629.1	c.1758G>C	Benign synonymous, SpliceAI<=0.1, PhastCons<1.0	0.0	-0.215	.;.			0.318	.;.	
FANCG	NM_004629.1	c.1758G>A	Benign synonymous, SpliceAI<=0.1, PhastCons<1.0	0.0	-0.215	.;.			0.383	.;.	
FANCG	NM_004629.1	c.1168G>T	Benign synonymous, SpliceAI<=0.1, PhastCons<1.0	0.976	2.217	.;.			26.9	.;.	
FANCG	NM_004629.1	c.1168G>C	Benign synonymous, SpliceAI<=0.1, PhastCons<1.0	0.976	2.217	.;.			24.6	.;.	
FANCG	NM_004629.1	c.1168G>A	Benign synonymous, SpliceAI<=0.1, PhastCons<1.0	0.976	2.217	.;.			27.6	.;.	
FANCG	NM_004629.1	c.1167A>T	Benign synonymous, SpliceAI<=0.1, PhastCons<1.0	0.979	1.676	.;.			15.86	.;.	
FANCG	NM_004629.1	c.1167A>G	Benign synonymous, SpliceAI<=0.1, PhastCons<1.0	0.979	1.676	.;.			15.45	.;.	
FANCG	NM_004629.1	c.1167A>C	Benign synonymous, SpliceAI<=0.1, PhastCons<1.0	0.979	1.676	.;.			15.35	.;.	
FANCG	NM_004629.1	c.1133C>T	Benign FAF >5%	0.0	-0.202	.;.;.;.;.;0.082;.;.;.;.;.;.;.;.		0.102294	6.691	.;.;.;.;.;B;.;.;.;.;.;.;.;.	Benign/Likely_benign
FANCG	NM_004629.1	c.1059G>T	Benign synonymous, SpliceAI<=0.1, PhastCons<1.0	0.999	0.201	.;.;.			23.9	.;.;.	
FANCG	NM_004629.1	c.1059G>C	Benign synonymous, SpliceAI<=0.1, PhastCons<1.0	0.999	0.201	.;.;.			23.0	.;.;.	
FANCG	NM_004629.1	c.1059G>A	Benign synonymous, SpliceAI<=0.1, PhastCons<1.0	0.999	0.201	.;.;.			10.74	.;.;.	Likely_benign
FANCG	NM_004629.1	c.890C>T	Benign FAF >5%	0.869	1.271	.;.;.;.;.;0.043;.;.;.;.;.;.;.;.		0.0895613	17.09	.;.;.;.;.;B;.;.;.;.;.;.;.;.	Benign/Likely_benign
FANCG	NM_004629.1	c.92A>T	Benign synonymous, SpliceAI<=0.1, PhastCons<1.0	0.019	-0.217				10.45		
FANCG	NM_004629.1	c.92A>G	Benign synonymous, SpliceAI<=0.1, PhastCons<1.0	0.019	-0.217				4.6		
FANCG	NM_004629.1	c.92A>C	Benign synonymous, SpliceAI<=0.1, PhastCons<1.0	0.019	-0.217				14.88		
FANCI	NM_001113378.1	c.164C>T	Benign FAF >5%	1.0	6.626	.;.;0.221;.;.;.;.;.;.;.;.;.;.;.;.;.;.;.;.;.;.;.;.;.;.;.;.;0.221;.;.;.;.;.;.;.;.;.;.;.;.;.;.;.;.;.;.;.;.;.;.;.;.;.;.;.;.;.;.;.;.;.;.;.;.		0.0732501	25.6	.;.;LB;.;.;.;.;.;.;.;.;.;.;.;.;.;.;.;LB;.;.;.;.;.;.;.;.;B;.;.;.;.;.;.;.;LB;LB;.;.;.;.;.;.;.;.;.;.;.;.;.;.;.;.;LB;.;.;.;.;.;.;.;.;.;LB	Benign
FANCI	NM_001113378.1	c.257C>T	Benign FAF >5%	0.998	2.059	.;.;0.152;.;.;.;.;.;.;.;.;.;.;.;.;.;.;.;.;.;.;.;.;.;.;.;.;0.152;.;.;.;.;.;.;.;.;.;.;.;.;.;.;.;.;.;.;.;.;.;.;.;.;.;.;.;.;.;.;.;.;.;.;.;.		0.380023	22.2	.;.;LB;.;.;.;.;.;.;.;.;.;.;.;.;.;.;.;LB;.;.;.;.;.;.;.;.;B;.;.;.;.;.;.;.;LB;LB;.;.;.;.;.;.;.;.;.;.;.;.;.;.;.;.;LB;.;.;.;.;.;.;.;.;.;LB	Benign
FANCI	NM_001113378.1	c.868G>A	Benign FAF >5%	0.302	0.663	.;.;0.017;.;.;.;.;.;.;.;.;.;.;.;.;.;.;.;.;.;.;.;.;.;.;.;0.017;.;.;.;.;.;.;.;.;.;.;.;.;.;.;.;.;.;.;.;.;.;.;.;.;.;.;.;.;.;.;.;.;.;.;.		0.0522754	16.71	.;.;LB;.;.;.;.;.;.;.;.;.;.;.;.;.;.;.;.;.;.;.;.;.;.;.;B;.;.;.;.;.;.;.;.;.;.;.;.;.;.;.;.;.;.;.;.;.;.;.;.;.;.;.;.;.;.;.;.;.;.;LB	Benign
FANCI	NM_001113378.1	c.1114G>A	Benign FAF >5%	1.0	5.208	.;.;0.195;.;.;.;.;.;.;.;.;.;.;.;.;.;.;.;.;.;.;.;.;.;.;.;0.195;.;.;.;.;.;.;.;.;.;.;.;.;.;.;.;.;.;.;.;.;.;.;.;.;.;.;.;.;.;.;.;.;.		0.0537071	20.8	.;.;LB;.;.;.;.;.;.;.;.;.;.;.;.;.;.;.;.;.;.;.;.;.;.;.;B;.;.;.;.;.;.;.;.;.;.;.;.;.;.;.;.;.;.;.;.;.;.;.;.;.;.;.;.;.;.;.;.;.	Benign
FANCI	NM_001113378.1	c.2225G>C	Benign FAF >5%	1.0	4.962	.;.;0.075;.;.;.;.;.;.;.;.;.;.;.;.;.;.;.;.;.;.;.;.;.;.;.;0.075;.;.;.;.;.;.;.;.;.;.;.;.;.;.;.;.;.;.;.;.;.;.;.;.;.;.;.;.;.;.;.;.;.		0.388680	17.79	.;.;LB;.;.;.;.;.;.;.;.;.;.;.;.;.;.;.;.;.;.;.;.;.;.;.;B;.;.;.;.;.;.;.;.;.;.;.;.;.;.;.;.;.;.;.;.;.;.;.;.;.;.;.;.;.;.;.;.;.	Benign
FANCI	NM_001113378.1	c.2292-12T>A	Benign synonymous, SpliceAI<=0.1, PhastCons<1.0, PhyloP<0.1, intronic_ROI(-12)	0.0	-0.783				0.01		
FANCI	NM_001113378.1	c.2292-12T>G	Benign synonymous, SpliceAI<=0.1, PhastCons<1.0, PhyloP<0.1, intronic_ROI(-12)	0.0	-0.783				1.154		
FANCI	NM_001113378.1	c.2292-6T>A	Benign synonymous, SpliceAI<=0.1, PhastCons<1.0, PhyloP<0.1, intronic_ROI(-6)	0.0	-0.97				0.114		
FANCI	NM_001113378.1	c.2292-6T>G	Benign synonymous, SpliceAI<=0.1, PhastCons<1.0, PhyloP<0.1, intronic_ROI(-6)	0.0	-0.97				0.316		
FANCI	NM_001113378.1	c.2497A>C	Benign synonymous, SpliceAI<=0.1, PhastCons<1.0	0.897	1.218	.;.;.;.;.;.;.;.;.;.;.;.			15.93	.;.;.;.;.;.;.;.;.;.;.;.	
FANCI	NM_001113378.1	c.2497A>G	Benign synonymous, SpliceAI<=0.1, PhastCons<1.0	0.897	1.218	.;.;.;.;.;.;.;.;.;.;.;.			23.6	.;.;.;.;.;.;.;.;.;.;.;.	Uncertain_significance
FANCI	NM_001113378.1	c.2497A>T	Benign synonymous, SpliceAI<=0.1, PhastCons<1.0	0.897	1.218	.;.;.;.;.;.;.;.;.;.;.;.			25.3	.;.;.;.;.;.;.;.;.;.;.;.	
FANCI	NM_001113378.1	c.2629A>T	Benign FAF >5%	1.0	4.845	.;.;.;.;.;.;.;.;.;.;.;.;.;.;.;.;.;.;.;.;.;0.132;.;.;.;.;.;.;.;.;.;.;.;.;.;.;.;.;.;.;.;.;.;.;.;.;.;.		0.105238	18.0	.;.;.;.;.;.;.;.;.;.;.;.;.;.;.;.;.;.;.;.;.;B;.;.;.;.;.;.;.;.;.;.;.;.;.;.;.;.;.;.;.;.;.;.;.;.;.;.	Benign
FANCI	NM_001113378.1	c.3351A>C	Benign synonymous, SpliceAI<=0.1, PhastCons<1.0	0.995	0.47	.;.;.;.			15.86	.;.;.;.	
FANCI	NM_001113378.1	c.3351A>G	Benign synonymous, SpliceAI<=0.1, PhastCons<1.0	0.995	0.47	.;.;.;.			14.81	.;.;.;.	
FANCI	NM_001113378.1	c.3351A>T	Benign synonymous, SpliceAI<=0.1, PhastCons<1.0	0.995	0.47	.;.;.;.			16.45	.;.;.;.	
FANCL	NM_001114636.1	c.852T>G	Benign synonymous, SpliceAI<=0.1, PhastCons<1.0	0.999	1.042				21.6		
FANCL	NM_001114636.1	c.852T>A	Benign synonymous, SpliceAI<=0.1, PhastCons<1.0	0.999	1.042				21.6		
FANCL	NM_001114636.1	c.729A>T	Benign synonymous, SpliceAI<=0.1, PhastCons<1.0	0.864	-0.194				11.7		
FANCL	NM_001114636.1	c.729A>G	Benign synonymous, SpliceAI<=0.1, PhastCons<1.0	0.864	-0.194				20.3		
FANCL	NM_001114636.1	c.729A>C	Benign synonymous, SpliceAI<=0.1, PhastCons<1.0	0.864	-0.194				11.26		
FANCL	NM_001114636.1	c.555+9599G>T	Benign FAF >5%	0.0	0.168			0.898621	5.353		Benign
FANCL	NM_001114636.1	c.225G>T	Benign synonymous, SpliceAI<=0.1, PhastCons<1.0	0.971	-0.073				16.41		Uncertain_significance
FANCL	NM_001114636.1	c.225G>C	Benign synonymous, SpliceAI<=0.1, PhastCons<1.0	0.971	-0.073				16.09		
FANCL	NM_001114636.1	c.225G>A	Benign synonymous, SpliceAI<=0.1, PhastCons<1.0	0.971	-0.073				9.943		
FANCM	NM_020937.4	c.512C>A	Benign synonymous, SpliceAI<=0.1, PhastCons<1.0	0.145	1.595				22.3		
FANCM	NM_020937.4	c.512C>G	Benign synonymous, SpliceAI<=0.1, PhastCons<1.0	0.145	1.595				20.5		Uncertain_significance
FANCM	NM_020937.4	c.517C>A	Benign synonymous, SpliceAI<=0.1, PhastCons<1.0	0.945	2.169				21.2		
FANCM	NM_020937.4	c.517C>G	Benign synonymous, SpliceAI<=0.1, PhastCons<1.0	0.945	2.169				23.1		
FANCM	NM_020937.4	c.524C>T	Benign FAF >5%	0.0	0.052			0.402344	12.33		Benign
FANCM	NM_020937.4	c.559C>A	Benign synonymous, SpliceAI<=0.1, PhastCons<1.0	0.999	3.738				18.92		
FANCM	NM_020937.4	c.559C>G	Benign synonymous, SpliceAI<=0.1, PhastCons<1.0	0.999	3.738				21.1		
FANCM	NM_020937.4	c.585A>C	Benign synonymous, SpliceAI<=0.1, PhastCons<1.0	0.171	-0.494				9.778		
FANCM	NM_020937.4	c.585A>T	Benign synonymous, SpliceAI<=0.1, PhastCons<1.0	0.171	-0.494				7.126		
FANCM	NM_020937.4	c.2632G>T	Benign FAF >5%	0.024	0.306	.;.;.;0.098;0.098;.;0.098;.;.		0.352645	0.815	.;.;.;B;.;.;LB;.;.	Benign
FANCM	NM_020937.4	c.4378A>G	Benign FAF >5%	0.0	-0.165	.;.;0.014;0.014;.;0.014;.;.		0.181793	2.049	.;.;B;.;.;LB;.;.	Benign
FANCM	NM_020937.4	c.5153T>A	Benign synonymous, SpliceAI<=0.1, PhastCons<1.0	0.0	-0.574				0.526		
FANCM	NM_020937.4	c.5153T>C	Benign synonymous, SpliceAI<=0.1, PhastCons<1.0	0.0	-0.574				0.064		Uncertain_significance
FANCM	NM_020937.4	c.5153T>G	Benign synonymous, SpliceAI<=0.1, PhastCons<1.0	0.0	-0.574				2.069		
FANCM	NM_020937.4	c.5341-654C>G	Benign FAF >5%	0.0	-0.324			0.438267	0.633		
FANCM	NM_020937.4	c.5434C>G	Benign FAF >5%	0.028	1.373	.;.;0.034;0.034;.;0.034;.;.		0.197612	15.46	.;.;B;.;.;LB;.;.	Benign
FH	NM_000143.3	c.1281A>T	Benign synonymous, SpliceAI<=0.1, PhastCons<1.0	0.0	-2.894				19.19		
FH	NM_000143.3	c.1281A>G	Benign synonymous, SpliceAI<=0.1, PhastCons<1.0	0.0	-2.894				17.02		Uncertain_significance
FH	NM_000143.3	c.1281A>C	Benign synonymous, SpliceAI<=0.1, PhastCons<1.0	0.0	-2.894				17.98		
FH	NM_000143.3	c.1053A>T	Benign synonymous, SpliceAI<=0.1, PhastCons<1.0	0.002	-1.611				0.598		
FH	NM_000143.3	c.1053A>G	Benign synonymous, SpliceAI<=0.1, PhastCons<1.0	0.002	-1.611				0.747		
FH	NM_000143.3	c.1053A>C	Benign synonymous, SpliceAI<=0.1, PhastCons<1.0	0.002	-1.611				0.641		
FLCN	NM_144997.7	c.871+100C>T	Likely_benign FAF >0.1%, REVEL <0.29, SpliceAI<=0.1	0.0	0.142	0.121		0.00130567	7.758	LB	Likely_benign
FLCN	NM_144997.7	c.871+36G>A	Benign FAF >5%	0.0	-2.726	0.235		0.179212	0.202	LB	Benign
FLCN	NM_144997.7	c.871+16T>A	Likely_benign FAF >0.1%, REVEL <0.29, SpliceAI<=0.1	0.0	-0.626	0.100		0.00464420	0.855	LB	Benign/Likely_benign
FLCN	NM_144997.7	c.396+977C>A	Benign FAF >5%	0.0	-2.467	.;.		0.169636	0.147	.;.	
GALNT12	NM_024642.5	c.136G>A	Benign FAF >5%	0.0	-0.84	.;.;.;0.064;.;.;.		0.196742	4.333	.;.;.;B;.;.;.	Benign/Likely_benign
GALNT12	NM_024642.5	c.356A>T	Benign FAF >5%	1.0	8.071	.;.;.;0.365;.;.;.		0.0972866	25.8	.;.;.;A;.;.;.	Benign
GALNT12	NM_024642.5	c.1035+558C>T	Benign FAF >5%	0.001	-0.427			0.0584556	2.975		
GATA2	NM_001145661.2	c.*153T>G	Benign synonymous, SpliceAI<=0.1, PhastCons<1.0	0.838	1.376				10.07		
GATA2	NM_001145661.2	c.*153T>A	Benign synonymous, SpliceAI<=0.1, PhastCons<1.0	0.838	1.376				9.928		
GATA2	NM_001145661.2	c.*152G>T	Benign synonymous, SpliceAI<=0.1, PhastCons<1.0	0.009	-0.28				1.742		
GATA2	NM_001145661.2	c.*152G>C	Benign synonymous, SpliceAI<=0.1, PhastCons<1.0	0.009	-0.28				1.751		
GATA2	NM_001145661.2	c.*149G>T	Benign synonymous, SpliceAI<=0.1, PhastCons<1.0	0.0	0.419				6.453		
GATA2	NM_001145661.2	c.*149G>C	Benign synonymous, SpliceAI<=0.1, PhastCons<1.0	0.0	0.419				6.604		
GATA2	NM_001145661.2	c.*146C>G	Benign synonymous, SpliceAI<=0.1, PhastCons<1.0	0.0	0.488				5.203		
GATA2	NM_001145661.2	c.*146C>A	Benign synonymous, SpliceAI<=0.1, PhastCons<1.0	0.0	0.488				4.898		
GATA2	NM_001145661.2	c.*113C>G	Benign synonymous, SpliceAI<=0.1, PhastCons<1.0	0.0	-0.526				0.352		
GATA2	NM_001145661.2	c.*113C>A	Benign synonymous, SpliceAI<=0.1, PhastCons<1.0	0.0	-0.526				0.257		
GATA2	NM_001145661.2	c.*105C>T	Benign synonymous, SpliceAI<=0.1, PhastCons<1.0	0.0	-1.965			0.000217380	0.088		
GATA2	NM_001145661.2	c.*105C>G	Benign synonymous, SpliceAI<=0.1, PhastCons<1.0	0.0	-1.965				0.045		
GATA2	NM_001145661.2	c.*98C>G	Benign synonymous, SpliceAI<=0.1, PhastCons<1.0	0.003	1.185				3.962		
GATA2	NM_001145661.2	c.*98C>A	Benign synonymous, SpliceAI<=0.1, PhastCons<1.0	0.003	1.185				4.791		
GATA2	NM_001145661.2	c.*83C>G	Benign synonymous, SpliceAI<=0.1, PhastCons<1.0	0.0	-0.393				0.077		
GATA2	NM_001145661.2	c.*83C>A	Benign synonymous, SpliceAI<=0.1, PhastCons<1.0	0.0	-0.393				0.072		
GATA2	NM_001145661.2	c.*77G>T	Benign synonymous, SpliceAI<=0.1, PhastCons<1.0	0.024	0.905				6.168		
GATA2	NM_001145661.2	c.*77G>C	Benign synonymous, SpliceAI<=0.1, PhastCons<1.0	0.024	0.905				6.229		
GATA2	NM_001145661.2	c.*71C>G	Benign synonymous, SpliceAI<=0.1, PhastCons<1.0	0.984	2.691				6.628		
GATA2	NM_001145661.2	c.*71C>A	Benign synonymous, SpliceAI<=0.1, PhastCons<1.0	0.984	2.691				6.541		
GATA2	NM_001145661.2	c.*68T>G	Benign synonymous, SpliceAI<=0.1, PhastCons<1.0	0.0	-0.989				0.352		
GATA2	NM_001145661.2	c.*68T>A	Benign synonymous, SpliceAI<=0.1, PhastCons<1.0	0.0	-0.989				0.337		
GATA2	NM_001145661.2	c.*65G>T	Benign synonymous, SpliceAI<=0.1, PhastCons<1.0	0.0	-0.713				1.146		
GATA2	NM_001145661.2	c.*65G>C	Benign synonymous, SpliceAI<=0.1, PhastCons<1.0	0.0	-0.713				1.239		
GATA2	NM_001145661.2	c.*56A>T	Benign synonymous, SpliceAI<=0.1, PhastCons<1.0	0.0	-0.143				3.417		
GATA2	NM_001145661.2	c.*56A>C	Benign synonymous, SpliceAI<=0.1, PhastCons<1.0	0.0	-0.143				3.543		
GATA2	NM_001145661.2	c.*54T>G	Benign synonymous, SpliceAI<=0.1, PhastCons<1.0	0.007	1.49				7.172		
GATA2	NM_001145661.2	c.*54T>A	Benign synonymous, SpliceAI<=0.1, PhastCons<1.0	0.007	1.49				7.073		
GATA2	NM_001145661.2	c.*50A>T	Benign synonymous, SpliceAI<=0.1, PhastCons<1.0	0.0	-0.328				1.536		
GATA2	NM_001145661.2	c.*50A>C	Benign synonymous, SpliceAI<=0.1, PhastCons<1.0	0.0	-0.328				1.552		
GATA2	NM_001145661.2	c.*38T>G	Benign synonymous, SpliceAI<=0.1, PhastCons<1.0	0.0	-0.692				0.05		
GATA2	NM_001145661.2	c.*38T>A	Benign synonymous, SpliceAI<=0.1, PhastCons<1.0	0.0	-0.692				0.046		
GATA2	NM_001145661.2	c.*33C>T	Benign synonymous, SpliceAI<=0.1, PhastCons<1.0	0.002	0.254			5.06800e-05	5.551		
GATA2	NM_001145661.2	c.*33C>G	Benign synonymous, SpliceAI<=0.1, PhastCons<1.0	0.002	0.254				3.855		
GATA2	NM_001145661.2	c.*29C>G	Benign synonymous, SpliceAI<=0.1, PhastCons<1.0	0.057	0.971				4.841		
GATA2	NM_001145661.2	c.*29C>A	Benign synonymous, SpliceAI<=0.1, PhastCons<1.0	0.057	0.971				4.702		
GATA2	NM_001145661.2	c.*20G>T	Benign synonymous, SpliceAI<=0.1, PhastCons<1.0	0.0	0.027				2.264		
GATA2	NM_001145661.2	c.*20G>C	Benign synonymous, SpliceAI<=0.1, PhastCons<1.0	0.0	0.027			2.90000e-07	2.315		
GATA2	NM_001145661.2	c.*18A>T	Benign synonymous, SpliceAI<=0.1, PhastCons<1.0	0.0	0.268				2.581		
GATA2	NM_001145661.2	c.*18A>G	Benign synonymous, SpliceAI<=0.1, PhastCons<1.0	0.0	0.268				3.129		
GATA2	NM_001145661.2	c.*8A>T	Benign synonymous, SpliceAI<=0.1, PhastCons<1.0	0.409	2.182				8.665		
GATA2	NM_001145661.2	c.*8A>C	Benign synonymous, SpliceAI<=0.1, PhastCons<1.0	0.409	2.182				8.632		
GATA2	NM_001145661.2	c.*6A>T	Benign synonymous, SpliceAI<=0.1, PhastCons<1.0	0.002	-0.569				1.901		
GATA2	NM_001145661.2	c.*6A>G	Benign synonymous, SpliceAI<=0.1, PhastCons<1.0	0.002	-0.569				2.241		
GATA2	NM_001145661.2	c.*5C>G	Benign synonymous, SpliceAI<=0.1, PhastCons<1.0	0.0	-0.763				5.1		
GATA2	NM_001145661.2	c.*5C>A	Benign synonymous, SpliceAI<=0.1, PhastCons<1.0	0.0	-0.763				4.977		
GATA2	NM_001145661.2	c.1401C>T	Benign synonymous, SpliceAI<=0.1, PhastCons<1.0	0.956	0.201			0.000487750	0.829		Likely_benign
GATA2	NM_001145661.2	c.1347C>T	Benign synonymous, SpliceAI<=0.1, PhastCons<1.0	0.0	-2.352			1.77200e-05	1.681		Likely_benign
GATA2	NM_001145661.2	c.1347C>G	Benign synonymous, SpliceAI<=0.1, PhastCons<1.0	0.0	-2.352				0.487		Likely_benign
GATA2	NM_001145661.2	c.1242C>T	Benign synonymous, SpliceAI<=0.1, PhastCons<1.0	0.843	0.017			0.000153730	0.384		Likely_benign
GATA2	NM_001145661.2	c.1233G>A	Benign FAF >5%	0.0	-7.513			0.0532283	0.843		Benign/Likely_benign
GATA2	NM_001145661.2	c.1227A>G	Benign synonymous, SpliceAI<=0.1, PhastCons<1.0	0.011	-0.182				4.909		
GATA2	NM_001145661.2	c.1220G>T	Benign synonymous, SpliceAI<=0.1, PhastCons<1.0	0.824	0.468				17.54		
GATA2	NM_001145661.2	c.1220G>C	Benign synonymous, SpliceAI<=0.1, PhastCons<1.0	0.824	0.468				15.21		
GATA2	NM_001145661.2	c.490G>A	Benign FAF >5%	0.716	0.635	.;.;.;.;.;0.329;.;0.329;.;.;.;.;0.329;.;.;.;.;.;.;.;.		0.363653	18.08	.;.;.;.;.;B;.;LB;.;.;.;.;LB;.;.;.;.;.;.;.;.	Benign
GATA2	NM_001145661.2	c.-16G>T	Benign synonymous, SpliceAI<=0.1, PhastCons<1.0	0.0	-0.184				4.903		
GATA2	NM_001145661.2	c.-16G>C	Benign synonymous, SpliceAI<=0.1, PhastCons<1.0	0.0	-0.184				5.3		
GATA2	NM_001145661.2	c.-22C>G	Benign synonymous, SpliceAI<=0.1, PhastCons<1.0	0.0	-0.739				0.563		
GATA2	NM_001145661.2	c.-22C>A	Benign synonymous, SpliceAI<=0.1, PhastCons<1.0	0.0	-0.739				0.658		
GATA2	NM_001145661.2	c.-28C>G	Benign synonymous, SpliceAI<=0.1, PhastCons<1.0	0.006	0.861				12.76		
GATA2	NM_001145661.2	c.-28C>A	Benign synonymous, SpliceAI<=0.1, PhastCons<1.0	0.006	0.861				12.53		
GATA2	NM_001145661.2	c.-33C>G	Benign synonymous, SpliceAI<=0.1, PhastCons<1.0	0.044	1.458				15.71		
GATA2	NM_001145661.2	c.-33C>A	Benign synonymous, SpliceAI<=0.1, PhastCons<1.0	0.044	1.458				15.51		
GATA2	NM_001145661.2	c.-37C>G	Benign synonymous, SpliceAI<=0.1, PhastCons<1.0	0.461	2.653				9.641		
GATA2	NM_001145661.2	c.-37C>A	Benign synonymous, SpliceAI<=0.1, PhastCons<1.0	0.461	2.653				9.513		
GATA2	NM_001145661.2	c.-46T>G	Benign synonymous, SpliceAI<=0.1, PhastCons<1.0	0.096	0.229				15.07		
GATA2	NM_001145661.2	c.-46T>A	Benign synonymous, SpliceAI<=0.1, PhastCons<1.0	0.096	0.229				15.02		
GATA2	NM_001145661.2	c.-75C>T	Benign synonymous, SpliceAI<=0.1, PhastCons<1.0	0.0	-0.344				5.211		
GATA2	NM_001145661.2	c.-75C>G	Benign synonymous, SpliceAI<=0.1, PhastCons<1.0	0.0	-0.344			4.86000e-06	4.743		
GATA2	NM_001145661.2	c.-79A>T	Benign synonymous, SpliceAI<=0.1, PhastCons<1.0	0.0	-0.093				6.28		
GATA2	NM_001145661.2	c.-79A>C	Benign synonymous, SpliceAI<=0.1, PhastCons<1.0	0.0	-0.093				6.384		
GATA2	NM_001145661.2	c.-81A>T	Benign synonymous, SpliceAI<=0.1, PhastCons<1.0	0.0	-1.788				1.656		
GATA2	NM_001145661.2	c.-81A>G	Benign synonymous, SpliceAI<=0.1, PhastCons<1.0	0.0	-1.788				2.084		
GATA2	NM_001145661.2	c.-88C>G	Benign synonymous, SpliceAI<=0.1, PhastCons<1.0	0.0	-0.373				4.159		
GATA2	NM_001145661.2	c.-88C>A	Benign synonymous, SpliceAI<=0.1, PhastCons<1.0	0.0	-0.373				4.102		
GATA2	NM_001145661.2	c.-94C>G	Benign synonymous, SpliceAI<=0.1, PhastCons<1.0	0.008	0.959				8.881		
GATA2	NM_001145661.2	c.-94C>A	Benign synonymous, SpliceAI<=0.1, PhastCons<1.0	0.008	0.959				8.641		
GATA2	NM_001145661.2	c.-99C>T	Benign synonymous, SpliceAI<=0.1, PhastCons<1.0	0.0	0.01			1.16700e-05	6.931		
GATA2	NM_001145661.2	c.-99C>G	Benign synonymous, SpliceAI<=0.1, PhastCons<1.0	0.0	0.01				6.012		
GATA2	NM_001145661.2	c.-110G>T	Benign FAF >5%	0.0	-2.338			0.467880	1.647		
GATA2	NM_001145661.2	c.-111C>T	Benign synonymous, SpliceAI<=0.1, PhastCons<1.0	0.111	1.063				7.09		
GATA2	NM_001145661.2	c.-111C>G	Benign synonymous, SpliceAI<=0.1, PhastCons<1.0	0.111	1.063				6.368		
GATA2	NM_001145661.2	c.-130T>G	Benign synonymous, SpliceAI<=0.1, PhastCons<1.0	0.074	1.158				9.916		
GATA2	NM_001145661.2	c.-130T>A	Benign synonymous, SpliceAI<=0.1, PhastCons<1.0	0.074	1.158				9.833		
GATA2	NM_001145661.2	c.-133C>G	Benign synonymous, SpliceAI<=0.1, PhastCons<1.0	0.069	2.884				14.39		
GATA2	NM_001145661.2	c.-133C>A	Benign synonymous, SpliceAI<=0.1, PhastCons<1.0	0.069	2.884				14.27		
GATA2	NM_001145661.2	c.-141C>T	Benign synonymous, SpliceAI<=0.1, PhastCons<1.0	0.0	-0.903				5.752		
GATA2	NM_001145661.2	c.-141C>G	Benign synonymous, SpliceAI<=0.1, PhastCons<1.0	0.0	-0.903				4.237		
GATA2	NM_001145661.2	c.-145C>G	Benign synonymous, SpliceAI<=0.1, PhastCons<1.0	0.004	0.824				8.197		
GATA2	NM_001145661.2	c.-145C>A	Benign synonymous, SpliceAI<=0.1, PhastCons<1.0	0.004	0.824			0.000678940	8.003		
GATA2	NM_001145661.2	c.-154C>G	Benign synonymous, SpliceAI<=0.1, PhastCons<1.0	0.0	0.29				8.5		
GATA2	NM_001145661.2	c.-154C>A	Benign synonymous, SpliceAI<=0.1, PhastCons<1.0	0.0	0.29				8.71		
GATA2	NM_001145661.2	c.-163C>G	Benign synonymous, SpliceAI<=0.1, PhastCons<1.0	0.001	0.228				10.34		
GATA2	NM_001145661.2	c.-163C>A	Benign synonymous, SpliceAI<=0.1, PhastCons<1.0	0.001	0.228				10.29		
GATA2	NM_001145661.2	c.-169C>G	Benign synonymous, SpliceAI<=0.1, PhastCons<1.0	0.001	0.432				13.09		
GATA2	NM_001145661.2	c.-169C>A	Benign synonymous, SpliceAI<=0.1, PhastCons<1.0	0.001	0.432				12.99		
GATA2	NM_001145661.2	c.-181C>G	Benign synonymous, SpliceAI<=0.1, PhastCons<1.0	0.998	0.802			0.000263590	14.22		
GATA2	NM_001145661.2	c.-181C>A	Benign synonymous, SpliceAI<=0.1, PhastCons<1.0	0.998	0.802				14.0		
GATA2	NM_001145661.2	c.-193G>T	Benign synonymous, SpliceAI<=0.1, PhastCons<1.0	0.926	1.237				18.4		
GATA2	NM_001145661.2	c.-193G>C	Benign synonymous, SpliceAI<=0.1, PhastCons<1.0	0.926	1.237				18.51		
GATA2	NM_001145661.2	c.-208G>T	Benign synonymous, SpliceAI<=0.1, PhastCons<1.0	0.662	0.683				17.29		
GATA2	NM_001145661.2	c.-208G>C	Benign synonymous, SpliceAI<=0.1, PhastCons<1.0	0.662	0.683				17.27		
GATA2	NM_001145661.2	c.25A>T	Benign synonymous, SpliceAI<=0.1, PhastCons<1.0	0.994	2.408				17.04		
GATA2	NM_001145661.2	c.25A>G	Benign synonymous, SpliceAI<=0.1, PhastCons<1.0	0.994	2.408				17.02		
GATA2	NM_001145661.2	c.21A>T	Benign synonymous, SpliceAI<=0.1, PhastCons<1.0	0.266	0.964				14.21		
GATA2	NM_001145661.2	c.21A>C	Benign synonymous, SpliceAI<=0.1, PhastCons<1.0	0.266	0.964				14.33		
GATA2	NM_001145661.2	c.19A>T	Benign synonymous, SpliceAI<=0.1, PhastCons<1.0	0.115	0.245				13.27		
GATA2	NM_001145661.2	c.19A>G	Benign synonymous, SpliceAI<=0.1, PhastCons<1.0	0.115	0.245				13.5		
GATA2	NM_001145661.2	c.15T>G	Benign synonymous, SpliceAI<=0.1, PhastCons<1.0	0.001	0.657				13.22		
GATA2	NM_001145661.2	c.15T>A	Benign synonymous, SpliceAI<=0.1, PhastCons<1.0	0.001	0.657				13.14		
GATA2	NM_001145661.2	c.12G>T	Benign synonymous, SpliceAI<=0.1, PhastCons<1.0	0.0	0.238				13.38		
GATA2	NM_001145661.2	c.12G>C	Benign synonymous, SpliceAI<=0.1, PhastCons<1.0	0.0	0.238				13.36		
GATA2	NM_001145661.2	c.9G>T	Benign synonymous, SpliceAI<=0.1, PhastCons<1.0	0.0	-0.166				11.65		
GATA2	NM_001145661.2	c.9G>C	Benign synonymous, SpliceAI<=0.1, PhastCons<1.0	0.0	-0.166				11.54		
GATA2	NM_001145661.2	c.7A>T	Benign synonymous, SpliceAI<=0.1, PhastCons<1.0	0.0	0.23				13.06		
GATA2	NM_001145661.2	c.7A>G	Benign synonymous, SpliceAI<=0.1, PhastCons<1.0	0.0	0.23				13.54		
GATA2	NM_001145661.2	c.6C>G	Benign synonymous, SpliceAI<=0.1, PhastCons<1.0	0.0	-0.264				9.54		
GATA2	NM_001145661.2	c.6C>A	Benign synonymous, SpliceAI<=0.1, PhastCons<1.0	0.0	-0.264				9.444		
GCM2	NM_004752.4	c.1518T>G	Benign synonymous, SpliceAI<=0.1, PhastCons<1.0	0.977	0.006	0.099			13.91	P	
GCM2	NM_004752.4	c.1518T>A	Benign synonymous, SpliceAI<=0.1, PhastCons<1.0	0.977	0.006	0.099			14.03	P	
GCM2	NM_004752.4	c.1515T>G	Benign synonymous, SpliceAI<=0.1, PhastCons<1.0	0.981	-0.066	0.068			4.472	B	
GCM2	NM_004752.4	c.1515T>A	Benign synonymous, SpliceAI<=0.1, PhastCons<1.0	0.981	-0.066	0.067			4.803	B	
GCM2	NM_004752.4	c.1512G>T	Benign synonymous, SpliceAI<=0.1, PhastCons<1.0	0.996	0.279	0.064			11.92	B	
GCM2	NM_004752.4	c.1512G>C	Benign synonymous, SpliceAI<=0.1, PhastCons<1.0	0.996	0.279	0.064			11.43	B	
GCM2	NM_004752.4	c.1509T>G	Benign synonymous, SpliceAI<=0.1, PhastCons<1.0	0.762	1.137	0.133			10.69	B	
GCM2	NM_004752.4	c.1509T>A	Benign synonymous, SpliceAI<=0.1, PhastCons<1.0	0.762	1.137	0.133			10.05	B	
GCM2	NM_004752.4	c.1506C>G	Benign synonymous, SpliceAI<=0.1, PhastCons<1.0	0.784	0.446	0.090			14.16	B	
GCM2	NM_004752.4	c.1506C>A	Benign synonymous, SpliceAI<=0.1, PhastCons<1.0	0.784	0.446	0.090			14.65	B	
GCM2	NM_004752.4	c.1504A>C	Likely_benign FAF >0.1%, REVEL <0.29, SpliceAI<=0.1	0.786	1.863	0.125		0.00208136	12.97	B	Uncertain_significance
GCM2	NM_004752.4	c.1503C>G	Benign synonymous, SpliceAI<=0.1, PhastCons<1.0	0.619	0.381				23.0		
GCM2	NM_004752.4	c.1503C>A	Benign synonymous, SpliceAI<=0.1, PhastCons<1.0	0.619	0.381				23.0		
GCM2	NM_004752.4	c.1497T>G	Benign synonymous, SpliceAI<=0.1, PhastCons<1.0	0.529	-0.069	0.105			1.568	B	
GCM2	NM_004752.4	c.1497T>A	Benign synonymous, SpliceAI<=0.1, PhastCons<1.0	0.529	-0.069	0.105			1.456	B	
GCM2	NM_004752.4	c.1494C>G	Benign synonymous, SpliceAI<=0.1, PhastCons<1.0	0.931	0.3	0.034			7.642	B	
GCM2	NM_004752.4	c.1494C>A	Benign synonymous, SpliceAI<=0.1, PhastCons<1.0	0.931	0.3	0.034			7.219	B	
GCM2	NM_004752.4	c.1482A>T	Benign synonymous, SpliceAI<=0.1, PhastCons<1.0	0.0	-0.117	0.141			8.645	B	
GCM2	NM_004752.4	c.1482A>C	Benign synonymous, SpliceAI<=0.1, PhastCons<1.0	0.0	-0.117	0.141			8.689	B	
GCM2	NM_004752.4	c.1480A>T	Benign synonymous, SpliceAI<=0.1, PhastCons<1.0	0.0	0.354				28.7		
GCM2	NM_004752.4	c.1480A>G	Benign synonymous, SpliceAI<=0.1, PhastCons<1.0	0.0	0.354	0.045			6.013	B	
GCM2	NM_004752.4	c.1479C>G	Benign synonymous, SpliceAI<=0.1, PhastCons<1.0	0.0	-2.024	0.094			0.001	B	
GCM2	NM_004752.4	c.1479C>A	Benign synonymous, SpliceAI<=0.1, PhastCons<1.0	0.0	-2.024	0.094			0.001	B	
GCM2	NM_004752.4	c.1473C>G	Benign synonymous, SpliceAI<=0.1, PhastCons<1.0	0.438	0.247				33.0		
GCM2	NM_004752.4	c.1473C>A	Benign synonymous, SpliceAI<=0.1, PhastCons<1.0	0.438	0.247				33.0		
GCM2	NM_004752.4	c.1470T>G	Benign synonymous, SpliceAI<=0.1, PhastCons<1.0	0.132	0.577	0.086			15.52	B	
GCM2	NM_004752.4	c.1470T>A	Benign synonymous, SpliceAI<=0.1, PhastCons<1.0	0.132	0.577	0.086			15.55	B	
GCM2	NM_004752.4	c.1453C>G	Benign synonymous, SpliceAI<=0.1, PhastCons<1.0	0.0	0.046	0.031			3.564	B	
GCM2	NM_004752.4	c.1453C>A	Benign synonymous, SpliceAI<=0.1, PhastCons<1.0	0.0	0.046	0.128			12.45	B	
GCM2	NM_004752.4	c.1444C>G	Benign synonymous, SpliceAI<=0.1, PhastCons<1.0	0.967	0.54	0.070		2.80000e-07	4.469	B	
GCM2	NM_004752.4	c.1444C>A	Benign synonymous, SpliceAI<=0.1, PhastCons<1.0	0.967	0.54	0.060			8.769	B	
GCM2	NM_004752.4	c.1443T>G	Benign synonymous, SpliceAI<=0.1, PhastCons<1.0	0.998	1.848	0.057			18.83	B	
GCM2	NM_004752.4	c.1443T>A	Benign synonymous, SpliceAI<=0.1, PhastCons<1.0	0.998	1.848				35.0		
GCM2	NM_004752.4	c.1437T>G	Benign synonymous, SpliceAI<=0.1, PhastCons<1.0	0.022	-0.257	0.107			0.687	B	
GCM2	NM_004752.4	c.1437T>A	Benign synonymous, SpliceAI<=0.1, PhastCons<1.0	0.022	-0.257	0.107			0.634	B	
GCM2	NM_004752.4	c.1428G>T	Benign synonymous, SpliceAI<=0.1, PhastCons<1.0	0.004	-0.171	0.122			1.722	B	
GCM2	NM_004752.4	c.1428G>C	Benign synonymous, SpliceAI<=0.1, PhastCons<1.0	0.004	-0.171	0.122			1.834	B	
GCM2	NM_004752.4	c.1422A>T	Benign synonymous, SpliceAI<=0.1, PhastCons<1.0	0.002	1.12	0.066			6.973	B	
GCM2	NM_004752.4	c.1422A>C	Benign synonymous, SpliceAI<=0.1, PhastCons<1.0	0.002	1.12	0.066			7.288	B	
GCM2	NM_004752.4	c.1419T>G	Benign synonymous, SpliceAI<=0.1, PhastCons<1.0	0.0	-0.4	0.044			0.004	B	
GCM2	NM_004752.4	c.1419T>A	Benign synonymous, SpliceAI<=0.1, PhastCons<1.0	0.0	-0.4	0.044			0.003	B	
GCM2	NM_004752.4	c.1413G>T	Benign synonymous, SpliceAI<=0.1, PhastCons<1.0	0.185	1.105	0.067			15.03	B	
GCM2	NM_004752.4	c.1413G>C	Benign synonymous, SpliceAI<=0.1, PhastCons<1.0	0.185	1.105	0.067			15.07	B	
GCM2	NM_004752.4	c.1411A>T	Benign synonymous, SpliceAI<=0.1, PhastCons<1.0	0.275	0.85	0.102			12.3	B	
GCM2	NM_004752.4	c.1411A>G	Benign synonymous, SpliceAI<=0.1, PhastCons<1.0	0.275	0.85	0.079			13.7	B	
GCM2	NM_004752.4	c.1398G>T	Benign synonymous, SpliceAI<=0.1, PhastCons<1.0	0.0	-1.028	0.098			0.541	B	
GCM2	NM_004752.4	c.1398G>C	Benign synonymous, SpliceAI<=0.1, PhastCons<1.0	0.0	-1.028	0.099		0.000312250	0.589	B	Uncertain_significance
GCM2	NM_004752.4	c.1395C>G	Benign synonymous, SpliceAI<=0.1, PhastCons<1.0	0.0	-4.372	0.071			0.002	B	
GCM2	NM_004752.4	c.1395C>A	Benign synonymous, SpliceAI<=0.1, PhastCons<1.0	0.0	-4.372	0.071			0.002	B	
GCM2	NM_004752.4	c.1363C>T	Benign synonymous, SpliceAI<=0.1, PhastCons<1.0	0.0	-0.245	0.083		9.53000e-06	4.443	B	
GCM2	NM_004752.4	c.1363C>G	Benign synonymous, SpliceAI<=0.1, PhastCons<1.0	0.0	-0.245	0.065		8.78000e-06	0.031	B	
GCM2	NM_004752.4	c.1362C>G	Benign synonymous, SpliceAI<=0.1, PhastCons<1.0	0.536	2.239	0.184			15.15	B	
GCM2	NM_004752.4	c.1362C>A	Benign synonymous, SpliceAI<=0.1, PhastCons<1.0	0.536	2.239				34.0		
GCM2	NM_004752.4	c.1359T>G	Benign synonymous, SpliceAI<=0.1, PhastCons<1.0	0.075	-0.809	0.280			1.296	B	
GCM2	NM_004752.4	c.1359T>A	Benign synonymous, SpliceAI<=0.1, PhastCons<1.0	0.075	-0.809	0.280			1.265	B	
GCM2	NM_004752.4	c.1347A>T	Benign synonymous, SpliceAI<=0.1, PhastCons<1.0	0.976	1.125	0.217			17.46	B	
GCM2	NM_004752.4	c.1347A>C	Benign synonymous, SpliceAI<=0.1, PhastCons<1.0	0.976	1.125	0.218			17.53	B	
GCM2	NM_004752.4	c.1314G>T	Benign synonymous, SpliceAI<=0.1, PhastCons<1.0	0.004	-0.098	0.086			10.78	B	
GCM2	NM_004752.4	c.1314G>C	Benign synonymous, SpliceAI<=0.1, PhastCons<1.0	0.004	-0.098	0.085			10.94	B	
GCM2	NM_004752.4	c.1312A>T	Benign synonymous, SpliceAI<=0.1, PhastCons<1.0	0.0	0.092	0.183			18.58	B	
GCM2	NM_004752.4	c.1312A>G	Benign synonymous, SpliceAI<=0.1, PhastCons<1.0	0.0	0.092	0.179			13.68	B	
GCM2	NM_004752.4	c.1298C>T	Likely_benign FAF >0.1%, REVEL <0.29, SpliceAI<=0.1	0.049	0.64	0.063		0.00175249	13.27	B	Likely_benign
GCM2	NM_004752.4	c.1284A>T	Benign synonymous, SpliceAI<=0.1, PhastCons<1.0	0.644	0.685	0.108			10.34	B	
GCM2	NM_004752.4	c.1284A>C	Benign synonymous, SpliceAI<=0.1, PhastCons<1.0	0.644	0.685	0.108			10.57	B	
GCM2	NM_004752.4	c.1278T>G	Benign synonymous, SpliceAI<=0.1, PhastCons<1.0	0.962	0.101				28.6		
GCM2	NM_004752.4	c.1278T>A	Benign synonymous, SpliceAI<=0.1, PhastCons<1.0	0.962	0.101				28.6		
GCM2	NM_004752.4	c.1260T>G	Benign synonymous, SpliceAI<=0.1, PhastCons<1.0	0.0	-0.958	0.101			5.338	B	
GCM2	NM_004752.4	c.1260T>A	Benign synonymous, SpliceAI<=0.1, PhastCons<1.0	0.0	-0.958	0.101			5.25	B	
GCM2	NM_004752.4	c.1257A>T	Benign synonymous, SpliceAI<=0.1, PhastCons<1.0	0.004	-0.56	0.070			8.57	B	
GCM2	NM_004752.4	c.1257A>C	Benign synonymous, SpliceAI<=0.1, PhastCons<1.0	0.004	-0.56	0.070			8.629	B	
GCM2	NM_004752.4	c.1248T>G	Benign synonymous, SpliceAI<=0.1, PhastCons<1.0	0.0	-0.574				23.6		
GCM2	NM_004752.4	c.1248T>A	Benign synonymous, SpliceAI<=0.1, PhastCons<1.0	0.0	-0.574				23.6		
GCM2	NM_004752.4	c.1245C>G	Benign synonymous, SpliceAI<=0.1, PhastCons<1.0	0.998	1.175	0.126			11.83	B	
GCM2	NM_004752.4	c.1245C>A	Benign synonymous, SpliceAI<=0.1, PhastCons<1.0	0.998	1.175	0.126		1.06300e-05	9.001	B	Uncertain_significance
GCM2	NM_004752.4	c.1242T>G	Benign synonymous, SpliceAI<=0.1, PhastCons<1.0	0.99	0.55	0.403			15.73	B	
GCM2	NM_004752.4	c.1242T>A	Benign synonymous, SpliceAI<=0.1, PhastCons<1.0	0.99	0.55				33.0		
GCM2	NM_004752.4	c.1227G>T	Benign synonymous, SpliceAI<=0.1, PhastCons<1.0	0.996	0.321	0.137			11.47	B	
GCM2	NM_004752.4	c.1227G>C	Benign synonymous, SpliceAI<=0.1, PhastCons<1.0	0.996	0.321	0.137			11.53	B	
GCM2	NM_004752.4	c.1221G>T	Benign synonymous, SpliceAI<=0.1, PhastCons<1.0	0.003	-0.22	0.097			0.125	B	
GCM2	NM_004752.4	c.1221G>C	Benign synonymous, SpliceAI<=0.1, PhastCons<1.0	0.003	-0.22	0.097			0.131	B	
GCM2	NM_004752.4	c.1217G>A	Likely_benign FAF >0.1%, REVEL <0.29, SpliceAI<=0.1	0.0	-0.212	0.039		0.00265183	0.798	B	Likely_benign
GCM2	NM_004752.4	c.1216C>T	Benign synonymous, SpliceAI<=0.1, PhastCons<1.0	0.0	0.848			3.65000e-06	28.9		Likely_pathogenic
GCM2	NM_004752.4	c.1216C>G	Benign synonymous, SpliceAI<=0.1, PhastCons<1.0	0.0	0.848	0.089			0.752	B	
GCM2	NM_004752.4	c.1212T>G	Benign synonymous, SpliceAI<=0.1, PhastCons<1.0	0.0	-1.022	0.125			0.005	B	
GCM2	NM_004752.4	c.1212T>A	Benign synonymous, SpliceAI<=0.1, PhastCons<1.0	0.0	-1.022	0.125			0.005	B	
GCM2	NM_004752.4	c.1209C>G	Benign synonymous, SpliceAI<=0.1, PhastCons<1.0	0.941	1.376	0.102			5.262	B	
GCM2	NM_004752.4	c.1209C>A	Benign synonymous, SpliceAI<=0.1, PhastCons<1.0	0.941	1.376	0.102			5.097	B	
GCM2	NM_004752.4	c.1206T>G	Benign synonymous, SpliceAI<=0.1, PhastCons<1.0	0.0	-2.475	0.130			0.026	B	
GCM2	NM_004752.4	c.1206T>A	Benign synonymous, SpliceAI<=0.1, PhastCons<1.0	0.0	-2.475	0.129			0.025	B	
GCM2	NM_004752.4	c.1203C>G	Benign synonymous, SpliceAI<=0.1, PhastCons<1.0	0.925	1.272				32.0		
GCM2	NM_004752.4	c.1203C>A	Benign synonymous, SpliceAI<=0.1, PhastCons<1.0	0.925	1.272				32.0		
GCM2	NM_004752.4	c.1200A>T	Benign synonymous, SpliceAI<=0.1, PhastCons<1.0	0.997	0.331	0.184			14.83	B	
GCM2	NM_004752.4	c.1200A>C	Benign synonymous, SpliceAI<=0.1, PhastCons<1.0	0.997	0.331	0.184			14.84	B	
GCM2	NM_004752.4	c.1185G>T	Benign synonymous, SpliceAI<=0.1, PhastCons<1.0	0.998	0.537	0.172			20.4	B	
GCM2	NM_004752.4	c.1185G>C	Benign synonymous, SpliceAI<=0.1, PhastCons<1.0	0.998	0.537	0.172			20.4	B	
GCM2	NM_004752.4	c.1164A>T	Benign synonymous, SpliceAI<=0.1, PhastCons<1.0	0.995	0.232	0.229			19.24	P	
GCM2	NM_004752.4	c.1164A>C	Benign synonymous, SpliceAI<=0.1, PhastCons<1.0	0.995	0.232	0.229			19.27	P	
GCM2	NM_004752.4	c.1140A>T	Benign synonymous, SpliceAI<=0.1, PhastCons<1.0	0.997	0.374	0.354			19.18	A	
GCM2	NM_004752.4	c.1140A>C	Benign synonymous, SpliceAI<=0.1, PhastCons<1.0	0.997	0.374	0.354			19.26	A	
GCM2	NM_004752.4	c.1135C>G	Benign synonymous, SpliceAI<=0.1, PhastCons<1.0	0.31	0.405	0.367			21.3	B	
GCM2	NM_004752.4	c.1135C>A	Benign synonymous, SpliceAI<=0.1, PhastCons<1.0	0.31	0.405	0.379			21.2	B	
GCM2	NM_004752.4	c.1104C>G	Benign synonymous, SpliceAI<=0.1, PhastCons<1.0	0.769	0.953				36.0		
GCM2	NM_004752.4	c.1104C>A	Benign synonymous, SpliceAI<=0.1, PhastCons<1.0	0.769	0.953				36.0		Pathogenic
GCM2	NM_004752.4	c.1101G>T	Benign synonymous, SpliceAI<=0.1, PhastCons<1.0	0.981	0.11	0.358			21.3	B	
GCM2	NM_004752.4	c.1101G>C	Benign synonymous, SpliceAI<=0.1, PhastCons<1.0	0.981	0.11	0.358			21.2	B	
GCM2	NM_004752.4	c.1099A>T	Benign synonymous, SpliceAI<=0.1, PhastCons<1.0	0.996	0.639	0.450			21.9	B	
GCM2	NM_004752.4	c.1099A>G	Benign synonymous, SpliceAI<=0.1, PhastCons<1.0	0.996	0.639	0.279			20.7	B	
GCM2	NM_004752.4	c.1098C>G	Benign synonymous, SpliceAI<=0.1, PhastCons<1.0	0.994	0.385	0.471			20.0	B	
GCM2	NM_004752.4	c.1098C>A	Benign synonymous, SpliceAI<=0.1, PhastCons<1.0	0.994	0.385			2.80000e-07	34.0		Likely_pathogenic
GCM2	NM_004752.4	c.1089G>T	Benign synonymous, SpliceAI<=0.1, PhastCons<1.0	0.998	0.436	0.157			20.9	B	
GCM2	NM_004752.4	c.1089G>C	Benign synonymous, SpliceAI<=0.1, PhastCons<1.0	0.998	0.436	0.156			18.85	B	
GCM2	NM_004752.4	c.1083C>G	Benign synonymous, SpliceAI<=0.1, PhastCons<1.0	0.542	0.887	0.160			17.87	B	
GCM2	NM_004752.4	c.1083C>A	Benign synonymous, SpliceAI<=0.1, PhastCons<1.0	0.542	0.887	0.160			17.83	B	
GCM2	NM_004752.4	c.1080T>G	Benign synonymous, SpliceAI<=0.1, PhastCons<1.0	0.997	0.517				35.0		
GCM2	NM_004752.4	c.1080T>A	Benign synonymous, SpliceAI<=0.1, PhastCons<1.0	0.997	0.517				35.0		
GCM2	NM_004752.4	c.1077T>G	Benign synonymous, SpliceAI<=0.1, PhastCons<1.0	0.998	0.461				35.0		
GCM2	NM_004752.4	c.1077T>A	Benign synonymous, SpliceAI<=0.1, PhastCons<1.0	0.998	0.461				35.0		
GCM2	NM_004752.4	c.1060A>G	Likely_benign FAF >0.1%, REVEL <0.29, SpliceAI<=0.1	0.0	-0.044	0.157		0.0398705	0.009	B	Benign/Likely_benign
GCM2	NM_004752.4	c.1056G>T	Benign synonymous, SpliceAI<=0.1, PhastCons<1.0	0.471	0.964	0.237			18.35	B	
GCM2	NM_004752.4	c.1056G>C	Benign synonymous, SpliceAI<=0.1, PhastCons<1.0	0.471	0.964	0.237			18.27	B	
GCM2	NM_004752.4	c.1053T>G	Benign synonymous, SpliceAI<=0.1, PhastCons<1.0	0.998	1.286	0.097			8.26	A	
GCM2	NM_004752.4	c.1053T>A	Benign synonymous, SpliceAI<=0.1, PhastCons<1.0	0.998	1.286	0.097			8.176	A	
GCM2	NM_004752.4	c.1050G>T	Benign synonymous, SpliceAI<=0.1, PhastCons<1.0	0.987	1.294	0.231			17.13	B	
GCM2	NM_004752.4	c.1050G>C	Benign synonymous, SpliceAI<=0.1, PhastCons<1.0	0.987	1.294	0.231			17.19	B	
GCM2	NM_004752.4	c.1044T>G	Benign synonymous, SpliceAI<=0.1, PhastCons<1.0	0.978	1.462	0.038			8.279	B	
GCM2	NM_004752.4	c.1044T>A	Benign synonymous, SpliceAI<=0.1, PhastCons<1.0	0.978	1.462	0.037			8.2	B	Uncertain_significance
GCM2	NM_004752.4	c.1041C>G	Benign synonymous, SpliceAI<=0.1, PhastCons<1.0	0.892	0.614	0.081			11.71	B	
GCM2	NM_004752.4	c.1041C>A	Benign synonymous, SpliceAI<=0.1, PhastCons<1.0	0.892	0.614	0.081			11.65	B	
GCM2	NM_004752.4	c.1035G>T	Benign synonymous, SpliceAI<=0.1, PhastCons<1.0	0.002	0.179	0.131			2.99	B	
GCM2	NM_004752.4	c.1035G>C	Benign synonymous, SpliceAI<=0.1, PhastCons<1.0	0.002	0.179	0.131			3.067	B	
GCM2	NM_004752.4	c.1033A>T	Benign synonymous, SpliceAI<=0.1, PhastCons<1.0	0.024	1.714	0.280			16.57	B	
GCM2	NM_004752.4	c.1033A>G	Benign synonymous, SpliceAI<=0.1, PhastCons<1.0	0.024	1.714	0.156		8.03000e-06	15.07	B	
GCM2	NM_004752.4	c.1032A>T	Benign synonymous, SpliceAI<=0.1, PhastCons<1.0	0.017	-0.332	0.184			3.793	B	
GCM2	NM_004752.4	c.1032A>C	Benign synonymous, SpliceAI<=0.1, PhastCons<1.0	0.017	-0.332	0.184			3.866	B	
GCM2	NM_004752.4	c.1023C>G	Benign synonymous, SpliceAI<=0.1, PhastCons<1.0	0.072	1.226	0.116		4.42000e-06	12.2	B	
GCM2	NM_004752.4	c.1023C>A	Benign synonymous, SpliceAI<=0.1, PhastCons<1.0	0.072	1.226	0.116			12.08	B	
GCM2	NM_004752.4	c.1017A>T	Benign synonymous, SpliceAI<=0.1, PhastCons<1.0	0.951	1.506	0.187			4.542	B	
GCM2	NM_004752.4	c.1017A>C	Benign synonymous, SpliceAI<=0.1, PhastCons<1.0	0.951	1.506	0.189			4.632	B	
GCM2	NM_004752.4	c.993T>G	Benign synonymous, SpliceAI<=0.1, PhastCons<1.0	0.168	-0.38	0.118			2.53	B	
GCM2	NM_004752.4	c.993T>A	Benign synonymous, SpliceAI<=0.1, PhastCons<1.0	0.168	-0.38	0.118			2.342	B	
GCM2	NM_004752.4	c.990G>T	Benign synonymous, SpliceAI<=0.1, PhastCons<1.0	0.567	-0.094	0.115			0.049	B	
GCM2	NM_004752.4	c.990G>C	Benign synonymous, SpliceAI<=0.1, PhastCons<1.0	0.567	-0.094	0.115			0.05	B	
GCM2	NM_004752.4	c.987A>T	Benign synonymous, SpliceAI<=0.1, PhastCons<1.0	0.058	-1.03	0.062			6.458	B	
GCM2	NM_004752.4	c.987A>C	Benign synonymous, SpliceAI<=0.1, PhastCons<1.0	0.058	-1.03	0.062			6.561	B	
GCM2	NM_004752.4	c.984C>G	Benign synonymous, SpliceAI<=0.1, PhastCons<1.0	0.004	-0.097	0.015			0.217	B	
GCM2	NM_004752.4	c.984C>A	Benign synonymous, SpliceAI<=0.1, PhastCons<1.0	0.004	-0.097	0.015			0.213	B	
GCM2	NM_004752.4	c.978C>G	Benign synonymous, SpliceAI<=0.1, PhastCons<1.0	0.931	1.583	0.092			12.97	A	
GCM2	NM_004752.4	c.978C>A	Benign synonymous, SpliceAI<=0.1, PhastCons<1.0	0.931	1.583	0.092			12.99	A	
GCM2	NM_004752.4	c.975T>G	Benign synonymous, SpliceAI<=0.1, PhastCons<1.0	0.902	0.549	0.234			17.31	B	
GCM2	NM_004752.4	c.975T>A	Benign synonymous, SpliceAI<=0.1, PhastCons<1.0	0.902	0.549	0.234			17.25	B	
GCM2	NM_004752.4	c.972T>G	Benign synonymous, SpliceAI<=0.1, PhastCons<1.0	0.96	0.482	0.018			13.59	A	
GCM2	NM_004752.4	c.972T>A	Benign synonymous, SpliceAI<=0.1, PhastCons<1.0	0.96	0.482	0.018			13.57	A	
GCM2	NM_004752.4	c.966A>T	Benign synonymous, SpliceAI<=0.1, PhastCons<1.0	0.046	-1.12	0.231			0.154	B	
GCM2	NM_004752.4	c.966A>C	Benign synonymous, SpliceAI<=0.1, PhastCons<1.0	0.046	-1.12	0.231			0.151	B	
GCM2	NM_004752.4	c.964A>T	Benign synonymous, SpliceAI<=0.1, PhastCons<1.0	0.969	2.496				36.0		
GCM2	NM_004752.4	c.964A>G	Benign synonymous, SpliceAI<=0.1, PhastCons<1.0	0.969	2.496	0.358			19.28	B	
GCM2	NM_004752.4	c.963G>T	Benign synonymous, SpliceAI<=0.1, PhastCons<1.0	0.28	-0.661	0.056			8.516	B	
GCM2	NM_004752.4	c.963G>C	Benign synonymous, SpliceAI<=0.1, PhastCons<1.0	0.28	-0.661	0.056			8.542	B	
GCM2	NM_004752.4	c.960T>G	Benign synonymous, SpliceAI<=0.1, PhastCons<1.0	0.74	-0.131				32.0		
GCM2	NM_004752.4	c.960T>A	Benign synonymous, SpliceAI<=0.1, PhastCons<1.0	0.74	-0.131				32.0		
GCM2	NM_004752.4	c.957C>G	Benign synonymous, SpliceAI<=0.1, PhastCons<1.0	0.866	1.334	0.199			20.7	B	
GCM2	NM_004752.4	c.957C>A	Benign synonymous, SpliceAI<=0.1, PhastCons<1.0	0.866	1.334	0.199			20.6	B	
GCM2	NM_004752.4	c.954C>G	Benign synonymous, SpliceAI<=0.1, PhastCons<1.0	0.001	0.248	0.130			18.42	B	
GCM2	NM_004752.4	c.954C>A	Benign synonymous, SpliceAI<=0.1, PhastCons<1.0	0.001	0.248	0.130		4.36800e-05	18.18	B	
GCM2	NM_004752.4	c.951C>G	Benign synonymous, SpliceAI<=0.1, PhastCons<1.0	0.039	0.356				35.0		
GCM2	NM_004752.4	c.951C>A	Benign synonymous, SpliceAI<=0.1, PhastCons<1.0	0.039	0.356				35.0		
GCM2	NM_004752.4	c.945T>G	Benign synonymous, SpliceAI<=0.1, PhastCons<1.0	0.903	0.673	0.130			11.77	B	
GCM2	NM_004752.4	c.945T>A	Benign synonymous, SpliceAI<=0.1, PhastCons<1.0	0.903	0.673	0.130			11.67	B	
GCM2	NM_004752.4	c.944A>G	Likely_benign FAF >0.1%, REVEL <0.29, SpliceAI<=0.1	0.909	0.65	0.035		0.00129898	8.489	B	
GCM2	NM_004752.4	c.943A>G	Likely_benign FAF >0.1%, REVEL <0.29, SpliceAI<=0.1	0.917	2.689	0.156		0.0143338	16.58	B	Benign/Likely_benign
GCM2	NM_004752.4	c.941T>G	Likely_benign FAF >0.1%, REVEL <0.29, SpliceAI<=0.1	0.601	1.715	0.241		0.00100618	18.82	B	Uncertain_significance
GCM2	NM_004752.4	c.939T>G	Benign synonymous, SpliceAI<=0.1, PhastCons<1.0	0.321	0.006	0.241			2.344	B	
GCM2	NM_004752.4	c.939T>A	Benign synonymous, SpliceAI<=0.1, PhastCons<1.0	0.321	0.006	0.241			2.266	B	
GCM2	NM_004752.4	c.936T>G	Benign synonymous, SpliceAI<=0.1, PhastCons<1.0	0.765	0.28	0.040			12.55	B	
GCM2	NM_004752.4	c.936T>A	Benign synonymous, SpliceAI<=0.1, PhastCons<1.0	0.765	0.28				34.0		
GCM2	NM_004752.4	c.933A>T	Benign synonymous, SpliceAI<=0.1, PhastCons<1.0	0.137	-0.834	0.078			0.073	B	
GCM2	NM_004752.4	c.933A>C	Benign synonymous, SpliceAI<=0.1, PhastCons<1.0	0.137	-0.834	0.078			0.065	B	
GCM2	NM_004752.4	c.928C>G	Benign synonymous, SpliceAI<=0.1, PhastCons<1.0	0.0	0.312	0.138			12.11	B	
GCM2	NM_004752.4	c.928C>A	Benign synonymous, SpliceAI<=0.1, PhastCons<1.0	0.0	0.312	0.154			13.19	B	
GCM2	NM_004752.4	c.924C>G	Benign synonymous, SpliceAI<=0.1, PhastCons<1.0	0.032	0.331	0.277			12.84	B	
GCM2	NM_004752.4	c.924C>A	Benign synonymous, SpliceAI<=0.1, PhastCons<1.0	0.032	0.331	0.277		1.83000e-06	12.78	B	
GCM2	NM_004752.4	c.919C>G	Benign synonymous, SpliceAI<=0.1, PhastCons<1.0	0.966	1.553	0.183			18.39	B	
GCM2	NM_004752.4	c.919C>A	Benign synonymous, SpliceAI<=0.1, PhastCons<1.0	0.966	1.553	0.216			21.3	B	
GCM2	NM_004752.4	c.918T>G	Benign synonymous, SpliceAI<=0.1, PhastCons<1.0	0.029	0.257	0.021			4.138	B	
GCM2	NM_004752.4	c.918T>A	Benign synonymous, SpliceAI<=0.1, PhastCons<1.0	0.029	0.257	0.021			4.059	B	
GCM2	NM_004752.4	c.909C>G	Benign synonymous, SpliceAI<=0.1, PhastCons<1.0	0.926	-0.096	0.054			10.75	B	
GCM2	NM_004752.4	c.909C>A	Benign synonymous, SpliceAI<=0.1, PhastCons<1.0	0.926	-0.096	0.054			10.54	B	
GCM2	NM_004752.4	c.903C>G	Benign synonymous, SpliceAI<=0.1, PhastCons<1.0	0.398	0.72	0.040			13.63	B	
GCM2	NM_004752.4	c.903C>A	Benign synonymous, SpliceAI<=0.1, PhastCons<1.0	0.398	0.72	0.040			13.58	B	
GCM2	NM_004752.4	c.900T>G	Benign synonymous, SpliceAI<=0.1, PhastCons<1.0	0.0	-0.708	0.052			0.626	B	
GCM2	NM_004752.4	c.900T>A	Benign synonymous, SpliceAI<=0.1, PhastCons<1.0	0.0	-0.708	0.052			0.601	B	
GCM2	NM_004752.4	c.891T>G	Benign synonymous, SpliceAI<=0.1, PhastCons<1.0	0.0	-0.306	0.152			1.269	B	
GCM2	NM_004752.4	c.891T>A	Benign synonymous, SpliceAI<=0.1, PhastCons<1.0	0.0	-0.306	0.152			1.214	B	
GCM2	NM_004752.4	c.882T>G	Benign synonymous, SpliceAI<=0.1, PhastCons<1.0	0.493	0.461	0.215			5.865	B	
GCM2	NM_004752.4	c.882T>A	Benign synonymous, SpliceAI<=0.1, PhastCons<1.0	0.493	0.461	0.215			5.712	B	
GCM2	NM_004752.4	c.864T>G	Benign synonymous, SpliceAI<=0.1, PhastCons<1.0	0.995	0.406				33.0		
GCM2	NM_004752.4	c.864T>A	Benign synonymous, SpliceAI<=0.1, PhastCons<1.0	0.995	0.406				33.0		
GCM2	NM_004752.4	c.858C>G	Benign synonymous, SpliceAI<=0.1, PhastCons<1.0	0.005	0.361	0.281			13.94	B	
GCM2	NM_004752.4	c.858C>A	Benign synonymous, SpliceAI<=0.1, PhastCons<1.0	0.005	0.361	0.281			13.87	B	
GCM2	NM_004752.4	c.852T>G	Benign synonymous, SpliceAI<=0.1, PhastCons<1.0	0.31	0.803	0.111			5.942	B	
GCM2	NM_004752.4	c.852T>A	Benign synonymous, SpliceAI<=0.1, PhastCons<1.0	0.31	0.803	0.111			5.855	B	
GCM2	NM_004752.4	c.846T>G	Benign synonymous, SpliceAI<=0.1, PhastCons<1.0	0.0	-0.742				25.7		
GCM2	NM_004752.4	c.846T>A	Benign synonymous, SpliceAI<=0.1, PhastCons<1.0	0.0	-0.742				25.7		
GCM2	NM_004752.4	c.844T>G	Likely_benign FAF >0.1%, REVEL <0.29, SpliceAI<=0.1	0.592	3.116	0.165		0.0153959	14.44	B	Benign
GCM2	NM_004752.4	c.837C>G	Benign synonymous, SpliceAI<=0.1, PhastCons<1.0	0.998	0.364	0.072			1.195	B	
GCM2	NM_004752.4	c.837C>A	Benign synonymous, SpliceAI<=0.1, PhastCons<1.0	0.998	0.364	0.072			1.238	B	
GCM2	NM_004752.4	c.829T>G	Benign synonymous, SpliceAI<=0.1, PhastCons<1.0	0.985	2.532	0.175			19.25	B	
GCM2	NM_004752.4	c.829T>A	Benign synonymous, SpliceAI<=0.1, PhastCons<1.0	0.985	2.532	0.217			19.99	B	
GCM2	NM_004752.4	c.828A>T	Benign synonymous, SpliceAI<=0.1, PhastCons<1.0	0.379	-0.598	0.140			5.353	B	
GCM2	NM_004752.4	c.828A>C	Benign synonymous, SpliceAI<=0.1, PhastCons<1.0	0.379	-0.598	0.140			5.609	B	
GCM2	NM_004752.4	c.810G>T	Benign synonymous, SpliceAI<=0.1, PhastCons<1.0	0.776	0.604	0.297			17.45	B	
GCM2	NM_004752.4	c.810G>C	Benign synonymous, SpliceAI<=0.1, PhastCons<1.0	0.776	0.604	0.298			17.63	B	
GCM2	NM_004752.4	c.808A>T	Benign synonymous, SpliceAI<=0.1, PhastCons<1.0	0.019	-0.032	0.366			19.86	B	
GCM2	NM_004752.4	c.808A>G	Benign synonymous, SpliceAI<=0.1, PhastCons<1.0	0.019	-0.032	0.181			15.1	B	
GCM2	NM_004752.4	c.802T>G	Benign synonymous, SpliceAI<=0.1, PhastCons<1.0	0.504	-0.098	0.048			13.21	B	
GCM2	NM_004752.4	c.802T>A	Benign synonymous, SpliceAI<=0.1, PhastCons<1.0	0.504	-0.098	0.121			15.58	B	
GCM2	NM_004752.4	c.801T>G	Benign synonymous, SpliceAI<=0.1, PhastCons<1.0	0.552	0.449				35.0		
GCM2	NM_004752.4	c.801T>A	Benign synonymous, SpliceAI<=0.1, PhastCons<1.0	0.552	0.449				35.0		
GCM2	NM_004752.4	c.795A>T	Benign synonymous, SpliceAI<=0.1, PhastCons<1.0	0.212	-0.822	0.127			6.474	B	
GCM2	NM_004752.4	c.795A>C	Benign synonymous, SpliceAI<=0.1, PhastCons<1.0	0.212	-0.822	0.127			6.479	B	
GCM2	NM_004752.4	c.793A>T	Benign synonymous, SpliceAI<=0.1, PhastCons<1.0	0.977	2.042				37.0		
GCM2	NM_004752.4	c.793A>G	Benign synonymous, SpliceAI<=0.1, PhastCons<1.0	0.977	2.042	0.360			21.8	B	
GCM2	NM_004752.4	c.789C>G	Benign synonymous, SpliceAI<=0.1, PhastCons<1.0	0.987	0.189	0.054			17.29	B	
GCM2	NM_004752.4	c.789C>A	Benign synonymous, SpliceAI<=0.1, PhastCons<1.0	0.987	0.189	0.054			17.26	B	
GCM2	NM_004752.4	c.783C>G	Benign synonymous, SpliceAI<=0.1, PhastCons<1.0	0.732	0.345				32.0		
GCM2	NM_004752.4	c.783C>A	Benign synonymous, SpliceAI<=0.1, PhastCons<1.0	0.732	0.345				32.0		
GCM2	NM_004752.4	c.777G>T	Benign synonymous, SpliceAI<=0.1, PhastCons<1.0	0.92	0.029	0.150			18.25	B	
GCM2	NM_004752.4	c.777G>C	Benign synonymous, SpliceAI<=0.1, PhastCons<1.0	0.92	0.029	0.150			18.34	B	
GCM2	NM_004752.4	c.762A>T	Benign synonymous, SpliceAI<=0.1, PhastCons<1.0	0.0	-0.133	0.026			9.21	B	
GCM2	NM_004752.4	c.762A>C	Benign synonymous, SpliceAI<=0.1, PhastCons<1.0	0.0	-0.133	0.026			9.267	B	
GCM2	NM_004752.4	c.759C>G	Benign synonymous, SpliceAI<=0.1, PhastCons<1.0	0.0	-0.399	0.151			6.171	B	
GCM2	NM_004752.4	c.759C>A	Benign synonymous, SpliceAI<=0.1, PhastCons<1.0	0.0	-0.399	0.151			6.291	B	
GCM2	NM_004752.4	c.753A>T	Benign synonymous, SpliceAI<=0.1, PhastCons<1.0	0.956	0.456	0.204			16.57	B	
GCM2	NM_004752.4	c.753A>C	Benign synonymous, SpliceAI<=0.1, PhastCons<1.0	0.956	0.456	0.204			16.58	B	
GCM2	NM_004752.4	c.750T>G	Benign synonymous, SpliceAI<=0.1, PhastCons<1.0	0.998	0.34	0.066			19.42	P	
GCM2	NM_004752.4	c.750T>A	Benign synonymous, SpliceAI<=0.1, PhastCons<1.0	0.998	0.34	0.066			19.38	P	
GCM2	NM_004752.4	c.739C>G	Benign synonymous, SpliceAI<=0.1, PhastCons<1.0	0.101	0.042	0.130			13.11	B	
GCM2	NM_004752.4	c.739C>A	Benign synonymous, SpliceAI<=0.1, PhastCons<1.0	0.101	0.042	0.143			14.43	B	
GCM2	NM_004752.4	c.738C>G	Benign synonymous, SpliceAI<=0.1, PhastCons<1.0	0.227	0.418	0.243			20.4	B	
GCM2	NM_004752.4	c.738C>A	Benign synonymous, SpliceAI<=0.1, PhastCons<1.0	0.227	0.418	0.243			20.4	B	
GCM2	NM_004752.4	c.726A>T	Benign synonymous, SpliceAI<=0.1, PhastCons<1.0	0.879	0.715	0.063			16.99	B	
GCM2	NM_004752.4	c.726A>C	Benign synonymous, SpliceAI<=0.1, PhastCons<1.0	0.879	0.715	0.063			17.29	B	
GCM2	NM_004752.4	c.717T>G	Benign synonymous, SpliceAI<=0.1, PhastCons<1.0	0.694	-0.027	0.133			3.842	B	
GCM2	NM_004752.4	c.717T>A	Benign synonymous, SpliceAI<=0.1, PhastCons<1.0	0.694	-0.027	0.133			3.969	B	
GCM2	NM_004752.4	c.711G>T	Benign synonymous, SpliceAI<=0.1, PhastCons<1.0	0.893	1.378	0.111			11.8	B	
GCM2	NM_004752.4	c.711G>C	Benign synonymous, SpliceAI<=0.1, PhastCons<1.0	0.893	1.378	0.110			11.75	B	
GCM2	NM_004752.4	c.696C>G	Benign synonymous, SpliceAI<=0.1, PhastCons<1.0	0.991	0.257	0.057			19.0	B	
GCM2	NM_004752.4	c.696C>A	Benign synonymous, SpliceAI<=0.1, PhastCons<1.0	0.991	0.257				35.0		
GCM2	NM_004752.4	c.690G>T	Benign synonymous, SpliceAI<=0.1, PhastCons<1.0	0.987	1.208	0.122			14.91	B	
GCM2	NM_004752.4	c.690G>C	Benign synonymous, SpliceAI<=0.1, PhastCons<1.0	0.987	1.208	0.121			15.03	B	
GCM2	NM_004752.4	c.679A>G	Likely_benign FAF >0.1%, REVEL <0.29, SpliceAI<=0.1	0.001	-0.423	0.064		0.0263522	0.096	B	Benign
GCM2	NM_004752.4	c.672C>G	Benign synonymous, SpliceAI<=0.1, PhastCons<1.0	0.996	1.024	0.157			16.4	B	
GCM2	NM_004752.4	c.672C>A	Benign synonymous, SpliceAI<=0.1, PhastCons<1.0	0.996	1.024	0.157			16.3	B	
GCM2	NM_004752.4	c.666A>T	Benign synonymous, SpliceAI<=0.1, PhastCons<1.0	0.001	-0.207	0.124			0.426	B	
GCM2	NM_004752.4	c.666A>C	Benign synonymous, SpliceAI<=0.1, PhastCons<1.0	0.001	-0.207	0.124			0.477	B	
GCM2	NM_004752.4	c.654T>G	Benign synonymous, SpliceAI<=0.1, PhastCons<1.0	0.021	0.835	0.044			4.262	B	
GCM2	NM_004752.4	c.654T>A	Benign synonymous, SpliceAI<=0.1, PhastCons<1.0	0.021	0.835	0.044			4.28	B	
GCM2	NM_004752.4	c.651T>G	Benign synonymous, SpliceAI<=0.1, PhastCons<1.0	0.014	-0.128	0.040			5.401	A	
GCM2	NM_004752.4	c.651T>A	Benign synonymous, SpliceAI<=0.1, PhastCons<1.0	0.014	-0.128	0.040			5.358	A	
GCM2	NM_004752.4	c.648C>G	Benign synonymous, SpliceAI<=0.1, PhastCons<1.0	0.001	-0.872	0.059			0.545	B	
GCM2	NM_004752.4	c.648C>A	Benign synonymous, SpliceAI<=0.1, PhastCons<1.0	0.001	-0.872	0.059			0.502	B	
GCM2	NM_004752.4	c.645A>T	Benign synonymous, SpliceAI<=0.1, PhastCons<1.0	0.412	0.538	0.292			10.9	B	
GCM2	NM_004752.4	c.645A>C	Benign synonymous, SpliceAI<=0.1, PhastCons<1.0	0.412	0.538	0.292			10.63	B	
GCM2	NM_004752.4	c.639T>G	Benign synonymous, SpliceAI<=0.1, PhastCons<1.0	0.707	0.512	0.058			12.45	B	
GCM2	NM_004752.4	c.639T>A	Benign synonymous, SpliceAI<=0.1, PhastCons<1.0	0.707	0.512	0.058			12.42	B	
GCM2	NM_004752.4	c.636A>T	Benign synonymous, SpliceAI<=0.1, PhastCons<1.0	0.59	-0.108	0.135			10.05	B	
GCM2	NM_004752.4	c.636A>C	Benign synonymous, SpliceAI<=0.1, PhastCons<1.0	0.59	-0.108	0.135			10.42	B	
GCM2	NM_004752.4	c.633G>T	Benign synonymous, SpliceAI<=0.1, PhastCons<1.0	0.966	0.549	0.112			19.79	B	
GCM2	NM_004752.4	c.633G>C	Benign synonymous, SpliceAI<=0.1, PhastCons<1.0	0.966	0.549	0.112			20.0	B	
GCM2	NM_004752.4	c.631T>G	Benign synonymous, SpliceAI<=0.1, PhastCons<1.0	0.951	0.613	0.086			13.13	B	
GCM2	NM_004752.4	c.631T>A	Benign synonymous, SpliceAI<=0.1, PhastCons<1.0	0.951	0.613	0.074			16.51	B	
GCM2	NM_004752.4	c.618C>G	Benign synonymous, SpliceAI<=0.1, PhastCons<1.0	0.287	0.504	0.034			12.8	B	
GCM2	NM_004752.4	c.618C>A	Benign synonymous, SpliceAI<=0.1, PhastCons<1.0	0.287	0.504	0.034			12.79	B	
GCM2	NM_004752.4	c.615C>G	Benign synonymous, SpliceAI<=0.1, PhastCons<1.0	0.997	3.088	0.040			15.9	A	
GCM2	NM_004752.4	c.615C>A	Benign synonymous, SpliceAI<=0.1, PhastCons<1.0	0.997	3.088	0.040			15.76	A	
GCM2	NM_004752.4	c.612T>G	Benign synonymous, SpliceAI<=0.1, PhastCons<1.0	0.446	-0.216	0.097			8.352	B	
GCM2	NM_004752.4	c.612T>A	Benign synonymous, SpliceAI<=0.1, PhastCons<1.0	0.446	-0.216	0.097			8.235	B	
GCM2	NM_004752.4	c.607G>A	Benign FAF >5%	0.964	2.219	0.173		0.0987754	19.51	B	Benign/Likely_benign
GCM2	NM_004752.4	c.606T>G	Benign synonymous, SpliceAI<=0.1, PhastCons<1.0	0.778	0.64	0.070			11.7	B	
GCM2	NM_004752.4	c.606T>A	Benign synonymous, SpliceAI<=0.1, PhastCons<1.0	0.778	0.64	0.070			12.19	B	
GCM2	NM_004752.4	c.603C>G	Benign synonymous, SpliceAI<=0.1, PhastCons<1.0	0.139	1.474	0.058			14.03	B	
GCM2	NM_004752.4	c.603C>A	Benign synonymous, SpliceAI<=0.1, PhastCons<1.0	0.139	1.474	0.058			14.45	B	
GCM2	NM_004752.4	c.600C>G	Benign synonymous, SpliceAI<=0.1, PhastCons<1.0	0.086	-0.234	0.054			9.495	B	
GCM2	NM_004752.4	c.600C>A	Benign synonymous, SpliceAI<=0.1, PhastCons<1.0	0.086	-0.234	0.060			9.695	B	
GCM2	NM_004752.4	c.594T>G	Benign synonymous, SpliceAI<=0.1, PhastCons<1.0	0.59	0.668	0.081			11.46	B	
GCM2	NM_004752.4	c.594T>A	Benign synonymous, SpliceAI<=0.1, PhastCons<1.0	0.59	0.668	0.081			11.42	B	
GCM2	NM_004752.4	c.591A>T	Benign synonymous, SpliceAI<=0.1, PhastCons<1.0	0.0	-0.742	0.088			6.056	B	
GCM2	NM_004752.4	c.591A>C	Benign synonymous, SpliceAI<=0.1, PhastCons<1.0	0.0	-0.742	0.088			7.452	B	
GCM2	NM_004752.4	c.588A>T	Benign synonymous, SpliceAI<=0.1, PhastCons<1.0	0.877	3.296	0.142			15.64	B	
GCM2	NM_004752.4	c.588A>C	Benign synonymous, SpliceAI<=0.1, PhastCons<1.0	0.877	3.296	0.162			15.73	B	
GCM2	NM_004752.4	c.576A>T	Benign synonymous, SpliceAI<=0.1, PhastCons<1.0	0.162	-0.4	0.168			6.562	B	
GCM2	NM_004752.4	c.576A>C	Benign synonymous, SpliceAI<=0.1, PhastCons<1.0	0.162	-0.4	0.168			6.085	B	
GCM2	NM_004752.4	c.571C>T	Benign synonymous, SpliceAI<=0.1, PhastCons<1.0	0.0	0.273				36.0		
GCM2	NM_004752.4	c.571C>G	Benign synonymous, SpliceAI<=0.1, PhastCons<1.0	0.0	0.273	0.108		1.83000e-06	17.22	B	
GCM2	NM_004752.4	c.567A>T	Benign synonymous, SpliceAI<=0.1, PhastCons<1.0	0.962	2.017	0.303			21.1	B	
GCM2	NM_004752.4	c.567A>C	Benign synonymous, SpliceAI<=0.1, PhastCons<1.0	0.962	2.017	0.303			20.9	B	
GCM2	NM_004752.4	c.552A>T	Benign synonymous, SpliceAI<=0.1, PhastCons<1.0	0.814	-0.059	0.066			17.21	B	
GCM2	NM_004752.4	c.552A>C	Benign synonymous, SpliceAI<=0.1, PhastCons<1.0	0.814	-0.059	0.066			17.38	B	
GCM2	NM_004752.4	c.546C>G	Benign synonymous, SpliceAI<=0.1, PhastCons<1.0	0.997	0.883	0.099			12.56	A	
GCM2	NM_004752.4	c.546C>A	Benign synonymous, SpliceAI<=0.1, PhastCons<1.0	0.997	0.883	0.099			12.87	A	
GCM2	NM_004752.4	c.534A>T	Benign synonymous, SpliceAI<=0.1, PhastCons<1.0	0.872	-0.069	0.117			11.96	B	
GCM2	NM_004752.4	c.534A>C	Benign synonymous, SpliceAI<=0.1, PhastCons<1.0	0.872	-0.069	0.117			11.72	B	
GCM2	NM_004752.4	c.531A>T	Benign synonymous, SpliceAI<=0.1, PhastCons<1.0	0.999	0.525	0.297			23.0	P	
GCM2	NM_004752.4	c.531A>C	Benign synonymous, SpliceAI<=0.1, PhastCons<1.0	0.999	0.525	0.297			23.0	P	
GCM2	NM_004752.4	c.528G>T	Benign synonymous, SpliceAI<=0.1, PhastCons<1.0	0.998	0.59	0.396			23.8	P	
GCM2	NM_004752.4	c.528G>C	Benign synonymous, SpliceAI<=0.1, PhastCons<1.0	0.998	0.59	0.395			23.3	P	
GCM2	NM_004752.4	c.495A>T	Benign synonymous, SpliceAI<=0.1, PhastCons<1.0	0.886	-0.037	0.644			21.2	P	
GCM2	NM_004752.4	c.495A>C	Benign synonymous, SpliceAI<=0.1, PhastCons<1.0	0.886	-0.037	0.644			21.1	P	
GCM2	NM_004752.4	c.474T>G	Benign synonymous, SpliceAI<=0.1, PhastCons<1.0	0.999	0.58	0.803			21.3	P	
GCM2	NM_004752.4	c.474T>A	Benign synonymous, SpliceAI<=0.1, PhastCons<1.0	0.999	0.58	0.803			21.1	P	
GCM2	NM_004752.4	c.471T>G	Benign synonymous, SpliceAI<=0.1, PhastCons<1.0	0.985	0.446	0.803			19.31	P	
GCM2	NM_004752.4	c.471T>A	Benign synonymous, SpliceAI<=0.1, PhastCons<1.0	0.985	0.446	0.804			19.26	P	
GCM2	NM_004752.4	c.462G>T	Benign synonymous, SpliceAI<=0.1, PhastCons<1.0	0.997	0.387	0.639			21.0	P	
GCM2	NM_004752.4	c.462G>C	Benign synonymous, SpliceAI<=0.1, PhastCons<1.0	0.997	0.387	0.639			21.1	P	
GCM2	NM_004752.4	c.441C>G	Benign synonymous, SpliceAI<=0.1, PhastCons<1.0	0.017	-0.814	0.113			0.011	B	
GCM2	NM_004752.4	c.441C>A	Benign synonymous, SpliceAI<=0.1, PhastCons<1.0	0.017	-0.814	0.113			0.014	B	
GCM2	NM_004752.4	c.435T>G	Benign synonymous, SpliceAI<=0.1, PhastCons<1.0	0.631	-0.056	0.171			8.082	B	
GCM2	NM_004752.4	c.435T>A	Benign synonymous, SpliceAI<=0.1, PhastCons<1.0	0.631	-0.056	0.171			7.309	B	
GCM2	NM_004752.4	c.427C>T	Benign synonymous, SpliceAI<=0.1, PhastCons<1.0	0.999	0.48	0.725		4.43000e-06	23.7	P	
GCM2	NM_004752.4	c.427C>G	Benign synonymous, SpliceAI<=0.1, PhastCons<1.0	0.999	0.48	0.739			22.5	P	
GCM2	NM_004752.4	c.408C>G	Benign synonymous, SpliceAI<=0.1, PhastCons<1.0	0.976	0.149				34.0		
GCM2	NM_004752.4	c.408C>A	Benign synonymous, SpliceAI<=0.1, PhastCons<1.0	0.976	0.149				34.0		Pathogenic
GCM2	NM_004752.4	c.402C>G	Benign synonymous, SpliceAI<=0.1, PhastCons<1.0	0.03	-0.542	0.539			13.66	P	
GCM2	NM_004752.4	c.402C>A	Benign synonymous, SpliceAI<=0.1, PhastCons<1.0	0.03	-0.542	0.539			12.31	P	
GCM2	NM_004752.4	c.379T>G	Benign synonymous, SpliceAI<=0.1, PhastCons<1.0	0.002	-0.165	0.449			18.92	P	
GCM2	NM_004752.4	c.379T>A	Benign synonymous, SpliceAI<=0.1, PhastCons<1.0	0.002	-0.165	0.494			14.55	A	
GCM2	NM_004752.4	c.378G>T	Benign synonymous, SpliceAI<=0.1, PhastCons<1.0	0.001	-0.19	0.472			22.4	A	
GCM2	NM_004752.4	c.378G>C	Benign synonymous, SpliceAI<=0.1, PhastCons<1.0	0.001	-0.19	0.472		1.83000e-06	20.3	A	Uncertain_significance
GCM2	NM_004752.4	c.375G>T	Benign synonymous, SpliceAI<=0.1, PhastCons<1.0	0.994	0.341	0.703			26.0	P	
GCM2	NM_004752.4	c.375G>C	Benign synonymous, SpliceAI<=0.1, PhastCons<1.0	0.994	0.341	0.703			25.9	P	
GCM2	NM_004752.4	c.366T>G	Benign synonymous, SpliceAI<=0.1, PhastCons<1.0	0.897	0.014	0.076			5.348	B	
GCM2	NM_004752.4	c.366T>A	Benign synonymous, SpliceAI<=0.1, PhastCons<1.0	0.897	0.014	0.076			5.1	B	
GCM2	NM_004752.4	c.363T>G	Benign synonymous, SpliceAI<=0.1, PhastCons<1.0	0.976	0.241	0.798			23.3	P	
GCM2	NM_004752.4	c.363T>A	Benign synonymous, SpliceAI<=0.1, PhastCons<1.0	0.976	0.241				36.0		
GCM2	NM_004752.4	c.354C>G	Benign synonymous, SpliceAI<=0.1, PhastCons<1.0	0.996	0.564	0.727			21.6	P	
GCM2	NM_004752.4	c.354C>A	Benign synonymous, SpliceAI<=0.1, PhastCons<1.0	0.996	0.564				34.0		
GCM2	NM_004752.4	c.350C>T	Likely_benign FAF >0.1%, REVEL <0.29, SpliceAI<=0.1	0.135	1.156	0.067		0.0113040	8.889	B	Benign
GCM2	NM_004752.4	c.348G>T	Benign synonymous, SpliceAI<=0.1, PhastCons<1.0	0.778	1.19	0.471			18.88	P	
GCM2	NM_004752.4	c.348G>C	Benign synonymous, SpliceAI<=0.1, PhastCons<1.0	0.778	1.19	0.471			18.02	P	
GCM2	NM_004752.4	c.336A>T	Benign synonymous, SpliceAI<=0.1, PhastCons<1.0	0.994	0.388	0.747			23.0	P	
GCM2	NM_004752.4	c.336A>C	Benign synonymous, SpliceAI<=0.1, PhastCons<1.0	0.994	0.388	0.747			23.0	P	
GCM2	NM_004752.4	c.328C>T	Benign synonymous, SpliceAI<=0.1, PhastCons<1.0	0.979	1.728	0.628		4.36800e-05	24.0	P	Uncertain_significance
GCM2	NM_004752.4	c.328C>G	Benign synonymous, SpliceAI<=0.1, PhastCons<1.0	0.979	1.728	0.634			22.2	P	
GCM2	NM_004752.4	c.324G>T	Benign synonymous, SpliceAI<=0.1, PhastCons<1.0	0.99	0.352	0.684			23.6	P	
GCM2	NM_004752.4	c.324G>C	Benign synonymous, SpliceAI<=0.1, PhastCons<1.0	0.99	0.352	0.684			23.6	P	
GCM2	NM_004752.4	c.318C>G	Benign synonymous, SpliceAI<=0.1, PhastCons<1.0	0.458	-0.265	0.697			21.8	P	
GCM2	NM_004752.4	c.318C>A	Benign synonymous, SpliceAI<=0.1, PhastCons<1.0	0.458	-0.265				35.0		
GCM2	NM_004752.4	c.306G>T	Benign synonymous, SpliceAI<=0.1, PhastCons<1.0	0.025	-0.95	0.733			19.26	P	
GCM2	NM_004752.4	c.306G>C	Benign synonymous, SpliceAI<=0.1, PhastCons<1.0	0.025	-0.95	0.733			19.3	P	
GCM2	NM_004752.4	c.304A>T	Benign synonymous, SpliceAI<=0.1, PhastCons<1.0	0.991	1.989	0.858			24.1	P	
GCM2	NM_004752.4	c.304A>G	Benign synonymous, SpliceAI<=0.1, PhastCons<1.0	0.991	1.989	0.857			24.0	P	
GCM2	NM_004752.4	c.285C>G	Benign synonymous, SpliceAI<=0.1, PhastCons<1.0	0.004	-1.239	0.327			0.054	A	
GCM2	NM_004752.4	c.285C>A	Benign synonymous, SpliceAI<=0.1, PhastCons<1.0	0.004	-1.239	0.328			0.027	A	
GCM2	NM_004752.4	c.273C>G	Benign synonymous, SpliceAI<=0.1, PhastCons<1.0	0.549	0.772	0.792			19.6	P	
GCM2	NM_004752.4	c.273C>A	Benign synonymous, SpliceAI<=0.1, PhastCons<1.0	0.549	0.772				33.0		
GCM2	NM_004752.4	c.267G>T	Benign synonymous, SpliceAI<=0.1, PhastCons<1.0	0.0	-0.373	0.147			12.43	B	
GCM2	NM_004752.4	c.267G>C	Benign synonymous, SpliceAI<=0.1, PhastCons<1.0	0.0	-0.373	0.147			11.36	B	
GCM2	NM_004752.4	c.261T>G	Benign synonymous, SpliceAI<=0.1, PhastCons<1.0	0.013	-0.234	0.713			17.43	P	
GCM2	NM_004752.4	c.261T>A	Benign synonymous, SpliceAI<=0.1, PhastCons<1.0	0.013	-0.234				28.7		
GCM2	NM_004752.4	c.186C>G	Benign synonymous, SpliceAI<=0.1, PhastCons<1.0	0.042	-0.793	0.750			20.8	P	
GCM2	NM_004752.4	c.186C>A	Benign synonymous, SpliceAI<=0.1, PhastCons<1.0	0.042	-0.793	0.750		2.80000e-07	20.6	P	
GCM2	NM_004752.4	c.168G>T	Benign synonymous, SpliceAI<=0.1, PhastCons<1.0	0.947	0.081	0.129			17.05	A	Uncertain_significance
GCM2	NM_004752.4	c.168G>C	Benign synonymous, SpliceAI<=0.1, PhastCons<1.0	0.947	0.081	0.129		0.00662762	16.93	A	Benign/Likely_benign
GCM2	NM_004752.4	c.159T>G	Benign synonymous, SpliceAI<=0.1, PhastCons<1.0	0.0	-1.669	0.122			0.002	B	
GCM2	NM_004752.4	c.159T>A	Benign synonymous, SpliceAI<=0.1, PhastCons<1.0	0.0	-1.669	0.122			0.002	B	
GCM2	NM_004752.4	c.157G>A	Likely_benign FAF >0.1%, REVEL <0.29, SpliceAI<=0.1	0.553	2.355	0.195		0.00668089	15.28	B	Benign/Likely_benign
GCM2	NM_004752.4	c.156C>G	Benign synonymous, SpliceAI<=0.1, PhastCons<1.0	0.0	-2.724	0.312			0.072	B	
GCM2	NM_004752.4	c.156C>A	Benign synonymous, SpliceAI<=0.1, PhastCons<1.0	0.0	-2.724	0.312			0.05	B	
GCM2	NM_004752.4	c.153C>G	Benign synonymous, SpliceAI<=0.1, PhastCons<1.0	0.331	0.449	0.117			13.88	B	
GCM2	NM_004752.4	c.153C>A	Benign synonymous, SpliceAI<=0.1, PhastCons<1.0	0.331	0.449	0.117			9.77	B	
GCM2	NM_004752.4	c.135T>G	Benign synonymous, SpliceAI<=0.1, PhastCons<1.0	0.0	-1.972				22.2		
GCM2	NM_004752.4	c.135T>A	Benign synonymous, SpliceAI<=0.1, PhastCons<1.0	0.0	-1.972				21.9		
GCM2	NM_004752.4	c.129C>G	Benign synonymous, SpliceAI<=0.1, PhastCons<1.0	0.829	-0.038	0.467		0.00285323	4.337	A	Likely_benign
GCM2	NM_004752.4	c.129C>A	Benign synonymous, SpliceAI<=0.1, PhastCons<1.0	0.829	-0.038	0.468			3.104	A	
GCM2	NM_004752.4	c.120G>T	Benign synonymous, SpliceAI<=0.1, PhastCons<1.0	0.67	-0.107	0.573			19.57	P	
GCM2	NM_004752.4	c.120G>C	Benign synonymous, SpliceAI<=0.1, PhastCons<1.0	0.67	-0.107	0.571			19.62	P	
GCM2	NM_004752.4	c.111A>T	Benign synonymous, SpliceAI<=0.1, PhastCons<1.0	0.998	0.949	0.083			10.96	B	
GCM2	NM_004752.4	c.111A>C	Benign synonymous, SpliceAI<=0.1, PhastCons<1.0	0.998	0.949	0.083			11.03	B	
GCM2	NM_004752.4	c.108C>G	Benign synonymous, SpliceAI<=0.1, PhastCons<1.0	0.99	0.801	0.600			22.1	P	
GCM2	NM_004752.4	c.108C>A	Benign synonymous, SpliceAI<=0.1, PhastCons<1.0	0.99	0.801	0.600			22.0	P	
GCM2	NM_004752.4	c.105T>G	Benign synonymous, SpliceAI<=0.1, PhastCons<1.0	0.115	-0.508	0.478			12.97	P	
GCM2	NM_004752.4	c.105T>A	Benign synonymous, SpliceAI<=0.1, PhastCons<1.0	0.115	-0.508	0.478			13.15	P	
GCM2	NM_004752.4	c.81G>T	Benign synonymous, SpliceAI<=0.1, PhastCons<1.0	0.361	-0.298	0.145			19.08	B	
GCM2	NM_004752.4	c.81G>C	Benign synonymous, SpliceAI<=0.1, PhastCons<1.0	0.361	-0.298	0.145			19.14	B	
GCM2	NM_004752.4	c.72C>G	Benign synonymous, SpliceAI<=0.1, PhastCons<1.0	0.999	0.491	0.565		2.80000e-07	22.4	P	
GCM2	NM_004752.4	c.72C>A	Benign synonymous, SpliceAI<=0.1, PhastCons<1.0	0.999	0.491	0.565			22.4	P	
GCM2	NM_004752.4	c.60C>G	Benign synonymous, SpliceAI<=0.1, PhastCons<1.0	0.724	-0.213	0.123			16.45	A	
GCM2	NM_004752.4	c.60C>A	Benign synonymous, SpliceAI<=0.1, PhastCons<1.0	0.724	-0.213	0.123		2.92000e-06	16.14	A	Uncertain_significance
GCM2	NM_004752.4	c.45C>G	Benign synonymous, SpliceAI<=0.1, PhastCons<1.0	0.936	0.054				27.2		
GCM2	NM_004752.4	c.45C>A	Benign synonymous, SpliceAI<=0.1, PhastCons<1.0	0.936	0.054			1.10700e-05	27.0		
GCM2	NM_004752.4	c.39C>G	Benign synonymous, SpliceAI<=0.1, PhastCons<1.0	0.903	0.324	0.108			14.82	B	
GCM2	NM_004752.4	c.39C>A	Benign synonymous, SpliceAI<=0.1, PhastCons<1.0	0.903	0.324			2.47000e-06	32.0		
GCM2	NM_004752.4	c.35T>A	Likely_benign FAF >0.1%, REVEL <0.29, SpliceAI<=0.1	0.0	0.034	0.230		0.00114218	4.81	B	
GCM2	NM_004752.4	c.24A>T	Benign synonymous, SpliceAI<=0.1, PhastCons<1.0	0.0	-0.502	0.177			0.404	B	
GCM2	NM_004752.4	c.24A>C	Benign synonymous, SpliceAI<=0.1, PhastCons<1.0	0.0	-0.502	0.177			0.393	B	
GCM2	NM_004752.4	c.21G>T	Benign synonymous, SpliceAI<=0.1, PhastCons<1.0	0.095	0.559	0.092			14.38	B	
GCM2	NM_004752.4	c.21G>C	Benign synonymous, SpliceAI<=0.1, PhastCons<1.0	0.095	0.559	0.088		0.00442764	14.47	B	Likely_benign
GNA11	NM_002067.5	c.7C>A	Benign synonymous, SpliceAI<=0.1, PhastCons<1.0	0.958	1.309	0.257			23.5	B	
GNA11	NM_002067.5	c.7C>G	Benign synonymous, SpliceAI<=0.1, PhastCons<1.0	0.958	1.309	0.228			23.3	B	
GNA11	NM_002067.5	c.27T>A	Benign synonymous, SpliceAI<=0.1, PhastCons<1.0	0.035	-1.109				37.0		
GNA11	NM_002067.5	c.27T>G	Benign synonymous, SpliceAI<=0.1, PhastCons<1.0	0.035	-1.109	0.491			23.4	P	
GNA11	NM_002067.5	c.39T>A	Benign synonymous, SpliceAI<=0.1, PhastCons<1.0	0.014	-1.368	0.170			13.68	B	
GNA11	NM_002067.5	c.39T>G	Benign synonymous, SpliceAI<=0.1, PhastCons<1.0	0.014	-1.368	0.170		2.90000e-07	13.7	B	
GNA11	NM_002067.5	c.51G>C	Benign synonymous, SpliceAI<=0.1, PhastCons<1.0	0.959	0.103	0.469			23.1	A	
GNA11	NM_002067.5	c.51G>T	Benign synonymous, SpliceAI<=0.1, PhastCons<1.0	0.959	0.103	0.469			23.1	A	
GNA11	NM_002067.5	c.57G>C	Benign synonymous, SpliceAI<=0.1, PhastCons<1.0	0.0	0.415	0.278			23.4	P	
GNA11	NM_002067.5	c.57G>T	Benign synonymous, SpliceAI<=0.1, PhastCons<1.0	0.0	0.415	0.279			23.4	P	
GNA11	NM_002067.5	c.58C>G	Benign synonymous, SpliceAI<=0.1, PhastCons<1.0	0.001	-0.07	0.603			24.5	P	
GNA11	NM_002067.5	c.58C>T	Benign synonymous, SpliceAI<=0.1, PhastCons<1.0	0.001	-0.07	0.586			25.3	P	
GNA11	NM_002067.5	c.66C>A	Benign synonymous, SpliceAI<=0.1, PhastCons<1.0	0.999	0.816	0.681			24.3	P	
GNA11	NM_002067.5	c.66C>G	Benign synonymous, SpliceAI<=0.1, PhastCons<1.0	0.999	0.816	0.681			24.3	P	
GNA11	NM_002067.5	c.78G>C	Benign synonymous, SpliceAI<=0.1, PhastCons<1.0	0.991	0.112	0.190			22.6	B	
GNA11	NM_002067.5	c.78G>T	Benign synonymous, SpliceAI<=0.1, PhastCons<1.0	0.991	0.112	0.190			23.3	B	
GNA11	NM_002067.5	c.91C>G	Benign synonymous, SpliceAI<=0.1, PhastCons<1.0	0.046	-0.182	0.688			25.1	P	
GNA11	NM_002067.5	c.91C>T	Benign synonymous, SpliceAI<=0.1, PhastCons<1.0	0.046	-0.182	0.751			26.1	P	
GNA11	NM_002067.5	c.96C>A	Benign synonymous, SpliceAI<=0.1, PhastCons<1.0	0.998	0.501	0.326			24.0	P	
GNA11	NM_002067.5	c.96C>G	Benign synonymous, SpliceAI<=0.1, PhastCons<1.0	0.998	0.501	0.326			24.0	P	
GNA11	NM_002067.5	c.109C>G	Benign synonymous, SpliceAI<=0.1, PhastCons<1.0	0.004	-0.012	0.612			25.5	P	
GNA11	NM_002067.5	c.109C>T	Benign synonymous, SpliceAI<=0.1, PhastCons<1.0	0.004	-0.012	0.758			27.9	P	
GNA11	NM_002067.5	c.123G>C	Benign synonymous, SpliceAI<=0.1, PhastCons<1.0	0.996	0.302	0.689			24.4	P	
GNA11	NM_002067.5	c.123G>T	Benign synonymous, SpliceAI<=0.1, PhastCons<1.0	0.996	0.302	0.688			24.5	P	
GNA11	NM_002067.5	c.127C>A	Benign synonymous, SpliceAI<=0.1, PhastCons<1.0	0.998	0.766	0.712			26.1	P	
GNA11	NM_002067.5	c.127C>G	Benign synonymous, SpliceAI<=0.1, PhastCons<1.0	0.998	0.766	0.777			26.2	P	
GNA11	NM_002067.5	c.150C>A	Benign synonymous, SpliceAI<=0.1, PhastCons<1.0	0.789	-0.097	0.817			23.0	P	
GNA11	NM_002067.5	c.150C>G	Benign synonymous, SpliceAI<=0.1, PhastCons<1.0	0.789	-0.097	0.817			23.1	P	
GNA11	NM_002067.5	c.156G>C	Benign synonymous, SpliceAI<=0.1, PhastCons<1.0	0.994	0.297	0.807			23.7	P	
GNA11	NM_002067.5	c.156G>T	Benign synonymous, SpliceAI<=0.1, PhastCons<1.0	0.994	0.297	0.807			23.9	P	
GNA11	NM_002067.5	c.189C>A	Benign synonymous, SpliceAI<=0.1, PhastCons<1.0	0.583	-0.131	0.654			9.528	P	
GNA11	NM_002067.5	c.189C>G	Benign synonymous, SpliceAI<=0.1, PhastCons<1.0	0.583	-0.131	0.654			11.64	P	
GNA11	NM_002067.5	c.193G>A	Likely_benign FAF >0.1%, REVEL <0.29, SpliceAI<=0.1	0.0	0.059	0.112		0.0165794	14.92	B	Benign/Likely_benign
GNA11	NM_002067.5	c.207G>C	Benign synonymous, SpliceAI<=0.1, PhastCons<1.0	0.997	0.397	0.193			15.84	B	
GNA11	NM_002067.5	c.207G>T	Benign synonymous, SpliceAI<=0.1, PhastCons<1.0	0.997	0.397	0.193			15.81	B	
GNA11	NM_002067.5	c.213C>A	Benign synonymous, SpliceAI<=0.1, PhastCons<1.0	0.999	0.751	0.255			22.0	A	
GNA11	NM_002067.5	c.213C>G	Benign synonymous, SpliceAI<=0.1, PhastCons<1.0	0.999	0.751	0.255			22.0	A	
GNA11	NM_002067.5	c.274C>G	Benign synonymous, SpliceAI<=0.1, PhastCons<1.0	0.116	0.58	0.360			22.1	B	
GNA11	NM_002067.5	c.274C>T	Benign synonymous, SpliceAI<=0.1, PhastCons<1.0	0.116	0.58	0.719		1.72400e-05	24.3	B	Uncertain_significance
GNA11	NM_002067.5	c.285G>C	Benign synonymous, SpliceAI<=0.1, PhastCons<1.0	0.022	-1.122	0.222			6.498	B	
GNA11	NM_002067.5	c.285G>T	Benign synonymous, SpliceAI<=0.1, PhastCons<1.0	0.022	-1.122	0.222			6.242	B	
GNA11	NM_002067.5	c.294G>C	Benign synonymous, SpliceAI<=0.1, PhastCons<1.0	0.998	0.495	0.272			21.0	B	
GNA11	NM_002067.5	c.294G>T	Benign synonymous, SpliceAI<=0.1, PhastCons<1.0	0.998	0.495	0.272			20.9	B	
GNA11	NM_002067.5	c.303C>A	Benign synonymous, SpliceAI<=0.1, PhastCons<1.0	0.998	3.275				48.0		
GNA11	NM_002067.5	c.303C>G	Benign synonymous, SpliceAI<=0.1, PhastCons<1.0	0.998	3.275				46.0		
GNA11	NM_002067.5	c.306G>C	Benign synonymous, SpliceAI<=0.1, PhastCons<1.0	0.038	0.508	0.306			22.0	B	
GNA11	NM_002067.5	c.306G>T	Benign synonymous, SpliceAI<=0.1, PhastCons<1.0	0.038	0.508	0.306			22.1	B	
GNA11	NM_002067.5	c.309C>A	Benign synonymous, SpliceAI<=0.1, PhastCons<1.0	0.004	-0.53				42.0		
GNA11	NM_002067.5	c.309C>G	Benign synonymous, SpliceAI<=0.1, PhastCons<1.0	0.004	-0.53				37.0		
GNA11	NM_002067.5	c.312G>C	Benign synonymous, SpliceAI<=0.1, PhastCons<1.0	0.968	0.127	0.258			17.13	B	
GNA11	NM_002067.5	c.312G>T	Benign synonymous, SpliceAI<=0.1, PhastCons<1.0	0.968	0.127	0.258			17.23	B	
GNA11	NM_002067.5	c.327T>A	Benign synonymous, SpliceAI<=0.1, PhastCons<1.0	0.055	-0.718	0.297			11.35	B	
GNA11	NM_002067.5	c.327T>G	Benign synonymous, SpliceAI<=0.1, PhastCons<1.0	0.055	-0.718	0.296			11.44	B	
GNA11	NM_002067.5	c.334C>A	Benign synonymous, SpliceAI<=0.1, PhastCons<1.0	0.368	0.35	0.221			20.4	B	
GNA11	NM_002067.5	c.334C>G	Benign synonymous, SpliceAI<=0.1, PhastCons<1.0	0.368	0.35	0.216		1.83000e-06	19.87	B	Uncertain_significance
GNA11	NM_002067.5	c.340C>G	Benign synonymous, SpliceAI<=0.1, PhastCons<1.0	0.997	1.156	0.519			23.8	B	
GNA11	NM_002067.5	c.340C>T	Benign synonymous, SpliceAI<=0.1, PhastCons<1.0	0.997	1.156	0.702		7.39000e-06	26.5	B	
GNA11	NM_002067.5	c.345G>C	Benign synonymous, SpliceAI<=0.1, PhastCons<1.0	0.231	-0.369	0.217			16.02	B	Uncertain_significance
GNA11	NM_002067.5	c.345G>T	Benign synonymous, SpliceAI<=0.1, PhastCons<1.0	0.231	-0.369	0.217		4.29000e-06	15.86	B	
GNA11	NM_002067.5	c.351C>A	Benign synonymous, SpliceAI<=0.1, PhastCons<1.0	0.233	-0.367	0.311			4.14	B	
GNA11	NM_002067.5	c.351C>G	Benign synonymous, SpliceAI<=0.1, PhastCons<1.0	0.233	-0.367	0.311			4.866	B	
GNA11	NM_002067.5	c.357G>C	Benign synonymous, SpliceAI<=0.1, PhastCons<1.0	0.985	0.23	0.269			16.27	B	
GNA11	NM_002067.5	c.357G>T	Benign synonymous, SpliceAI<=0.1, PhastCons<1.0	0.985	0.23	0.269			16.6	B	
GNA11	NM_002067.5	c.372C>A	Benign synonymous, SpliceAI<=0.1, PhastCons<1.0	0.004	-1.585	0.255			0.114	A	
GNA11	NM_002067.5	c.372C>G	Benign synonymous, SpliceAI<=0.1, PhastCons<1.0	0.004	-1.585	0.255			0.07	A	
GNA11	NM_002067.5	c.378T>A	Benign synonymous, SpliceAI<=0.1, PhastCons<1.0	0.006	-0.999	0.265			7.027	B	
GNA11	NM_002067.5	c.378T>G	Benign synonymous, SpliceAI<=0.1, PhastCons<1.0	0.006	-0.999	0.265			6.73	B	
GNA11	NM_002067.5	c.381G>C	Benign synonymous, SpliceAI<=0.1, PhastCons<1.0	0.045	-0.137	0.259			15.47	B	
GNA11	NM_002067.5	c.381G>T	Benign synonymous, SpliceAI<=0.1, PhastCons<1.0	0.045	-0.137	0.260			15.52	B	
GNA11	NM_002067.5	c.384C>A	Benign synonymous, SpliceAI<=0.1, PhastCons<1.0	0.013	-0.937				34.0		
GNA11	NM_002067.5	c.384C>G	Benign synonymous, SpliceAI<=0.1, PhastCons<1.0	0.013	-0.937				34.0		
GNA11	NM_002067.5	c.390T>A	Benign synonymous, SpliceAI<=0.1, PhastCons<1.0	0.0	-1.783	0.267			0.01	B	
GNA11	NM_002067.5	c.390T>G	Benign synonymous, SpliceAI<=0.1, PhastCons<1.0	0.0	-1.783	0.267			0.012	B	
GNA11	NM_002067.5	c.399G>C	Benign synonymous, SpliceAI<=0.1, PhastCons<1.0	0.991	1.978	0.447			24.7	A	
GNA11	NM_002067.5	c.399G>T	Benign synonymous, SpliceAI<=0.1, PhastCons<1.0	0.991	1.978	0.447			24.9	A	
GNA11	NM_002067.5	c.403C>A	Benign synonymous, SpliceAI<=0.1, PhastCons<1.0	0.236	0.825	0.767			21.1	A	
GNA11	NM_002067.5	c.403C>G	Benign synonymous, SpliceAI<=0.1, PhastCons<1.0	0.236	0.825	0.680			20.7	B	
GNA11	NM_002067.5	c.411G>C	Benign synonymous, SpliceAI<=0.1, PhastCons<1.0	0.0	-5.623	0.185			0.051	B	
GNA11	NM_002067.5	c.411G>T	Benign synonymous, SpliceAI<=0.1, PhastCons<1.0	0.0	-5.623	0.186			0.049	B	
GNA11	NM_002067.5	c.432C>A	Benign synonymous, SpliceAI<=0.1, PhastCons<1.0	0.93	0.031				37.0		
GNA11	NM_002067.5	c.432C>G	Benign synonymous, SpliceAI<=0.1, PhastCons<1.0	0.93	0.031	0.668			24.9	P	
GNA11	NM_002067.5	c.435C>A	Benign synonymous, SpliceAI<=0.1, PhastCons<1.0	0.005	-1.067				22.7		
GNA11	NM_002067.5	c.435C>G	Benign synonymous, SpliceAI<=0.1, PhastCons<1.0	0.005	-1.067				22.8		
GNA11	NM_002067.5	c.438C>A	Benign synonymous, SpliceAI<=0.1, PhastCons<1.0	0.995	0.49	0.238			18.38	B	
GNA11	NM_002067.5	c.438C>G	Benign synonymous, SpliceAI<=0.1, PhastCons<1.0	0.995	0.49	0.238			18.44	B	
GNA11	NM_002067.5	c.442A>G	Benign synonymous, SpliceAI<=0.1, PhastCons<1.0	0.0	-0.256	0.563			16.05	P	
GNA11	NM_002067.5	c.442A>T	Benign synonymous, SpliceAI<=0.1, PhastCons<1.0	0.0	-0.256	0.625			17.97	P	
GNA11	NM_002067.5	c.474G>C	Benign synonymous, SpliceAI<=0.1, PhastCons<1.0	0.996	0.464	0.508			20.8	P	
GNA11	NM_002067.5	c.474G>T	Benign synonymous, SpliceAI<=0.1, PhastCons<1.0	0.996	0.464	0.511			21.8	P	
GNA11	NM_002067.5	c.489C>A	Benign synonymous, SpliceAI<=0.1, PhastCons<1.0	0.001	-1.493	0.280			1.699	B	
GNA11	NM_002067.5	c.489C>G	Benign synonymous, SpliceAI<=0.1, PhastCons<1.0	0.001	-1.493	0.280			3.364	B	
GNA11	NM_002067.5	c.508T>A	Benign synonymous, SpliceAI<=0.1, PhastCons<1.0	0.0	0.109	0.175		0.00121908	16.33	B	Conflicting_classifications_of_pathogenicity
GNA11	NM_002067.5	c.508T>G	Benign synonymous, SpliceAI<=0.1, PhastCons<1.0	0.0	0.109	0.159			15.39	B	
GNA11	NM_002067.5	c.510G>C	Benign synonymous, SpliceAI<=0.1, PhastCons<1.0	0.0	-0.938	0.218			11.94	B	
GNA11	NM_002067.5	c.510G>T	Benign synonymous, SpliceAI<=0.1, PhastCons<1.0	0.0	-0.938	0.218			12.01	B	
GNA11	NM_002067.5	c.517C>A	Benign synonymous, SpliceAI<=0.1, PhastCons<1.0	0.973	0.179	0.239			21.3	B	
GNA11	NM_002067.5	c.517C>G	Benign synonymous, SpliceAI<=0.1, PhastCons<1.0	0.973	0.179	0.218			17.77	B	
GNA11	NM_002067.5	c.534C>A	Benign synonymous, SpliceAI<=0.1, PhastCons<1.0	0.874	-0.053	0.805			19.32	P	
GNA11	NM_002067.5	c.534C>G	Benign synonymous, SpliceAI<=0.1, PhastCons<1.0	0.874	-0.053	0.805			20.2	P	
GNA11	NM_002067.5	c.582C>A	Benign synonymous, SpliceAI<=0.1, PhastCons<1.0	0.935	0.019	0.738			20.6	P	
GNA11	NM_002067.5	c.582C>G	Benign synonymous, SpliceAI<=0.1, PhastCons<1.0	0.935	0.019	0.739			19.91	P	
GNA11	NM_002067.5	c.615T>A	Benign synonymous, SpliceAI<=0.1, PhastCons<1.0	0.135	-0.496	0.718			9.694	P	
GNA11	NM_002067.5	c.615T>G	Benign synonymous, SpliceAI<=0.1, PhastCons<1.0	0.135	-0.496	0.718			10.79	P	
GNA11	NM_002067.5	c.628C>G	Benign synonymous, SpliceAI<=0.1, PhastCons<1.0	0.998	0.753	0.566			15.88	P	
GNA11	NM_002067.5	c.628C>T	Benign synonymous, SpliceAI<=0.1, PhastCons<1.0	0.998	0.753	0.533		6.80000e-07	17.93	P	
GNA11	NM_002067.5	c.640A>G	Benign synonymous, SpliceAI<=0.1, PhastCons<1.0	0.067	0.535	0.742			23.1	P	
GNA11	NM_002067.5	c.640A>T	Benign synonymous, SpliceAI<=0.1, PhastCons<1.0	0.067	0.535	0.680			23.3	P	
GNA11	NM_002067.5	c.660T>A	Benign synonymous, SpliceAI<=0.1, PhastCons<1.0	0.708	-0.179	0.699			14.91	P	
GNA11	NM_002067.5	c.660T>G	Benign synonymous, SpliceAI<=0.1, PhastCons<1.0	0.708	-0.179	0.699			14.68	P	
GNA11	NM_002067.5	c.666C>A	Benign synonymous, SpliceAI<=0.1, PhastCons<1.0	0.157	-0.467	0.524			9.023	P	
GNA11	NM_002067.5	c.666C>G	Benign synonymous, SpliceAI<=0.1, PhastCons<1.0	0.157	-0.467	0.525			10.4	P	
GNA11	NM_002067.5	c.684T>A	Benign synonymous, SpliceAI<=0.1, PhastCons<1.0	0.995	0.455	0.681			20.9	P	
GNA11	NM_002067.5	c.684T>G	Benign synonymous, SpliceAI<=0.1, PhastCons<1.0	0.995	0.455	0.681			20.9	P	
GNA11	NM_002067.5	c.699C>A	Benign synonymous, SpliceAI<=0.1, PhastCons<1.0	0.988	0.277	0.647			19.65	P	
GNA11	NM_002067.5	c.699C>G	Benign synonymous, SpliceAI<=0.1, PhastCons<1.0	0.988	0.277	0.647			21.3	P	
GNA11	NM_002067.5	c.705C>A	Benign synonymous, SpliceAI<=0.1, PhastCons<1.0	0.958	0.107				36.0		
GNA11	NM_002067.5	c.705C>G	Benign synonymous, SpliceAI<=0.1, PhastCons<1.0	0.958	0.107				36.0		
GNA11	NM_002067.5	c.711A>C	Benign synonymous, SpliceAI<=0.1, PhastCons<1.0	0.992	0.332	0.706			21.0	P	
GNA11	NM_002067.5	c.711A>T	Benign synonymous, SpliceAI<=0.1, PhastCons<1.0	0.992	0.332	0.706			20.9	P	
GNA11	NM_002067.5	c.732C>A	Benign synonymous, SpliceAI<=0.1, PhastCons<1.0	0.0	-2.143	0.336			0.15	A	
GNA11	NM_002067.5	c.732C>G	Benign synonymous, SpliceAI<=0.1, PhastCons<1.0	0.0	-2.143	0.354			0.153	A	
GNA11	NM_002067.5	c.756A>C	Benign synonymous, SpliceAI<=0.1, PhastCons<1.0	0.967	0.234	0.514			21.6	P	
GNA11	NM_002067.5	c.756A>T	Benign synonymous, SpliceAI<=0.1, PhastCons<1.0	0.967	0.234	0.514			21.8	P	
GNA11	NM_002067.5	c.760C>A	Benign synonymous, SpliceAI<=0.1, PhastCons<1.0	0.984	2.685	0.664			21.6	P	
GNA11	NM_002067.5	c.760C>G	Benign synonymous, SpliceAI<=0.1, PhastCons<1.0	0.984	2.685	0.710			21.1	P	
GNA11	NM_002067.5	c.765C>A	Benign synonymous, SpliceAI<=0.1, PhastCons<1.0	0.577	0.42	0.850			23.7	P	
GNA11	NM_002067.5	c.765C>G	Benign synonymous, SpliceAI<=0.1, PhastCons<1.0	0.577	0.42	0.850			23.4	P	Uncertain_significance
GNA11	NM_002067.5	c.766C>G	Benign synonymous, SpliceAI<=0.1, PhastCons<1.0	0.563	0.115	0.364			22.0	A	
GNA11	NM_002067.5	c.766C>T	Benign synonymous, SpliceAI<=0.1, PhastCons<1.0	0.563	0.115	0.428		1.42500e-05	24.4	P	Uncertain_significance
GNA11	NM_002067.5	c.832C>A	Benign synonymous, SpliceAI<=0.1, PhastCons<1.0	0.991	0.475	0.753			23.2	P	
GNA11	NM_002067.5	c.832C>G	Benign synonymous, SpliceAI<=0.1, PhastCons<1.0	0.991	0.475	0.595			22.7	A	
GNA11	NM_002067.5	c.835C>A	Benign synonymous, SpliceAI<=0.1, PhastCons<1.0	0.995	0.917	0.721			21.7	P	
GNA11	NM_002067.5	c.835C>G	Benign synonymous, SpliceAI<=0.1, PhastCons<1.0	0.995	0.917	0.827			21.7	P	Uncertain_significance
GNA11	NM_002067.5	c.843C>A	Benign synonymous, SpliceAI<=0.1, PhastCons<1.0	0.998	0.476	0.189			13.11	B	
GNA11	NM_002067.5	c.843C>G	Benign synonymous, SpliceAI<=0.1, PhastCons<1.0	0.998	0.476	0.189			13.21	B	
GNA11	NM_002067.5	c.855C>A	Benign synonymous, SpliceAI<=0.1, PhastCons<1.0	0.027	0.285				36.0		
GNA11	NM_002067.5	c.855C>G	Benign synonymous, SpliceAI<=0.1, PhastCons<1.0	0.027	0.285				36.0		
GNA11	NM_002067.5	c.870C>A	Benign synonymous, SpliceAI<=0.1, PhastCons<1.0	0.95	0.144	0.325			21.6	A	
GNA11	NM_002067.5	c.870C>G	Benign synonymous, SpliceAI<=0.1, PhastCons<1.0	0.95	0.144	0.325			24.2	A	
GNA11	NM_002067.5	c.885C>A	Benign synonymous, SpliceAI<=0.1, PhastCons<1.0	0.008	-0.998	0.616			11.83	P	
GNA11	NM_002067.5	c.885C>G	Benign synonymous, SpliceAI<=0.1, PhastCons<1.0	0.008	-0.998	0.615			6.048	P	Uncertain_significance
GNA11	NM_002067.5	c.888T>A	Benign synonymous, SpliceAI<=0.1, PhastCons<1.0	0.009	-1.151	0.333			0.681	B	
GNA11	NM_002067.5	c.888T>G	Benign synonymous, SpliceAI<=0.1, PhastCons<1.0	0.009	-1.151	0.333			1.212	B	
GNA11	NM_002067.5	c.897G>C	Benign synonymous, SpliceAI<=0.1, PhastCons<1.0	0.986	0.521	0.337			22.0	B	
GNA11	NM_002067.5	c.897G>T	Benign synonymous, SpliceAI<=0.1, PhastCons<1.0	0.986	0.521	0.337			22.0	B	
GNA11	NM_002067.5	c.898C>G	Benign synonymous, SpliceAI<=0.1, PhastCons<1.0	0.985	0.645	0.298			23.9	B	
GNA11	NM_002067.5	c.898C>T	Benign synonymous, SpliceAI<=0.1, PhastCons<1.0	0.985	0.645	0.622			25.1	A	Uncertain_significance
GNA11	NM_002067.5	c.903C>A	Benign synonymous, SpliceAI<=0.1, PhastCons<1.0	0.029	-0.749	0.369			8.656	P	
GNA11	NM_002067.5	c.903C>G	Benign synonymous, SpliceAI<=0.1, PhastCons<1.0	0.029	-0.749	0.369			8.958	P	
GNA11	NM_002067.5	c.916C>G	Benign synonymous, SpliceAI<=0.1, PhastCons<1.0	0.241	0.943	0.410			24.7	P	
GNA11	NM_002067.5	c.916C>T	Benign synonymous, SpliceAI<=0.1, PhastCons<1.0	0.241	0.943	0.577		7.90000e-07	27.6	P	Uncertain_significance
GNA11	NM_002067.5	c.928C>A	Benign synonymous, SpliceAI<=0.1, PhastCons<1.0	0.975	2.13	0.602			24.7	A	
GNA11	NM_002067.5	c.928C>G	Benign synonymous, SpliceAI<=0.1, PhastCons<1.0	0.975	2.13	0.687			24.4	A	
GNA11	NM_002067.5	c.939C>A	Benign synonymous, SpliceAI<=0.1, PhastCons<1.0	0.131	-0.464	0.728			18.46	P	
GNA11	NM_002067.5	c.939C>G	Benign synonymous, SpliceAI<=0.1, PhastCons<1.0	0.131	-0.464	0.728			18.01	P	
GNA11	NM_002067.5	c.951C>A	Benign synonymous, SpliceAI<=0.1, PhastCons<1.0	0.999	0.641	0.611			23.6	P	
GNA11	NM_002067.5	c.951C>G	Benign synonymous, SpliceAI<=0.1, PhastCons<1.0	0.999	0.641	0.611			23.6	P	
GNA11	NM_002067.5	c.960C>A	Benign synonymous, SpliceAI<=0.1, PhastCons<1.0	0.145	-0.372	0.304			13.54	A	
GNA11	NM_002067.5	c.960C>G	Benign synonymous, SpliceAI<=0.1, PhastCons<1.0	0.145	-0.372	0.304			14.64	A	
GNA11	NM_002067.5	c.963C>A	Benign synonymous, SpliceAI<=0.1, PhastCons<1.0	0.984	0.767	0.220			23.4	B	
GNA11	NM_002067.5	c.963C>G	Benign synonymous, SpliceAI<=0.1, PhastCons<1.0	0.984	0.767	0.220			23.4	B	
GNA11	NM_002067.5	c.990T>A	Benign synonymous, SpliceAI<=0.1, PhastCons<1.0	0.858	-0.029				35.0		
GNA11	NM_002067.5	c.990T>G	Benign synonymous, SpliceAI<=0.1, PhastCons<1.0	0.858	-0.029	0.702			21.2	P	
GNA11	NM_002067.5	c.1017C>A	Benign synonymous, SpliceAI<=0.1, PhastCons<1.0	0.025	-0.886	0.358			16.94	P	
GNA11	NM_002067.5	c.1017C>G	Benign synonymous, SpliceAI<=0.1, PhastCons<1.0	0.025	-0.886	0.358			16.63	P	
GNA11	NM_002067.5	c.1023C>A	Benign synonymous, SpliceAI<=0.1, PhastCons<1.0	0.536	-0.189	0.670			21.8	P	
GNA11	NM_002067.5	c.1023C>G	Benign synonymous, SpliceAI<=0.1, PhastCons<1.0	0.536	-0.189	0.670			21.7	P	Pathogenic
GNA11	NM_002067.5	c.1065G>C	Benign synonymous, SpliceAI<=0.1, PhastCons<1.0	0.989	0.148	0.306			21.1	B	
GNA11	NM_002067.5	c.1065G>T	Benign synonymous, SpliceAI<=0.1, PhastCons<1.0	0.989	0.148	0.306			21.1	B	
GNA11	NM_002067.5	c.1068C>A	Benign synonymous, SpliceAI<=0.1, PhastCons<1.0	0.992	0.408				41.0		
GNA11	NM_002067.5	c.1068C>G	Benign synonymous, SpliceAI<=0.1, PhastCons<1.0	0.992	0.408				41.0		
GOT2	NM_002080.4	c.1037T>G	Benign FAF >5%	1.0	2.618	.;.;.;.;0.219;.;.;.;.;.;.;.;.;.;.;.;0.219		0.872126	18.82	.;.;.;.;B;.;.;.;.;.;.;.;.;.;.;.;LB	Benign
GOT2	NM_002080.4	c.1020-15A>T	Benign synonymous, SpliceAI<=0.1, PhastCons<1.0, PhyloP<0.1, intronic_ROI(-15)	0.0	-3.295	.;.;.			0.006	.;.;.	
GOT2	NM_002080.4	c.1020-15A>G	Benign synonymous, SpliceAI<=0.1, PhastCons<1.0, PhyloP<0.1, intronic_ROI(-15)	0.0	-3.295	.;.;.		0.00217823	0.008	.;.;.	Benign
GOT2	NM_002080.4	c.1020-15A>C	Benign synonymous, SpliceAI<=0.1, PhastCons<1.0, PhyloP<0.1, intronic_ROI(-15)	0.0	-3.295	.;.;.			0.007	.;.;.	
GOT2	NM_002080.4	c.562G>A	Benign FAF >5%	1.0	6.039	.;.;.;0.423;.;.;.;.;.;.;.;.;.;0.423		0.0879142	23.4	.;.;.;B;.;.;.;.;.;.;.;.;.;LB	Benign
GOT2	NM_002080.4	c.460G>A	Benign FAF >5%	1.0	6.035	.;.;.;0.067;.;.;.;.;.;.;.;.;.;0.067		0.0500398	21.8	.;.;.;B;.;.;.;.;.;.;.;.;.;LB	Benign
GOT2	NM_002080.4	c.4G>T	Benign FAF >5%	1.0	3.42	.;.;.;.;0.106;.;.;.;.;.;.;.;.;.;.;.;.;0.106		0.139620	20.7	.;.;.;.;B;.;.;.;.;.;.;.;.;.;.;.;.;LB	Benign
GPC3	NM_004484.4	c.1166+3270T>C	Benign FAF >5%	0.324	1.961			0.131346	8.1		
GPC3	NM_004484.4	c.1033-4218A>G	Likely_benign FAF >0.1%, REVEL <0.29, SpliceAI<=0.1	0.003	0.036	0.087		0.00168623	6.927	LB	Uncertain_significance
GPR161	NM_001349632.1	c.1327G>T	Benign synonymous, SpliceAI<=0.1, PhastCons<1.0	0.631	1.022	.;.;.;.;.;.			17.28	.;.;.;.;.;.	
GPR161	NM_001349632.1	c.1327G>C	Benign synonymous, SpliceAI<=0.1, PhastCons<1.0	0.631	1.022	.;.;.;.;.;.			19.53	.;.;.;.;.;.	
GPR161	NM_001349632.1	c.1327G>A	Benign synonymous, SpliceAI<=0.1, PhastCons<1.0	0.631	1.022	.;.;.;.;.;.			18.16	.;.;.;.;.;.	
GPR161	NM_001349632.1	c.1326A>T	Benign synonymous, SpliceAI<=0.1, PhastCons<1.0	0.012	-1.608	.;.;.;.;.;.			2.58	.;.;.;.;.;.	
GPR161	NM_001349632.1	c.1326A>G	Benign synonymous, SpliceAI<=0.1, PhastCons<1.0	0.012	-1.608	.;.;.;.;.;.			2.893	.;.;.;.;.;.	
GPR161	NM_001349632.1	c.1326A>C	Benign synonymous, SpliceAI<=0.1, PhastCons<1.0	0.012	-1.608	.;.;.;.;.;.			2.663	.;.;.;.;.;.	
GPR161	NM_001349632.1	c.-139+1G>T	Benign synonymous, SpliceAI<=0.1, PhastCons<1.0, PhyloP<0.1, intronic_ROI(+1)	0.004	-0.054				5.326		
GPR161	NM_001349632.1	c.-139+1G>C	Benign synonymous, SpliceAI<=0.1, PhastCons<1.0, PhyloP<0.1, intronic_ROI(+1)	0.004	-0.054				5.518		
GPR161	NM_001349632.1	c.-139+1G>A	Benign synonymous, SpliceAI<=0.1, PhastCons<1.0, PhyloP<0.1, intronic_ROI(+1)	0.004	-0.054				5.69		
GPR161	NM_001349632.1	c.-143A>T	Benign synonymous, SpliceAI<=0.1, PhastCons<1.0	0.026	1.594	0.057			10.05	LB	
GPR161	NM_001349632.1	c.-143A>C	Benign synonymous, SpliceAI<=0.1, PhastCons<1.0	0.026	1.594	0.063			10.11	LB	
GPR161	NM_001349632.1	c.-145A>T	Benign synonymous, SpliceAI<=0.1, PhastCons<1.0	0.0	-2.109				0.287		
GPR161	NM_001349632.1	c.-145A>G	Benign synonymous, SpliceAI<=0.1, PhastCons<1.0	0.0	-2.109	0.031			0.389	LB	
GPR161	NM_001349632.1	c.-270+907A>T	Benign FAF >5%	0.887	1.357	0.139		0.0870000	19.24	LB	Benign
GPR161	NM_001349632.1	c.-270+848T>C	Likely_benign FAF >0.1%, REVEL <0.29, SpliceAI<=0.1	0.001	0.31	0.122		0.00208812	7.085	LB	
GPR161	NM_001349632.1	c.-493T>G	Benign synonymous, SpliceAI<=0.1, PhastCons<1.0	0.996	0.863	.;.			16.09	.;.	
GPR161	NM_001349632.1	c.-493T>C	Benign synonymous, SpliceAI<=0.1, PhastCons<1.0	0.996	0.863	.;.			16.26	.;.	
GPR161	NM_001349632.1	c.-493T>A	Benign synonymous, SpliceAI<=0.1, PhastCons<1.0	0.996	0.863	.;.			15.95	.;.	
GPR161	NM_001349632.1	c.-494G>T	Benign synonymous, SpliceAI<=0.1, PhastCons<1.0	0.999	1.667	.;.			17.92	.;.	
GPR161	NM_001349632.1	c.-494G>C	Benign synonymous, SpliceAI<=0.1, PhastCons<1.0	0.999	1.667	.;.			17.92	.;.	
GPR161	NM_001349632.1	c.-494G>A	Benign synonymous, SpliceAI<=0.1, PhastCons<1.0	0.999	1.667	.;.		3.54100e-05	18.2	.;.	
GPR161	NM_001349632.1	c.-496A>T	Benign synonymous, SpliceAI<=0.1, PhastCons<1.0	0.995	0.067				15.2	LB	
GPR161	NM_001349632.1	c.-496A>C	Benign synonymous, SpliceAI<=0.1, PhastCons<1.0	0.995	0.067				15.11	LB	
GPR161	NM_001349632.1	c.-497A>T	Benign synonymous, SpliceAI<=0.1, PhastCons<1.0	0.997	1.143	0.135			17.02	LB	
GPR161	NM_001349632.1	c.-497A>C	Benign synonymous, SpliceAI<=0.1, PhastCons<1.0	0.997	1.143	0.135			17.2	LB	
GPR161	NM_001349632.1	c.-511G>T	Likely_benign FAF >0.1%, REVEL <0.29, SpliceAI<=0.1	0.001	0.321	0.118		0.0213137	13.41	LB	
GREM1	NM_013372.7	c.105G>A	Benign synonymous, SpliceAI<=0.1, PhastCons<1.0	0.0	-1.758			1.22100e-05	0.888		Likely_benign
GREM1	NM_013372.7	c.105G>C	Benign synonymous, SpliceAI<=0.1, PhastCons<1.0	0.0	-1.758				0.274		
GREM1	NM_013372.7	c.105G>T	Benign synonymous, SpliceAI<=0.1, PhastCons<1.0	0.0	-1.758				0.593		Likely_benign
H3-3A	NM_002107.6	c.290+2T>A	Benign synonymous, SpliceAI<=0.1, PhastCons<1.0, PhyloP<0.1, intronic_ROI(+2)	0.0	-1.997				0.046		
H3-3A	NM_002107.6	c.290+2T>C	Benign synonymous, SpliceAI<=0.1, PhastCons<1.0, PhyloP<0.1, intronic_ROI(+2)	0.0	-1.997				0.053		
H3-3A	NM_002107.6	c.290+2T>G	Benign synonymous, SpliceAI<=0.1, PhastCons<1.0, PhyloP<0.1, intronic_ROI(+2)	0.0	-1.997				0.049		
H3-3A	NM_002107.6	c.294+2T>A	Benign synonymous, SpliceAI<=0.1, PhastCons<1.0, PhyloP<0.1, intronic_ROI(+2)	0.0	-0.284	.;.			6.139	.;.	
H3-3A	NM_002107.6	c.294+2T>C	Benign synonymous, SpliceAI<=0.1, PhastCons<1.0, PhyloP<0.1, intronic_ROI(+2)	0.0	-0.284	.;.			6.511	.;.	
H3-3A	NM_002107.6	c.294+2T>G	Benign synonymous, SpliceAI<=0.1, PhastCons<1.0, PhyloP<0.1, intronic_ROI(+2)	0.0	-0.284	.;.			6.21	.;.	
H3-3A	NM_002107.6	c.301A>G	Benign synonymous, SpliceAI<=0.1, PhastCons<1.0	0.058	0.449	0.019			2.734	LB	
H3-3A	NM_002107.6	c.301A>T	Benign synonymous, SpliceAI<=0.1, PhastCons<1.0	0.058	0.449				2.775		
H3-3A	NM_002107.6	c.303A>C	Benign synonymous, SpliceAI<=0.1, PhastCons<1.0	0.0	-0.342	0.020			5.807	A	
H3-3A	NM_002107.6	c.303A>T	Benign synonymous, SpliceAI<=0.1, PhastCons<1.0	0.0	-0.342	0.020			5.668	A	
H3-3A	NM_002107.6	c.307A>G	Benign synonymous, SpliceAI<=0.1, PhastCons<1.0	0.011	0.241	0.059		6.20800e-05	7.335	LB	
H3-3A	NM_002107.6	c.307A>T	Benign synonymous, SpliceAI<=0.1, PhastCons<1.0	0.011	0.241				6.929		
H3-3A	NM_002107.6	c.309A>C	Benign synonymous, SpliceAI<=0.1, PhastCons<1.0	0.004	0.145	0.033			8.804	A	
H3-3A	NM_002107.6	c.309A>T	Benign synonymous, SpliceAI<=0.1, PhastCons<1.0	0.004	0.145	0.049			8.703	A	
H3-3A	NM_002107.6	c.315T>A	Benign synonymous, SpliceAI<=0.1, PhastCons<1.0	0.0	-2.15				0.722		
H3-3A	NM_002107.6	c.315T>G	Benign synonymous, SpliceAI<=0.1, PhastCons<1.0	0.0	-2.15	0.045			0.72	A	
H3-3A	NM_002107.6	c.330C>A	Benign synonymous, SpliceAI<=0.1, PhastCons<1.0	0.0	-0.724				6.67		
H3-3A	NM_002107.6	c.330C>G	Benign synonymous, SpliceAI<=0.1, PhastCons<1.0	0.0	-0.724				6.429		
H3-3A	NM_002107.6	c.333A>C	Benign synonymous, SpliceAI<=0.1, PhastCons<1.0	0.0	0.163	0.035			11.8	A	
H3-3A	NM_002107.6	c.333A>T	Benign synonymous, SpliceAI<=0.1, PhastCons<1.0	0.0	0.163	0.056			11.8	A	
H3-3A	NM_002107.6	c.336A>C	Benign synonymous, SpliceAI<=0.1, PhastCons<1.0	0.0	0.043	0.015			12.9	LB	
H3-3A	NM_002107.6	c.336A>T	Benign synonymous, SpliceAI<=0.1, PhastCons<1.0	0.0	0.043	0.015			12.84	LB	
H3-3A	NM_002107.6	c.339G>C	Benign synonymous, SpliceAI<=0.1, PhastCons<1.0	0.0	-2.751	0.017			0.08	LB	
H3-3A	NM_002107.6	c.339G>T	Benign synonymous, SpliceAI<=0.1, PhastCons<1.0	0.0	-2.751	0.017			0.078	LB	
H3-3A	NM_002107.6	c.342C>A	Benign synonymous, SpliceAI<=0.1, PhastCons<1.0	0.0	-1.021	0.073			3.793	LP	
H3-3A	NM_002107.6	c.342C>G	Benign synonymous, SpliceAI<=0.1, PhastCons<1.0	0.0	-1.021	0.056			4.293	LP	
H3-3A	NM_002107.6	c.345A>C	Benign synonymous, SpliceAI<=0.1, PhastCons<1.0	0.0	0.221	0.015			5.652	LB	
H3-3A	NM_002107.6	c.345A>T	Benign synonymous, SpliceAI<=0.1, PhastCons<1.0	0.0	0.221	0.014			5.357	LB	
H3-3A	NM_002107.6	c.357T>A	Benign synonymous, SpliceAI<=0.1, PhastCons<1.0	0.001	1.098				6.403		
H3-3A	NM_002107.6	c.357T>G	Benign synonymous, SpliceAI<=0.1, PhastCons<1.0	0.001	1.098	0.057			6.456	A	
H3-3A	NM_002107.6	c.363T>A	Benign synonymous, SpliceAI<=0.1, PhastCons<1.0	0.0	-0.44				0.172		
H3-3A	NM_002107.6	c.363T>G	Benign synonymous, SpliceAI<=0.1, PhastCons<1.0	0.0	-0.44				0.187		
H3-3A	NM_002107.6	c.371A>C	Benign synonymous, SpliceAI<=0.1, PhastCons<1.0	0.0	-2.249				1.009		
H3-3A	NM_002107.6	c.371A>T	Benign synonymous, SpliceAI<=0.1, PhastCons<1.0	0.0	-2.249				0.819		
H3-3A	NM_002107.6	c.372A>C	Benign synonymous, SpliceAI<=0.1, PhastCons<1.0	0.0	-1.809				0.587		
H3-3A	NM_002107.6	c.372A>T	Benign synonymous, SpliceAI<=0.1, PhastCons<1.0	0.0	-1.809				0.511		
HOXB13	NM_006361.5	c.855A>T	Benign synonymous, SpliceAI<=0.1, PhastCons<1.0	0.237	2.976				16.39		
HOXB13	NM_006361.5	c.855A>C	Benign synonymous, SpliceAI<=0.1, PhastCons<1.0	0.237	2.976				16.34		
HOXB13	NM_006361.5	c.854A>T	Benign synonymous, SpliceAI<=0.1, PhastCons<1.0	0.14	0.082				13.2		
HOXB13	NM_006361.5	c.854A>C	Benign synonymous, SpliceAI<=0.1, PhastCons<1.0	0.14	0.082				10.78		
HOXB13	NM_006361.5	c.843C>G	Benign synonymous, SpliceAI<=0.1, PhastCons<1.0	0.076	1.442	0.211			18.97	P	Uncertain_significance
HOXB13	NM_006361.5	c.843C>A	Benign synonymous, SpliceAI<=0.1, PhastCons<1.0	0.076	1.442	0.210			16.84	P	Uncertain_significance
HOXB13	NM_006361.5	c.840C>G	Benign synonymous, SpliceAI<=0.1, PhastCons<1.0	0.996	1.478	0.194			17.17	A	
HOXB13	NM_006361.5	c.840C>A	Benign synonymous, SpliceAI<=0.1, PhastCons<1.0	0.996	1.478	0.194			17.63	A	Uncertain_significance
HOXB13	NM_006361.5	c.837G>T	Benign synonymous, SpliceAI<=0.1, PhastCons<1.0	0.957	0.215	0.432			25.7	P	
HOXB13	NM_006361.5	c.837G>C	Benign synonymous, SpliceAI<=0.1, PhastCons<1.0	0.957	0.215	0.432			23.3	P	Uncertain_significance
HOXB13	NM_006361.5	c.832G>T	Likely_benign FAF >0.1%, REVEL <0.29, SpliceAI<=0.1	0.225	-0.238	0.272		0.00183299	16.82	B	Conflicting_classifications_of_pathogenicity
HOXB13	NM_006361.5	c.831G>T	Benign synonymous, SpliceAI<=0.1, PhastCons<1.0	0.635	0.983	0.665			24.4	P	
HOXB13	NM_006361.5	c.831G>C	Benign synonymous, SpliceAI<=0.1, PhastCons<1.0	0.635	0.983	0.663			24.5	P	Uncertain_significance
HOXB13	NM_006361.5	c.819G>T	Benign synonymous, SpliceAI<=0.1, PhastCons<1.0	0.363	-0.216	0.859			22.9	P	
HOXB13	NM_006361.5	c.819G>C	Benign synonymous, SpliceAI<=0.1, PhastCons<1.0	0.363	-0.216	0.859			23.2	P	Uncertain_significance
HOXB13	NM_006361.5	c.816G>T	Benign synonymous, SpliceAI<=0.1, PhastCons<1.0	0.985	0.336	0.878			24.1	P	Uncertain_significance
HOXB13	NM_006361.5	c.816G>C	Benign synonymous, SpliceAI<=0.1, PhastCons<1.0	0.985	0.336	0.878			24.1	P	
HOXB13	NM_006361.5	c.810A>T	Benign synonymous, SpliceAI<=0.1, PhastCons<1.0	0.993	0.423	0.900			25.5	P	
HOXB13	NM_006361.5	c.810A>C	Benign synonymous, SpliceAI<=0.1, PhastCons<1.0	0.993	0.423	0.900			25.7	P	
HOXB13	NM_006361.5	c.802C>T	Benign synonymous, SpliceAI<=0.1, PhastCons<1.0	0.0	-1.942	0.906		1.83000e-06	22.5	P	Uncertain_significance
HOXB13	NM_006361.5	c.802C>G	Benign synonymous, SpliceAI<=0.1, PhastCons<1.0	0.0	-1.942	0.919			21.4	P	Uncertain_significance
HOXB13	NM_006361.5	c.795G>T	Benign synonymous, SpliceAI<=0.1, PhastCons<1.0	0.975	0.244	0.947			26.1	P	Uncertain_significance
HOXB13	NM_006361.5	c.795G>C	Benign synonymous, SpliceAI<=0.1, PhastCons<1.0	0.975	0.244	0.948			26.4	P	
HOXB13	NM_006361.5	c.771G>T	Benign synonymous, SpliceAI<=0.1, PhastCons<1.0	0.999	0.804	0.765			24.2	P	
HOXB13	NM_006361.5	c.771G>C	Benign synonymous, SpliceAI<=0.1, PhastCons<1.0	0.999	0.804	0.765			24.3	P	
HOXB13	NM_006361.5	c.729G>T	Benign synonymous, SpliceAI<=0.1, PhastCons<1.0	0.459	-0.141	0.790			25.5	P	
HOXB13	NM_006361.5	c.729G>C	Benign synonymous, SpliceAI<=0.1, PhastCons<1.0	0.459	-0.141	0.790			25.6	P	
HOXB13	NM_006361.5	c.717G>T	Benign synonymous, SpliceAI<=0.1, PhastCons<1.0	0.8	-0.068	0.620			25.0	P	Uncertain_significance
HOXB13	NM_006361.5	c.717G>C	Benign synonymous, SpliceAI<=0.1, PhastCons<1.0	0.8	-0.068	0.620			25.0	P	
HOXB13	NM_006361.5	c.705T>G	Benign synonymous, SpliceAI<=0.1, PhastCons<1.0	0.996	0.439				35.0		
HOXB13	NM_006361.5	c.705T>A	Benign synonymous, SpliceAI<=0.1, PhastCons<1.0	0.996	0.439				35.0		
HOXB13	NM_006361.5	c.702G>T	Benign synonymous, SpliceAI<=0.1, PhastCons<1.0	0.999	0.659	0.846			23.2	P	
HOXB13	NM_006361.5	c.702G>C	Benign synonymous, SpliceAI<=0.1, PhastCons<1.0	0.999	0.659	0.846			23.2	P	Uncertain_significance
HOXB13	NM_006361.5	c.697C>T	Benign synonymous, SpliceAI<=0.1, PhastCons<1.0	0.895	3.288	0.840		6.80000e-07	32.0	A	Uncertain_significance
HOXB13	NM_006361.5	c.697C>G	Benign synonymous, SpliceAI<=0.1, PhastCons<1.0	0.895	3.288	0.751			27.6	A	Uncertain_significance
HOXB13	NM_006361.5	c.696G>T	Benign synonymous, SpliceAI<=0.1, PhastCons<1.0	0.857	0.206	0.868			23.7	P	
HOXB13	NM_006361.5	c.696G>C	Benign synonymous, SpliceAI<=0.1, PhastCons<1.0	0.857	0.206	0.868			23.8	P	Uncertain_significance
HOXB13	NM_006361.5	c.690G>T	Benign synonymous, SpliceAI<=0.1, PhastCons<1.0	0.791	-0.005	0.816			24.9	P	
HOXB13	NM_006361.5	c.690G>C	Benign synonymous, SpliceAI<=0.1, PhastCons<1.0	0.791	-0.005	0.816			24.9	P	
HOXB13	NM_006361.5	c.685C>T	Benign synonymous, SpliceAI<=0.1, PhastCons<1.0	0.999	4.013	0.702		1.24000e-06	31.0	A	Uncertain_significance
HOXB13	NM_006361.5	c.685C>G	Benign synonymous, SpliceAI<=0.1, PhastCons<1.0	0.999	4.013	0.689			26.3	P	Uncertain_significance
HOXB13	NM_006361.5	c.684G>T	Benign synonymous, SpliceAI<=0.1, PhastCons<1.0	0.096	-0.546	0.780			23.2	P	Uncertain_significance
HOXB13	NM_006361.5	c.684G>C	Benign synonymous, SpliceAI<=0.1, PhastCons<1.0	0.096	-0.546	0.780			23.4	P	
HOXB13	NM_006361.5	c.682T>G	Benign synonymous, SpliceAI<=0.1, PhastCons<1.0	0.994	1.237	0.750			21.3	P	
HOXB13	NM_006361.5	c.682T>A	Benign synonymous, SpliceAI<=0.1, PhastCons<1.0	0.994	1.237	0.755		6.80000e-07	21.9	P	Uncertain_significance
HOXB13	NM_006361.5	c.681G>T	Benign synonymous, SpliceAI<=0.1, PhastCons<1.0	0.97	0.208	0.942			24.5	P	
HOXB13	NM_006361.5	c.681G>C	Benign synonymous, SpliceAI<=0.1, PhastCons<1.0	0.97	0.208	0.942			24.5	P	
HOXB13	NM_006361.5	c.675G>T	Benign synonymous, SpliceAI<=0.1, PhastCons<1.0	0.975	0.271	0.682			24.9	P	
HOXB13	NM_006361.5	c.675G>C	Benign synonymous, SpliceAI<=0.1, PhastCons<1.0	0.975	0.271	0.682		2.80000e-07	24.9	P	Uncertain_significance
HOXB13	NM_006361.5	c.657A>T	Benign synonymous, SpliceAI<=0.1, PhastCons<1.0	0.001	-1.164	0.629			20.5	P	
HOXB13	NM_006361.5	c.657A>C	Benign synonymous, SpliceAI<=0.1, PhastCons<1.0	0.001	-1.164	0.629			20.6	P	Uncertain_significance
HOXB13	NM_006361.5	c.634G>A	Likely_benign FAF >0.1%, REVEL <0.29, SpliceAI<=0.1	0.0	-0.345	0.142		0.00325977	12.56	B	Conflicting_classifications_of_pathogenicity
HOXB13	NM_006361.5	c.633C>G	Benign synonymous, SpliceAI<=0.1, PhastCons<1.0	0.0	0.316	0.489			19.65	A	Uncertain_significance
HOXB13	NM_006361.5	c.633C>A	Benign synonymous, SpliceAI<=0.1, PhastCons<1.0	0.0	0.316			6.80000e-07	32.0		Uncertain_significance
HOXB13	NM_006361.5	c.627C>G	Benign synonymous, SpliceAI<=0.1, PhastCons<1.0	0.0	-1.784	0.236			0.006	B	Uncertain_significance
HOXB13	NM_006361.5	c.627C>A	Benign synonymous, SpliceAI<=0.1, PhastCons<1.0	0.0	-1.784	0.238			0.005	B	
HOXB13	NM_006361.5	c.618C>G	Benign synonymous, SpliceAI<=0.1, PhastCons<1.0	0.997	0.388	0.464			19.95	B	
HOXB13	NM_006361.5	c.618C>A	Benign synonymous, SpliceAI<=0.1, PhastCons<1.0	0.997	0.388	0.464			19.94	B	
HOXB13	NM_006361.5	c.609C>G	Benign synonymous, SpliceAI<=0.1, PhastCons<1.0	0.0	-1.23	0.139			16.34	A	Uncertain_significance
HOXB13	NM_006361.5	c.609C>A	Benign synonymous, SpliceAI<=0.1, PhastCons<1.0	0.0	-1.23	0.139		1.06400e-05	15.51	A	Uncertain_significance
HOXB13	NM_006361.5	c.603C>G	Benign synonymous, SpliceAI<=0.1, PhastCons<1.0	0.01	0.018	0.237			15.64	B	
HOXB13	NM_006361.5	c.603C>A	Benign synonymous, SpliceAI<=0.1, PhastCons<1.0	0.01	0.018	0.230			15.29	B	Uncertain_significance
HOXB13	NM_006361.5	c.597T>G	Benign synonymous, SpliceAI<=0.1, PhastCons<1.0	0.001	-0.183	0.233			16.78	P	
HOXB13	NM_006361.5	c.597T>A	Benign synonymous, SpliceAI<=0.1, PhastCons<1.0	0.001	-0.183	0.232			16.38	P	
HOXB13	NM_006361.5	c.588G>T	Benign synonymous, SpliceAI<=0.1, PhastCons<1.0	0.989	0.213	0.659			24.1	P	Uncertain_significance
HOXB13	NM_006361.5	c.588G>C	Benign synonymous, SpliceAI<=0.1, PhastCons<1.0	0.989	0.213	0.660			24.1	P	Uncertain_significance
HOXB13	NM_006361.5	c.582T>G	Benign synonymous, SpliceAI<=0.1, PhastCons<1.0	0.997	0.337	0.236			14.39	P	
HOXB13	NM_006361.5	c.582T>A	Benign synonymous, SpliceAI<=0.1, PhastCons<1.0	0.997	0.337	0.236			14.33	P	
HOXB13	NM_006361.5	c.567C>G	Benign synonymous, SpliceAI<=0.1, PhastCons<1.0	0.002	-0.088	0.191			19.0	B	Uncertain_significance
HOXB13	NM_006361.5	c.567C>A	Benign synonymous, SpliceAI<=0.1, PhastCons<1.0	0.002	-0.088	0.191			18.97	B	
HOXB13	NM_006361.5	c.564G>T	Benign synonymous, SpliceAI<=0.1, PhastCons<1.0	0.542	1.23	0.696			23.4	B	Uncertain_significance
HOXB13	NM_006361.5	c.564G>C	Benign synonymous, SpliceAI<=0.1, PhastCons<1.0	0.542	1.23	0.695			23.4	B	
HOXB13	NM_006361.5	c.561A>T	Benign synonymous, SpliceAI<=0.1, PhastCons<1.0	0.005	-1.585	0.232			12.63	B	Uncertain_significance
HOXB13	NM_006361.5	c.561A>C	Benign synonymous, SpliceAI<=0.1, PhastCons<1.0	0.005	-1.585	0.232			12.67	B	
HOXB13	NM_006361.5	c.543G>T	Benign synonymous, SpliceAI<=0.1, PhastCons<1.0	0.991	1.867	0.663		7.90000e-07	25.5	A	Uncertain_significance
HOXB13	NM_006361.5	c.543G>C	Benign synonymous, SpliceAI<=0.1, PhastCons<1.0	0.991	1.867	0.660			25.5	A	
HOXB13	NM_006361.5	c.540C>G	Benign synonymous, SpliceAI<=0.1, PhastCons<1.0	0.127	-0.46	0.332			21.3	P	
HOXB13	NM_006361.5	c.540C>A	Benign synonymous, SpliceAI<=0.1, PhastCons<1.0	0.127	-0.46	0.332			21.3	P	Uncertain_significance
HOXB13	NM_006361.5	c.537C>G	Benign synonymous, SpliceAI<=0.1, PhastCons<1.0	0.001	0.033	0.314			21.6	A	
HOXB13	NM_006361.5	c.537C>A	Benign synonymous, SpliceAI<=0.1, PhastCons<1.0	0.001	0.033	0.314			21.6	A	Uncertain_significance
HOXB13	NM_006361.5	c.504T>G	Benign synonymous, SpliceAI<=0.1, PhastCons<1.0	0.992	0.519	0.612			27.7	P	Uncertain_significance
HOXB13	NM_006361.5	c.504T>A	Benign synonymous, SpliceAI<=0.1, PhastCons<1.0	0.992	0.519	0.612			21.0	P	Uncertain_significance
HOXB13	NM_006361.5	c.501C>G	Benign synonymous, SpliceAI<=0.1, PhastCons<1.0	0.604	0.013	0.518			16.76	B	Uncertain_significance
HOXB13	NM_006361.5	c.501C>A	Benign synonymous, SpliceAI<=0.1, PhastCons<1.0	0.604	0.013	0.518			16.57	B	
HOXB13	NM_006361.5	c.492G>T	Benign synonymous, SpliceAI<=0.1, PhastCons<1.0	0.725	-0.047	0.676			21.9	B	
HOXB13	NM_006361.5	c.492G>C	Benign synonymous, SpliceAI<=0.1, PhastCons<1.0	0.725	-0.047	0.676			21.8	B	
HOXB13	NM_006361.5	c.490T>G	Benign synonymous, SpliceAI<=0.1, PhastCons<1.0	0.974	1.231	0.666			23.0	B	Uncertain_significance
HOXB13	NM_006361.5	c.490T>A	Benign synonymous, SpliceAI<=0.1, PhastCons<1.0	0.974	1.231	0.608			23.7	B	Uncertain_significance
HOXB13	NM_006361.5	c.487C>G	Benign synonymous, SpliceAI<=0.1, PhastCons<1.0	0.986	1.946	0.643			22.6	B	Uncertain_significance
HOXB13	NM_006361.5	c.487C>A	Benign synonymous, SpliceAI<=0.1, PhastCons<1.0	0.986	1.946	0.560			23.2	B	Uncertain_significance
HOXB13	NM_006361.5	c.483C>G	Benign synonymous, SpliceAI<=0.1, PhastCons<1.0	0.0	-2.082	0.261			2.93	B	Uncertain_significance
HOXB13	NM_006361.5	c.483C>A	Benign synonymous, SpliceAI<=0.1, PhastCons<1.0	0.0	-2.082	0.261			2.741	B	Uncertain_significance
HOXB13	NM_006361.5	c.480T>G	Benign synonymous, SpliceAI<=0.1, PhastCons<1.0	0.076	-0.773	0.650			17.45	B	
HOXB13	NM_006361.5	c.480T>A	Benign synonymous, SpliceAI<=0.1, PhastCons<1.0	0.076	-0.773	0.650			17.5	B	Uncertain_significance
HOXB13	NM_006361.5	c.475C>T	Benign synonymous, SpliceAI<=0.1, PhastCons<1.0	0.136	0.617			6.80000e-07	36.0		Uncertain_significance
HOXB13	NM_006361.5	c.475C>G	Benign synonymous, SpliceAI<=0.1, PhastCons<1.0	0.136	0.617	0.697			24.1	B	Uncertain_significance
HOXB13	NM_006361.5	c.471A>T	Benign synonymous, SpliceAI<=0.1, PhastCons<1.0	0.864	0.117	0.503			17.7	B	
HOXB13	NM_006361.5	c.471A>C	Benign synonymous, SpliceAI<=0.1, PhastCons<1.0	0.864	0.117	0.503			17.76	B	Uncertain_significance
HOXB13	NM_006361.5	c.454C>G	Benign synonymous, SpliceAI<=0.1, PhastCons<1.0	0.082	0.323	0.424			17.49	B	Uncertain_significance
HOXB13	NM_006361.5	c.454C>A	Benign synonymous, SpliceAI<=0.1, PhastCons<1.0	0.082	0.323	0.490			20.6	B	Uncertain_significance
HOXB13	NM_006361.5	c.450G>T	Benign synonymous, SpliceAI<=0.1, PhastCons<1.0	0.022	-0.152	0.569			24.2	A	
HOXB13	NM_006361.5	c.450G>C	Benign synonymous, SpliceAI<=0.1, PhastCons<1.0	0.022	-0.152	0.569		7.90000e-07	24.3	A	Uncertain_significance
HOXB13	NM_006361.5	c.435C>G	Benign synonymous, SpliceAI<=0.1, PhastCons<1.0	0.629	-0.126	0.674			20.9	P	
HOXB13	NM_006361.5	c.435C>A	Benign synonymous, SpliceAI<=0.1, PhastCons<1.0	0.629	-0.126	0.674			20.9	P	Uncertain_significance
HOXB13	NM_006361.5	c.426T>G	Benign synonymous, SpliceAI<=0.1, PhastCons<1.0	0.98	0.173	0.781			32.0	P	Uncertain_significance
HOXB13	NM_006361.5	c.426T>A	Benign synonymous, SpliceAI<=0.1, PhastCons<1.0	0.98	0.173	0.781			24.8	P	
HOXB13	NM_006361.5	c.399T>G	Benign synonymous, SpliceAI<=0.1, PhastCons<1.0	0.99	0.478				36.0		
HOXB13	NM_006361.5	c.399T>A	Benign synonymous, SpliceAI<=0.1, PhastCons<1.0	0.99	0.478				36.0		Uncertain_significance
HOXB13	NM_006361.5	c.390T>G	Benign synonymous, SpliceAI<=0.1, PhastCons<1.0	0.99	0.241				35.0		
HOXB13	NM_006361.5	c.390T>A	Benign synonymous, SpliceAI<=0.1, PhastCons<1.0	0.99	0.241				35.0		
HOXB13	NM_006361.5	c.381T>G	Benign synonymous, SpliceAI<=0.1, PhastCons<1.0	0.185	-0.372	0.341			18.9	P	
HOXB13	NM_006361.5	c.381T>A	Benign synonymous, SpliceAI<=0.1, PhastCons<1.0	0.185	-0.372	0.341			18.99	P	
HOXB13	NM_006361.5	c.378G>T	Benign synonymous, SpliceAI<=0.1, PhastCons<1.0	0.12	-0.276	0.599			21.0	B	Uncertain_significance
HOXB13	NM_006361.5	c.378G>C	Benign synonymous, SpliceAI<=0.1, PhastCons<1.0	0.12	-0.276	0.599			21.1	B	Uncertain_significance
HOXB13	NM_006361.5	c.366C>G	Benign synonymous, SpliceAI<=0.1, PhastCons<1.0	0.046	1.75	0.153			20.2	P	
HOXB13	NM_006361.5	c.366C>A	Benign synonymous, SpliceAI<=0.1, PhastCons<1.0	0.046	1.75	0.153		3.58400e-05	20.2	P	Uncertain_significance
HOXB13	NM_006361.5	c.360C>G	Benign synonymous, SpliceAI<=0.1, PhastCons<1.0	0.276	1.206				35.0		
HOXB13	NM_006361.5	c.360C>A	Benign synonymous, SpliceAI<=0.1, PhastCons<1.0	0.276	1.206				35.0		
HOXB13	NM_006361.5	c.357G>T	Benign synonymous, SpliceAI<=0.1, PhastCons<1.0	0.0	-2.675	0.051			14.23	B	
HOXB13	NM_006361.5	c.357G>C	Benign synonymous, SpliceAI<=0.1, PhastCons<1.0	0.0	-2.675	0.051			14.27	B	
HOXB13	NM_006361.5	c.354A>T	Benign synonymous, SpliceAI<=0.1, PhastCons<1.0	0.487	-0.175	0.094			16.46	B	
HOXB13	NM_006361.5	c.354A>C	Benign synonymous, SpliceAI<=0.1, PhastCons<1.0	0.487	-0.175	0.092			16.45	B	
HOXB13	NM_006361.5	c.336G>T	Benign synonymous, SpliceAI<=0.1, PhastCons<1.0	0.998	0.355	0.026			11.21	B	
HOXB13	NM_006361.5	c.336G>C	Benign synonymous, SpliceAI<=0.1, PhastCons<1.0	0.998	0.355	0.026			11.31	B	
HOXB13	NM_006361.5	c.327C>G	Benign synonymous, SpliceAI<=0.1, PhastCons<1.0	0.042	0.282			6.88000e-06	36.0		Uncertain_significance
HOXB13	NM_006361.5	c.327C>A	Benign synonymous, SpliceAI<=0.1, PhastCons<1.0	0.042	0.282				36.0		Uncertain_significance
HOXB13	NM_006361.5	c.316C>G	Benign synonymous, SpliceAI<=0.1, PhastCons<1.0	0.967	2.088	0.063			17.19	B	
HOXB13	NM_006361.5	c.316C>A	Benign synonymous, SpliceAI<=0.1, PhastCons<1.0	0.967	2.088	0.083			18.73	B	
HOXB13	NM_006361.5	c.300T>G	Benign synonymous, SpliceAI<=0.1, PhastCons<1.0	0.926	1.356	0.310			22.9	A	Uncertain_significance
HOXB13	NM_006361.5	c.300T>A	Benign synonymous, SpliceAI<=0.1, PhastCons<1.0	0.926	1.356				36.0		
HOXB13	NM_006361.5	c.294A>T	Benign synonymous, SpliceAI<=0.1, PhastCons<1.0	0.34	-0.344	0.275			21.7	P	
HOXB13	NM_006361.5	c.294A>C	Benign synonymous, SpliceAI<=0.1, PhastCons<1.0	0.34	-0.344	0.275			21.8	P	
HOXB13	NM_006361.5	c.289C>G	Benign synonymous, SpliceAI<=0.1, PhastCons<1.0	0.35	0.818	0.089			22.5	B	Uncertain_significance
HOXB13	NM_006361.5	c.289C>A	Benign synonymous, SpliceAI<=0.1, PhastCons<1.0	0.35	0.818	0.081			25.0	B	
HOXB13	NM_006361.5	c.285C>G	Benign synonymous, SpliceAI<=0.1, PhastCons<1.0	0.705	2.97	0.115			24.0	P	Uncertain_significance
HOXB13	NM_006361.5	c.285C>A	Benign synonymous, SpliceAI<=0.1, PhastCons<1.0	0.705	2.97	0.115			23.9	P	
HOXB13	NM_006361.5	c.264C>G	Benign synonymous, SpliceAI<=0.1, PhastCons<1.0	0.548	0.006				36.0		
HOXB13	NM_006361.5	c.264C>A	Benign synonymous, SpliceAI<=0.1, PhastCons<1.0	0.548	0.006				36.0		Uncertain_significance
HOXB13	NM_006361.5	c.249T>G	Benign synonymous, SpliceAI<=0.1, PhastCons<1.0	0.207	-0.267	0.279			21.8	P	
HOXB13	NM_006361.5	c.249T>A	Benign synonymous, SpliceAI<=0.1, PhastCons<1.0	0.207	-0.267	0.279			21.6	P	
HOXB13	NM_006361.5	c.240T>G	Benign synonymous, SpliceAI<=0.1, PhastCons<1.0	0.007	-1.003				33.0		
HOXB13	NM_006361.5	c.240T>A	Benign synonymous, SpliceAI<=0.1, PhastCons<1.0	0.007	-1.003			2.80000e-07	33.0		Uncertain_significance
HOXB13	NM_006361.5	c.213G>T	Benign synonymous, SpliceAI<=0.1, PhastCons<1.0	0.997	1.256	0.174			23.3	B	
HOXB13	NM_006361.5	c.213G>C	Benign synonymous, SpliceAI<=0.1, PhastCons<1.0	0.997	1.256	0.174			23.3	B	
HOXB13	NM_006361.5	c.198C>G	Benign synonymous, SpliceAI<=0.1, PhastCons<1.0	0.998	0.673	0.287			19.56	P	Uncertain_significance
HOXB13	NM_006361.5	c.198C>A	Benign synonymous, SpliceAI<=0.1, PhastCons<1.0	0.998	0.673			1.83000e-06	35.0		Uncertain_significance
HOXB13	NM_006361.5	c.192C>G	Benign synonymous, SpliceAI<=0.1, PhastCons<1.0	0.989	0.498	0.092			17.42	B	
HOXB13	NM_006361.5	c.192C>A	Benign synonymous, SpliceAI<=0.1, PhastCons<1.0	0.989	0.498	0.095			17.38	B	
HOXB13	NM_006361.5	c.183G>T	Benign synonymous, SpliceAI<=0.1, PhastCons<1.0	0.999	0.688	0.117			25.0	P	Uncertain_significance
HOXB13	NM_006361.5	c.183G>C	Benign synonymous, SpliceAI<=0.1, PhastCons<1.0	0.999	0.688	0.117			25.0	P	
HOXB13	NM_006361.5	c.174G>T	Benign synonymous, SpliceAI<=0.1, PhastCons<1.0	0.928	-0.008	0.060			14.47	B	
HOXB13	NM_006361.5	c.174G>C	Benign synonymous, SpliceAI<=0.1, PhastCons<1.0	0.928	-0.008	0.060			14.7	B	Uncertain_significance
HOXB13	NM_006361.5	c.157C>G	Benign synonymous, SpliceAI<=0.1, PhastCons<1.0	0.789	1.785	0.055			16.48	B	Uncertain_significance
HOXB13	NM_006361.5	c.157C>A	Benign synonymous, SpliceAI<=0.1, PhastCons<1.0	0.789	1.785	0.038			20.3	B	Uncertain_significance
HOXB13	NM_006361.5	c.156T>G	Benign synonymous, SpliceAI<=0.1, PhastCons<1.0	0.004	-1.243	0.052			9.752	B	
HOXB13	NM_006361.5	c.156T>A	Benign synonymous, SpliceAI<=0.1, PhastCons<1.0	0.004	-1.243	0.053			9.667	B	
HOXB13	NM_006361.5	c.151T>G	Benign synonymous, SpliceAI<=0.1, PhastCons<1.0	0.092	0.163	0.027			13.57	B	
HOXB13	NM_006361.5	c.151T>A	Benign synonymous, SpliceAI<=0.1, PhastCons<1.0	0.092	0.163	0.026			15.87	B	
HOXB13	NM_006361.5	c.144T>G	Benign synonymous, SpliceAI<=0.1, PhastCons<1.0	0.027	-0.329				34.0		
HOXB13	NM_006361.5	c.144T>A	Benign synonymous, SpliceAI<=0.1, PhastCons<1.0	0.027	-0.329				34.0		
HOXB13	NM_006361.5	c.124C>G	Benign synonymous, SpliceAI<=0.1, PhastCons<1.0	0.97	1.135	0.333			18.25	B	Uncertain_significance
HOXB13	NM_006361.5	c.124C>A	Benign synonymous, SpliceAI<=0.1, PhastCons<1.0	0.97	1.135	0.302			23.6	B	Uncertain_significance
HOXB13	NM_006361.5	c.108C>G	Benign synonymous, SpliceAI<=0.1, PhastCons<1.0	0.667	0.574	0.396			22.2	B	
HOXB13	NM_006361.5	c.108C>A	Benign synonymous, SpliceAI<=0.1, PhastCons<1.0	0.667	0.574	0.396			22.1	B	Uncertain_significance
HOXB13	NM_006361.5	c.97C>G	Benign synonymous, SpliceAI<=0.1, PhastCons<1.0	0.988	2.452	0.101			19.85	B	Uncertain_significance
HOXB13	NM_006361.5	c.97C>A	Benign synonymous, SpliceAI<=0.1, PhastCons<1.0	0.988	2.452	0.080			22.9	B	
HOXB13	NM_006361.5	c.73C>T	Benign synonymous, SpliceAI<=0.1, PhastCons<1.0	0.773	0.931	0.480			25.2	B	Uncertain_significance
HOXB13	NM_006361.5	c.73C>G	Benign synonymous, SpliceAI<=0.1, PhastCons<1.0	0.773	0.931	0.375			22.6	B	
HOXB13	NM_006361.5	c.55C>G	Benign synonymous, SpliceAI<=0.1, PhastCons<1.0	0.897	1.489	0.142			18.64	B	
HOXB13	NM_006361.5	c.55C>A	Benign synonymous, SpliceAI<=0.1, PhastCons<1.0	0.897	1.489	0.108			20.9	B	
HOXB13	NM_006361.5	c.54G>T	Benign synonymous, SpliceAI<=0.1, PhastCons<1.0	0.68	-0.033	0.289			18.16	B	Uncertain_significance
HOXB13	NM_006361.5	c.54G>C	Benign synonymous, SpliceAI<=0.1, PhastCons<1.0	0.68	-0.033	0.289			18.15	B	
HOXB13	NM_006361.5	c.52T>G	Benign synonymous, SpliceAI<=0.1, PhastCons<1.0	0.993	0.581	0.520			20.5	B	
HOXB13	NM_006361.5	c.52T>A	Benign synonymous, SpliceAI<=0.1, PhastCons<1.0	0.993	0.581	0.486			23.2	B	
HOXB13	NM_006361.5	c.48A>T	Benign synonymous, SpliceAI<=0.1, PhastCons<1.0	0.501	-0.368	0.191			16.11	B	Uncertain_significance
HOXB13	NM_006361.5	c.48A>C	Benign synonymous, SpliceAI<=0.1, PhastCons<1.0	0.501	-0.368	0.191			16.02	B	
HOXB13	NM_006361.5	c.42T>G	Benign synonymous, SpliceAI<=0.1, PhastCons<1.0	0.999	0.616	0.279			12.78	B	
HOXB13	NM_006361.5	c.42T>A	Benign synonymous, SpliceAI<=0.1, PhastCons<1.0	0.999	0.616	0.277			12.78	B	
HOXB13	NM_006361.5	c.30T>G	Benign synonymous, SpliceAI<=0.1, PhastCons<1.0	0.963	0.14	0.381			17.95	B	Uncertain_significance
HOXB13	NM_006361.5	c.30T>A	Benign synonymous, SpliceAI<=0.1, PhastCons<1.0	0.963	0.14	0.381			17.82	B	
IDH3B	NM_006899.5	c.*309G>T	Benign synonymous, SpliceAI<=0.1, PhastCons<1.0	0.01	0.11				7.129		
IDH3B	NM_006899.5	c.*309G>C	Benign synonymous, SpliceAI<=0.1, PhastCons<1.0	0.01	0.11				7.31		
IDH3B	NM_006899.5	c.*303C>G	Benign synonymous, SpliceAI<=0.1, PhastCons<1.0	0.0	-0.083	0.019			11.4	LB	
IDH3B	NM_006899.5	c.*303C>A	Benign synonymous, SpliceAI<=0.1, PhastCons<1.0	0.0	-0.083	0.023			11.23	LB	
IDH3B	NM_006899.5	c.*279G>T	Benign synonymous, SpliceAI<=0.1, PhastCons<1.0	0.999	0.671	0.090		6.80000e-07	16.39	LB	
IDH3B	NM_006899.5	c.*279G>C	Benign synonymous, SpliceAI<=0.1, PhastCons<1.0	0.999	0.671	0.106			16.47	LB	
IDH3B	NM_006899.5	c.*267T>G	Benign synonymous, SpliceAI<=0.1, PhastCons<1.0	0.027	-0.855	0.054		2.80000e-07	7.513	LB	
IDH3B	NM_006899.5	c.*267T>A	Benign synonymous, SpliceAI<=0.1, PhastCons<1.0	0.027	-0.855	0.066			8.695	LB	
IDH3B	NM_006899.5	c.*235A>G	Benign FAF >5%	1.0	6.832			0.187565	19.56	LB	Benign/Likely_benign
KIF1B	NM_001365951.2	c.430-2A>C	Benign synonymous, SpliceAI<=0.1, PhastCons<1.0, PhyloP<0.1, intronic_ROI(-2)	0.001	-0.059				8.234		
KIF1B	NM_001365951.2	c.430-2A>G	Benign synonymous, SpliceAI<=0.1, PhastCons<1.0, PhyloP<0.1, intronic_ROI(-2)	0.001	-0.059				15.75		
KIF1B	NM_001365951.2	c.430-2A>T	Benign synonymous, SpliceAI<=0.1, PhastCons<1.0, PhyloP<0.1, intronic_ROI(-2)	0.001	-0.059				9.78		
KIF1B	NM_001365951.2	c.432G>C	Benign synonymous, SpliceAI<=0.1, PhastCons<1.0	0.0	0.084				5.512		
KIF1B	NM_001365951.2	c.432G>T	Benign synonymous, SpliceAI<=0.1, PhastCons<1.0	0.0	0.084				4.212		
KIF1B	NM_001365951.2	c.433C>A	Benign synonymous, SpliceAI<=0.1, PhastCons<1.0	0.0	-0.432				1.221		
KIF1B	NM_001365951.2	c.433C>G	Benign synonymous, SpliceAI<=0.1, PhastCons<1.0	0.0	-0.432				1.238		
KIF1B	NM_001365951.2	c.438T>A	Benign synonymous, SpliceAI<=0.1, PhastCons<1.0	0.014	1.176				4.455		
KIF1B	NM_001365951.2	c.438T>G	Benign synonymous, SpliceAI<=0.1, PhastCons<1.0	0.014	1.176				4.644		
KIF1B	NM_001365951.2	c.450C>A	Benign synonymous, SpliceAI<=0.1, PhastCons<1.0	0.001	-0.806				0.332		
KIF1B	NM_001365951.2	c.450C>G	Benign synonymous, SpliceAI<=0.1, PhastCons<1.0	0.001	-0.806				0.375		
KIF1B	NM_001365951.2	c.451C>A	Benign synonymous, SpliceAI<=0.1, PhastCons<1.0	0.0	-0.147				1.737		
KIF1B	NM_001365951.2	c.451C>G	Benign synonymous, SpliceAI<=0.1, PhastCons<1.0	0.0	-0.147				2.39		
KIF1B	NM_001365951.2	c.455A>C	Benign synonymous, SpliceAI<=0.1, PhastCons<1.0	0.001	-0.29				2.571		
KIF1B	NM_001365951.2	c.455A>T	Benign synonymous, SpliceAI<=0.1, PhastCons<1.0	0.001	-0.29				1.026		
KIF1B	NM_001365951.2	c.456A>C	Benign synonymous, SpliceAI<=0.1, PhastCons<1.0	0.001	-0.432				3.609		
KIF1B	NM_001365951.2	c.456A>T	Benign synonymous, SpliceAI<=0.1, PhastCons<1.0	0.001	-0.432				2.187		
KIF1B	NM_001365951.2	c.1458C>A	Benign synonymous, SpliceAI<=0.1, PhastCons<1.0	0.999	0.683				13.23		
KIF1B	NM_001365951.2	c.1458C>G	Benign synonymous, SpliceAI<=0.1, PhastCons<1.0	0.999	0.683				13.35		
KIF1B	NM_001365951.2	c.1467G>C	Benign synonymous, SpliceAI<=0.1, PhastCons<1.0	0.997	1.113				12.48		
KIF1B	NM_001365951.2	c.1467G>T	Benign synonymous, SpliceAI<=0.1, PhastCons<1.0	0.997	1.113				12.47		
KIF1B	NM_001365951.2	c.1477C>A	Benign synonymous, SpliceAI<=0.1, PhastCons<1.0	0.391	0.544				16.25		
KIF1B	NM_001365951.2	c.1477C>G	Benign synonymous, SpliceAI<=0.1, PhastCons<1.0	0.391	0.544				19.6		
KIF1B	NM_001365951.2	c.1488C>A	Benign synonymous, SpliceAI<=0.1, PhastCons<1.0	0.404	-0.438				12.38		
KIF1B	NM_001365951.2	c.1488C>G	Benign synonymous, SpliceAI<=0.1, PhastCons<1.0	0.404	-0.438				12.17		
KIF1B	NM_001365951.2	c.1491T>A	Benign synonymous, SpliceAI<=0.1, PhastCons<1.0	0.986	1.816				17.74		
KIF1B	NM_001365951.2	c.1491T>G	Benign synonymous, SpliceAI<=0.1, PhastCons<1.0	0.986	1.816				21.3		
KIF1B	NM_001365951.2	c.1492T>A	Benign synonymous, SpliceAI<=0.1, PhastCons<1.0	0.993	0.601				16.84		
KIF1B	NM_001365951.2	c.1492T>G	Benign synonymous, SpliceAI<=0.1, PhastCons<1.0	0.993	0.601				21.5		
KIF1B	NM_001365951.2	c.1515+1G>T	Benign FAF >5%	1.0	5.944			0.313100	18.27		
KIF1B	NM_001365951.2	c.3338A>G	Benign FAF >5%	1.0	9.325	.;.;.;.;.;.;.;.;0.623;.;.;.;0.623;0.623;.;.		0.0802908	26.7	.;.;.;.;.;.;.;.;LP;.;.;.;P;LP;LP;LP	Benign
KIF1B	NM_001365951.2	c.3586G>T	Benign FAF >5%	0.618	0.037			0.127580	4.519		
KIF1B	NM_001365951.2	c.3613T>A	Benign synonymous, SpliceAI<=0.1, PhastCons<1.0	0.995	0.416				14.33		
KIF1B	NM_001365951.2	c.3613T>G	Benign synonymous, SpliceAI<=0.1, PhastCons<1.0	0.995	0.416				14.4		
KIF1B	NM_001365951.2	c.3624T>A	Benign synonymous, SpliceAI<=0.1, PhastCons<1.0	0.995	0.263				19.22		
KIF1B	NM_001365951.2	c.3624T>G	Benign synonymous, SpliceAI<=0.1, PhastCons<1.0	0.995	0.263				19.27		
KIF1B	NM_001365951.2	c.3633C>A	Benign synonymous, SpliceAI<=0.1, PhastCons<1.0	0.471	-0.191				11.76		
KIF1B	NM_001365951.2	c.3633C>G	Benign synonymous, SpliceAI<=0.1, PhastCons<1.0	0.471	-0.191				12.69		
KIF1B	NM_001365951.2	c.3634G>A	Benign FAF >5%	1.0	9.687			0.115666	19.59		
KIF1B	NM_001365951.2	c.3639T>A	Benign synonymous, SpliceAI<=0.1, PhastCons<1.0	0.0	-0.29				0.901		
KIF1B	NM_001365951.2	c.3639T>G	Benign synonymous, SpliceAI<=0.1, PhastCons<1.0	0.0	-0.29				1.184		
KIF1B	NM_001365951.2	c.3675T>A	Benign synonymous, SpliceAI<=0.1, PhastCons<1.0	0.961	0.063				14.87		
KIF1B	NM_001365951.2	c.3675T>G	Benign synonymous, SpliceAI<=0.1, PhastCons<1.0	0.961	0.063				14.9		
KIF1B	NM_001365951.2	c.3684C>A	Benign synonymous, SpliceAI<=0.1, PhastCons<1.0	0.977	0.241				14.14		
KIF1B	NM_001365951.2	c.3684C>G	Benign synonymous, SpliceAI<=0.1, PhastCons<1.0	0.977	0.241				14.24		
KIF1B	NM_001365951.2	c.3688T>A	Benign synonymous, SpliceAI<=0.1, PhastCons<1.0	0.994	0.393				11.62		
KIF1B	NM_001365951.2	c.3688T>G	Benign synonymous, SpliceAI<=0.1, PhastCons<1.0	0.994	0.393				12.1		
KIF1B	NM_001365951.2	c.3726G>C	Benign synonymous, SpliceAI<=0.1, PhastCons<1.0	0.988	1.183				19.8		
KIF1B	NM_001365951.2	c.3726G>T	Benign synonymous, SpliceAI<=0.1, PhastCons<1.0	0.988	1.183				19.82		
KIF1B	NM_001365951.2	c.3729C>A	Benign synonymous, SpliceAI<=0.1, PhastCons<1.0	0.242	-0.317				8.726		
KIF1B	NM_001365951.2	c.3729C>G	Benign synonymous, SpliceAI<=0.1, PhastCons<1.0	0.242	-0.317				9.017		
KIF1B	NM_001365951.2	c.3745C>G	Benign FAF >5%	1.0	2.874			0.0874300	17.91		
KIF1B	NM_001365951.2	c.5409-2A>C	Benign synonymous, SpliceAI<=0.1, PhastCons<1.0, PhyloP<0.1, intronic_ROI(-2)	0.0	-0.045	.;.;.			9.817	.;.;.	
KIF1B	NM_001365951.2	c.5409-2A>G	Benign synonymous, SpliceAI<=0.1, PhastCons<1.0, PhyloP<0.1, intronic_ROI(-2)	0.0	-0.045	.;.;.			10.5	.;.;.	
KIF1B	NM_001365951.2	c.5409-2A>T	Benign synonymous, SpliceAI<=0.1, PhastCons<1.0, PhyloP<0.1, intronic_ROI(-2)	0.0	-0.045	.;.;.			11.52	.;.;.	
KIT	NM_000222.2	c.1621A>C	Benign FAF >5%	0.767	1.035	.;.;.;0.419;.;.;.;.;.;.;0.419;.;.;.		0.105179	15.52	.;.;.;.;.;.;.;.;.;.;B;.;.;.	Benign/Likely_benign
KIT	NM_000222.2	c.2144G>A	Benign synonymous, SpliceAI<=0.1, PhastCons<1.0	0.997	1.475	.;.;.;.;.		5.01000e-06	12.54	.;.;.;.;.	Conflicting_classifications_of_pathogenicity
KIT	NM_000222.2	c.2144G>C	Benign synonymous, SpliceAI<=0.1, PhastCons<1.0	0.997	1.475	.;.;.;.;.			14.01	.;.;.;.;.	
KIT	NM_000222.2	c.2144G>T	Benign synonymous, SpliceAI<=0.1, PhastCons<1.0	0.997	1.475	.;.;.;.;.			16.82	.;.;.;.;.	
KMT2D	NM_003482.3	c.16350C>A	Benign synonymous, SpliceAI<=0.1, PhastCons<1.0	0.999	0.574				9.746		
KMT2D	NM_003482.3	c.16344A>T	Benign synonymous, SpliceAI<=0.1, PhastCons<1.0	0.214	-0.571				7.696		
KMT2D	NM_003482.3	c.16344A>G	Benign synonymous, SpliceAI<=0.1, PhastCons<1.0	0.214	-0.571				9.119		
KMT2D	NM_003482.3	c.10441-4G>T	Benign synonymous, SpliceAI<=0.1, PhastCons<1.0, PhyloP<0.1, intronic_ROI(-4)	0.0	-1.014				0.728		
KMT2D	NM_003482.3	c.10441-4G>C	Benign synonymous, SpliceAI<=0.1, PhastCons<1.0, PhyloP<0.1, intronic_ROI(-4)	0.0	-1.014				0.808		
KMT2D	NM_003482.3	c.10441-6T>G	Benign synonymous, SpliceAI<=0.1, PhastCons<1.0, PhyloP<0.1, intronic_ROI(-6)	0.0	-0.023				14.26		
KMT2D	NM_003482.3	c.10441-6T>A	Benign synonymous, SpliceAI<=0.1, PhastCons<1.0, PhyloP<0.1, intronic_ROI(-6)	0.0	-0.023				5.574		
KMT2D	NM_003482.3	c.7144C>T	Benign FAF >5%	1.0	6.613	.;0.451;.;.		0.0775357	22.4	.;B;.;.	Benign
KMT2D	NM_003482.3	c.2438C>T	Benign FAF >5%	0.0	-0.479	.;0.023;.;.		0.0567237	0.939	.;B;.;.	Benign
KMT2D	NM_003482.3	c.1426G>A	Benign FAF >5%	0.0	-2.148	.;0.168;.;.		0.306915	0.375	.;B;.;.	Benign
LZTR1	NM_006767.4	c.1452G>A	Benign synonymous, SpliceAI<=0.1, PhastCons<1.0	0.923	0.097				3.55		
LZTR1	NM_006767.4	c.1452G>C	Benign synonymous, SpliceAI<=0.1, PhastCons<1.0	0.923	0.097				19.24		
LZTR1	NM_006767.4	c.1452G>T	Benign synonymous, SpliceAI<=0.1, PhastCons<1.0	0.923	0.097				19.29		
MAD2L2	NM_006341.4	c.441A>T	Benign synonymous, SpliceAI<=0.1, PhastCons<1.0	0.001	-1.967	.;.			0.252	.;.	
MAD2L2	NM_006341.4	c.441A>G	Benign synonymous, SpliceAI<=0.1, PhastCons<1.0	0.001	-1.967	.;.			0.302	.;.	
MAD2L2	NM_006341.4	c.441A>C	Benign synonymous, SpliceAI<=0.1, PhastCons<1.0	0.001	-1.967	.;.			0.256	.;.	
MAD2L2	NM_006341.4	c.232-4G>T	Benign synonymous, SpliceAI<=0.1, PhastCons<1.0, PhyloP<0.1, intronic_ROI(-4)	0.033	-0.28				8.248		
MAD2L2	NM_006341.4	c.232-4G>C	Benign synonymous, SpliceAI<=0.1, PhastCons<1.0, PhyloP<0.1, intronic_ROI(-4)	0.033	-0.28				9.079		
MAD2L2	NM_006341.4	c.41-14G>T	Benign FAF >5%	0.001	0.687	.;.;.;.;0.029		0.0744855	14.75	.;.;.;.;LB	
MAX	NM_002382.5	c.252A>T	Benign synonymous, SpliceAI<=0.1, PhastCons<1.0	0.001	-0.15				1.994		
MAX	NM_002382.5	c.252A>C	Benign synonymous, SpliceAI<=0.1, PhastCons<1.0	0.001	-0.15				2.051		
MAX	NM_002382.5	c.251A>T	Benign synonymous, SpliceAI<=0.1, PhastCons<1.0	0.001	0.039				3.983		
MAX	NM_002382.5	c.251A>C	Benign synonymous, SpliceAI<=0.1, PhastCons<1.0	0.001	0.039				1.316		
MAX	NM_002382.5	c.246T>G	Benign synonymous, SpliceAI<=0.1, PhastCons<1.0	0.0	0.516	0.117			3.729	LB	
MAX	NM_002382.5	c.246T>A	Benign synonymous, SpliceAI<=0.1, PhastCons<1.0	0.0	0.516	0.121			2.424	LB	
MAX	NM_002382.5	c.243C>G	Benign synonymous, SpliceAI<=0.1, PhastCons<1.0	0.0	0.031	0.366			12.27	LB	
MAX	NM_002382.5	c.243C>A	Benign synonymous, SpliceAI<=0.1, PhastCons<1.0	0.0	0.031				27.1		
MAX	NM_002382.5	c.240C>G	Benign synonymous, SpliceAI<=0.1, PhastCons<1.0	0.01	0.628	0.161			2.049	A	
MAX	NM_002382.5	c.240C>A	Benign synonymous, SpliceAI<=0.1, PhastCons<1.0	0.01	0.628	0.161			2.281	A	
MAX	NM_002382.5	c.228T>G	Benign synonymous, SpliceAI<=0.1, PhastCons<1.0	0.412	0.638	0.175			5.231	LB	
MAX	NM_002382.5	c.228T>A	Benign synonymous, SpliceAI<=0.1, PhastCons<1.0	0.412	0.638	0.175			5.204	LB	
MAX	NM_002382.5	c.222G>T	Benign synonymous, SpliceAI<=0.1, PhastCons<1.0	0.0	-0.072	0.182			1.653	LB	
MAX	NM_002382.5	c.222G>C	Benign synonymous, SpliceAI<=0.1, PhastCons<1.0	0.0	-0.072	0.182			1.754	LB	
MAX	NM_002382.5	c.220T>G	Benign synonymous, SpliceAI<=0.1, PhastCons<1.0	0.0	-1.004	0.221		7.90000e-07	0.297	LB	
MAX	NM_002382.5	c.220T>A	Benign synonymous, SpliceAI<=0.1, PhastCons<1.0	0.0	-1.004	0.252			0.477	LB	
MAX	NM_002382.5	c.219C>G	Benign synonymous, SpliceAI<=0.1, PhastCons<1.0	0.0	-1.511	0.181			0.099	LB	
MAX	NM_002382.5	c.219C>A	Benign synonymous, SpliceAI<=0.1, PhastCons<1.0	0.0	-1.511	0.174			0.115	LB	
MAX	NM_002382.5	c.216A>T	Benign synonymous, SpliceAI<=0.1, PhastCons<1.0	0.0	-0.572	0.148			0.366	LB	
MAX	NM_002382.5	c.216A>C	Benign synonymous, SpliceAI<=0.1, PhastCons<1.0	0.0	-0.572	0.143			0.355	LB	
MAX	NM_002382.5	c.213T>G	Benign synonymous, SpliceAI<=0.1, PhastCons<1.0	0.0	-1.394			6.15000e-06	24.2		Conflicting_classifications_of_pathogenicity
MAX	NM_002382.5	c.213T>A	Benign synonymous, SpliceAI<=0.1, PhastCons<1.0	0.0	-1.394			6.89000e-06	24.1		
MAX	NM_002382.5	c.207T>G	Benign synonymous, SpliceAI<=0.1, PhastCons<1.0	0.0	0.124	0.097			0.544	A	
MAX	NM_002382.5	c.207T>A	Benign synonymous, SpliceAI<=0.1, PhastCons<1.0	0.0	0.124	0.114			0.599	A	
MAX	NM_002382.5	c.189A>T	Benign synonymous, SpliceAI<=0.1, PhastCons<1.0	0.01	0.002	0.290			12.63	LB	
MAX	NM_002382.5	c.189A>C	Benign synonymous, SpliceAI<=0.1, PhastCons<1.0	0.01	0.002	0.290			12.67	LB	
MAX	NM_002382.5	c.187T>G	Benign synonymous, SpliceAI<=0.1, PhastCons<1.0	0.013	0.374	0.221			6.388	LB	
MAX	NM_002382.5	c.187T>A	Benign synonymous, SpliceAI<=0.1, PhastCons<1.0	0.013	0.374	0.194			1.068	LB	
MAX	NM_002382.5	c.186G>T	Benign synonymous, SpliceAI<=0.1, PhastCons<1.0	0.017	0.636	0.238			14.79	LB	
MAX	NM_002382.5	c.186G>C	Benign synonymous, SpliceAI<=0.1, PhastCons<1.0	0.017	0.636	0.238			14.73	LB	
MAX	NM_002382.5	c.180G>T	Benign synonymous, SpliceAI<=0.1, PhastCons<1.0	0.001	0.029	0.329			16.8	A	
MAX	NM_002382.5	c.180G>C	Benign synonymous, SpliceAI<=0.1, PhastCons<1.0	0.001	0.029	0.329			16.41	A	
MAX	NM_002382.5	c.172-1G>T	Benign synonymous, SpliceAI<=0.1, PhastCons<1.0, PhyloP<0.1, intronic_ROI(-1)	0.23	-0.023				16.79		
MAX	NM_002382.5	c.172-1G>C	Benign synonymous, SpliceAI<=0.1, PhastCons<1.0, PhyloP<0.1, intronic_ROI(-1)	0.23	-0.023				15.9		
MAX	NM_002382.5	c.172-1G>A	Benign synonymous, SpliceAI<=0.1, PhastCons<1.0, PhyloP<0.1, intronic_ROI(-1)	0.23	-0.023			2.80000e-07	17.05		
MAX	NM_002382.5	c.172-6230G>A	Likely_benign FAF >0.1%, REVEL <0.29, SpliceAI<=0.1	0.0	-2.087	0.126		0.00160136	0.255	LB	Conflicting_classifications_of_pathogenicity
MBD4	NM_001276270.2	c.1647+6G>T	Benign synonymous, SpliceAI<=0.1, PhastCons<1.0, PhyloP<0.1, intronic_ROI(+6)	0.129	-0.08	0.034			6.42	LB	
MBD4	NM_001276270.2	c.1647+6G>C	Benign synonymous, SpliceAI<=0.1, PhastCons<1.0, PhyloP<0.1, intronic_ROI(+6)	0.129	-0.08	0.034			6.482	LB	
MBD4	NM_001276270.2	c.1596T>G	Benign synonymous, SpliceAI<=0.1, PhastCons<1.0	0.084	-0.655				12.77		
MBD4	NM_001276270.2	c.1596T>C	Benign synonymous, SpliceAI<=0.1, PhastCons<1.0	0.084	-0.655				10.13		
MBD4	NM_001276270.2	c.1596T>A	Benign synonymous, SpliceAI<=0.1, PhastCons<1.0	0.084	-0.655				12.68		
MBD4	NM_001276270.2	c.1186G>T	Benign synonymous, SpliceAI<=0.1, PhastCons<1.0	0.949	0.963	.;.			23.7	.;.	
MBD4	NM_001276270.2	c.1186G>C	Benign synonymous, SpliceAI<=0.1, PhastCons<1.0	0.949	0.963	.;.			23.2	.;.	
MBD4	NM_001276270.2	c.1186G>A	Benign synonymous, SpliceAI<=0.1, PhastCons<1.0	0.949	0.963	.;.			21.0	.;.	
MBD4	NM_001276270.2	c.1185A>T	Benign synonymous, SpliceAI<=0.1, PhastCons<1.0	0.98	0.884	.;.			20.2	.;.	
MBD4	NM_001276270.2	c.1185A>G	Benign synonymous, SpliceAI<=0.1, PhastCons<1.0	0.98	0.884	.;.			13.1	.;.	
MBD4	NM_001276270.2	c.1185A>C	Benign synonymous, SpliceAI<=0.1, PhastCons<1.0	0.98	0.884	.;.			19.86	.;.	
MBD4	NM_001276270.2	c.1036G>A	Benign FAF >5%	0.0	-1.746	0.259;0.259;.;0.259;.;.;.;.;0.259		0.368178	0.002	LB;B;.;LB;.;.;.;.;LB	Benign
MBD4	NM_001276270.2	c.1024T>C	Benign FAF >5%	0.089	0.217	0.285;0.285;.;0.285;.;.;.;.;0.285		0.124457	12.47	LB;B;.;LB;.;.;.;.;LB	Benign
MBD4	NM_001276270.2	c.817G>A	Benign FAF >5%	0.001	0.275	0.212;0.212;.;0.212;.;.;.;.;0.212		0.116705	12.53	LB;B;.;LB;.;.;.;.;LB	Benign
MBD4	NM_001276270.2	c.446G>T	Benign synonymous, SpliceAI<=0.1, PhastCons<1.0	0.02	0.38	.;.			18.85	.;.	
MBD4	NM_001276270.2	c.446G>C	Benign synonymous, SpliceAI<=0.1, PhastCons<1.0	0.02	0.38	.;.			14.8	.;.	
MBD4	NM_001276270.2	c.446G>A	Benign synonymous, SpliceAI<=0.1, PhastCons<1.0	0.02	0.38	.;.			12.98	.;.	
MBD4	NM_001276270.2	c.445A>T	Benign synonymous, SpliceAI<=0.1, PhastCons<1.0	0.157	1.363	.;.			21.7	.;.	
MBD4	NM_001276270.2	c.445A>G	Benign synonymous, SpliceAI<=0.1, PhastCons<1.0	0.157	1.363	.;.			15.76	.;.	
MBD4	NM_001276270.2	c.445A>C	Benign synonymous, SpliceAI<=0.1, PhastCons<1.0	0.157	1.363	.;.			7.522	.;.	
MBD4	NM_001276270.2	c.249T>G	Benign synonymous, SpliceAI<=0.1, PhastCons<1.0	0.0	-0.479				8.334		
MBD4	NM_001276270.2	c.249T>C	Benign synonymous, SpliceAI<=0.1, PhastCons<1.0	0.0	-0.479				3.228		
MBD4	NM_001276270.2	c.249T>A	Benign synonymous, SpliceAI<=0.1, PhastCons<1.0	0.0	-0.479				7.325		
MBD4	NM_001276270.2	c.248G>T	Benign synonymous, SpliceAI<=0.1, PhastCons<1.0	0.0	-2.285			7.90000e-07	0.264		
MBD4	NM_001276270.2	c.248G>C	Benign synonymous, SpliceAI<=0.1, PhastCons<1.0	0.0	-2.285				0.261		Uncertain_significance
MBD4	NM_001276270.2	c.248G>A	Benign synonymous, SpliceAI<=0.1, PhastCons<1.0	0.0	-2.285			5.81800e-05	0.105		Conflicting_classifications_of_pathogenicity
MDH2	NM_005918.4	c.26C>T	Benign FAF >5%	0.003	0.423	.;.;.;.;.;.;.;0.063;.;.;0.063		0.638101	18.09	.;.;.;.;.;.;.;B;.;.;LB	Benign
MDH2	NM_005918.4	c.633+6C>A	Benign synonymous, SpliceAI<=0.1, PhastCons<1.0, PhyloP<0.1, intronic_ROI(+6)	0.0	-0.008				0.014		
MDH2	NM_005918.4	c.633+6C>G	Benign synonymous, SpliceAI<=0.1, PhastCons<1.0, PhyloP<0.1, intronic_ROI(+6)	0.0	-0.008				0.01		
MDH2	NM_005918.4	c.633+17C>T	Benign FAF >5%	0.0	-2.572			0.722969	0.053		Benign
MDH2	NM_005918.4	c.633+55C>G	Benign FAF >5%	0.0	-2.453			0.0797684	0.336		Benign
MDH2	NM_005918.4	c.891G>A	Benign synonymous, SpliceAI<=0.1, PhastCons<1.0	0.319	-0.336				1.162		
MDH2	NM_005918.4	c.891G>C	Benign synonymous, SpliceAI<=0.1, PhastCons<1.0	0.319	-0.336				0.88		
MDH2	NM_005918.4	c.891G>T	Benign synonymous, SpliceAI<=0.1, PhastCons<1.0	0.319	-0.336				0.822		
MDH2	NM_005918.4	c.902A>G	Benign FAF >5%	1.0	7.527	.;.;.;.;.;0.229;.;0.229;.;.;0.229		0.0526314	21.4	.;.;.;.;.;LB;.;B;.;.;LB	Benign
MEN1	NM_130803.2	c.1636=	Benign FAF >5%	0.007	0.139	0.302;.;.;0.302;.;.;.;.;.;.;.;.;.;.;0.302;.;0.302;0.302;.;.;.;.;.;.;.;0.302;.;0.302;.;.;.;.;.;.;.;.;.		0.995477	1.602	LB;.;.;.;.;.;.;.;.;.;.;.;.;.;.;.;.;LB;.;.;.;.;.;.;.;.;.;.;.;.;.;.;.;.;.;LB;LB	Benign
MEN1	NM_130803.2	c.928-2A>T	Benign synonymous, SpliceAI<=0.1, PhastCons<1.0, PhyloP<0.1, intronic_ROI(-2)	0.998	0.077	.;.;.;.;.;.;.;.;.;.;.;.;.;.;.;.;.;.;.;.;.;.;.;.;.;.;.;.;.;.;.;.;.;.;.			29.9	.;.;.;.;.;.;.;.;.;.;.;.;.;.;.;.;.;.;.;.;.;.;.;.;.;.;.;.;.;.;.;.;.;.;.	
MEN1	NM_130803.2	c.928-2A>G	Benign synonymous, SpliceAI<=0.1, PhastCons<1.0, PhyloP<0.1, intronic_ROI(-2)	0.998	0.077	.;.;.;.;.;.;.;.;.;.;.;.;.;.;.;.;.;.;.;.;.;.;.;.;.;.;.;.;.;.;.;.;.;.;.			27.6	.;.;.;.;.;.;.;.;.;.;.;.;.;.;.;.;.;.;.;.;.;.;.;.;.;.;.;.;.;.;.;.;.;.;.	Pathogenic/Likely_pathogenic
MEN1	NM_130803.2	c.928-2A>C	Benign synonymous, SpliceAI<=0.1, PhastCons<1.0, PhyloP<0.1, intronic_ROI(-2)	0.998	0.077	.;.;.;.;.;.;.;.;.;.;.;.;.;.;.;.;.;.;.;.;.;.;.;.;.;.;.;.;.;.;.;.;.;.;.			29.5	.;.;.;.;.;.;.;.;.;.;.;.;.;.;.;.;.;.;.;.;.;.;.;.;.;.;.;.;.;.;.;.;.;.;.	Likely_pathogenic
MEN1	NM_130803.2	c.801G>T	Benign synonymous, SpliceAI<=0.1, PhastCons<1.0	0.752	0.141	.;.;.;.			15.71	.;.;.;.	
MEN1	NM_130803.2	c.801G>C	Benign synonymous, SpliceAI<=0.1, PhastCons<1.0	0.752	0.141	.;.;.;.			15.77	.;.;.;.	
MEN1	NM_130803.2	c.801G>A	Benign synonymous, SpliceAI<=0.1, PhastCons<1.0	0.752	0.141	.;.;.;.			9.26	.;.;.;.	Benign/Likely_benign
MERTK	NM_006343.3	c.60A>T	Benign FAF >5%	0.712	0.757	0.076;.		0.0694460	14.73	LB;.	Conflicting_classifications_of_pathogenicity
MERTK	NM_006343.3	c.353G>A	Benign FAF >5%	0.001	-0.33	0.060;.		0.299263	0.267	LB;.	Benign
MERTK	NM_006343.3	c.844G>A	Benign FAF >5%	1.0	5.941	0.129;0.129;.		0.150053	27.8	LB;LB;.	Benign/Likely_benign
MERTK	NM_006343.3	c.1397G>A	Benign FAF >5%	0.0	-1.643	0.046;0.046;.		0.652974	0.006	LB;LB;.	Benign
MERTK	NM_006343.3	c.1493A>G	Benign FAF >5%	0.002	-0.091	0.145;0.145;.		0.0628941	1.086	LB;LB;.	Benign
MERTK	NM_006343.3	c.1552A>G	Benign FAF >5%	0.0	-0.677	0.074;0.074;.		0.653042	0.166	LB;LB;.	Benign
MERTK	NM_006343.3	c.2190-777C>T	Likely_benign FAF >0.1%, REVEL <0.29, SpliceAI<=0.1	0.0	-0.387	0.116		0.00118637	4.213	LB	
MERTK	NM_006343.3	c.2608G>A	Benign FAF >5%	0.002	0.29	0.076;0.076;.;0.076		0.182042	0.324	LB;LB;.;LB	Benign
MET	NM_001127500.3	c.-14-3314A>T	Benign FAF >5%	0.0	-0.325	0.017		0.0947607	7.563		not_provided
MET	NM_001127500.3	c.-13T>A	Benign synonymous, SpliceAI<=0.1, PhastCons<1.0	0.987	2.007	0.040			14.41	LB	
MET	NM_001127500.3	c.-13T>G	Benign synonymous, SpliceAI<=0.1, PhastCons<1.0	0.987	2.007	0.040			15.07	LB	
MET	NM_001127500.3	c.-10A>C	Benign synonymous, SpliceAI<=0.1, PhastCons<1.0	0.033	0.433	0.056			7.869	LB	
MET	NM_001127500.3	c.-10A>T	Benign synonymous, SpliceAI<=0.1, PhastCons<1.0	0.033	0.433	0.058			7.726	LB	
MET	NM_001127500.3	c.1124A>G	Benign FAF >5%	1.0	2.918	.;.;.;0.150;0.150;.		0.0679840	19.47	.;.;.;LB;B;.	Benign/Likely_benign
MET	NM_001127500.3	c.2265T>A	Benign synonymous, SpliceAI<=0.1, PhastCons<1.0	0.0	-1.364	0.128			16.27	LB	
MET	NM_001127500.3	c.2265T>G	Benign synonymous, SpliceAI<=0.1, PhastCons<1.0	0.0	-1.364	0.133			19.73	LB	
MET	NM_001127500.3	c.2277A>C	Benign synonymous, SpliceAI<=0.1, PhastCons<1.0	0.514	1.324	0.067			11.64	LB	
MET	NM_001127500.3	c.2277A>T	Benign synonymous, SpliceAI<=0.1, PhastCons<1.0	0.514	1.324	0.067			9.291	LB	
MET	NM_001127500.3	c.2280A>C	Benign synonymous, SpliceAI<=0.1, PhastCons<1.0	0.417	2.294	0.094			8.086	LB	
MET	NM_001127500.3	c.2280A>T	Benign synonymous, SpliceAI<=0.1, PhastCons<1.0	0.417	2.294	0.093			7.061	LB	
MET	NM_001127500.3	c.2289C>A	Benign synonymous, SpliceAI<=0.1, PhastCons<1.0	0.0	-0.295	0.050			0.349	LB	
MET	NM_001127500.3	c.2289C>G	Benign synonymous, SpliceAI<=0.1, PhastCons<1.0	0.0	-0.295	0.049			4.779	LB	
MET	NM_001127500.3	c.2298T>A	Benign synonymous, SpliceAI<=0.1, PhastCons<1.0	0.676	0.725	0.155			12.57	LB	
MET	NM_001127500.3	c.2298T>G	Benign synonymous, SpliceAI<=0.1, PhastCons<1.0	0.676	0.725	0.154			10.97	LB	
MET	NM_001127500.3	c.2301T>A	Benign synonymous, SpliceAI<=0.1, PhastCons<1.0	0.734	1.698	0.092			11.95	A	
MET	NM_001127500.3	c.2301T>G	Benign synonymous, SpliceAI<=0.1, PhastCons<1.0	0.734	1.698	0.092			14.74	A	
MET	NM_001127500.3	c.2302C>A	Benign synonymous, SpliceAI<=0.1, PhastCons<1.0	0.706	1.087	0.065			12.85	LB	
MET	NM_001127500.3	c.2302C>G	Benign synonymous, SpliceAI<=0.1, PhastCons<1.0	0.706	1.087	0.086			14.08	LB	
MET	NM_001127500.3	c.2307T>A	Benign synonymous, SpliceAI<=0.1, PhastCons<1.0	0.46	2.205	0.093			13.04	A	
MET	NM_001127500.3	c.2307T>G	Benign synonymous, SpliceAI<=0.1, PhastCons<1.0	0.46	2.205	0.093			13.91	A	
MET	NM_001127500.3	c.2310C>A	Benign synonymous, SpliceAI<=0.1, PhastCons<1.0	0.44	1.964				4.264		
MET	NM_001127500.3	c.2310C>G	Benign synonymous, SpliceAI<=0.1, PhastCons<1.0	0.44	1.964	0.160			6.366	LB	
MET	NM_001127500.3	c.2313T>A	Benign synonymous, SpliceAI<=0.1, PhastCons<1.0	0.999	1.174	0.146			14.84	A	
MET	NM_001127500.3	c.2313T>G	Benign synonymous, SpliceAI<=0.1, PhastCons<1.0	0.999	1.174	0.144			13.8	A	
MITF	NM_000248.3	c.9C>A	Benign synonymous, SpliceAI<=0.1, PhastCons<1.0	0.006	0.189			4.12000e-06	11.87		
MITF	NM_000248.3	c.9C>G	Benign synonymous, SpliceAI<=0.1, PhastCons<1.0	0.006	0.189				12.16		
MITF	NM_000248.3	c.15A>C	Benign synonymous, SpliceAI<=0.1, PhastCons<1.0	0.056	0.173				12.06		
MITF	NM_000248.3	c.15A>T	Benign synonymous, SpliceAI<=0.1, PhastCons<1.0	0.056	0.173				12.61		
MITF	NM_000248.3	c.18T>A	Benign synonymous, SpliceAI<=0.1, PhastCons<1.0	0.0	-1.26				2.071		
MITF	NM_000248.3	c.18T>G	Benign synonymous, SpliceAI<=0.1, PhastCons<1.0	0.0	-1.26				2.157		
MITF	NM_000248.3	c.33C>A	Benign synonymous, SpliceAI<=0.1, PhastCons<1.0	0.0	-0.712				7.546		
MITF	NM_000248.3	c.33C>G	Benign synonymous, SpliceAI<=0.1, PhastCons<1.0	0.0	-0.712				7.64		
MITF	NM_000248.3	c.37C>G	Benign synonymous, SpliceAI<=0.1, PhastCons<1.0	0.0	-3.608				0.011		
MITF	NM_000248.3	c.37C>T	Benign synonymous, SpliceAI<=0.1, PhastCons<1.0	0.0	-3.608			4.91000e-06	0.037		
MITF	NM_000248.3	c.48C>A	Benign synonymous, SpliceAI<=0.1, PhastCons<1.0	0.001	0.364				7.703		
MITF	NM_000248.3	c.48C>G	Benign synonymous, SpliceAI<=0.1, PhastCons<1.0	0.001	0.364			7.80000e-07	7.639		Uncertain_significance
MITF	NM_000248.3	c.57T>A	Benign synonymous, SpliceAI<=0.1, PhastCons<1.0	0.0	0.142				1.797		
MITF	NM_000248.3	c.57T>G	Benign synonymous, SpliceAI<=0.1, PhastCons<1.0	0.0	0.142				1.872		
MITF	NM_000248.3	c.60A>C	Benign synonymous, SpliceAI<=0.1, PhastCons<1.0	0.091	0.185				2.297		
MITF	NM_000248.3	c.60A>T	Benign synonymous, SpliceAI<=0.1, PhastCons<1.0	0.091	0.185				3.64		
MITF	NM_000248.3	c.63G>C	Benign synonymous, SpliceAI<=0.1, PhastCons<1.0	0.091	0.828				6.091		
MITF	NM_000248.3	c.63G>T	Benign synonymous, SpliceAI<=0.1, PhastCons<1.0	0.091	0.828				6.259		
MITF	NM_000248.3	c.66A>C	Benign synonymous, SpliceAI<=0.1, PhastCons<1.0	0.001	-0.15				3.114		
MITF	NM_000248.3	c.66A>T	Benign synonymous, SpliceAI<=0.1, PhastCons<1.0	0.001	-0.15				3.003		
MITF	NM_000248.3	c.70A>G	Benign synonymous, SpliceAI<=0.1, PhastCons<1.0	0.107	0.293			9.10000e-07	0.958		Uncertain_significance
MITF	NM_000248.3	c.70A>T	Benign synonymous, SpliceAI<=0.1, PhastCons<1.0	0.107	0.293				0.757		
MITF	NM_000248.3	c.72G>C	Benign synonymous, SpliceAI<=0.1, PhastCons<1.0	0.852	1.195				11.29		
MITF	NM_000248.3	c.72G>T	Benign synonymous, SpliceAI<=0.1, PhastCons<1.0	0.852	1.195				12.89		
MITF	NM_000248.3	c.75A>C	Benign synonymous, SpliceAI<=0.1, PhastCons<1.0	0.777	0.621				6.417		
MITF	NM_000248.3	c.75A>T	Benign synonymous, SpliceAI<=0.1, PhastCons<1.0	0.777	0.621				6.361		
MITF	NM_000248.3	c.76T>A	Benign synonymous, SpliceAI<=0.1, PhastCons<1.0	0.58	0.494				5.172		
MITF	NM_000248.3	c.76T>G	Benign synonymous, SpliceAI<=0.1, PhastCons<1.0	0.58	0.494				5.253		
MITF	NM_000248.3	c.78G>C	Benign synonymous, SpliceAI<=0.1, PhastCons<1.0	0.566	2.267				10.12		
MITF	NM_000248.3	c.78G>T	Benign synonymous, SpliceAI<=0.1, PhastCons<1.0	0.566	2.267				11.4		
MITF	NM_000248.3	c.82C>A	Benign synonymous, SpliceAI<=0.1, PhastCons<1.0	0.007	-0.343				2.75		
MITF	NM_000248.3	c.82C>G	Benign synonymous, SpliceAI<=0.1, PhastCons<1.0	0.007	-0.343				2.319		
MITF	NM_000248.3	c.87C>A	Benign synonymous, SpliceAI<=0.1, PhastCons<1.0	0.672	0.331				10.15		
MITF	NM_000248.3	c.87C>G	Benign synonymous, SpliceAI<=0.1, PhastCons<1.0	0.672	0.331				10.24		
MITF	NM_000248.3	c.88C>A	Benign synonymous, SpliceAI<=0.1, PhastCons<1.0	0.711	0.254				12.4		
MITF	NM_000248.3	c.88C>G	Benign synonymous, SpliceAI<=0.1, PhastCons<1.0	0.711	0.254			1.40800e-05	12.52		
MITF	NM_000248.3	c.93T>A	Benign synonymous, SpliceAI<=0.1, PhastCons<1.0	0.973	1.601				16.12		
MITF	NM_000248.3	c.93T>G	Benign synonymous, SpliceAI<=0.1, PhastCons<1.0	0.973	1.601				16.14		
MITF	NM_000248.3	c.97A>G	Benign synonymous, SpliceAI<=0.1, PhastCons<1.0	0.935	1.24				15.82		
MITF	NM_000248.3	c.97A>T	Benign synonymous, SpliceAI<=0.1, PhastCons<1.0	0.935	1.24				15.37		
MITF	NM_000248.3	c.6C>A	Benign synonymous, SpliceAI<=0.1, PhastCons<1.0	0.01	1.364				6.587		
MITF	NM_000248.3	c.6C>G	Benign synonymous, SpliceAI<=0.1, PhastCons<1.0	0.01	1.364				7.126		
MITF	NM_000248.3	c.18C>A	Benign synonymous, SpliceAI<=0.1, PhastCons<1.0	0.0	-0.126				1.429		
MITF	NM_000248.3	c.18C>G	Benign synonymous, SpliceAI<=0.1, PhastCons<1.0	0.0	-0.126				1.266		
MITF	NM_000248.3	c.21T>A	Benign synonymous, SpliceAI<=0.1, PhastCons<1.0	0.0	-0.772				0.678		
MITF	NM_000248.3	c.21T>G	Benign synonymous, SpliceAI<=0.1, PhastCons<1.0	0.0	-0.772				0.451		
MITF	NM_000248.3	c.27T>A	Benign synonymous, SpliceAI<=0.1, PhastCons<1.0	0.0	-0.586				0.642		
MITF	NM_000248.3	c.27T>G	Benign synonymous, SpliceAI<=0.1, PhastCons<1.0	0.0	-0.586				0.643		
MITF	NM_000248.3	c.39T>A	Benign synonymous, SpliceAI<=0.1, PhastCons<1.0	0.081	0.854				12.36		
MITF	NM_000248.3	c.39T>G	Benign synonymous, SpliceAI<=0.1, PhastCons<1.0	0.081	0.854				12.44		
MITF	NM_000248.3	c.43T>A	Benign synonymous, SpliceAI<=0.1, PhastCons<1.0	0.056	0.703				13.73		
MITF	NM_000248.3	c.43T>G	Benign synonymous, SpliceAI<=0.1, PhastCons<1.0	0.056	0.703				13.83		
MITF	NM_000248.3	c.45A>C	Benign synonymous, SpliceAI<=0.1, PhastCons<1.0	0.0	-0.763				2.126		
MITF	NM_000248.3	c.45A>T	Benign synonymous, SpliceAI<=0.1, PhastCons<1.0	0.0	-0.763				1.996		
MITF	NM_000248.3	c.53+1G>A	Benign synonymous, SpliceAI<=0.1, PhastCons<1.0, PhyloP<0.1, intronic_ROI(+1)	0.0	-2.157				5.271		
MITF	NM_000248.3	c.53+1G>C	Benign synonymous, SpliceAI<=0.1, PhastCons<1.0, PhyloP<0.1, intronic_ROI(+1)	0.0	-2.157				6.059		
MITF	NM_000248.3	c.53+1G>T	Benign synonymous, SpliceAI<=0.1, PhastCons<1.0, PhyloP<0.1, intronic_ROI(+1)	0.0	-2.157				7.939		
MITF	NM_000248.3	c.53+2T>A	Benign synonymous, SpliceAI<=0.1, PhastCons<1.0, PhyloP<0.1, intronic_ROI(+2)	0.0	-0.56				11.82		
MITF	NM_000248.3	c.53+2T>C	Benign synonymous, SpliceAI<=0.1, PhastCons<1.0, PhyloP<0.1, intronic_ROI(+2)	0.0	-0.56				4.94		
MITF	NM_000248.3	c.53+2T>G	Benign synonymous, SpliceAI<=0.1, PhastCons<1.0, PhyloP<0.1, intronic_ROI(+2)	0.0	-0.56				11.09		
MITF	NM_000248.3	c.924A>C	Benign synonymous, SpliceAI<=0.1, PhastCons<1.0	0.086	-0.586				14.55		
MITF	NM_000248.3	c.924A>G	Benign synonymous, SpliceAI<=0.1, PhastCons<1.0	0.086	-0.586				14.14		
MITF	NM_000248.3	c.924A>T	Benign synonymous, SpliceAI<=0.1, PhastCons<1.0	0.086	-0.586				14.61		
MITF	NM_000248.3	c.933G>C	Benign synonymous, SpliceAI<=0.1, PhastCons<1.0	0.969	0.196				4.982		
MITF	NM_000248.3	c.933G>T	Benign synonymous, SpliceAI<=0.1, PhastCons<1.0	0.969	0.196				5.037		
MLH1	NM_000249.3	c.303T>A	Benign synonymous, SpliceAI<=0.1, PhastCons<1.0	0.277	-0.441	.;.			13.56	.;.	
MLH1	NM_000249.3	c.303T>C	Benign synonymous, SpliceAI<=0.1, PhastCons<1.0	0.277	-0.441	.;.			9.152	.;.	
MLH1	NM_000249.3	c.303T>G	Benign synonymous, SpliceAI<=0.1, PhastCons<1.0	0.277	-0.441	.;.		0.0169591	13.2	.;.	Likely_benign
MLH1	NM_000249.3	c.655A>G	Benign FAF >5%	1.0	2.049	.;.;.;.;.;.;.;.;.;0.292;.;.;.;.;0.292;.		0.322896	16.04	.;.;.;.;.;.;.;.;.;B;.;.;.;.;LB;.	Benign
MLH1	NM_000249.3	c.1668-19A>G	Benign FAF >5%	0.0	-0.274			0.443822	1.851		Benign
MLH1	NM_000249.3	c.2105G>C	Benign synonymous, SpliceAI<=0.1, PhastCons<1.0	0.002	-0.286	0.135			12.51		Uncertain_significance
MLH1	NM_000249.3	c.2105G>T	Benign synonymous, SpliceAI<=0.1, PhastCons<1.0	0.002	-0.286	0.149			14.7		
MLH1	NM_000249.3	c.2110G>C	Benign synonymous, SpliceAI<=0.1, PhastCons<1.0	0.196	1.766	0.131		8.83600e-05	9.375		Uncertain_significance
MLH1	NM_000249.3	c.2110G>T	Benign synonymous, SpliceAI<=0.1, PhastCons<1.0	0.196	1.766	0.130			9.584		
MLH1	NM_000249.3	c.2113C>A	Benign synonymous, SpliceAI<=0.1, PhastCons<1.0	0.0	-0.015				8.433		
MLH1	NM_000249.3	c.2113C>G	Benign synonymous, SpliceAI<=0.1, PhastCons<1.0	0.0	-0.015	0.144		3.65000e-06	7.757		
MLH1	NM_000249.3	c.2114C>A	Benign synonymous, SpliceAI<=0.1, PhastCons<1.0	0.0	0.454	0.292			20.5		
MLH1	NM_000249.3	c.2114C>G	Benign synonymous, SpliceAI<=0.1, PhastCons<1.0	0.0	0.454	0.178			18.46		
MLH1	NM_000249.3	c.2125C>A	Benign synonymous, SpliceAI<=0.1, PhastCons<1.0	0.0	-1.7	0.191			3.368		
MLH1	NM_000249.3	c.2125C>G	Benign synonymous, SpliceAI<=0.1, PhastCons<1.0	0.0	-1.7	0.194			0.626		Uncertain_significance
MLH1	NM_000249.3	c.2152C>T	Benign FAF >5%	1.0	7.72	.;.;.;.;.;.;.;.;0.898;.;.;.;.;0.898;.;.;0.898;0.898;0.898;.;.;.		0.0752522	25.2	.;.;.;.;.;.;.;.;B;.;.;.;.;.;.;.;LB;.;LB;.;.;.	Benign
MLH1	NM_000249.3	c.2158G>C	Benign synonymous, SpliceAI<=0.1, PhastCons<1.0	0.0	-0.555				1.784		
MLH1	NM_000249.3	c.2158G>T	Benign synonymous, SpliceAI<=0.1, PhastCons<1.0	0.0	-0.555				14.07		
MLH1	NM_000249.3	c.2173C>A	Benign synonymous, SpliceAI<=0.1, PhastCons<1.0	0.997	3.069			2.80000e-07	25.7		Uncertain_significance
MLH1	NM_000249.3	c.2173C>G	Benign synonymous, SpliceAI<=0.1, PhastCons<1.0	0.997	3.069			4.29000e-06	26.1		Uncertain_significance
MLH1	NM_000249.3	c.2185C>A	Benign synonymous, SpliceAI<=0.1, PhastCons<1.0	0.17	0.692				18.26		
MLH1	NM_000249.3	c.2185C>G	Benign synonymous, SpliceAI<=0.1, PhastCons<1.0	0.17	0.692				16.67		Uncertain_significance
MLH1	NM_000249.3	c.2215A>C	Benign synonymous, SpliceAI<=0.1, PhastCons<1.0	0.994	9.077				20.3		Uncertain_significance
MLH1	NM_000249.3	c.2215A>T	Benign synonymous, SpliceAI<=0.1, PhastCons<1.0	0.994	9.077				23.0		
MLH3	NM_001040108.1	c.3828-15A>T	Benign synonymous, SpliceAI<=0.1, PhastCons<1.0, PhyloP<0.1, intronic_ROI(-15)	0.003	-0.216	.;.			10.81	.;.	
MLH3	NM_001040108.1	c.3828-15A>G	Benign synonymous, SpliceAI<=0.1, PhastCons<1.0, PhyloP<0.1, intronic_ROI(-15)	0.003	-0.216	.;.			10.62	.;.	
MLH3	NM_001040108.1	c.3828-15A>C	Benign synonymous, SpliceAI<=0.1, PhastCons<1.0, PhyloP<0.1, intronic_ROI(-15)	0.003	-0.216	.;.		0.000135770	10.71	.;.	Likely_benign
MLH3	NM_001040108.1	c.2825C>T	Benign FAF >5%	0.0	0.879	.;0.187;.;.;.;.;.;.;.;0.187;.;.		0.0525247	11.24	LB;LB;.;.;.;.;.;.;.;LB;.;.	Benign/Likely_benign
MLH3	NM_001040108.1	c.2531C>T	Benign FAF >5%	0.128	1.889	.;0.114;.;.;.;.;.;.;.;0.114;.;.		0.477188	11.8	LB;LB;.;.;.;.;.;.;.;LB;.;.	Benign
MLH3	NM_001040108.1	c.2476A>G	Benign FAF >5%	0.0	0.319	.;0.139;.;.;.;.;.;.;.;0.139;.;.		0.998445	0.404	LB;LB;.;.;.;.;.;.;.;LB;.;.	Benign
MLH3	NM_001040108.1	c.2390G>A	Benign FAF >5%	0.0	-0.043	.;0.083;.;.;.;.;.;.;.;0.083;.;.		0.0647360	0.104	LB;LB;.;.;.;.;.;.;.;LB;.;.	Benign
MLH3	NM_001040108.1	c.2159A>G	Benign FAF >5%	0.0	0.084	.;0.024;.;.;.;.;.;.;.;0.024;.;.		0.0961087	1.633	LB;LB;.;.;.;.;.;.;.;LB;.;.	Benign/Likely_benign
MSH2	NM_000251.3	c.214G>A	Benign synonymous, SpliceAI<=0.1, PhastCons<1.0	0.059	-0.181			1.83000e-06	13.54		Conflicting_classifications_of_pathogenicity
MSH2	NM_000251.3	c.214G>C	Benign synonymous, SpliceAI<=0.1, PhastCons<1.0	0.059	-0.181				14.02		
MSH2	NM_000251.3	c.214G>T	Benign synonymous, SpliceAI<=0.1, PhastCons<1.0	0.059	-0.181				7.787		Conflicting_classifications_of_pathogenicity
MSH2	NM_000251.3	c.380A>G	Benign FAF >5%	1.0	9.252	0.741;.;.;.;.;0.741;.;.;.;0.741;.;.;.;.;.		0.0758003	25.5	A;.;.;A;.;A;.;.;.;A;.;.;.;.;.	Benign
MSH2	NM_000251.3	c.2493A>C	Benign synonymous, SpliceAI<=0.1, PhastCons<1.0	0.053	-0.591				2.702		
MSH2	NM_000251.3	c.2493A>G	Benign synonymous, SpliceAI<=0.1, PhastCons<1.0	0.053	-0.591				3.148		
MSH2	NM_000251.3	c.2493A>T	Benign synonymous, SpliceAI<=0.1, PhastCons<1.0	0.053	-0.591				2.761		
MSH2	NM_000251.3	c.2635-2A>C	Benign synonymous, SpliceAI<=0.1, PhastCons<1.0, PhyloP<0.1, intronic_ROI(-2)	0.0	-1.087	.;.			9.461	.;.	
MSH2	NM_000251.3	c.2635-2A>G	Benign synonymous, SpliceAI<=0.1, PhastCons<1.0, PhyloP<0.1, intronic_ROI(-2)	0.0	-1.087	.;.			9.143	.;.	
MSH2	NM_000251.3	c.2635-2A>T	Benign synonymous, SpliceAI<=0.1, PhastCons<1.0, PhyloP<0.1, intronic_ROI(-2)	0.0	-1.087	.;.			9.329	.;.	
MSH2	NM_000251.3	c.2635-1G>A	Benign synonymous, SpliceAI<=0.1, PhastCons<1.0, PhyloP<0.1, intronic_ROI(-1)	0.0	-0.318	.;.			15.14	.;.	
MSH2	NM_000251.3	c.2635-1G>C	Benign synonymous, SpliceAI<=0.1, PhastCons<1.0, PhyloP<0.1, intronic_ROI(-1)	0.0	-0.318	.;.			15.11	.;.	
MSH2	NM_000251.3	c.2635-1G>T	Benign synonymous, SpliceAI<=0.1, PhastCons<1.0, PhyloP<0.1, intronic_ROI(-1)	0.0	-0.318	.;.			15.44	.;.	
MSH2	NM_000251.3	c.2744A>G	Benign FAF >5%	0.0	0.31	.;0.203		0.618925	0.871	LB;LB	Benign
MSH2	NM_000251.3	c.2752+1G>A	Benign synonymous, SpliceAI<=0.1, PhastCons<1.0, PhyloP<0.1, intronic_ROI(+1)	0.0	0.037				7.954		
MSH2	NM_000251.3	c.2752+1G>C	Benign synonymous, SpliceAI<=0.1, PhastCons<1.0, PhyloP<0.1, intronic_ROI(+1)	0.0	0.037				4.473		
MSH2	NM_000251.3	c.2752+1G>T	Benign synonymous, SpliceAI<=0.1, PhastCons<1.0, PhyloP<0.1, intronic_ROI(+1)	0.0	0.037			2.80000e-07	10.78		
MSH2	NM_000251.3	c.2752+2T>A	Benign synonymous, SpliceAI<=0.1, PhastCons<1.0, PhyloP<0.1, intronic_ROI(+2)	0.0	-0.123				4.0		
MSH2	NM_000251.3	c.2752+2T>C	Benign synonymous, SpliceAI<=0.1, PhastCons<1.0, PhyloP<0.1, intronic_ROI(+2)	0.0	-0.123				1.361		
MSH2	NM_000251.3	c.2752+2T>G	Benign synonymous, SpliceAI<=0.1, PhastCons<1.0, PhyloP<0.1, intronic_ROI(+2)	0.0	-0.123			6.80000e-07	4.187		
MSH2	NM_000251.3	c.2757G>C	Benign synonymous, SpliceAI<=0.1, PhastCons<1.0	0.017	0.793	0.158			14.25	LB	
MSH2	NM_000251.3	c.2757G>T	Benign synonymous, SpliceAI<=0.1, PhastCons<1.0	0.017	0.793	0.157			14.64	LB	
MSH2	NM_000251.3	c.2765G>C	Benign synonymous, SpliceAI<=0.1, PhastCons<1.0	0.0	-2.399				0.069		
MSH2	NM_000251.3	c.2765G>T	Benign synonymous, SpliceAI<=0.1, PhastCons<1.0	0.0	-2.399				0.193		
MSH2	NM_000251.3	c.2753-2A>C	Benign synonymous, SpliceAI<=0.1, PhastCons<1.0, PhyloP<0.1, intronic_ROI(-2)	0.0	-2.54				1.063		
MSH2	NM_000251.3	c.2753-2A>G	Benign synonymous, SpliceAI<=0.1, PhastCons<1.0, PhyloP<0.1, intronic_ROI(-2)	0.0	-2.54				0.999		
MSH2	NM_000251.3	c.2753-2A>T	Benign synonymous, SpliceAI<=0.1, PhastCons<1.0, PhyloP<0.1, intronic_ROI(-2)	0.0	-2.54				1.541		
MSH2	NM_000251.3	c.2753-1G>A	Benign synonymous, SpliceAI<=0.1, PhastCons<1.0, PhyloP<0.1, intronic_ROI(-1)	0.0	-0.674				1.492		
MSH2	NM_000251.3	c.2753-1G>C	Benign synonymous, SpliceAI<=0.1, PhastCons<1.0, PhyloP<0.1, intronic_ROI(-1)	0.0	-0.674				1.596		
MSH2	NM_000251.3	c.2753-1G>T	Benign synonymous, SpliceAI<=0.1, PhastCons<1.0, PhyloP<0.1, intronic_ROI(-1)	0.0	-0.674				2.732		
MSH2	NM_000251.3	c.2763T>A	Benign synonymous, SpliceAI<=0.1, PhastCons<1.0	0.0	-0.302				0.457	LB	
MSH2	NM_000251.3	c.2763T>G	Benign synonymous, SpliceAI<=0.1, PhastCons<1.0	0.0	-0.302				0.604	LB	
MSH2	NM_000251.3	c.2775G>C	Benign synonymous, SpliceAI<=0.1, PhastCons<1.0	0.001	0.775				2.955		
MSH2	NM_000251.3	c.2775G>T	Benign synonymous, SpliceAI<=0.1, PhastCons<1.0	0.001	0.775				2.908		
MSH3	NM_002439.5	c.235A>G	Benign FAF >5%	0.0	-0.243	.;.;0.242;.;.;.;.;.		0.912853	8.008	.;.;B;.;.;.;.;LB	Benign
MSH3	NM_002439.5	c.237+2T>A	Benign synonymous, SpliceAI<=0.1, PhastCons<1.0, PhyloP<0.1, intronic_ROI(+2)	0.001	0.052	.;.;.;.;.;.;.;.			27.1	.;.;.;.;.;.;.;.	
MSH3	NM_002439.5	c.237+2T>C	Benign synonymous, SpliceAI<=0.1, PhastCons<1.0, PhyloP<0.1, intronic_ROI(+2)	0.001	0.052	.;.;.;.;.;.;.;.			27.0	.;.;.;.;.;.;.;.	Pathogenic/Likely_pathogenic
MSH3	NM_002439.5	c.237+2T>G	Benign synonymous, SpliceAI<=0.1, PhastCons<1.0, PhyloP<0.1, intronic_ROI(+2)	0.001	0.052	.;.;.;.;.;.;.;.			27.2	.;.;.;.;.;.;.;.	
MSH3	NM_002439.5	c.237+249A>G	Benign FAF >5%	0.001	1.144			0.163325	7.321	LB	Benign
MSH3	NM_002439.5	c.2846A>G	Benign FAF >5%	0.88	0.429	.;.;0.281;.;.;.;.;.;.		0.991776	2.337	.;.;B;.;.;.;.;LB;LB	Benign
MSH3	NM_002439.5	c.3133G>A	Benign FAF >5%	0.994	1.922	.;.;0.108;.;.;.;.;.;.		0.790363	4.658	.;.;B;.;.;.;.;LB;LB	Benign
MSH6	NM_000179.2	c.116G>A	Benign FAF >5%	0.984	1.784	.;.;.;.;.;0.163;.;.;.;.;0.163;.;.		0.274625	17.86	.;.;.;.;.;B;.;.;.;.;LB;.;.	Benign
MSH6	NM_000179.2	c.239T>A	Benign synonymous, SpliceAI<=0.1, PhastCons<1.0	0.0	-0.094				9.873		
MSH6	NM_000179.2	c.239T>C	Benign synonymous, SpliceAI<=0.1, PhastCons<1.0	0.0	-0.094				7.056		
MSH6	NM_000179.2	c.239T>G	Benign synonymous, SpliceAI<=0.1, PhastCons<1.0	0.0	-0.094				13.26		
MSH6	NM_000179.2	c.3345A>C	Benign synonymous, SpliceAI<=0.1, PhastCons<1.0	0.886	0.041				9.012		
MSH6	NM_000179.2	c.3345A>G	Benign synonymous, SpliceAI<=0.1, PhastCons<1.0	0.886	0.041				20.8		Uncertain_significance
MSH6	NM_000179.2	c.3345A>T	Benign synonymous, SpliceAI<=0.1, PhastCons<1.0	0.886	0.041				8.871		Likely_benign
MSH6	NM_000179.2	c.3564T>A	Benign synonymous, SpliceAI<=0.1, PhastCons<1.0	0.949	-0.003				20.7		Uncertain_significance
MSH6	NM_000179.2	c.3564T>G	Benign synonymous, SpliceAI<=0.1, PhastCons<1.0	0.949	-0.003				20.8		Uncertain_significance
MSH6	NM_000179.2	c.4001+2T>A	Benign synonymous, SpliceAI<=0.1, PhastCons<1.0, PhyloP<0.1, intronic_ROI(+2)	0.998	0.055	.;.;.;.;.;.;.;.;.;.;.;.;.;.;.;.;.;.			22.8	.;.;.;.;.;.;.;.;.;.;.;.;.;.;.;.;.;.	Pathogenic/Likely_pathogenic
MSH6	NM_000179.2	c.4001+2T>C	Benign synonymous, SpliceAI<=0.1, PhastCons<1.0, PhyloP<0.1, intronic_ROI(+2)	0.998	0.055	.;.;.;.;.;.;.;.;.;.;.;.;.;.;.;.;.;.			21.6	.;.;.;.;.;.;.;.;.;.;.;.;.;.;.;.;.;.	Pathogenic
MSH6	NM_000179.2	c.4001+2T>G	Benign synonymous, SpliceAI<=0.1, PhastCons<1.0, PhyloP<0.1, intronic_ROI(+2)	0.998	0.055	.;.;.;.;.;.;.;.;.;.;.;.;.;.;.;.;.;.			23.1	.;.;.;.;.;.;.;.;.;.;.;.;.;.;.;.;.;.	
MUTYH	NM_001128425.1	c.1571T>G	Benign synonymous, SpliceAI<=0.1, PhastCons<1.0	0.0	-1.457	0.074			0.301	LB	
MUTYH	NM_001128425.1	c.1571T>A	Benign synonymous, SpliceAI<=0.1, PhastCons<1.0	0.0	-1.457	0.074			0.117	LB	
MUTYH	NM_001128425.1	c.1562A>C	Benign synonymous, SpliceAI<=0.1, PhastCons<1.0	0.976	0.637	0.095			19.82	LB	
MUTYH	NM_001128425.1	c.1559A>T	Benign synonymous, SpliceAI<=0.1, PhastCons<1.0	0.883	1.212	0.074			18.36	LB	
MUTYH	NM_001128425.1	c.1559A>C	Benign synonymous, SpliceAI<=0.1, PhastCons<1.0	0.883	1.212	0.116			17.42	LB	
MUTYH	NM_001128425.1	c.1553G>T	Benign synonymous, SpliceAI<=0.1, PhastCons<1.0	0.0	0.108	0.125			15.0	LB	
MUTYH	NM_001128425.1	c.1553G>C	Benign synonymous, SpliceAI<=0.1, PhastCons<1.0	0.0	0.108	0.100			7.813	LB	
MUTYH	NM_001128425.1	c.1523C>G	Benign synonymous, SpliceAI<=0.1, PhastCons<1.0	0.996	0.386	0.116			17.79	A	
MUTYH	NM_001128425.1	c.1523C>A	Benign synonymous, SpliceAI<=0.1, PhastCons<1.0	0.996	0.386	0.117		1.06400e-05	20.7	A	Conflicting_classifications_of_pathogenicity
MUTYH	NM_001128425.1	c.1197A>T	Benign synonymous, SpliceAI<=0.1, PhastCons<1.0	0.07	-0.876				6.709		
MUTYH	NM_001128425.1	c.1197A>G	Benign synonymous, SpliceAI<=0.1, PhastCons<1.0	0.07	-0.876				7.606		
MUTYH	NM_001128425.1	c.1197A>C	Benign synonymous, SpliceAI<=0.1, PhastCons<1.0	0.07	-0.876				6.839		
MUTYH	NM_001128425.1	c.1014G>C	Benign FAF >5%	0.0	-0.265	.;.;.;.;.;0.043;0.043;.;.;0.043;.;.;.;.;.;.;.;.;.;0.043;0.043;.;.;.;0.043;0.043;0.043;.;.;.;.;.;.;.;.;.;.;0.043;.;.;.;.;.;.;.;.;.;.;.;.;.;.;.;.;.;.;.;.;.;.;.;.;.;.;.;.;.;.;.;.;.;.;.		0.452407	13.54	.;.;.;.;.;.;LB;.;.;.;.;.;.;.;.;.;.;.;.;LB;LB;.;.;.;LB;LB;LB;.;.;.;.;.;.;.;.;B;.;LB;.;.;.;.;.;.;.;.;.;.;.;.;.;.;.;.;.;.;.;.;.;.;.;.;.;.;.;.;.;.;.;.;LB;.;LB	Benign
MUTYH	NM_001128425.1	c.507G>T	Benign synonymous, SpliceAI<=0.1, PhastCons<1.0	0.85	-0.019	.;.			17.75	.;.	
MUTYH	NM_001128425.1	c.507G>C	Benign synonymous, SpliceAI<=0.1, PhastCons<1.0	0.85	-0.019	.;.		5.00000e-06	17.6	.;.	Uncertain_significance
MUTYH	NM_001128425.1	c.507G>A	Benign synonymous, SpliceAI<=0.1, PhastCons<1.0	0.85	-0.019	.;.			9.922	.;.	Likely_benign
MUTYH	NM_001128425.1	c.399A>T	Benign synonymous, SpliceAI<=0.1, PhastCons<1.0	0.597	-0.326	.;.			9.888	.;.	
MUTYH	NM_001128425.1	c.399A>G	Benign synonymous, SpliceAI<=0.1, PhastCons<1.0	0.597	-0.326	.;.			10.16	.;.	Likely_benign
MUTYH	NM_001128425.1	c.399A>C	Benign synonymous, SpliceAI<=0.1, PhastCons<1.0	0.597	-0.326	.;.			9.745	.;.	Likely_benign
MUTYH	NM_001128425.1	c.271G>T	Benign synonymous, SpliceAI<=0.1, PhastCons<1.0	0.981	3.067	.;.			16.55	.;.	
MUTYH	NM_001128425.1	c.271G>C	Benign synonymous, SpliceAI<=0.1, PhastCons<1.0	0.981	3.067	.;.			21.1	.;.	
MUTYH	NM_001128425.1	c.271G>A	Benign synonymous, SpliceAI<=0.1, PhastCons<1.0	0.981	3.067	.;.			17.08	.;.	Uncertain_significance
MUTYH	NM_001128425.1	c.270A>T	Benign synonymous, SpliceAI<=0.1, PhastCons<1.0	0.0	-1.214	.;.			5.724	.;.	
MUTYH	NM_001128425.1	c.270A>G	Benign synonymous, SpliceAI<=0.1, PhastCons<1.0	0.0	-1.214	.;.			5.917	.;.	
MUTYH	NM_001128425.1	c.270A>C	Benign synonymous, SpliceAI<=0.1, PhastCons<1.0	0.0	-1.214	.;.			8.237	.;.	
MUTYH	NM_001128425.1	c.199G>T	Benign synonymous, SpliceAI<=0.1, PhastCons<1.0	0.779	2.041	.;.;.;.;.;.;.;.;.;.;.;.;.;.;.;.;.;.;.;.;.;.;.;.;.;.;.;.;.;.;.;.;.;.;.;.			23.9	.;.;.;.;.;.;.;.;.;.;.;.;.;.;.;.;.;.;.;.;.;.;.;.;.;.;.;.;.;.;.;.;.;.;.;.	
MUTYH	NM_001128425.1	c.199G>C	Benign synonymous, SpliceAI<=0.1, PhastCons<1.0	0.779	2.041	.;.;.;.;.;.;.;.;.;.;.;.;.;.;.;.;.;.;.;.;.;.;.;.;.;.;.;.;.;.;.;.;.;.;.;.			23.6	.;.;.;.;.;.;.;.;.;.;.;.;.;.;.;.;.;.;.;.;.;.;.;.;.;.;.;.;.;.;.;.;.;.;.;.	
MUTYH	NM_001128425.1	c.199G>A	Benign synonymous, SpliceAI<=0.1, PhastCons<1.0	0.779	2.041	.;.;.;.;.;.;.;.;.;.;.;.;.;.;.;.;.;.;.;.;.;.;.;.;.;.;.;.;.;.;.;.;.;.;.;.			24.0	.;.;.;.;.;.;.;.;.;.;.;.;.;.;.;.;.;.;.;.;.;.;.;.;.;.;.;.;.;.;.;.;.;.;.;.	
MUTYH	NM_001128425.1	c.198A>T	Benign synonymous, SpliceAI<=0.1, PhastCons<1.0	0.815	2.069	.;.;.;.;.;.;.;.;.;.;.;.;.;.;.;.;.;.;.;.;.;.;.;.;.;.;.;.;.;.;.;.;.;.;.;.			22.9	.;.;.;.;.;.;.;.;.;.;.;.;.;.;.;.;.;.;.;.;.;.;.;.;.;.;.;.;.;.;.;.;.;.;.;.	Conflicting_classifications_of_pathogenicity
MUTYH	NM_001128425.1	c.198A>G	Benign synonymous, SpliceAI<=0.1, PhastCons<1.0	0.815	2.069	.;.;.;.;.;.;.;.;.;.;.;.;.;.;.;.;.;.;.;.;.;.;.;.;.;.;.;.;.;.;.;.;.;.;.;.			22.9	.;.;.;.;.;.;.;.;.;.;.;.;.;.;.;.;.;.;.;.;.;.;.;.;.;.;.;.;.;.;.;.;.;.;.;.	
MUTYH	NM_001128425.1	c.198A>C	Benign synonymous, SpliceAI<=0.1, PhastCons<1.0	0.815	2.069	.;.;.;.;.;.;.;.;.;.;.;.;.;.;.;.;.;.;.;.;.;.;.;.;.;.;.;.;.;.;.;.;.;.;.;.			22.7	.;.;.;.;.;.;.;.;.;.;.;.;.;.;.;.;.;.;.;.;.;.;.;.;.;.;.;.;.;.;.;.;.;.;.;.	
MUTYH	NM_001128425.1	c.196G>T	Benign synonymous, SpliceAI<=0.1, PhastCons<1.0	0.061	0.115	.;.;.;.;.;.;.;.;.;.;.;.;.;.;.			6.007	.;.;.;.;.;.;.;.;.;.;.;.;.;.;.	
MUTYH	NM_001128425.1	c.196G>C	Benign synonymous, SpliceAI<=0.1, PhastCons<1.0	0.061	0.115	.;.;.;.;.;.;.;.;.;.;.;.;.;.;.			6.803	.;.;.;.;.;.;.;.;.;.;.;.;.;.;.	
MUTYH	NM_001128425.1	c.196G>A	Benign synonymous, SpliceAI<=0.1, PhastCons<1.0	0.061	0.115	.;.;.;.;.;.;.;.;.;.;.;.;.;.;.		6.80000e-07	13.96	.;.;.;.;.;.;.;.;.;.;.;.;.;.;.	Conflicting_classifications_of_pathogenicity
MUTYH	NM_001128425.1	c.195A>T	Benign synonymous, SpliceAI<=0.1, PhastCons<1.0	0.001	-0.938	.;.;.;.;.;.;.;.;.;.;.;.;.;.;.			10.42	.;.;.;.;.;.;.;.;.;.;.;.;.;.;.	
MUTYH	NM_001128425.1	c.195A>G	Benign synonymous, SpliceAI<=0.1, PhastCons<1.0	0.001	-0.938	.;.;.;.;.;.;.;.;.;.;.;.;.;.;.			4.752	.;.;.;.;.;.;.;.;.;.;.;.;.;.;.	Likely_benign
MUTYH	NM_001128425.1	c.195A>C	Benign synonymous, SpliceAI<=0.1, PhastCons<1.0	0.001	-0.938	.;.;.;.;.;.;.;.;.;.;.;.;.;.;.			11.18	.;.;.;.;.;.;.;.;.;.;.;.;.;.;.	
MUTYH	NM_001128425.1	c.166G>T	Benign synonymous, SpliceAI<=0.1, PhastCons<1.0	0.003	0.113	.;.;.;.;.;.;.;.;.;.;.;.;.;.			7.447	.;.;.;.;.;.;.;.;.;.;.;.;.;.	
MUTYH	NM_001128425.1	c.166G>C	Benign synonymous, SpliceAI<=0.1, PhastCons<1.0	0.003	0.113	.;.;.;.;.;.;.;.;.;.;.;.;.;.			8.487	.;.;.;.;.;.;.;.;.;.;.;.;.;.	Uncertain_significance
MUTYH	NM_001128425.1	c.166G>A	Benign synonymous, SpliceAI<=0.1, PhastCons<1.0	0.003	0.113	.;.;.;.;.;.;.;.;.;.;.;.;.;.			8.094	.;.;.;.;.;.;.;.;.;.;.;.;.;.	Uncertain_significance
MUTYH	NM_001128425.1	c.165A>T	Benign synonymous, SpliceAI<=0.1, PhastCons<1.0	0.012	0.51	.;.;.;.;.;.;.;.;.;.;.;.;.;.			3.043	.;.;.;.;.;.;.;.;.;.;.;.;.;.	
MUTYH	NM_001128425.1	c.165A>G	Benign synonymous, SpliceAI<=0.1, PhastCons<1.0	0.012	0.51	.;.;.;.;.;.;.;.;.;.;.;.;.;.			3.72	.;.;.;.;.;.;.;.;.;.;.;.;.;.	Likely_benign
MUTYH	NM_001128425.1	c.165A>C	Benign synonymous, SpliceAI<=0.1, PhastCons<1.0	0.012	0.51	.;.;.;.;.;.;.;.;.;.;.;.;.;.			5.703	.;.;.;.;.;.;.;.;.;.;.;.;.;.	Likely_benign
MUTYH	NM_001128425.1	c.64G>A	Benign FAF >5%	0.0	-0.185	0.073;.;.;.;.;.;0.073;0.073;0.073;.;0.073;.;.;.;.;.;.;.;.;.;0.073;0.073;.;.;.;0.073;0.073;.;.;.;.;.;.;.;.;.;.;0.073;.;.;0.073;.;.;.;.;.;.;.;.;.;.;.;.;.;.;.;.;.;.;.;.;.;.;.;.;.;.;.;.;.;.;.;0.073;.;.;.;.;0.073;0.073		0.0737695	8.607	.;.;.;.;.;.;.;LB;LB;.;.;.;.;.;.;.;.;.;.;.;LB;LB;.;.;.;LB;LB;.;.;.;.;.;.;.;.;B;.;LB;.;.;LB;.;.;.;.;.;.;.;.;.;.;.;.;.;.;.;.;.;.;.;.;.;.;.;.;.;.;.;.;.;.;.;LB;.;.;.;LB;LB;LB	Benign
MUTYH	NM_001128425.1	c.36+2T>G	Benign synonymous, SpliceAI<=0.1, PhastCons<1.0, PhyloP<0.1, intronic_ROI(+2)	0.0	-1.057	.;.;.;.;.;.;.;.			7.632	.;.;.;.;.;.;.;.	
MUTYH	NM_001128425.1	c.36+2T>C	Benign synonymous, SpliceAI<=0.1, PhastCons<1.0, PhyloP<0.1, intronic_ROI(+2)	0.0	-1.057	.;.;.;.;.;.;.;.			8.565	.;.;.;.;.;.;.;.	Conflicting_classifications_of_pathogenicity
MUTYH	NM_001128425.1	c.36+2T>A	Benign synonymous, SpliceAI<=0.1, PhastCons<1.0, PhyloP<0.1, intronic_ROI(+2)	0.0	-1.057	.;.;.;.;.;.;.;.			7.272	.;.;.;.;.;.;.;.	
MYCN	NM_005378.6	c.-254C>A	Benign synonymous, SpliceAI<=0.1, PhastCons<1.0	0.541	0.904				19.45	LB	
MYCN	NM_005378.6	c.-254C>G	Benign synonymous, SpliceAI<=0.1, PhastCons<1.0	0.541	0.904				19.48	LB	
MYCN	NM_005378.6	c.-251T>A	Benign synonymous, SpliceAI<=0.1, PhastCons<1.0	0.037	-0.06				16.21		
MYCN	NM_005378.6	c.-251T>G	Benign synonymous, SpliceAI<=0.1, PhastCons<1.0	0.037	-0.06				16.27	LB	
MYCN	NM_005378.6	c.-226A>G	Benign synonymous, SpliceAI<=0.1, PhastCons<1.0	0.137	-0.134				14.92	LB	
MYCN	NM_005378.6	c.-226A>T	Benign synonymous, SpliceAI<=0.1, PhastCons<1.0	0.137	-0.134				14.72	A	
MYCN	NM_005378.6	c.-209G>C	Benign synonymous, SpliceAI<=0.1, PhastCons<1.0	0.615	0.84				16.29	LB	
MYCN	NM_005378.6	c.-209G>T	Benign synonymous, SpliceAI<=0.1, PhastCons<1.0	0.615	0.84				16.22	LB	
MYCN	NM_005378.6	c.-196C>G	Benign synonymous, SpliceAI<=0.1, PhastCons<1.0	0.006	0.03				17.33	LB	
MYCN	NM_005378.6	c.-196C>T	Benign synonymous, SpliceAI<=0.1, PhastCons<1.0	0.006	0.03				17.59		
MYCN	NM_005378.6	c.-188C>A	Benign synonymous, SpliceAI<=0.1, PhastCons<1.0	0.044	-0.342				16.45	LB	
MYCN	NM_005378.6	c.-188C>G	Benign synonymous, SpliceAI<=0.1, PhastCons<1.0	0.044	-0.342				16.49	LB	
MYCN	NM_005378.6	c.-149A>C	Benign synonymous, SpliceAI<=0.1, PhastCons<1.0	0.001	0.477				14.05	LB	
MYCN	NM_005378.6	c.-149A>T	Benign synonymous, SpliceAI<=0.1, PhastCons<1.0	0.001	0.477				13.99	LB	
MYCN	NM_005378.6	c.-137T>A	Benign synonymous, SpliceAI<=0.1, PhastCons<1.0	0.078	-0.2				14.75	LB	
MYCN	NM_005378.6	c.-137T>G	Benign synonymous, SpliceAI<=0.1, PhastCons<1.0	0.078	-0.2				14.75	LB	
MYCN	NM_005378.6	c.-133C>A	Benign synonymous, SpliceAI<=0.1, PhastCons<1.0	0.274	0.365				15.97	LB	
MYCN	NM_005378.6	c.-133C>G	Benign synonymous, SpliceAI<=0.1, PhastCons<1.0	0.274	0.365				16.09	LB	
MYCN	NM_005378.6	c.-128G>C	Benign synonymous, SpliceAI<=0.1, PhastCons<1.0	0.016	1.084				15.88	LB	
MYCN	NM_005378.6	c.-128G>T	Benign synonymous, SpliceAI<=0.1, PhastCons<1.0	0.016	1.084				15.85	LB	
NBN	NM_002485.4	c.*122A>T	Benign synonymous, SpliceAI<=0.1, PhastCons<1.0	0.001	-0.622				1.111		
NBN	NM_002485.4	c.*122A>C	Benign synonymous, SpliceAI<=0.1, PhastCons<1.0	0.001	-0.622				1.199		
NBN	NM_002485.4	c.*113A>T	Benign synonymous, SpliceAI<=0.1, PhastCons<1.0	0.0	0.206				2.537		
NBN	NM_002485.4	c.*113A>C	Benign synonymous, SpliceAI<=0.1, PhastCons<1.0	0.0	0.206				2.672		
NBN	NM_002485.4	c.*111T>G	Benign synonymous, SpliceAI<=0.1, PhastCons<1.0	0.001	0.349				3.181		
NBN	NM_002485.4	c.*111T>A	Benign synonymous, SpliceAI<=0.1, PhastCons<1.0	0.001	0.349				3.331		
NBN	NM_002485.4	c.*107T>G	Benign synonymous, SpliceAI<=0.1, PhastCons<1.0	0.001	1.4				4.791		
NBN	NM_002485.4	c.*107T>A	Benign synonymous, SpliceAI<=0.1, PhastCons<1.0	0.001	1.4				4.516		
NBN	NM_002485.4	c.*104C>G	Benign synonymous, SpliceAI<=0.1, PhastCons<1.0	0.001	-0.008				3.313		
NBN	NM_002485.4	c.*104C>A	Benign synonymous, SpliceAI<=0.1, PhastCons<1.0	0.001	-0.008				2.636		
NBN	NM_002485.4	c.*101T>G	Benign synonymous, SpliceAI<=0.1, PhastCons<1.0	0.002	0.563				9.62		
NBN	NM_002485.4	c.*101T>A	Benign synonymous, SpliceAI<=0.1, PhastCons<1.0	0.002	0.563				6.387		
NBN	NM_002485.4	c.*98A>T	Benign synonymous, SpliceAI<=0.1, PhastCons<1.0	0.003	0.135				5.987		
NBN	NM_002485.4	c.*98A>C	Benign synonymous, SpliceAI<=0.1, PhastCons<1.0	0.003	0.135				5.645		
NBN	NM_002485.4	c.*96T>G	Benign synonymous, SpliceAI<=0.1, PhastCons<1.0	0.004	1.374				16.59		
NBN	NM_002485.4	c.*96T>A	Benign synonymous, SpliceAI<=0.1, PhastCons<1.0	0.004	1.374				9.103		
NBN	NM_002485.4	c.*95T>G	Benign synonymous, SpliceAI<=0.1, PhastCons<1.0	0.0	0.111				3.584		
NBN	NM_002485.4	c.*95T>A	Benign synonymous, SpliceAI<=0.1, PhastCons<1.0	0.0	0.111				3.448		
NBN	NM_002485.4	c.*92C>G	Benign synonymous, SpliceAI<=0.1, PhastCons<1.0	0.0	-0.399				0.614		
NBN	NM_002485.4	c.*92C>A	Benign synonymous, SpliceAI<=0.1, PhastCons<1.0	0.0	-0.399				0.447		
NBN	NM_002485.4	c.*89A>T	Benign synonymous, SpliceAI<=0.1, PhastCons<1.0	0.013	2.096			3.10000e-07	8.065		
NBN	NM_002485.4	c.*89A>C	Benign synonymous, SpliceAI<=0.1, PhastCons<1.0	0.013	2.096				7.897		
NBN	NM_002485.4	c.*87A>T	Benign synonymous, SpliceAI<=0.1, PhastCons<1.0	0.003	0.169				2.297		
NBN	NM_002485.4	c.*87A>G	Benign synonymous, SpliceAI<=0.1, PhastCons<1.0	0.003	0.169				2.788		
NBN	NM_002485.4	c.*86T>G	Benign synonymous, SpliceAI<=0.1, PhastCons<1.0	0.021	1.262				6.144		
NBN	NM_002485.4	c.*86T>A	Benign synonymous, SpliceAI<=0.1, PhastCons<1.0	0.021	1.262				5.089		
NBN	NM_002485.4	c.*77T>G	Benign synonymous, SpliceAI<=0.1, PhastCons<1.0	0.0	0.05				3.656		
NBN	NM_002485.4	c.*77T>A	Benign synonymous, SpliceAI<=0.1, PhastCons<1.0	0.0	0.05				1.64		
NBN	NM_002485.4	c.*74A>T	Benign synonymous, SpliceAI<=0.1, PhastCons<1.0	0.068	0.317				8.541		
NBN	NM_002485.4	c.*74A>C	Benign synonymous, SpliceAI<=0.1, PhastCons<1.0	0.068	0.317				7.211		
NBN	NM_002485.4	c.*71T>G	Benign synonymous, SpliceAI<=0.1, PhastCons<1.0	0.213	5.212				12.61		
NBN	NM_002485.4	c.*71T>A	Benign synonymous, SpliceAI<=0.1, PhastCons<1.0	0.213	5.212				10.85		
NBN	NM_002485.4	c.*68A>T	Benign synonymous, SpliceAI<=0.1, PhastCons<1.0	0.053	1.309				8.307		
NBN	NM_002485.4	c.*68A>C	Benign synonymous, SpliceAI<=0.1, PhastCons<1.0	0.053	1.309				7.76		
NBN	NM_002485.4	c.*66T>G	Benign synonymous, SpliceAI<=0.1, PhastCons<1.0	0.0	-0.832				8.261		
NBN	NM_002485.4	c.*66T>A	Benign synonymous, SpliceAI<=0.1, PhastCons<1.0	0.0	-0.832				1.878		
NBN	NM_002485.4	c.*65G>T	Benign synonymous, SpliceAI<=0.1, PhastCons<1.0	0.0	-0.089				1.244		
NBN	NM_002485.4	c.*65G>C	Benign synonymous, SpliceAI<=0.1, PhastCons<1.0	0.0	-0.089			0.000809370	0.912		
NBN	NM_002485.4	c.*63A>T	Benign synonymous, SpliceAI<=0.1, PhastCons<1.0	0.0	-0.198				7.003		
NBN	NM_002485.4	c.*63A>G	Benign synonymous, SpliceAI<=0.1, PhastCons<1.0	0.0	-0.198				12.33		
NBN	NM_002485.4	c.*56G>T	Benign synonymous, SpliceAI<=0.1, PhastCons<1.0	0.0	-1.28				3.447		
NBN	NM_002485.4	c.*56G>C	Benign synonymous, SpliceAI<=0.1, PhastCons<1.0	0.0	-1.28				1.059		
NBN	NM_002485.4	c.*54A>T	Benign synonymous, SpliceAI<=0.1, PhastCons<1.0	0.0	-0.331				2.08		
NBN	NM_002485.4	c.*54A>G	Benign synonymous, SpliceAI<=0.1, PhastCons<1.0	0.0	-0.331				1.437		
NBN	NM_002485.4	c.*53C>G	Benign synonymous, SpliceAI<=0.1, PhastCons<1.0	0.001	-0.191				2.769		
NBN	NM_002485.4	c.*53C>A	Benign synonymous, SpliceAI<=0.1, PhastCons<1.0	0.001	-0.191				10.45		
NBN	NM_002485.4	c.*50C>G	Benign synonymous, SpliceAI<=0.1, PhastCons<1.0	0.0	-0.607				11.51		
NBN	NM_002485.4	c.*50C>A	Benign synonymous, SpliceAI<=0.1, PhastCons<1.0	0.0	-0.607				12.42		
NBN	NM_002485.4	c.*44C>G	Benign synonymous, SpliceAI<=0.1, PhastCons<1.0	0.001	0.008				1.717		
NBN	NM_002485.4	c.*44C>A	Benign synonymous, SpliceAI<=0.1, PhastCons<1.0	0.001	0.008				1.221		
NBN	NM_002485.4	c.*36C>G	Benign synonymous, SpliceAI<=0.1, PhastCons<1.0	0.0	-0.454				2.335		
NBN	NM_002485.4	c.*36C>A	Benign synonymous, SpliceAI<=0.1, PhastCons<1.0	0.0	-0.454				5.195		
NBN	NM_002485.4	c.*35C>G	Benign synonymous, SpliceAI<=0.1, PhastCons<1.0	0.001	-0.122				2.697		
NBN	NM_002485.4	c.*35C>A	Benign synonymous, SpliceAI<=0.1, PhastCons<1.0	0.001	-0.122				6.181		
NBN	NM_002485.4	c.*32C>G	Benign synonymous, SpliceAI<=0.1, PhastCons<1.0	0.0	-0.894				2.561		
NBN	NM_002485.4	c.*32C>A	Benign synonymous, SpliceAI<=0.1, PhastCons<1.0	0.0	-0.894				7.098		
NBN	NM_002485.4	c.*29A>T	Benign synonymous, SpliceAI<=0.1, PhastCons<1.0	0.009	0.937				12.0		
NBN	NM_002485.4	c.*29A>C	Benign synonymous, SpliceAI<=0.1, PhastCons<1.0	0.009	0.937				14.37		
NBN	NM_002485.4	c.*20G>T	Benign synonymous, SpliceAI<=0.1, PhastCons<1.0	0.004	0.11				9.771		
NBN	NM_002485.4	c.*20G>C	Benign synonymous, SpliceAI<=0.1, PhastCons<1.0	0.004	0.11				11.24		
NBN	NM_002485.4	c.*17G>T	Benign synonymous, SpliceAI<=0.1, PhastCons<1.0	0.0	-0.191				13.82		
NBN	NM_002485.4	c.*17G>C	Benign synonymous, SpliceAI<=0.1, PhastCons<1.0	0.0	-0.191				11.13		
NBN	NM_002485.4	c.*14A>T	Benign synonymous, SpliceAI<=0.1, PhastCons<1.0	0.001	0.433				12.25		
NBN	NM_002485.4	c.*14A>C	Benign synonymous, SpliceAI<=0.1, PhastCons<1.0	0.001	0.433				9.95		
NBN	NM_002485.4	c.*11T>G	Benign synonymous, SpliceAI<=0.1, PhastCons<1.0	0.0	0.357				11.15		
NBN	NM_002485.4	c.*11T>A	Benign synonymous, SpliceAI<=0.1, PhastCons<1.0	0.0	0.357				9.881		
NBN	NM_002485.4	c.*8T>G	Benign synonymous, SpliceAI<=0.1, PhastCons<1.0	0.0	0.03				12.69		
NBN	NM_002485.4	c.*8T>A	Benign synonymous, SpliceAI<=0.1, PhastCons<1.0	0.0	0.03				12.35		
NBN	NM_002485.4	c.*5G>T	Benign synonymous, SpliceAI<=0.1, PhastCons<1.0	0.0	-0.849				7.821		
NBN	NM_002485.4	c.*5G>C	Benign synonymous, SpliceAI<=0.1, PhastCons<1.0	0.0	-0.849				7.011		
NBN	NM_002485.4	c.2249T>G	Benign synonymous, SpliceAI<=0.1, PhastCons<1.0	0.069	1.722				36.0		
NBN	NM_002485.4	c.2249T>A	Benign synonymous, SpliceAI<=0.1, PhastCons<1.0	0.069	1.722				36.0		
NBN	NM_002485.4	c.2246A>T	Benign synonymous, SpliceAI<=0.1, PhastCons<1.0	0.991	2.384			2.93000e-06	21.8		Uncertain_significance
NBN	NM_002485.4	c.2246A>C	Benign synonymous, SpliceAI<=0.1, PhastCons<1.0	0.991	2.384				20.4		
NBN	NM_002485.4	c.2244T>G	Benign synonymous, SpliceAI<=0.1, PhastCons<1.0	0.998	0.618				8.402		
NBN	NM_002485.4	c.2244T>A	Benign synonymous, SpliceAI<=0.1, PhastCons<1.0	0.998	0.618				8.197		Likely_benign
NBN	NM_002485.4	c.708G>T	Benign synonymous, SpliceAI<=0.1, PhastCons<1.0	0.982	0.001				21.8		Uncertain_significance
NBN	NM_002485.4	c.708G>C	Benign synonymous, SpliceAI<=0.1, PhastCons<1.0	0.982	0.001				20.6		
NBN	NM_002485.4	c.708G>A	Benign synonymous, SpliceAI<=0.1, PhastCons<1.0	0.982	0.001				8.111		
NBN	NM_002485.4	c.553G>C	Benign FAF >5%	1.0	2.215	.;.;.;.;.;.;.;.;.;.;0.103;.;0.103;.;.;.;.;.;0.103		0.470573	13.66	.;.;.;.;.;.;.;.;.;.;B;.;LB;.;.;.;.;.;LB	Benign
NSD1	NM_022455.4	c.927+874G>A	Likely_benign FAF >0.1%, REVEL <0.29, SpliceAI<=0.1	0.0	-0.929	0.009		0.00135857	2.027		
NSD1	NM_022455.4	c.1840G>T	Benign FAF >5%	0.0	-0.285	.;.;0.189;.;0.189;.;.;0.189;.;.		0.499029	0.007	.;.;.;.;B;.;.;.;.;.	Benign
NSD1	NM_022455.4	c.2176T>C	Benign FAF >5%	0.399	0.437	.;.;0.163;.;0.163;.;.;0.163;.		0.499420	13.43	.;.;.;.;B;.;.;.;.	Benign
NSD1	NM_022455.4	c.6750G>A	Benign FAF >5%	0.0	0.077	.;.;0.066;.;0.066;.;.;0.066;.;.;.		0.0819907	11.43	.;.;.;.;B;.;.;.;.;.;.	Benign
NSD1	NM_022455.4	c.6782T>C	Benign FAF >5%	0.0	-0.209	.;.;0.199;.;0.199;.;.;0.199;.;.;.		0.0820236	0.032	.;.;.;.;B;.;.;.;.;.;.	Benign
NSD1	NM_022455.4	c.7636G>A	Benign FAF >5%	0.045	1.41	.;.;0.325;.;0.325;.;.;0.325;.;.;.		0.0524396	17.83	.;.;.;.;B;.;.;.;.;.;.	Benign
NTHL1	NM_002528.7	c.687A>T	Benign synonymous, SpliceAI<=0.1, PhastCons<1.0	0.047	-1.479				0.58		
NTHL1	NM_002528.7	c.687A>G	Benign synonymous, SpliceAI<=0.1, PhastCons<1.0	0.047	-1.479				0.384		
NTHL1	NM_002528.7	c.687A>C	Benign synonymous, SpliceAI<=0.1, PhastCons<1.0	0.047	-1.479				0.337		
NTHL1	NM_002528.7	c.686-5A>T	Benign synonymous, SpliceAI<=0.1, PhastCons<1.0, PhyloP<0.1, intronic_ROI(-5)	0.0	-1.589	.;.;.			7.191	.;.;.	
NTHL1	NM_002528.7	c.686-5A>G	Benign synonymous, SpliceAI<=0.1, PhastCons<1.0, PhyloP<0.1, intronic_ROI(-5)	0.0	-1.589	.;.;.			8.219	.;.;.	Likely_benign
NTHL1	NM_002528.7	c.686-5A>C	Benign synonymous, SpliceAI<=0.1, PhastCons<1.0, PhyloP<0.1, intronic_ROI(-5)	0.0	-1.589	.;.;.			6.362	.;.;.	Uncertain_significance
NTHL1	NM_002528.7	c.531G>T	Benign synonymous, SpliceAI<=0.1, PhastCons<1.0	0.824	-0.051				22.0		
NTHL1	NM_002528.7	c.531G>C	Benign synonymous, SpliceAI<=0.1, PhastCons<1.0	0.824	-0.051				21.9		Uncertain_significance
NTHL1	NM_002528.7	c.531G>A	Benign synonymous, SpliceAI<=0.1, PhastCons<1.0	0.824	-0.051				3.854		Likely_benign
NTHL1	NM_002528.7	c.118G>T	Benign synonymous, SpliceAI<=0.1, PhastCons<1.0	0.0	0.127	.;.;.;.			5.326	.;.;.;.	Uncertain_significance
NTHL1	NM_002528.7	c.118G>C	Benign synonymous, SpliceAI<=0.1, PhastCons<1.0	0.0	0.127	.;.;.;.			7.346	.;.;.;.	
NTHL1	NM_002528.7	c.118G>A	Benign synonymous, SpliceAI<=0.1, PhastCons<1.0	0.0	0.127	.;.;.;.			8.021	.;.;.;.	Uncertain_significance
NTHL1	NM_002528.7	c.117A>T	Benign synonymous, SpliceAI<=0.1, PhastCons<1.0	0.001	0.113	.;.;.;.			12.06	.;.;.;.	
NTHL1	NM_002528.7	c.117A>G	Benign synonymous, SpliceAI<=0.1, PhastCons<1.0	0.001	0.113	.;.;.;.			7.264	.;.;.;.	
NTHL1	NM_002528.7	c.117A>C	Benign synonymous, SpliceAI<=0.1, PhastCons<1.0	0.001	0.113	.;.;.;.			12.25	.;.;.;.	Uncertain_significance
NTHL1	NM_002528.7	c.-7G>T	Benign synonymous, SpliceAI<=0.1, PhastCons<1.0	0.0	-0.058	0.023			8.721	B	Uncertain_significance
NTHL1	NM_002528.7	c.-7G>C	Benign synonymous, SpliceAI<=0.1, PhastCons<1.0	0.0	-0.058	0.023			9.179	B	Uncertain_significance
NTHL1	NM_002528.7	c.-10G>T	Benign synonymous, SpliceAI<=0.1, PhastCons<1.0	0.007	2.365	0.112			15.37	B	Uncertain_significance
NTHL1	NM_002528.7	c.-10G>C	Benign synonymous, SpliceAI<=0.1, PhastCons<1.0	0.007	2.365	0.112			15.48	B	
NTHL1	NM_002528.7	c.9T>G	Benign synonymous, SpliceAI<=0.1, PhastCons<1.0	0.004	1.525	0.043			14.7	B	
NTHL1	NM_002528.7	c.9T>A	Benign synonymous, SpliceAI<=0.1, PhastCons<1.0	0.004	1.525	0.043			14.67	B	
NTHL1	NM_002528.7	c.6T>G	Benign synonymous, SpliceAI<=0.1, PhastCons<1.0	0.004	1.539	0.067			14.37	B	Uncertain_significance
NTHL1	NM_002528.7	c.6T>A	Benign synonymous, SpliceAI<=0.1, PhastCons<1.0	0.004	1.539				14.24		
PALB2	NM_024675.4	c.2014G>C	Benign FAF >5%	0.0	0.103	.;.;0.029;.;.;.;.;.;.;.;.;.		0.0570171	12.24	.;.;B;.;.;LB;.;.;.;.;.;.	Benign
PALB2	NM_024675.4	c.1684+2T>G	Benign synonymous, SpliceAI<=0.1, PhastCons<1.0, PhyloP<0.1, intronic_ROI(+2)	0.002	0.087	.;.;.;.;.;.;.;.;.;.;.;.			15.53	.;.;.;.;.;.;.;.;.;.;.;.	
PALB2	NM_024675.4	c.1684+2T>C	Benign synonymous, SpliceAI<=0.1, PhastCons<1.0, PhyloP<0.1, intronic_ROI(+2)	0.002	0.087	.;.;.;.;.;.;.;.;.;.;.;.			12.46	.;.;.;.;.;.;.;.;.;.;.;.	
PALB2	NM_024675.4	c.1684+2T>A	Benign synonymous, SpliceAI<=0.1, PhastCons<1.0, PhyloP<0.1, intronic_ROI(+2)	0.002	0.087	.;.;.;.;.;.;.;.;.;.;.;.			15.84	.;.;.;.;.;.;.;.;.;.;.;.	Conflicting_classifications_of_pathogenicity
PALB2	NM_024675.4	c.1684+1G>T	Benign synonymous, SpliceAI<=0.1, PhastCons<1.0, PhyloP<0.1, intronic_ROI(+1)	0.0	0.093	.;.;.;.;.;.;.;.;.;.;.;.			18.69	.;.;.;.;.;.;.;.;.;.;.;.	Likely_pathogenic
PALB2	NM_024675.4	c.1684+1G>C	Benign synonymous, SpliceAI<=0.1, PhastCons<1.0, PhyloP<0.1, intronic_ROI(+1)	0.0	0.093	.;.;.;.;.;.;.;.;.;.;.;.			17.65	.;.;.;.;.;.;.;.;.;.;.;.	
PALB2	NM_024675.4	c.1684+1G>A	Benign synonymous, SpliceAI<=0.1, PhastCons<1.0, PhyloP<0.1, intronic_ROI(+1)	0.0	0.093	.;.;.;.;.;.;.;.;.;.;.;.			18.15	.;.;.;.;.;.;.;.;.;.;.;.	Uncertain_significance
PALB2	NM_024675.4	c.1676A>G	Benign FAF >5%	0.01	0.387	.;.;0.023;.;.;.;.;.;.;.;.;.		0.213066	0.402	.;.;B;.;.;LB;.;.;.;.;.;.	Benign/Likely_benign
PALB2	NM_024675.4	c.629C>T	Benign FAF >5%	0.0	0.357	.;.;0.096;.;.;.;.;.;.		0.0675082	5.122	.;.;B;.;.;.;.;.;.	Conflicting_classifications_of_pathogenicity
PDGFRA	NM_006206.6	c.-10T>A	Benign synonymous, SpliceAI<=0.1, PhastCons<1.0	0.357	-0.051	0.026			10.26	A	
PDGFRA	NM_006206.6	c.-10T>G	Benign synonymous, SpliceAI<=0.1, PhastCons<1.0	0.357	-0.051	0.021			9.632	A	
PDGFRA	NM_006206.6	c.-6A>G	Benign synonymous, SpliceAI<=0.1, PhastCons<1.0	0.0	-0.831	0.027			6.586	LB	
PDGFRA	NM_006206.6	c.-6A>T	Benign synonymous, SpliceAI<=0.1, PhastCons<1.0	0.0	-0.831				6.402		
PDGFRA	NM_006206.6	c.-4A>C	Benign synonymous, SpliceAI<=0.1, PhastCons<1.0	0.0	0.17	0.030			13.09	LB	
PDGFRA	NM_006206.6	c.-4A>T	Benign synonymous, SpliceAI<=0.1, PhastCons<1.0	0.0	0.17	0.028		1.10900e-05	13.39	LB	Uncertain_significance
PDGFRA	NM_006206.6	c.1019G>A	Benign FAF >5%	1.0	2.914	.;.;.;.;.;0.115;.;.;.;.;.;.;.;.		0.0508919	15.92	.;.;.;.;.;B;.;.;.;.;.;.;.;.	Benign
PDGFRA	NM_006206.6	c.1432T>C	Benign FAF >5%	0.0	-1.151	.;.;.;.;.;0.088;.;.;.;.;.;.;.;.		0.252960	1.048	.;.;.;.;.;B;.;.;.;.;.;.;.;.	Benign
PHOX2B	NM_003924.4	c.922T>G	Benign synonymous, SpliceAI<=0.1, PhastCons<1.0	0.843	0.616	0.290			22.8	B	Uncertain_significance
PHOX2B	NM_003924.4	c.922T>A	Benign synonymous, SpliceAI<=0.1, PhastCons<1.0	0.843	0.616	0.305			23.1	B	
PHOX2B	NM_003924.4	c.915A>T	Benign synonymous, SpliceAI<=0.1, PhastCons<1.0	0.998	0.5	0.374			23.4	P	
PHOX2B	NM_003924.4	c.915A>C	Benign synonymous, SpliceAI<=0.1, PhastCons<1.0	0.998	0.5	0.374			23.4	P	
PHOX2B	NM_003924.4	c.813A>T	Benign synonymous, SpliceAI<=0.1, PhastCons<1.0	0.612	0.176	0.222			21.2	B	
PHOX2B	NM_003924.4	c.813A>C	Benign synonymous, SpliceAI<=0.1, PhastCons<1.0	0.612	0.176	0.222			21.2	B	
PHOX2B	NM_003924.4	c.787C>G	Benign synonymous, SpliceAI<=0.1, PhastCons<1.0	0.085	1.084	0.198			20.5	B	Uncertain_significance
PHOX2B	NM_003924.4	c.787C>A	Benign synonymous, SpliceAI<=0.1, PhastCons<1.0	0.085	1.084	0.204			21.3	B	
PHOX2B	NM_003924.4	c.714G>T	Benign synonymous, SpliceAI<=0.1, PhastCons<1.0	0.0	-3.368	0.190			10.69	A	Uncertain_significance
PHOX2B	NM_003924.4	c.714G>C	Benign synonymous, SpliceAI<=0.1, PhastCons<1.0	0.0	-3.368	0.190			11.19	A	
PHOX2B	NM_003924.4	c.705A>T	Benign synonymous, SpliceAI<=0.1, PhastCons<1.0	0.0	-1.648	0.107			3.536	B	
PHOX2B	NM_003924.4	c.705A>C	Benign synonymous, SpliceAI<=0.1, PhastCons<1.0	0.0	-1.648	0.107			4.013	B	
PHOX2B	NM_003924.4	c.633T>G	Benign synonymous, SpliceAI<=0.1, PhastCons<1.0	0.0	-0.326	0.243			0.447	A	Conflicting_classifications_of_pathogenicity
PHOX2B	NM_003924.4	c.633T>A	Benign synonymous, SpliceAI<=0.1, PhastCons<1.0	0.0	-0.326	0.243			0.33	A	
PHOX2B	NM_003924.4	c.624C>G	Benign synonymous, SpliceAI<=0.1, PhastCons<1.0	0.878	1.15	0.307			23.9	P	Uncertain_significance
PHOX2B	NM_003924.4	c.624C>A	Benign synonymous, SpliceAI<=0.1, PhastCons<1.0	0.878	1.15				37.0		
PHOX2B	NM_003924.4	c.609C>G	Benign synonymous, SpliceAI<=0.1, PhastCons<1.0	0.393	0.677	0.197			19.68	A	
PHOX2B	NM_003924.4	c.609C>A	Benign synonymous, SpliceAI<=0.1, PhastCons<1.0	0.393	0.677	0.198			19.58	A	Uncertain_significance
PHOX2B	NM_003924.4	c.564G>T	Benign synonymous, SpliceAI<=0.1, PhastCons<1.0	0.964	0.677	0.314			17.61	P	Uncertain_significance
PHOX2B	NM_003924.4	c.564G>C	Benign synonymous, SpliceAI<=0.1, PhastCons<1.0	0.964	0.677	0.311			17.32	P	Uncertain_significance
PHOX2B	NM_003924.4	c.558G>T	Benign synonymous, SpliceAI<=0.1, PhastCons<1.0	0.002	-0.108	0.171			13.38	B	
PHOX2B	NM_003924.4	c.558G>C	Benign synonymous, SpliceAI<=0.1, PhastCons<1.0	0.002	-0.108	0.171			13.46	B	
PHOX2B	NM_003924.4	c.555A>T	Benign synonymous, SpliceAI<=0.1, PhastCons<1.0	0.881	-0.082	0.398			19.67	P	
PHOX2B	NM_003924.4	c.555A>C	Benign synonymous, SpliceAI<=0.1, PhastCons<1.0	0.881	-0.082	0.398			19.63	P	
PHOX2B	NM_003924.4	c.549G>T	Benign synonymous, SpliceAI<=0.1, PhastCons<1.0	0.747	1.001	0.237			12.54	B	
PHOX2B	NM_003924.4	c.549G>C	Benign synonymous, SpliceAI<=0.1, PhastCons<1.0	0.747	1.001	0.236			12.31	B	
PHOX2B	NM_003924.4	c.543C>G	Benign synonymous, SpliceAI<=0.1, PhastCons<1.0	0.991	0.355	0.330			18.81	B	Uncertain_significance
PHOX2B	NM_003924.4	c.543C>A	Benign synonymous, SpliceAI<=0.1, PhastCons<1.0	0.991	0.355	0.330			18.65	B	
PHOX2B	NM_003924.4	c.540G>T	Benign synonymous, SpliceAI<=0.1, PhastCons<1.0	0.006	0.133	0.325			19.09	A	
PHOX2B	NM_003924.4	c.540G>C	Benign synonymous, SpliceAI<=0.1, PhastCons<1.0	0.006	0.133	0.325			19.15	A	
PHOX2B	NM_003924.4	c.538A>T	Benign synonymous, SpliceAI<=0.1, PhastCons<1.0	0.0	0.14	0.274			23.2	A	Uncertain_significance
PHOX2B	NM_003924.4	c.538A>G	Benign synonymous, SpliceAI<=0.1, PhastCons<1.0	0.0	0.14	0.232			19.13	B	
PHOX2B	NM_003924.4	c.531C>G	Benign synonymous, SpliceAI<=0.1, PhastCons<1.0	0.011	-0.273	0.225			13.79	B	
PHOX2B	NM_003924.4	c.531C>A	Benign synonymous, SpliceAI<=0.1, PhastCons<1.0	0.011	-0.273	0.225			13.73	B	
PHOX2B	NM_003924.4	c.525G>T	Benign synonymous, SpliceAI<=0.1, PhastCons<1.0	0.216	-0.165	0.351			15.14	P	
PHOX2B	NM_003924.4	c.525G>C	Benign synonymous, SpliceAI<=0.1, PhastCons<1.0	0.216	-0.165	0.351			15.14	P	
PHOX2B	NM_003924.4	c.504G>T	Benign synonymous, SpliceAI<=0.1, PhastCons<1.0	0.024	-0.267	0.321			18.86	P	Uncertain_significance
PHOX2B	NM_003924.4	c.504G>C	Benign synonymous, SpliceAI<=0.1, PhastCons<1.0	0.024	-0.267	0.321			18.55	P	
PHOX2B	NM_003924.4	c.465G>T	Benign synonymous, SpliceAI<=0.1, PhastCons<1.0	0.998	0.661	0.729			24.4	P	
PHOX2B	NM_003924.4	c.465G>C	Benign synonymous, SpliceAI<=0.1, PhastCons<1.0	0.998	0.661	0.729			24.4	P	
PHOX2B	NM_003924.4	c.456G>T	Benign synonymous, SpliceAI<=0.1, PhastCons<1.0	0.979	0.219	0.890			24.0	P	
PHOX2B	NM_003924.4	c.456G>C	Benign synonymous, SpliceAI<=0.1, PhastCons<1.0	0.979	0.219	0.890			23.9	P	
PHOX2B	NM_003924.4	c.421C>T	Benign synonymous, SpliceAI<=0.1, PhastCons<1.0	0.918	1.284				40.0		
PHOX2B	NM_003924.4	c.421C>G	Benign synonymous, SpliceAI<=0.1, PhastCons<1.0	0.918	1.284	0.943			29.0	P	Pathogenic
PHOX2B	NM_003924.4	c.402G>T	Benign synonymous, SpliceAI<=0.1, PhastCons<1.0	0.995	0.434	0.677			25.9	P	
PHOX2B	NM_003924.4	c.402G>C	Benign synonymous, SpliceAI<=0.1, PhastCons<1.0	0.995	0.434	0.677			25.8	P	
PHOX2B	NM_003924.4	c.387G>T	Benign synonymous, SpliceAI<=0.1, PhastCons<1.0	0.998	0.702	0.815			23.6	P	
PHOX2B	NM_003924.4	c.387G>C	Benign synonymous, SpliceAI<=0.1, PhastCons<1.0	0.998	0.702	0.815			23.6	P	
PHOX2B	NM_003924.4	c.333A>T	Benign synonymous, SpliceAI<=0.1, PhastCons<1.0	0.965	0.158	0.504			22.3	P	
PHOX2B	NM_003924.4	c.333A>C	Benign synonymous, SpliceAI<=0.1, PhastCons<1.0	0.965	0.158	0.504			22.3	P	
PHOX2B	NM_003924.4	c.321T>G	Benign synonymous, SpliceAI<=0.1, PhastCons<1.0	0.993	0.236	0.639			16.54	P	
PHOX2B	NM_003924.4	c.321T>A	Benign synonymous, SpliceAI<=0.1, PhastCons<1.0	0.993	0.236	0.639			16.36	P	
PMS2	NM_000535.7	c.2570G>C	Benign FAF >5%	1.0	5.144	0.290;.;.;.;.;.;.;.;.;.;.;.;.;.;.;.;.;.;.;.;.;0.290		0.358588	15.8	B;.;.;.;.;.;.;.;.;.;.;.;.;.;.;.;.;.;.;.;LB;LB	Benign
PMS2	NM_000535.7	c.1621A>G	Benign FAF >5%	0.009	1.502	0.161;.;.;.;.;.;.;.;.;.;.;.;.;.;.;.;.;.;.;.;.		0.921297	5.539	B;.;.;.;.;.;.;.;.;.;.;.;.;.;.;.;.;.;.;.;LB	Benign
PMS2	NM_000535.7	c.1532C>T	Benign FAF >5%	0.0	-0.25	0.138;.;.;.;.;.;.;.;.;.;.;.;.;.;.;.;.;.;.;.;.		0.0790153	0.17	B;.;.;.;.;.;.;.;.;.;.;.;.;.;.;.;.;.;.;.;LB	Benign
PMS2	NM_000535.7	c.1454C>A	Benign FAF >5%	0.0	0.032	0.101;.;.;.;.;.;.;.;.;.;.;.;.;.;.;.;.;.;.;.;.		0.362239	0.008	B;.;.;.;.;.;.;.;.;.;.;.;.;.;.;.;.;.;.;.;LB	Benign
PMS2	NM_000535.7	c.1408C>T	Benign FAF >5%	0.002	0.283	0.085;.;.;.;.;.;.;.;.;.;.;.;.;.;.;.;.;.;.;.;.		0.436894	2.64	B;.;.;.;.;.;.;.;.;.;.;.;.;.;.;.;.;.;.;.;LB	Benign
PMS2	NM_000535.7	c.540G>T	Benign synonymous, SpliceAI<=0.1, PhastCons<1.0	0.936	0.04				21.9		Uncertain_significance
PMS2	NM_000535.7	c.540G>C	Benign synonymous, SpliceAI<=0.1, PhastCons<1.0	0.936	0.04				21.7		
PMS2	NM_000535.7	c.540G>A	Benign synonymous, SpliceAI<=0.1, PhastCons<1.0	0.936	0.04				11.66		Benign/Likely_benign
PMS2	NM_000535.7	c.354C>G	Benign synonymous, SpliceAI<=0.1, PhastCons<1.0	0.835	0.105				13.0		
PMS2	NM_000535.7	c.354C>A	Benign synonymous, SpliceAI<=0.1, PhastCons<1.0	0.835	0.105				14.44		Uncertain_significance
PMS2	NM_000535.7	c.231A>G	Benign synonymous, SpliceAI<=0.1, PhastCons<1.0	0.996	0.319				9.005		
PMS2	NM_000535.7	c.225A>T	Benign synonymous, SpliceAI<=0.1, PhastCons<1.0	0.999	0.463				8.476		
PMS2	NM_000535.7	c.225A>G	Benign synonymous, SpliceAI<=0.1, PhastCons<1.0	0.999	0.463				9.072		Benign/Likely_benign
PMS2	NM_000535.7	c.59G>A	Benign FAF >5%	0.939	0.288	0.434;.;.;.;.;.;.;.;.;.;.;0.434		0.0889061	20.5	B;.;.;.;.;.;.;.;.;.;.;LB	Benign
PMS2	NM_000535.7	c.24-272A>G	Benign FAF >5%	0.0	-2.437			0.204293	0.892		
POLD1	NM_001256849.1	c.317-42C>T	Benign FAF >5%	0.0	-3.066			0.0705839	0.251		Benign
POLD1	NM_001256849.1	c.317-8C>A	Benign synonymous, SpliceAI<=0.1, PhastCons<1.0, PhyloP<0.1, intronic_ROI(-8)	0.0	-0.556			0.000120230	2.814		Likely_benign
POLD1	NM_001256849.1	c.317-8C>G	Benign synonymous, SpliceAI<=0.1, PhastCons<1.0, PhyloP<0.1, intronic_ROI(-8)	0.0	-0.556				19.06		
POLD1	NM_001256849.1	c.356G>A	Benign FAF >5%	0.0	-0.744	.;.;.;.;.;.;.;.;.;.;.;.;.;.;.;.;.;.;.;0.011;.;.;.;.;.;.;.;.;.;.;.;.;.;.;.		0.289197	0.007	.;.;.;.;.;.;.;.;.;LB;.;.;.;.;.;B;.;.;.;LB;LB;.;.;.;.;.;.;.;.;.;.;.;.;.;.	Benign
POLD1	NM_001256849.1	c.518G>A	Benign FAF >5%	1.0	4.632	.;.;.;.;.;.;.;.;.;.;.;.;.;.;.;.;.;.;0.097;.;.;.;.;.;.;.;.;.;.;.;.;.;.;.		0.0988738	21.6	.;.;.;.;.;.;.;.;.;LB;.;.;.;.;B;.;.;.;LB;LB;.;.;.;.;.;.;.;.;.;.;.;.;.;.	Benign
POLE	NM_006231.4	c.4187A>G	Benign FAF >5%	1.0	4.747	.;0.067;0.067		0.173164	21.7	.;B;LB	Benign
POLE	NM_006231.4	c.755C>T	Benign FAF >5%	1.0	5.638	.;0.081;0.081		0.109106	20.6	.;B;LB	Benign
POLH	NM_006502.3	c.1939A>T	Benign FAF >5%	0.997	2.897	.;.;.;0.141		0.312213	18.51	.;.;.;B	Benign
POT1	NM_015450.3	c.1701G>T	Benign synonymous, SpliceAI<=0.1, PhastCons<1.0	0.941	-0.136				23.2		
POT1	NM_015450.3	c.1701G>C	Benign synonymous, SpliceAI<=0.1, PhastCons<1.0	0.941	-0.136			2.80000e-07	22.0		Uncertain_significance
POT1	NM_015450.3	c.1701G>A	Benign synonymous, SpliceAI<=0.1, PhastCons<1.0	0.941	-0.136				17.13		
POT1	NM_015450.3	c.548T>G	Benign FAF >5%	1.0	7.212	0.748;.;.;.;.;.;.;.;.;.;.;.;.;.;.;.;.;.;.		0.0626120	25.5	.;.;.;.;.;.;.;.;.;.;.;.;.;.;.;LP;P;LP;LP	Benign
PRF1	NM_005041.5	c.*371A>T	Benign synonymous, SpliceAI<=0.1, PhastCons<1.0	0.0	-0.212				1.465		
PRF1	NM_005041.5	c.*371A>C	Benign synonymous, SpliceAI<=0.1, PhastCons<1.0	0.0	-0.212				1.487		
PRF1	NM_005041.5	c.*370A>T	Benign synonymous, SpliceAI<=0.1, PhastCons<1.0	0.0	-0.292				0.732		
PRF1	NM_005041.5	c.*370A>C	Benign synonymous, SpliceAI<=0.1, PhastCons<1.0	0.0	-0.292				0.776		
PRF1	NM_005041.5	c.*362T>G	Benign synonymous, SpliceAI<=0.1, PhastCons<1.0	0.0	-0.376				0.708	LP	
PRF1	NM_005041.5	c.*362T>A	Benign synonymous, SpliceAI<=0.1, PhastCons<1.0	0.0	-0.376				0.697	LP	
PRF1	NM_005041.5	c.*350G>T	Benign synonymous, SpliceAI<=0.1, PhastCons<1.0	0.0	-0.655				1.135	LB	
PRF1	NM_005041.5	c.*350G>C	Benign synonymous, SpliceAI<=0.1, PhastCons<1.0	0.0	-0.655				1.199	LB	
PRF1	NM_005041.5	c.*347G>T	Benign synonymous, SpliceAI<=0.1, PhastCons<1.0	0.0	-0.138				0.11	LB	
PRF1	NM_005041.5	c.*347G>C	Benign synonymous, SpliceAI<=0.1, PhastCons<1.0	0.0	-0.138				0.116	LB	
PRF1	NM_005041.5	c.*345A>T	Benign synonymous, SpliceAI<=0.1, PhastCons<1.0	0.0	-0.64				0.489	LB	
PRF1	NM_005041.5	c.*345A>G	Benign synonymous, SpliceAI<=0.1, PhastCons<1.0	0.0	-0.64				0.592	LB	
PRF1	NM_005041.5	c.*344C>G	Benign synonymous, SpliceAI<=0.1, PhastCons<1.0	0.0	0.143				2.935	A	
PRF1	NM_005041.5	c.*344C>A	Benign synonymous, SpliceAI<=0.1, PhastCons<1.0	0.0	0.143				2.853	A	
PRF1	NM_005041.5	c.*341T>G	Benign synonymous, SpliceAI<=0.1, PhastCons<1.0	0.0	0.075				2.274	A	
PRF1	NM_005041.5	c.*341T>A	Benign synonymous, SpliceAI<=0.1, PhastCons<1.0	0.0	0.075				2.192	A	
PRF1	NM_005041.5	c.*336C>G	Benign synonymous, SpliceAI<=0.1, PhastCons<1.0	0.0	0.207			6.17000e-06	0.472	LB	
PRF1	NM_005041.5	c.*336C>A	Benign synonymous, SpliceAI<=0.1, PhastCons<1.0	0.0	0.207				0.454	LB	
PRF1	NM_005041.5	c.*335A>T	Benign synonymous, SpliceAI<=0.1, PhastCons<1.0	0.0	-1.464				0.456	LB	
PRF1	NM_005041.5	c.*335A>C	Benign synonymous, SpliceAI<=0.1, PhastCons<1.0	0.0	-1.464				0.46	LB	
PRF1	NM_005041.5	c.*333A>T	Benign synonymous, SpliceAI<=0.1, PhastCons<1.0	0.0	-0.398				0.167		
PRF1	NM_005041.5	c.*333A>G	Benign synonymous, SpliceAI<=0.1, PhastCons<1.0	0.0	-0.398				0.197	LB	
PRF1	NM_005041.5	c.*332C>G	Benign synonymous, SpliceAI<=0.1, PhastCons<1.0	0.0	0.057				0.698	A	
PRF1	NM_005041.5	c.*332C>A	Benign synonymous, SpliceAI<=0.1, PhastCons<1.0	0.0	0.057				0.666	A	
PRF1	NM_005041.5	c.*329A>T	Benign synonymous, SpliceAI<=0.1, PhastCons<1.0	0.0	-1.553				0.473	LB	
PRF1	NM_005041.5	c.*329A>C	Benign synonymous, SpliceAI<=0.1, PhastCons<1.0	0.0	-1.553				0.459	LB	
PRF1	NM_005041.5	c.*327A>T	Benign synonymous, SpliceAI<=0.1, PhastCons<1.0	0.0	-0.091				1.917		
PRF1	NM_005041.5	c.*327A>G	Benign synonymous, SpliceAI<=0.1, PhastCons<1.0	0.0	-0.091				1.738	LB	
PRF1	NM_005041.5	c.*323A>T	Benign synonymous, SpliceAI<=0.1, PhastCons<1.0	0.045	0.266				2.861	LB	
PRF1	NM_005041.5	c.*323A>C	Benign synonymous, SpliceAI<=0.1, PhastCons<1.0	0.045	0.266				3.004	LB	
PRF1	NM_005041.5	c.*317T>G	Benign synonymous, SpliceAI<=0.1, PhastCons<1.0	0.001	-0.91				0.283	LB	
PRF1	NM_005041.5	c.*317T>A	Benign synonymous, SpliceAI<=0.1, PhastCons<1.0	0.001	-0.91				0.23	LB	
PRF1	NM_005041.5	c.*311G>T	Benign synonymous, SpliceAI<=0.1, PhastCons<1.0	0.001	0.058				1.493	LB	
PRF1	NM_005041.5	c.*311G>C	Benign synonymous, SpliceAI<=0.1, PhastCons<1.0	0.001	0.058				1.586	LB	
PRF1	NM_005041.5	c.*308T>G	Benign synonymous, SpliceAI<=0.1, PhastCons<1.0	0.0	-0.062				2.463	LB	
PRF1	NM_005041.5	c.*308T>A	Benign synonymous, SpliceAI<=0.1, PhastCons<1.0	0.0	-0.062				2.385	LB	
PRF1	NM_005041.5	c.*302T>G	Benign synonymous, SpliceAI<=0.1, PhastCons<1.0	0.0	-0.432				0.532	LB	
PRF1	NM_005041.5	c.*302T>A	Benign synonymous, SpliceAI<=0.1, PhastCons<1.0	0.0	-0.432				0.515	LB	
PRF1	NM_005041.5	c.*299G>T	Benign synonymous, SpliceAI<=0.1, PhastCons<1.0	0.0	-0.609				1.348	LB	
PRF1	NM_005041.5	c.*299G>C	Benign synonymous, SpliceAI<=0.1, PhastCons<1.0	0.0	-0.609				1.405	LB	
PRF1	NM_005041.5	c.*297T>G	Benign synonymous, SpliceAI<=0.1, PhastCons<1.0	0.0	-0.182				1.863	LB	
PRF1	NM_005041.5	c.*297T>A	Benign synonymous, SpliceAI<=0.1, PhastCons<1.0	0.0	-0.182				1.8	LB	
PRF1	NM_005041.5	c.*296A>T	Benign synonymous, SpliceAI<=0.1, PhastCons<1.0	0.0	-0.472				2.543	LB	
PRF1	NM_005041.5	c.*296A>C	Benign synonymous, SpliceAI<=0.1, PhastCons<1.0	0.0	-0.472				2.593	LB	
PRF1	NM_005041.5	c.*294A>T	Benign synonymous, SpliceAI<=0.1, PhastCons<1.0	0.0	-0.023				4.068		
PRF1	NM_005041.5	c.*294A>G	Benign synonymous, SpliceAI<=0.1, PhastCons<1.0	0.0	-0.023			9.80000e-07	4.503	LB	
PRF1	NM_005041.5	c.*293A>T	Benign synonymous, SpliceAI<=0.1, PhastCons<1.0	0.0	-0.495				3.024	LB	
PRF1	NM_005041.5	c.*293A>C	Benign synonymous, SpliceAI<=0.1, PhastCons<1.0	0.0	-0.495				3.151	LB	
PRF1	NM_005041.5	c.*287A>T	Benign synonymous, SpliceAI<=0.1, PhastCons<1.0	0.001	-0.332				3.329	LB	
PRF1	NM_005041.5	c.*287A>C	Benign synonymous, SpliceAI<=0.1, PhastCons<1.0	0.001	-0.332				3.48	LB	
PRF1	NM_005041.5	c.*284A>T	Benign synonymous, SpliceAI<=0.1, PhastCons<1.0	0.0	-0.197				1.453	LB	
PRF1	NM_005041.5	c.*284A>C	Benign synonymous, SpliceAI<=0.1, PhastCons<1.0	0.0	-0.197				1.518	LB	
PRF1	NM_005041.5	c.*282A>T	Benign synonymous, SpliceAI<=0.1, PhastCons<1.0	0.0	-0.529				1.947		
PRF1	NM_005041.5	c.*282A>G	Benign synonymous, SpliceAI<=0.1, PhastCons<1.0	0.0	-0.529				2.325	LB	
PRF1	NM_005041.5	c.*257C>G	Benign synonymous, SpliceAI<=0.1, PhastCons<1.0	0.0	-0.285				1.267	LB	
PRF1	NM_005041.5	c.*257C>A	Benign synonymous, SpliceAI<=0.1, PhastCons<1.0	0.0	-0.285				0.627	LB	
PRF1	NM_005041.5	c.*245C>G	Benign synonymous, SpliceAI<=0.1, PhastCons<1.0	0.003	-0.493				0.312		
PRF1	NM_005041.5	c.*245C>A	Benign synonymous, SpliceAI<=0.1, PhastCons<1.0	0.003	-0.493				0.305		
PRF1	NM_005041.5	c.*242T>G	Benign synonymous, SpliceAI<=0.1, PhastCons<1.0	0.011	0.779				3.752	LP	
PRF1	NM_005041.5	c.*242T>A	Benign synonymous, SpliceAI<=0.1, PhastCons<1.0	0.011	0.779				3.152	LP	
PRF1	NM_005041.5	c.*236T>G	Benign synonymous, SpliceAI<=0.1, PhastCons<1.0	0.004	0.591				2.855	LB	
PRF1	NM_005041.5	c.*236T>A	Benign synonymous, SpliceAI<=0.1, PhastCons<1.0	0.004	0.591				5.036	LB	
PRF1	NM_005041.5	c.*230T>G	Benign synonymous, SpliceAI<=0.1, PhastCons<1.0	0.001	-0.131				1.461	LB	
PRF1	NM_005041.5	c.*230T>A	Benign synonymous, SpliceAI<=0.1, PhastCons<1.0	0.001	-0.131				2.748	LB	
PRF1	NM_005041.5	c.*212C>G	Benign synonymous, SpliceAI<=0.1, PhastCons<1.0	0.0	-0.569				16.16	LB	
PRF1	NM_005041.5	c.*212C>A	Benign synonymous, SpliceAI<=0.1, PhastCons<1.0	0.0	-0.569				8.458	LB	
PRF1	NM_005041.5	c.*211G>T	Benign synonymous, SpliceAI<=0.1, PhastCons<1.0	0.0	-0.711				8.862		
PRF1	NM_005041.5	c.*211G>C	Benign synonymous, SpliceAI<=0.1, PhastCons<1.0	0.0	-0.711				6.725		
PRF1	NM_005041.5	c.*211G>A	Benign synonymous, SpliceAI<=0.1, PhastCons<1.0	0.0	-0.711			9.40000e-07	8.082		
PRF1	NM_005041.5	c.*210A>T	Benign synonymous, SpliceAI<=0.1, PhastCons<1.0	0.0	-0.878				10.9		
PRF1	NM_005041.5	c.*210A>G	Benign synonymous, SpliceAI<=0.1, PhastCons<1.0	0.0	-0.878				11.22		
PRF1	NM_005041.5	c.*210A>C	Benign synonymous, SpliceAI<=0.1, PhastCons<1.0	0.0	-0.878				12.15		
PRF1	NM_005041.5	c.11G>A	Benign FAF >5%	0.0	-1.043	.;.;.;0.216;.;0.216		0.0808642	12.56	.;.;LB;LB;.;B	Benign/Likely_benign
PRKAR1A	NM_212472.2	c.974-2A>C	Benign synonymous, SpliceAI<=0.1, PhastCons<1.0, PhyloP<0.1, intronic_ROI(-2)	0.0	-0.772	.;.;.			4.024	.;.;.	
PRKAR1A	NM_212472.2	c.974-2A>G	Benign synonymous, SpliceAI<=0.1, PhastCons<1.0, PhyloP<0.1, intronic_ROI(-2)	0.0	-0.772	.;.;.			4.44	.;.;.	
PRKAR1A	NM_212472.2	c.974-2A>T	Benign synonymous, SpliceAI<=0.1, PhastCons<1.0, PhyloP<0.1, intronic_ROI(-2)	0.0	-0.772	.;.;.			4.468	.;.;.	
PRKAR1A	NM_212472.2	c.974-1G>A	Benign synonymous, SpliceAI<=0.1, PhastCons<1.0, PhyloP<0.1, intronic_ROI(-1)	0.001	-0.229	.;.;.			11.15	.;.;.	
PRKAR1A	NM_212472.2	c.974-1G>C	Benign synonymous, SpliceAI<=0.1, PhastCons<1.0, PhyloP<0.1, intronic_ROI(-1)	0.001	-0.229	.;.;.			9.032	.;.;.	
PRKAR1A	NM_212472.2	c.974-1G>T	Benign synonymous, SpliceAI<=0.1, PhastCons<1.0, PhyloP<0.1, intronic_ROI(-1)	0.001	-0.229	.;.;.			10.22	.;.;.	
PRKAR1A	NM_212472.2	c.998G>A	Benign FAF >5%	0.0	-0.055	.;.;.		0.187250	0.545	LB;.;.	
PTCH1	NM_001083602.2	c.3746C>T	Benign FAF >5%	1.0	9.54	0.443;0.443;.;0.443;.;0.443		0.575205	25.4	B;.;.;LB;.;LB	Benign
PTCH1	NM_001083602.2	c.3385A>T	Benign FAF >5%	1.0	4.017	0.432;0.432;.;0.432;.;0.432		0.124746	17.62	B;.;.;LB;.;LB	Benign/Likely_benign
PTCH1	NM_001083602.2	c.4-1623G>T	Likely_benign FAF >0.1%, REVEL <0.29, SpliceAI<=0.1	1.0	0.995	0.104		0.00177339	15.55	B	Conflicting_classifications_of_pathogenicity
PTCH1	NM_001083602.2	c.4-1654G>C	Likely_benign FAF >0.1%, REVEL <0.29, SpliceAI<=0.1	1.0	4.796	0.247		0.0115273	18.45	B	Benign/Likely_benign
PTCH1	NM_001083602.2	c.4-1726C>G	Likely_benign FAF >0.1%, REVEL <0.29, SpliceAI<=0.1	0.0	-1.278	0.259		0.00116493	19.31	B	Conflicting_classifications_of_pathogenicity
PTCH1	NM_001083602.2	c.-152G>T	Benign synonymous, SpliceAI<=0.1, PhastCons<1.0	0.574	1.328				29.7		
PTCH1	NM_001083602.2	c.-152G>C	Benign synonymous, SpliceAI<=0.1, PhastCons<1.0	0.574	1.328				28.3		
PTCH1	NM_001083602.2	c.-155C>G	Benign synonymous, SpliceAI<=0.1, PhastCons<1.0	0.625	0.765				21.8		
PTCH1	NM_001083602.2	c.-155C>A	Benign synonymous, SpliceAI<=0.1, PhastCons<1.0	0.625	0.765				21.9		
PTCH1	NM_001083602.2	c.-179G>T	Benign synonymous, SpliceAI<=0.1, PhastCons<1.0	0.0	0.292				17.78		
PTCH1	NM_001083602.2	c.-179G>C	Benign synonymous, SpliceAI<=0.1, PhastCons<1.0	0.0	0.292				17.89		
PTCH1	NM_001083602.2	c.-181A>T	Benign synonymous, SpliceAI<=0.1, PhastCons<1.0	0.0	0.103				20.5		
PTCH1	NM_001083602.2	c.-181A>G	Benign synonymous, SpliceAI<=0.1, PhastCons<1.0	0.0	0.103				15.83		
PTCH1	NM_001083602.2	c.-182C>G	Benign synonymous, SpliceAI<=0.1, PhastCons<1.0	0.0	-0.043				18.23		
PTCH1	NM_001083602.2	c.-182C>A	Benign synonymous, SpliceAI<=0.1, PhastCons<1.0	0.0	-0.043				18.16		
PTCH1	NM_001083602.2	c.-185C>G	Benign synonymous, SpliceAI<=0.1, PhastCons<1.0	0.768	1.048				17.71		
PTCH1	NM_001083602.2	c.-185C>A	Benign synonymous, SpliceAI<=0.1, PhastCons<1.0	0.768	1.048				15.59		
PTCH1	NM_001083602.2	c.-187G>C	Benign FAF >5%	0.712	1.923			0.0837260	16.29		Benign
PTCH1	NM_001083602.2	c.-188A>T	Benign synonymous, SpliceAI<=0.1, PhastCons<1.0	0.004	-0.587				11.96		
PTCH1	NM_001083602.2	c.-188A>C	Benign synonymous, SpliceAI<=0.1, PhastCons<1.0	0.004	-0.587			4.44000e-06	11.87		
PTCH1	NM_001083602.2	c.-191A>T	Benign synonymous, SpliceAI<=0.1, PhastCons<1.0	0.001	0.561				11.99		
PTCH1	NM_001083602.2	c.-191A>C	Benign synonymous, SpliceAI<=0.1, PhastCons<1.0	0.001	0.561				12.02		
PTCH1	NM_001083602.2	c.-194A>T	Benign synonymous, SpliceAI<=0.1, PhastCons<1.0	0.236	1.87				13.81		
PTCH1	NM_001083602.2	c.-194A>C	Benign synonymous, SpliceAI<=0.1, PhastCons<1.0	0.236	1.87				13.95		
PTCH1	NM_001083602.2	c.-203C>G	Benign synonymous, SpliceAI<=0.1, PhastCons<1.0	0.006	0.615				7.754		Uncertain_significance
PTCH1	NM_001083602.2	c.-203C>A	Benign synonymous, SpliceAI<=0.1, PhastCons<1.0	0.006	0.615				7.061		
PTCH1	NM_001083602.2	c.-206A>T	Benign synonymous, SpliceAI<=0.1, PhastCons<1.0	0.0	-0.122				7.955		
PTCH1	NM_001083602.2	c.-206A>C	Benign synonymous, SpliceAI<=0.1, PhastCons<1.0	0.0	-0.122				7.715		
PTCH1	NM_001083602.2	c.-209A>T	Benign synonymous, SpliceAI<=0.1, PhastCons<1.0	0.007	0.081				4.14		
PTCH1	NM_001083602.2	c.-209A>C	Benign synonymous, SpliceAI<=0.1, PhastCons<1.0	0.007	0.081				4.386		
PTCH1	NM_001083602.2	c.-212A>T	Benign synonymous, SpliceAI<=0.1, PhastCons<1.0	0.002	-0.01				2.239		
PTCH1	NM_001083602.2	c.-212A>C	Benign synonymous, SpliceAI<=0.1, PhastCons<1.0	0.002	-0.01				2.324		
PTCH1	NM_001083602.2	c.-215A>T	Benign synonymous, SpliceAI<=0.1, PhastCons<1.0	0.001	-0.151				14.65		
PTCH1	NM_001083602.2	c.-215A>C	Benign synonymous, SpliceAI<=0.1, PhastCons<1.0	0.001	-0.151				14.72		
PTCH1	NM_001083602.2	c.-218A>T	Benign synonymous, SpliceAI<=0.1, PhastCons<1.0	0.016	1.081				13.71		
PTCH1	NM_001083602.2	c.-218A>C	Benign synonymous, SpliceAI<=0.1, PhastCons<1.0	0.016	1.081				13.9		
PTCH1	NM_001083602.2	c.-233C>G	Benign synonymous, SpliceAI<=0.1, PhastCons<1.0	0.022	0.824				17.82		
PTCH1	NM_001083602.2	c.-233C>A	Benign synonymous, SpliceAI<=0.1, PhastCons<1.0	0.022	0.824				17.42		
PTCH1	NM_001083602.2	c.-236A>T	Benign synonymous, SpliceAI<=0.1, PhastCons<1.0	0.079	0.743				18.4		
PTCH1	NM_001083602.2	c.-236A>C	Benign synonymous, SpliceAI<=0.1, PhastCons<1.0	0.079	0.743				18.41		
PTCH1	NM_001083602.2	c.-239T>G	Benign synonymous, SpliceAI<=0.1, PhastCons<1.0	0.788	1.255				24.3		
PTCH1	NM_001083602.2	c.-239T>A	Benign synonymous, SpliceAI<=0.1, PhastCons<1.0	0.788	1.255				36.0		
PTEN	NM_000314.8	c.-511G>A	Benign FAF >5%	1.0	2.139			0.343303	20.4		Benign/Likely_benign
PTEN	NM_000314.8	c.-503A>C	Benign synonymous, SpliceAI<=0.1, PhastCons<1.0	0.987	0.489				16.82		
PTEN	NM_000314.8	c.-503A>T	Benign synonymous, SpliceAI<=0.1, PhastCons<1.0	0.987	0.489				16.68		
PTEN	NM_000314.8	c.-461G>C	Benign synonymous, SpliceAI<=0.1, PhastCons<1.0	0.997	0.109				15.25		
PTEN	NM_000314.8	c.-461G>T	Benign synonymous, SpliceAI<=0.1, PhastCons<1.0	0.997	0.109				15.21		
PTEN	NM_000314.8	c.-433A>G	Benign synonymous, SpliceAI<=0.1, PhastCons<1.0	0.995	0.978				19.86		
PTEN	NM_000314.8	c.-433A>T	Benign synonymous, SpliceAI<=0.1, PhastCons<1.0	0.995	0.978				19.41		
PTEN	NM_000314.8	c.-397C>A	Benign synonymous, SpliceAI<=0.1, PhastCons<1.0	0.861	0.792				18.06		
PTEN	NM_000314.8	c.-397C>G	Benign synonymous, SpliceAI<=0.1, PhastCons<1.0	0.861	0.792				18.15		
PTEN	NM_000314.8	c.-394C>A	Benign synonymous, SpliceAI<=0.1, PhastCons<1.0	0.906	1.168				19.26		
PTEN	NM_000314.8	c.-394C>G	Benign synonymous, SpliceAI<=0.1, PhastCons<1.0	0.906	1.168				19.32		
PTEN	NM_000314.8	c.-366T>C	Benign FAF >5%	1.0	0.0			0.354183	15.06		
PTEN	NM_000314.8	c.-361C>A	Benign synonymous, SpliceAI<=0.1, PhastCons<1.0	0.998	0.728				18.33		
PTEN	NM_000314.8	c.-361C>G	Benign synonymous, SpliceAI<=0.1, PhastCons<1.0	0.998	0.728				18.4		
PTEN	NM_000314.8	c.-339T>A	Benign synonymous, SpliceAI<=0.1, PhastCons<1.0	0.686	0.099				14.22		
PTEN	NM_000314.8	c.-339T>G	Benign synonymous, SpliceAI<=0.1, PhastCons<1.0	0.686	0.099				14.25		
PTEN	NM_000314.8	c.-337A>C	Benign synonymous, SpliceAI<=0.1, PhastCons<1.0	0.688	-0.193				13.34		
PTEN	NM_000314.8	c.-337A>T	Benign synonymous, SpliceAI<=0.1, PhastCons<1.0	0.688	-0.193				13.43		
PTEN	NM_000314.8	c.-334C>A	Benign synonymous, SpliceAI<=0.1, PhastCons<1.0	0.991	1.619				17.29		
PTEN	NM_000314.8	c.-334C>G	Benign synonymous, SpliceAI<=0.1, PhastCons<1.0	0.991	1.619				17.33		
PTEN	NM_000314.8	c.-326G>C	Benign FAF >5%	1.0	1.276			0.991125	18.57		Benign
PTEN	NM_000314.8	c.-271C>A	Benign synonymous, SpliceAI<=0.1, PhastCons<1.0	0.966	2.261				19.41		
PTEN	NM_000314.8	c.-271C>G	Benign synonymous, SpliceAI<=0.1, PhastCons<1.0	0.966	2.261				19.46		
PTEN	NM_000314.8	c.-259T>A	Benign synonymous, SpliceAI<=0.1, PhastCons<1.0	0.996	0.739				16.81		
PTEN	NM_000314.8	c.-259T>G	Benign synonymous, SpliceAI<=0.1, PhastCons<1.0	0.996	0.739			5.51000e-06	16.84		
PTEN	NM_000314.8	c.-256T>A	Benign synonymous, SpliceAI<=0.1, PhastCons<1.0	0.991	0.783				17.15		
PTEN	NM_000314.8	c.-256T>G	Benign synonymous, SpliceAI<=0.1, PhastCons<1.0	0.991	0.783				16.34		
PTEN	NM_000314.8	c.-241T>A	Benign synonymous, SpliceAI<=0.1, PhastCons<1.0	0.587	1.387				17.01		
PTEN	NM_000314.8	c.-241T>G	Benign synonymous, SpliceAI<=0.1, PhastCons<1.0	0.587	1.387			2.43000e-06	18.25		
PTEN	NM_000314.8	c.-190G>C	Benign synonymous, SpliceAI<=0.1, PhastCons<1.0	0.971	5.315			4.24200e-05	19.18		
PTEN	NM_000314.8	c.-190G>T	Benign synonymous, SpliceAI<=0.1, PhastCons<1.0	0.971	5.315				19.15		
PTEN	NM_000314.8	c.-186C>A	Benign synonymous, SpliceAI<=0.1, PhastCons<1.0	0.959	0.107				17.25		
PTEN	NM_000314.8	c.-186C>G	Benign synonymous, SpliceAI<=0.1, PhastCons<1.0	0.959	0.107				17.33		
PTEN	NM_000314.8	c.-154T>A	Benign synonymous, SpliceAI<=0.1, PhastCons<1.0	0.999	0.527				18.96		
PTEN	NM_000314.8	c.-154T>G	Benign synonymous, SpliceAI<=0.1, PhastCons<1.0	0.999	0.527				18.98		
PTEN	NM_000314.8	c.-133C>A	Benign synonymous, SpliceAI<=0.1, PhastCons<1.0	0.999	4.49				20.2		
PTEN	NM_000314.8	c.-133C>G	Benign synonymous, SpliceAI<=0.1, PhastCons<1.0	0.999	4.49				20.3		
PTEN	NM_000314.8	c.-130A>C	Benign synonymous, SpliceAI<=0.1, PhastCons<1.0	0.055	-0.206				13.49		
PTEN	NM_000314.8	c.-130A>T	Benign synonymous, SpliceAI<=0.1, PhastCons<1.0	0.055	-0.206				13.38		
PTEN	NM_000314.8	c.-25T>A	Benign synonymous, SpliceAI<=0.1, PhastCons<1.0	0.992	0.215				17.25		
PTEN	NM_000314.8	c.-25T>G	Benign synonymous, SpliceAI<=0.1, PhastCons<1.0	0.992	0.215				17.07		
RAD51	NM_002875.5	c.516G>A	Benign synonymous, SpliceAI<=0.1, PhastCons<1.0	0.635	-0.21				8.364		
RAD51	NM_002875.5	c.516G>C	Benign synonymous, SpliceAI<=0.1, PhastCons<1.0	0.635	-0.21				6.518		
RAD51	NM_002875.5	c.516G>T	Benign synonymous, SpliceAI<=0.1, PhastCons<1.0	0.635	-0.21				8.611		
RAD51	NM_002875.5	c.933C>A	Benign synonymous, SpliceAI<=0.1, PhastCons<1.0	0.994	0.398	0.091		1.24000e-06	12.22	LB	
RAD51	NM_002875.5	c.945C>G	Benign synonymous, SpliceAI<=0.1, PhastCons<1.0	0.205	-0.488	0.100			34.0	LB	
RAD51	NM_002875.5	c.945C>T	Benign synonymous, SpliceAI<=0.1, PhastCons<1.0	0.205	-0.488			0.000673480	5.138		Likely_benign
RAD51	NM_002875.5	c.954C>A	Benign synonymous, SpliceAI<=0.1, PhastCons<1.0	0.0	-1.886	0.154			4.772	LB	
RAD51	NM_002875.5	c.954C>G	Benign synonymous, SpliceAI<=0.1, PhastCons<1.0	0.0	-1.886	0.097			4.936	LB	
RAD51C	NM_058216.3	c.705+3167G>A	Likely_benign FAF >0.1%, REVEL <0.29, SpliceAI<=0.1	0.16	0.252	0.028		0.0112351	5.641	LB	
RAD51C	NM_058216.3	c.705+3179T>C	Likely_benign FAF >0.1%, REVEL <0.29, SpliceAI<=0.1	0.08	0.214	0.133		0.00170108	3.637	LB	
RAD51C	NM_058216.3	c.705+3194G>A	Likely_benign FAF >0.1%, REVEL <0.29, SpliceAI<=0.1	0.18	0.252	0.033		0.00657053	6.716	LB	
RAD51D	NM_002878.3	c.736G>T	Benign synonymous, SpliceAI<=0.1, PhastCons<1.0	0.169	-0.651				4.574		
RAD51D	NM_002878.3	c.736G>C	Benign synonymous, SpliceAI<=0.1, PhastCons<1.0	0.169	-0.651				2.565		
RAD51D	NM_002878.3	c.736G>A	Benign synonymous, SpliceAI<=0.1, PhastCons<1.0	0.169	-0.651				12.01		Uncertain_significance
RAD51D	NM_002878.3	c.494G>A	Benign FAF >5%	1.0	1.179	.;.;0.127;.;.;0.127;.;.;.;0.127;.;.;.;.		0.264170	13.9	LB;LB;LB;LB;.;B;.;.;.;LB;.;.;.;LB	Benign
RAD51D	NM_001142571.2	c.323+2T>G	Benign synonymous, SpliceAI<=0.1, PhastCons<1.0, PhyloP<0.1, intronic_ROI(+2)	0.0	-0.194	.;.			12.56	.;.	
RAD51D	NM_001142571.2	c.323+2T>C	Benign synonymous, SpliceAI<=0.1, PhastCons<1.0, PhyloP<0.1, intronic_ROI(+2)	0.0	-0.194	.;.			8.433	.;.	Uncertain_significance
RAD51D	NM_001142571.2	c.323+2T>A	Benign synonymous, SpliceAI<=0.1, PhastCons<1.0, PhyloP<0.1, intronic_ROI(+2)	0.0	-0.194	.;.			12.61	.;.	
RAD51D	NM_001142571.2	c.323+1G>T	Benign synonymous, SpliceAI<=0.1, PhastCons<1.0, PhyloP<0.1, intronic_ROI(+1)	0.0	-0.731	.;.			13.67	.;.	
RAD51D	NM_001142571.2	c.323+1G>C	Benign synonymous, SpliceAI<=0.1, PhastCons<1.0, PhyloP<0.1, intronic_ROI(+1)	0.0	-0.731	.;.			12.08	.;.	
RAD51D	NM_001142571.2	c.323+1G>A	Benign synonymous, SpliceAI<=0.1, PhastCons<1.0, PhyloP<0.1, intronic_ROI(+1)	0.0	-0.731	.;.			11.97	.;.	
RAD51D	NM_001142571.2	c.145-2A>T	Benign synonymous, SpliceAI<=0.1, PhastCons<1.0, PhyloP<0.1, intronic_ROI(-2)	0.0	-0.533	.;.			10.71	.;.	
RAD51D	NM_001142571.2	c.145-2A>G	Benign synonymous, SpliceAI<=0.1, PhastCons<1.0, PhyloP<0.1, intronic_ROI(-2)	0.0	-0.533	.;.			10.79	.;.	
RAD51D	NM_001142571.2	c.145-2A>C	Benign synonymous, SpliceAI<=0.1, PhastCons<1.0, PhyloP<0.1, intronic_ROI(-2)	0.0	-0.533	.;.			10.19	.;.	
RB1	NM_000321.2	c.540G>C	Benign synonymous, SpliceAI<=0.1, PhastCons<1.0	0.199	0.335				16.7		
RB1	NM_000321.2	c.540G>T	Benign synonymous, SpliceAI<=0.1, PhastCons<1.0	0.199	0.335				18.19		Likely_benign
RECQL4	NM_004260.3	c.3393+8C>T	Benign FAF >5%	0.02	1.002			0.562373	2.011	LB	Benign
RECQL4	NM_004260.3	c.3014G>A	Benign FAF >5%	0.0	0.622	.;.;.;.;.;.;.		0.557908	0.559	B;LB;.;.;.;.;LB	Benign
RECQL4	NM_004260.3	c.1772C>T	Benign FAF >5%	0.999	4.432	.;.;.;.		0.0963840	15.62	B;LB;.;.	Benign
RECQL4	NM_004260.3	c.1565G>A	Benign FAF >5%	0.615	2.014	.;.;.;.;.;.		0.0649659	21.5	B;LB;.;.;.;.	Benign
RECQL4	NM_004260.3	c.1564C>T	Benign FAF >5%	0.708	2.505	.;.;.;.;.;.		0.100203	25.2	B;LB;.;.;.;.	Benign
RECQL4	NM_004260.3	c.1512A>T	Benign synonymous, SpliceAI<=0.1, PhastCons<1.0	0.0	-6.498				0.416		
RECQL4	NM_004260.3	c.1512A>G	Benign synonymous, SpliceAI<=0.1, PhastCons<1.0	0.0	-6.498			7.90000e-07	0.406		Likely_benign
RECQL4	NM_004260.3	c.1512A>C	Benign synonymous, SpliceAI<=0.1, PhastCons<1.0	0.0	-6.498				0.243		
RECQL4	NM_004260.3	c.1259-1G>T	Benign synonymous, SpliceAI<=0.1, PhastCons<1.0, PhyloP<0.1, intronic_ROI(-1)	0.0	0.043	.;.;.;.;.;.		3.65000e-06	13.44	.;.;.;.;.;.	
RECQL4	NM_004260.3	c.1259-1G>C	Benign synonymous, SpliceAI<=0.1, PhastCons<1.0, PhyloP<0.1, intronic_ROI(-1)	0.0	0.043	.;.;.;.;.;.			13.0	.;.;.;.;.;.	
RECQL4	NM_004260.3	c.1259-1G>A	Benign synonymous, SpliceAI<=0.1, PhastCons<1.0, PhyloP<0.1, intronic_ROI(-1)	0.0	0.043	.;.;.;.;.;.		3.47100e-05	13.28	.;.;.;.;.;.	Pathogenic/Likely_pathogenic
RECQL4	NM_004260.3	c.1259-2A>T	Benign synonymous, SpliceAI<=0.1, PhastCons<1.0, PhyloP<0.1, intronic_ROI(-2)	0.0	-0.058	.;.;.;.;.;.			8.042	.;.;.;.;.;.	
RECQL4	NM_004260.3	c.1259-2A>G	Benign synonymous, SpliceAI<=0.1, PhastCons<1.0, PhyloP<0.1, intronic_ROI(-2)	0.0	-0.058	.;.;.;.;.;.		2.80000e-07	8.31	.;.;.;.;.;.	
RECQL4	NM_004260.3	c.1259-2A>C	Benign synonymous, SpliceAI<=0.1, PhastCons<1.0, PhyloP<0.1, intronic_ROI(-2)	0.0	-0.058	.;.;.;.;.;.		2.80000e-07	7.759	.;.;.;.;.;.	
RECQL4	NM_004260.3	c.1224G>T	Benign synonymous, SpliceAI<=0.1, PhastCons<1.0	0.0	-0.053	.;.			6.524	.;.	
RECQL4	NM_004260.3	c.1224G>C	Benign synonymous, SpliceAI<=0.1, PhastCons<1.0	0.0	-0.053	.;.			6.276	.;.	
RECQL4	NM_004260.3	c.1224G>A	Benign synonymous, SpliceAI<=0.1, PhastCons<1.0	0.0	-0.053	.;.			1.048	.;.	Likely_benign
RECQL4	NM_004260.3	c.1223A>T	Benign synonymous, SpliceAI<=0.1, PhastCons<1.0	0.0	0.317	.;.			5.384	.;.	
RECQL4	NM_004260.3	c.1223A>G	Benign synonymous, SpliceAI<=0.1, PhastCons<1.0	0.0	0.317	.;.		4.43000e-06	1.575	.;.	Uncertain_significance
RECQL4	NM_004260.3	c.1223A>C	Benign synonymous, SpliceAI<=0.1, PhastCons<1.0	0.0	0.317	.;.			6.225	.;.	
RECQL4	NM_004260.3	c.801G>C	Benign FAF >5%	0.0	-1.069	.;.;.;.;.		0.508523	0.282	B;.;.;.;.	Benign
RECQL4	NM_004260.3	c.705G>T	Benign synonymous, SpliceAI<=0.1, PhastCons<1.0	0.0	-1.753				3.97		
RECQL4	NM_004260.3	c.705G>C	Benign synonymous, SpliceAI<=0.1, PhastCons<1.0	0.0	-1.753				3.253		Uncertain_significance
RECQL4	NM_004260.3	c.705G>A	Benign synonymous, SpliceAI<=0.1, PhastCons<1.0	0.0	-1.753				1.42		Likely_benign
RECQL4	NM_004260.3	c.704A>T	Benign synonymous, SpliceAI<=0.1, PhastCons<1.0	0.0	-1.601				5.389		
RECQL4	NM_004260.3	c.704A>G	Benign synonymous, SpliceAI<=0.1, PhastCons<1.0	0.0	-1.601				0.473		Uncertain_significance
RECQL4	NM_004260.3	c.704A>C	Benign synonymous, SpliceAI<=0.1, PhastCons<1.0	0.0	-1.601				0.398		
RECQL4	NM_004260.3	c.274=	Benign FAF >5%	0.0	0.157	.;.;.;.;.		0.998139	1.478	B;.;.;.;.	Benign
RECQL4	NM_004260.3	c.213+2T>G	Benign synonymous, SpliceAI<=0.1, PhastCons<1.0, PhyloP<0.1, intronic_ROI(+2)	0.0	0.053	.;.;.;.;.			22.4	.;.;.;.;.	
RECQL4	NM_004260.3	c.213+2T>C	Benign synonymous, SpliceAI<=0.1, PhastCons<1.0, PhyloP<0.1, intronic_ROI(+2)	0.0	0.053	.;.;.;.;.			21.5	.;.;.;.;.	
RECQL4	NM_004260.3	c.213+2T>A	Benign synonymous, SpliceAI<=0.1, PhastCons<1.0, PhyloP<0.1, intronic_ROI(+2)	0.0	0.053	.;.;.;.;.			22.2	.;.;.;.;.	
RECQL4	NM_004260.3	c.212A>G	Benign FAF >5%	0.0	-0.233	.;.;.;.;.		0.0567190	23.1	B;.;.;.;.	Benign
RECQL4	NM_004260.3	c.118+1G>T	Benign synonymous, SpliceAI<=0.1, PhastCons<1.0, PhyloP<0.1, intronic_ROI(+1)	0.0	-0.037	.;.;.;.;.			29.8	.;.;.;.;.	
RECQL4	NM_004260.3	c.118+1G>C	Benign synonymous, SpliceAI<=0.1, PhastCons<1.0, PhyloP<0.1, intronic_ROI(+1)	0.0	-0.037	.;.;.;.;.			28.3	.;.;.;.;.	
RECQL4	NM_004260.3	c.118+1G>A	Benign synonymous, SpliceAI<=0.1, PhastCons<1.0, PhyloP<0.1, intronic_ROI(+1)	0.0	-0.037	.;.;.;.;.			28.9	.;.;.;.;.	
REST	NM_005612.5	c.303T>A	Benign synonymous, SpliceAI<=0.1, PhastCons<1.0	0.543	-0.504				8.466		
REST	NM_005612.5	c.303T>C	Benign synonymous, SpliceAI<=0.1, PhastCons<1.0	0.543	-0.504				4.478		
REST	NM_005612.5	c.303T>G	Benign synonymous, SpliceAI<=0.1, PhastCons<1.0	0.543	-0.504				9.033		
REST	NM_005612.5	c.696A>C	Benign synonymous, SpliceAI<=0.1, PhastCons<1.0	0.954	-0.006				9.11		
REST	NM_005612.5	c.696A>G	Benign synonymous, SpliceAI<=0.1, PhastCons<1.0	0.954	-0.006				9.067		
REST	NM_005612.5	c.696A>T	Benign synonymous, SpliceAI<=0.1, PhastCons<1.0	0.954	-0.006				9.32		
REST	NM_005612.5	c.1876G>A	Benign FAF >5%	0.0	-1.087	.;0.016;.;.;.;.;.;.;.;.		0.240296	0.547	.;LB;.;.;.;.;.;.;.;.	Benign
REST	NM_005612.5	c.2076G>T	Benign FAF >5%	0.002	0.278	.;0.071;.;.;.;.;.;.;.;.		0.0894226	7.402	.;LB;.;.;.;.;.;.;.;.	Benign
REST	NM_005612.5	c.2284A>C	Benign FAF >5%	0.0	0.633	.;0.014;.;.;.;.;.;.;.;.		0.0895844	0.146	.;LB;.;.;.;.;.;.;.;.	Benign
REST	NM_005612.5	c.2390C>T	Benign FAF >5%	0.0	-0.025	.;0.009;.;.;.;.;.;.;.;.		0.391269	8.088	.;LB;.;.;.;.;.;.;.;.	Benign
REST	NM_005612.5	c.2934A>C	Benign synonymous, SpliceAI<=0.1, PhastCons<1.0	0.0	-1.049				3.908		
REST	NM_005612.5	c.2934A>G	Benign synonymous, SpliceAI<=0.1, PhastCons<1.0	0.0	-1.049				5.889		Likely_benign
REST	NM_005612.5	c.2934A>T	Benign synonymous, SpliceAI<=0.1, PhastCons<1.0	0.0	-1.049				6.584		
REST	NM_005612.5	c.2935G>A	Benign synonymous, SpliceAI<=0.1, PhastCons<1.0	0.0	-0.784			1.24000e-06	0.242		
REST	NM_005612.5	c.2935G>C	Benign synonymous, SpliceAI<=0.1, PhastCons<1.0	0.0	-0.784				0.431		
REST	NM_005612.5	c.2935G>T	Benign synonymous, SpliceAI<=0.1, PhastCons<1.0	0.0	-0.784				0.565		
REST	NM_005612.5	c.899-1G>A	Benign synonymous, SpliceAI<=0.1, PhastCons<1.0, PhyloP<0.1, intronic_ROI(-1)	0.0	-3.975	.;.			0.115	.;.	
REST	NM_005612.5	c.899-1G>C	Benign synonymous, SpliceAI<=0.1, PhastCons<1.0, PhyloP<0.1, intronic_ROI(-1)	0.0	-3.975	.;.			0.067	.;.	
REST	NM_005612.5	c.899-1G>T	Benign synonymous, SpliceAI<=0.1, PhastCons<1.0, PhyloP<0.1, intronic_ROI(-1)	0.0	-3.975	.;.			0.084	.;.	
RET	NM_020975.6	c.465A>C	Benign synonymous, SpliceAI<=0.1, PhastCons<1.0	0.0	-4.012	.;.			20.4	.;.	
RET	NM_020975.6	c.465A>G	Benign synonymous, SpliceAI<=0.1, PhastCons<1.0	0.0	-4.012	.;.			16.29	.;.	
RET	NM_020975.6	c.465A>T	Benign synonymous, SpliceAI<=0.1, PhastCons<1.0	0.0	-4.012	.;.			20.6	.;.	
RET	NM_020975.6	c.466G>A	Benign synonymous, SpliceAI<=0.1, PhastCons<1.0	0.0	-0.023	.;.			23.4	.;.	
RET	NM_020975.6	c.466G>C	Benign synonymous, SpliceAI<=0.1, PhastCons<1.0	0.0	-0.023	.;.			23.5	.;.	
RET	NM_020975.6	c.466G>T	Benign synonymous, SpliceAI<=0.1, PhastCons<1.0	0.0	-0.023	.;.			22.9	.;.	
RET	NM_020975.6	c.625+118A>G	Benign FAF >5%	0.0	-0.576	.;.		0.315746	0.684	.;.	Benign
RET	NM_020975.6	c.2013A>C	Benign synonymous, SpliceAI<=0.1, PhastCons<1.0	0.0	-7.368	.;.			0.051	.;.	
RET	NM_020975.6	c.2013A>G	Benign synonymous, SpliceAI<=0.1, PhastCons<1.0	0.0	-7.368	.;.			0.064	.;.	
RET	NM_020975.6	c.2013A>T	Benign synonymous, SpliceAI<=0.1, PhastCons<1.0	0.0	-7.368	.;.			0.055	.;.	
RET	NM_020975.6	c.2071G>A	Benign FAF >5%	1.0	4.413	.;.;.;0.207;0.207;.;.;.		0.311717	12.98	.;.;.;LB;B;.;.;.	Conflicting_classifications_of_pathogenicity
RFWD3	NM_018124.4	c.1690A>G	Benign FAF >5%	0.895	1.571	.;.;.;.;0.037;.;.;.;.		0.504841	5.141	.;.;.;.;LB;.;.;.;B	Benign
RFWD3	NM_018124.4	c.269C>A	Benign FAF >5%	0.0	-2.403	.;.;.;.;.;0.012;.;.;.;.;.;.;.;.		0.838771	0.002	.;.;.;.;.;LB;.;.;.;.;B;LB;LB;LB	Benign
RHBDF2	NM_024599.5	c.1998C>G	Benign synonymous, SpliceAI<=0.1, PhastCons<1.0	0.001	-0.09				0.308		
RHBDF2	NM_024599.5	c.1998C>A	Benign synonymous, SpliceAI<=0.1, PhastCons<1.0	0.001	-0.09				0.409		
RHBDF2	NM_024599.5	c.875C>T	Benign FAF >5%	1.0	4.571	.;.;.;.;.;0.339;.;.;.;.;.;.;.;.;.;.;.;.		0.0602733	25.5	.;.;.;.;.;A;.;.;.;.;.;.;.;.;.;.;.;A	Benign
RHBDF2	NM_024599.5	c.745G>A	Benign FAF >5%	0.982	2.669	.;.;.;.;.;0.226;.;.;.;.;.;.;.;.;.;.;.;.		0.0701886	23.5	.;.;.;.;.;B;.;.;.;.;.;.;.;.;.;.;.;LB	Benign
RHBDF2	NM_024599.5	c.623C>T	Benign FAF >5%	1.0	5.823	.;.;.;.;.;0.180;.;.;.;.;.;.;.;.;.;.;.;.		0.941195	20.6	.;.;.;.;.;B;.;.;.;.;.;.;.;.;.;.;.;LB	Benign
RHBDF2	NM_024599.5	c.199G>T	Benign FAF >5%	0.0	-0.373	.;0.022;.;.;.;.		0.617873	1.261	.;B;.;.;.;LB	Benign
RHBDF2	NM_024599.5	c.151-2A>T	Benign synonymous, SpliceAI<=0.1, PhastCons<1.0, PhyloP<0.1, intronic_ROI(-2)	0.0	-3.796	.;.;.;.;.;.			25.2	.;.;.;.;.;.	
RHBDF2	NM_024599.5	c.151-2A>G	Benign synonymous, SpliceAI<=0.1, PhastCons<1.0, PhyloP<0.1, intronic_ROI(-2)	0.0	-3.796	.;.;.;.;.;.			24.1	.;.;.;.;.;.	
RHBDF2	NM_024599.5	c.151-2A>C	Benign synonymous, SpliceAI<=0.1, PhastCons<1.0, PhyloP<0.1, intronic_ROI(-2)	0.0	-3.796	.;.;.;.;.;.			24.8	.;.;.;.;.;.	
RHBDF2	NM_024599.5	c.150+1G>T	Benign synonymous, SpliceAI<=0.1, PhastCons<1.0, PhyloP<0.1, intronic_ROI(+1)	0.831	0.025	.;.;.;.;.;.;.;.;.;.;.;.;.;.;.;.;.;.;.;.;.;.;.			34.0	.;.;.;.;.;.;.;.;.;.;.;.;.;.;.;.;.;.;.;.;.;.;.	
RHBDF2	NM_024599.5	c.150+1G>C	Benign synonymous, SpliceAI<=0.1, PhastCons<1.0, PhyloP<0.1, intronic_ROI(+1)	0.831	0.025	.;.;.;.;.;.;.;.;.;.;.;.;.;.;.;.;.;.;.;.;.;.;.			35.0	.;.;.;.;.;.;.;.;.;.;.;.;.;.;.;.;.;.;.;.;.;.;.	
RHBDF2	NM_024599.5	c.150+1G>A	Benign synonymous, SpliceAI<=0.1, PhastCons<1.0, PhyloP<0.1, intronic_ROI(+1)	0.831	0.025	.;.;.;.;.;.;.;.;.;.;.;.;.;.;.;.;.;.;.;.;.;.;.			35.0	.;.;.;.;.;.;.;.;.;.;.;.;.;.;.;.;.;.;.;.;.;.;.	
RHBDF2	NM_024599.5	c.28A>C	Benign FAF >5%	0.478	1.02	.;.;.;.;.;0.141;.;.;.;.;.;.;.;.;.;.;.;.;.;.;.;.;.;.;.;.;.;.		0.0882162	19.27	.;.;.;.;.;B;.;.;.;.;.;.;.;.;.;.;.;LB;A;LB;LB;LB;LB;.;LB;.;.;.	Benign
RNF43	NM_017763.5	c.2057C>G	Benign FAF >5%	0.125	2.37	.;.;0.044;.;.;.;.;.		0.144379	7.655	LB;LB;.;B;.;.;LB;LB	Benign
RNF43	NM_017763.5	c.1252C>A	Benign FAF >5%	0.067	2.487	.;.;0.106;.;.;.;.;.		0.510469	15.64	LB;LB;.;B;.;.;LB;LB	Benign
RNF43	NM_017763.5	c.1028G>A	Benign FAF >5%	1.0	3.587	.;.;0.063;.;.;.;.;.		0.157834	23.7	LB;LB;.;B;.;.;LB;LB	Benign
RNF43	NM_017763.5	c.692C>T	Benign FAF >5%	1.0	7.502	.;.;0.140;.;.;.;.;.		0.197634	24.3	LB;LB;.;B;.;.;LB;LB	Benign
RNF43	NM_017763.5	c.662G>A	Benign FAF >5%	1.0	1.986	.;.;0.092;.;.;.;.;.		0.0698771	25.8	LB;LB;.;B;.;.;LB;LB	Benign
RNF43	NM_017763.5	c.350G>A	Benign FAF >5%	1.0	2.996	.;0.136;.;.;.		0.351918	22.7	LB;.;B;.;.	Benign
RNF43	NM_017763.5	c.139A>G	Benign FAF >5%	0.998	1.124	.;.;0.062;.;.;.		0.527126	17.13	LB;LB;.;B;.;.	Benign
RPS20	NM_001023.3	c.325T>C	Benign FAF >5%	0.023	0.347	.;0.037		0.0603905	3.26	.;.	Benign
RPS20	NM_001023.3	c.316-1G>T	Benign synonymous, SpliceAI<=0.1, PhastCons<1.0, PhyloP<0.1, intronic_ROI(-1)	0.022	-0.662	.;.			3.558	.;.	
RPS20	NM_001023.3	c.316-1G>C	Benign synonymous, SpliceAI<=0.1, PhastCons<1.0, PhyloP<0.1, intronic_ROI(-1)	0.022	-0.662	.;.			3.693	.;.	
RPS20	NM_001023.3	c.316-1G>A	Benign synonymous, SpliceAI<=0.1, PhastCons<1.0, PhyloP<0.1, intronic_ROI(-1)	0.022	-0.662	.;.			4.213	.;.	
RPS20	NM_001023.3	c.207T>G	Benign synonymous, SpliceAI<=0.1, PhastCons<1.0	0.56	-0.098	0.069			6.322	LB	
RPS20	NM_001023.3	c.207T>A	Benign synonymous, SpliceAI<=0.1, PhastCons<1.0	0.56	-0.098	0.103			6.405	LB	
RPS20	NM_001023.3	c.195A>G	Benign FAF >5%	0.018	-0.837	0.026		0.250038	1.071	LB	Benign
RTEL1	NM_001283009.2	c.371A>G	Benign FAF >5%	0.009	1.695	0.068;.;.;.;.;.;.;.;.;0.068;0.068;.;.;.;.;.;0.068;.;.		0.0829309	5.438	B;.;.;.;.;.;.;.;.;LB;LB;.;.;.;.;.;LB;.;.	Benign
RTEL1	NM_001283009.2	c.878G>A	Benign synonymous, SpliceAI<=0.1, PhastCons<1.0	0.044	1.487	.;.		3.65000e-06	10.64	.;.	Uncertain_significance
RTEL1	NM_001283009.2	c.878G>C	Benign synonymous, SpliceAI<=0.1, PhastCons<1.0	0.044	1.487	.;.		8.75000e-06	8.487	.;.	
RTEL1	NM_001283009.2	c.878G>T	Benign synonymous, SpliceAI<=0.1, PhastCons<1.0	0.044	1.487	.;.			14.77	.;.	Uncertain_significance
RTEL1	NM_001283009.2	c.879T>A	Benign synonymous, SpliceAI<=0.1, PhastCons<1.0	0.037	-0.441	.;.			0.372	.;.	
RTEL1	NM_001283009.2	c.879T>C	Benign FAF >5%	0.037	-0.441	.;.		0.187866	0.443	.;.	Benign
RTEL1	NM_001283009.2	c.879T>G	Benign synonymous, SpliceAI<=0.1, PhastCons<1.0	0.037	-0.441	.;.			0.458	.;.	
RTEL1	NM_001283009.2	c.1038-74T>G	Benign FAF >5%	0.001	1.076			0.232879	9.815		Benign
RTEL1	NM_001283009.2	c.1038-73T>C	Benign FAF >5%	0.0	-1.174			0.232807	4.859		Benign
RTEL1	NM_001283009.2	c.2039A>C	Benign synonymous, SpliceAI<=0.1, PhastCons<1.0	0.975	1.856	.;.			25.0	.;.	
RTEL1	NM_001283009.2	c.2039A>G	Benign synonymous, SpliceAI<=0.1, PhastCons<1.0	0.975	1.856	.;.			20.2	.;.	Uncertain_significance
RTEL1	NM_001283009.2	c.2039A>T	Benign synonymous, SpliceAI<=0.1, PhastCons<1.0	0.975	1.856	.;.			23.4	.;.	Uncertain_significance
RTEL1	NM_001283009.2	c.2040G>A	Benign synonymous, SpliceAI<=0.1, PhastCons<1.0	0.806	-0.246	.;.			5.895	.;.	
RTEL1	NM_001283009.2	c.2040G>C	Benign synonymous, SpliceAI<=0.1, PhastCons<1.0	0.806	-0.246	.;.			13.05	.;.	
RTEL1	NM_001283009.2	c.2040G>T	Benign synonymous, SpliceAI<=0.1, PhastCons<1.0	0.806	-0.246	.;.		0.000132520	13.02	.;.	Conflicting_classifications_of_pathogenicity
RTEL1	NM_001283009.2	c.2750A>C	Benign synonymous, SpliceAI<=0.1, PhastCons<1.0	0.002	0.005				17.77		
RTEL1	NM_001283009.2	c.2750A>G	Benign synonymous, SpliceAI<=0.1, PhastCons<1.0	0.002	0.005				6.325		
RTEL1	NM_001283009.2	c.2750A>T	Benign synonymous, SpliceAI<=0.1, PhastCons<1.0	0.002	0.005				15.64		
RTEL1	NM_001283009.2	c.2823G>C	Benign FAF >5%	0.45	-0.291	0.075;.;.;.;.;.;.;.;.;0.075;0.075;.;0.075;.;.;.;.;.;.		0.109588	10.15	B;.;.;.;.;.;.;.;.;LB;LB;.;LB;.;.;.;.;.;.	Benign
RTEL1	NM_001283009.2	c.3126A>C	Benign FAF >5%	0.0	-0.643	0.173;.;.;.;.;.;.;.;.;0.173;0.173;.;0.173;.;.;.;.;.		0.936946	0.498	B;.;.;.;.;.;.;.;.;LB;LB;.;LB;.;.;.;.;.	Benign
RTEL1	NM_001283009.2	c.3343+2C>A	Benign synonymous, SpliceAI<=0.1, PhastCons<1.0, PhyloP<0.1, intronic_ROI(+2)	0.649	0.056	.;.;.;.;.;.;.;.;.;.;.;.;.;.;.;.;.;.			20.5	.;.;.;.;.;.;.;.;.;.;.;.;.;.;.;.;.;.	
RTEL1	NM_001283009.2	c.3343+2C>G	Benign synonymous, SpliceAI<=0.1, PhastCons<1.0, PhyloP<0.1, intronic_ROI(+2)	0.649	0.056	.;.;.;.;.;.;.;.;.;.;.;.;.;.;.;.;.;.			20.3	.;.;.;.;.;.;.;.;.;.;.;.;.;.;.;.;.;.	
RTEL1	NM_001283009.2	c.3343+2C>T	Benign synonymous, SpliceAI<=0.1, PhastCons<1.0, PhyloP<0.1, intronic_ROI(+2)	0.649	0.056	.;.;.;.;.;.;.;.;.;.;.;.;.;.;.;.;.;.			19.1	.;.;.;.;.;.;.;.;.;.;.;.;.;.;.;.;.;.	
RTEL1	NM_001283009.2	c.3500-1G>A	Benign synonymous, SpliceAI<=0.1, PhastCons<1.0, PhyloP<0.1, intronic_ROI(-1)	0.0	-0.55	.;.;.;.;.;.;.;.;.;.;.;.;.;.;.;.;.;.;.		1.61100e-05	28.8	.;.;.;.;.;.;.;.;.;.;.;.;.;.;.;.;.;.;.	Likely_pathogenic
RTEL1	NM_001283009.2	c.3500-1G>C	Benign synonymous, SpliceAI<=0.1, PhastCons<1.0, PhyloP<0.1, intronic_ROI(-1)	0.0	-0.55	.;.;.;.;.;.;.;.;.;.;.;.;.;.;.;.;.;.;.			24.7	.;.;.;.;.;.;.;.;.;.;.;.;.;.;.;.;.;.;.	
RTEL1	NM_001283009.2	c.3500-1G>T	Benign synonymous, SpliceAI<=0.1, PhastCons<1.0, PhyloP<0.1, intronic_ROI(-1)	0.0	-0.55	.;.;.;.;.;.;.;.;.;.;.;.;.;.;.;.;.;.;.			25.2	.;.;.;.;.;.;.;.;.;.;.;.;.;.;.;.;.;.;.	
RTEL1	NM_001283009.2	c.3653G>A	Benign synonymous, SpliceAI<=0.1, PhastCons<1.0	0.014	0.211	.;.;.		1.83000e-06	20.9	.;.;.	Uncertain_significance
RTEL1	NM_001283009.2	c.3653G>C	Benign synonymous, SpliceAI<=0.1, PhastCons<1.0	0.014	0.211	.;.;.			19.65	.;.;.	
RTEL1	NM_001283009.2	c.3653G>T	Benign synonymous, SpliceAI<=0.1, PhastCons<1.0	0.014	0.211	.;.;.			21.2	.;.;.	
RTEL1	NM_001283009.2	c.3654T>A	Benign synonymous, SpliceAI<=0.1, PhastCons<1.0	0.0	-1.988	.;.;.			14.07	.;.;.	
RTEL1	NM_001283009.2	c.3654T>C	Benign synonymous, SpliceAI<=0.1, PhastCons<1.0	0.0	-1.988	.;.;.			11.3	.;.;.	
RTEL1	NM_001283009.2	c.3654T>G	Benign synonymous, SpliceAI<=0.1, PhastCons<1.0	0.0	-1.988	.;.;.			14.08	.;.;.	
RUNX1	NM_001754.4	c.98-2616C>T	Likely_benign FAF >0.1%, REVEL <0.29, SpliceAI<=0.1	0.002	1.132	0.197		0.0290486	9.044	LB	
SAMD9	NM_017654.4	c.2680A>G	Benign FAF >5%	0.0	-0.735	.;0.020;0.020		0.0722257	0.721	LB;B;LB	Benign
SAMD9	NM_017654.4	c.1645G>T	Benign FAF >5%	0.998	2.864	.;0.083;0.083		0.141561	14.18	A;A;LP	Benign
SAMD9	NM_017654.4	c.1436C>T	Benign FAF >5%	0.0	-0.076	.;0.012;0.012		0.181984	9.458	LB;B;LB	Benign
SAMD9	NM_017654.4	c.1360G>A	Benign FAF >5%	0.013	0.757	.;0.009;0.009		0.181718	11.73	LB;B;LB	Benign/Likely_benign
SAMD9	NM_017654.4	c.1346A>G	Benign FAF >5%	0.003	1.044	.;0.061;0.061		0.184280	8.036	LB;B;LB	Benign
SAMD9	NM_017654.4	c.428T>C	Benign FAF >5%	0.0	-0.647	.;0.004;0.004		0.275762	0.088	LB;B;LB	Benign
SAMD9L	NM_152703.5	c.4547A>C	Benign FAF >5%	0.0	-0.511	0.023;0.023;.;0.023;.;.;.;.;.		0.198338	7.005	.;LB;.;B;.;.;.;.;.	Benign
SAMD9L	NM_152703.5	c.3410G>C	Benign FAF >5%	0.0	0.103	0.041;0.041;.;0.041;.;.;.;.;.		0.0587643	2.377	.;LB;.;B;.;.;.;.;.	Benign
SAMD9L	NM_152703.5	c.1217G>A	Benign FAF >5%	0.0	-1.157	0.041;0.041;.;0.041;.;.;.;.;.		0.100881	10.25	.;LB;.;B;.;.;.;.;.	Benign
SAMD9L	NM_152703.5	c.866T>C	Benign FAF >5%	1.0	8.969	0.441;0.441;.;0.441;.;.;.;.;.		0.0849225	24.7	.;LP;.;P;.;.;.;.;.	Benign
SAMD9L	NM_152703.5	c.796G>A	Benign FAF >5%	0.0	-3.91	0.020;0.020;.;0.020;.;.;.;.;.		0.197280	0.019	.;LB;.;B;.;.;.;.;.	Benign
SBDS	NM_016038.4	c.348A>T	Benign synonymous, SpliceAI<=0.1, PhastCons<1.0	0.049	-0.905				5.172		
SBDS	NM_016038.4	c.348A>G	Benign synonymous, SpliceAI<=0.1, PhastCons<1.0	0.049	-0.905			3.50300e-05	5.683		Likely_benign
SBDS	NM_016038.4	c.348A>C	Benign synonymous, SpliceAI<=0.1, PhastCons<1.0	0.049	-0.905			1.74600e-05	5.272		Likely_benign
SDHA	NM_004168.4	c.61G>A	Benign synonymous, SpliceAI<=0.1, PhastCons<1.0	0.0	-0.284				6.302		Conflicting_classifications_of_pathogenicity
SDHA	NM_004168.4	c.61G>C	Benign synonymous, SpliceAI<=0.1, PhastCons<1.0	0.0	-0.284				7.499		
SDHA	NM_004168.4	c.61G>T	Benign synonymous, SpliceAI<=0.1, PhastCons<1.0	0.0	-0.284				3.063		Uncertain_significance
SDHA	NM_004168.4	c.62C>A	Benign synonymous, SpliceAI<=0.1, PhastCons<1.0	0.003	-0.373				6.045		Uncertain_significance
SDHA	NM_004168.4	c.62C>G	Benign synonymous, SpliceAI<=0.1, PhastCons<1.0	0.003	-0.373				13.3		
SDHA	NM_004168.4	c.62C>T	Benign synonymous, SpliceAI<=0.1, PhastCons<1.0	0.003	-0.373			3.00000e-07	19.86		Uncertain_significance
SDHA	NM_004168.4	c.64-12C>A	Benign synonymous, SpliceAI<=0.1, PhastCons<1.0, PhyloP<0.1, intronic_ROI(-12)	0.001	-1.627				0.728		
SDHA	NM_004168.4	c.64-12C>G	Benign synonymous, SpliceAI<=0.1, PhastCons<1.0, PhyloP<0.1, intronic_ROI(-12)	0.001	-1.627				0.59		Likely_benign
SDHA	NM_004168.4	c.113A>T	Benign FAF >5%	0.989	2.737	.;.;0.078;.;.;.;.;.;.;.;.;.;0.078;.;.;.;.;0.078;.;.;.;.;.;.;.;.		0.0588696	16.01	.;.;LB;.;.;.;.;.;.;.;.;.;LB;.;.;.;.;B;.;.;.;.;.;.;.;.	Benign/Likely_benign
SDHA	NM_004168.4	c.315A>G	Benign synonymous, SpliceAI<=0.1, PhastCons<1.0	0.997	0.484				9.077		Likely_benign
SDHA	NM_004168.4	c.315A>T	Benign synonymous, SpliceAI<=0.1, PhastCons<1.0	0.997	0.484				7.237		Likely_benign
SDHA	NM_004168.4	c.372C>G	Benign synonymous, SpliceAI<=0.1, PhastCons<1.0	0.988	0.159				37.0		
SDHA	NM_004168.4	c.372C>T	Benign synonymous, SpliceAI<=0.1, PhastCons<1.0	0.988	0.159			0.000120150	9.937		Benign/Likely_benign
SDHA	NM_004168.4	c.390C>G	Benign synonymous, SpliceAI<=0.1, PhastCons<1.0	0.088	-0.775			1.74700e-05	3.942		
SDHA	NM_004168.4	c.390C>T	Benign synonymous, SpliceAI<=0.1, PhastCons<1.0	0.088	-0.775			3.65000e-06	9.129		Benign/Likely_benign
SDHA	NM_004168.4	c.453C>G	Benign synonymous, SpliceAI<=0.1, PhastCons<1.0	0.429	-0.468				0.2		Benign/Likely_benign
SDHA	NM_004168.4	c.453C>T	Benign synonymous, SpliceAI<=0.1, PhastCons<1.0	0.429	-0.468			4.78200e-05	0.916		Benign/Likely_benign
SDHA	NM_004168.4	c.896-8T>A	Benign synonymous, SpliceAI<=0.1, PhastCons<1.0, PhyloP<0.1, intronic_ROI(-8)	0.004	-0.044				7.548		
SDHA	NM_004168.4	c.896-8T>G	Benign synonymous, SpliceAI<=0.1, PhastCons<1.0, PhyloP<0.1, intronic_ROI(-8)	0.004	-0.044				7.184		
SDHA	NM_004168.4	c.945A>C	Benign synonymous, SpliceAI<=0.1, PhastCons<1.0	0.354	-0.323				1.486		
SDHA	NM_004168.4	c.945A>G	Benign synonymous, SpliceAI<=0.1, PhastCons<1.0	0.354	-0.323				2.477		
SDHA	NM_004168.4	c.945A>T	Benign synonymous, SpliceAI<=0.1, PhastCons<1.0	0.354	-0.323				1.543		
SDHA	NM_004168.4	c.1551+6A>C	Benign synonymous, SpliceAI<=0.1, PhastCons<1.0, PhyloP<0.1, intronic_ROI(+6)	0.0	-0.363				0.254		
SDHA	NM_004168.4	c.1551+6A>T	Benign synonymous, SpliceAI<=0.1, PhastCons<1.0, PhyloP<0.1, intronic_ROI(+6)	0.0	-0.363				0.231		
SDHA	NM_004168.4	c.1552-338A>G	Benign FAF >5%	0.004	-1.014			0.618220	4.506		
SDHA	NM_004168.4	c.1552-331G>T	Benign FAF >5%	0.001	-0.188			0.520187	1.187		
SDHA	NM_004168.4	c.1798C>A	Benign synonymous, SpliceAI<=0.1, PhastCons<1.0	0.996	2.134				16.81		
SDHA	NM_004168.4	c.1798C>G	Benign synonymous, SpliceAI<=0.1, PhastCons<1.0	0.996	2.134	0.477			29.3	LB	Uncertain_significance
SDHA	NM_004168.4	c.1886A>T	Benign FAF >5%	1.0	4.368	0.226		0.521353	14.89	LB	Benign/Likely_benign
SDHA	NM_004168.4	c.1895T>A	Benign synonymous, SpliceAI<=0.1, PhastCons<1.0	0.0	0.532	0.220			5.503	LB	
SDHA	NM_004168.4	c.1895T>G	Benign synonymous, SpliceAI<=0.1, PhastCons<1.0	0.0	0.532	0.138			6.286	LB	
SDHA	NM_004168.4	c.1911C>T	Likely_benign FAF >0.1%, REVEL <0.29, SpliceAI<=0.1	0.911	0.109	0.135		0.0371639	9.868	LB	Benign/Likely_benign
SDHA	NM_004168.4	c.1932G>C	Benign synonymous, SpliceAI<=0.1, PhastCons<1.0	0.037	-0.891				0.789		Benign
SDHA	NM_004168.4	c.1932G>T	Benign synonymous, SpliceAI<=0.1, PhastCons<1.0	0.037	-0.891				0.918		
SDHA	NM_004168.4	c.1969G>A	Benign FAF >5%	1.0	4.703	.;.;0.194;.;.;.;.;.;.;.;.;.;.;.;.;0.194;.;.;.;.;0.194;.;.;.;.;.;.;.;.;.		0.309169	15.8	.;.;LB;.;.;.;.;.;.;.;.;.;.;.;.;LB;.;.;.;.;B;.;.;.;.;.;.;.;.;.	Benign
SDHAF2	NM_017841.2	c.111T>A	Benign synonymous, SpliceAI<=0.1, PhastCons<1.0	0.123	-0.745				13.24		
SDHAF2	NM_017841.2	c.111T>C	Benign synonymous, SpliceAI<=0.1, PhastCons<1.0	0.123	-0.745				13.58		
SDHAF2	NM_017841.2	c.111T>G	Benign synonymous, SpliceAI<=0.1, PhastCons<1.0	0.123	-0.745				13.32		
SDHAF2	NM_017841.2	c.339T>A	Benign synonymous, SpliceAI<=0.1, PhastCons<1.0	0.966	0.069				22.4		
SDHAF2	NM_017841.2	c.339T>C	Benign synonymous, SpliceAI<=0.1, PhastCons<1.0	0.966	0.069				15.96		
SDHAF2	NM_017841.2	c.339T>G	Benign synonymous, SpliceAI<=0.1, PhastCons<1.0	0.966	0.069				22.5		
SDHAF2	NM_017841.2	c.406G>C	Benign synonymous, SpliceAI<=0.1, PhastCons<1.0	0.999	2.676				23.1		
SDHAF2	NM_017841.2	c.406G>T	Benign synonymous, SpliceAI<=0.1, PhastCons<1.0	0.999	2.676				23.8		
SDHB	NM_003000.3	c.370G>T	Benign synonymous, SpliceAI<=0.1, PhastCons<1.0	0.993	2.38	.;.			27.6	.;.	Uncertain_significance
SDHB	NM_003000.3	c.370G>C	Benign synonymous, SpliceAI<=0.1, PhastCons<1.0	0.993	2.38	.;.			24.0	.;.	
SDHB	NM_003000.3	c.370G>A	Benign synonymous, SpliceAI<=0.1, PhastCons<1.0	0.993	2.38	.;.			23.7	.;.	Uncertain_significance
SDHB	NM_003000.3	c.72+1808G>A	Benign FAF >5%	0.002	0.635			0.635743	1.782		Benign
SDHC	NM_003001.3	c.141T>A	Benign synonymous, SpliceAI<=0.1, PhastCons<1.0	0.042	-0.053				4.967		
SDHC	NM_003001.3	c.141T>C	Benign synonymous, SpliceAI<=0.1, PhastCons<1.0	0.042	-0.053				5.423		
SDHC	NM_003001.3	c.141T>G	Benign synonymous, SpliceAI<=0.1, PhastCons<1.0	0.042	-0.053				5.396		
SDHD	NM_003002.4	c.72A>C	Benign synonymous, SpliceAI<=0.1, PhastCons<1.0	0.003	-0.696				7.091		Benign/Likely_benign
SDHD	NM_003002.4	c.72A>G	Benign synonymous, SpliceAI<=0.1, PhastCons<1.0	0.003	-0.696			3.65000e-06	7.399		Likely_benign
SDHD	NM_003002.4	c.72A>T	Benign synonymous, SpliceAI<=0.1, PhastCons<1.0	0.003	-0.696				6.889		
SDHD	NM_003002.4	c.309T>A	Benign synonymous, SpliceAI<=0.1, PhastCons<1.0	0.952	0.019				7.661		
SDHD	NM_003002.4	c.309T>C	Benign synonymous, SpliceAI<=0.1, PhastCons<1.0	0.952	0.019				8.049		
SDHD	NM_003002.4	c.309T>G	Benign synonymous, SpliceAI<=0.1, PhastCons<1.0	0.952	0.019				8.198		
SDHD	NM_003002.4	c.315-1708C>T	Benign FAF >5%	0.009	-0.97	0.101		0.0922551	3.564	LB	Benign
SDHD	NM_003002.4	c.315-1669A>G	Benign FAF >5%	0.001	-2.266	0.204		0.995409	0.747	LB	Benign
SDHD	NM_003002.4	c.315-1646C>T	Benign FAF >5%	0.002	-0.969	0.138		0.313089	2.146	LB	Benign
SLC25A11	NM_003562.5	c.249G>T	Benign synonymous, SpliceAI<=0.1, PhastCons<1.0	0.993	0.322				16.09		
SLC25A11	NM_003562.5	c.249G>C	Benign synonymous, SpliceAI<=0.1, PhastCons<1.0	0.993	0.322				15.13		
SLC25A11	NM_003562.5	c.249-11C>G	Benign synonymous, SpliceAI<=0.1, PhastCons<1.0, PhyloP<0.1, intronic_ROI(-11)	0.001	-0.644				6.123		
SLC25A11	NM_003562.5	c.249-11C>A	Benign synonymous, SpliceAI<=0.1, PhastCons<1.0, PhyloP<0.1, intronic_ROI(-11)	0.001	-0.644				5.885		
SLC25A11	NM_003562.5	c.248+4T>G	Benign synonymous, SpliceAI<=0.1, PhastCons<1.0, PhyloP<0.1, intronic_ROI(+4)	0.115	0.045				12.19		
SLC25A11	NM_003562.5	c.248+4T>A	Benign synonymous, SpliceAI<=0.1, PhastCons<1.0, PhyloP<0.1, intronic_ROI(+4)	0.115	0.045			1.24000e-06	12.06		
SLX4	NM_032444.4	c.5504G>T	Benign synonymous, SpliceAI<=0.1, PhastCons<1.0	0.001	0.094				0.374		
SLX4	NM_032444.4	c.5504G>C	Benign synonymous, SpliceAI<=0.1, PhastCons<1.0	0.001	0.094				0.12		
SLX4	NM_032444.4	c.5502C>G	Benign synonymous, SpliceAI<=0.1, PhastCons<1.0	0.0	-0.285	0.013			0.105	B	
SLX4	NM_032444.4	c.5502C>A	Benign synonymous, SpliceAI<=0.1, PhastCons<1.0	0.0	-0.285	0.013			0.095	B	
SLX4	NM_032444.4	c.5501A>G	Likely_benign FAF >0.1%, REVEL <0.29, SpliceAI<=0.1	0.0	0.295	0.019		0.00883537	2.217	B	Conflicting_classifications_of_pathogenicity
SLX4	NM_032444.4	c.5497C>T	Benign synonymous, SpliceAI<=0.1, PhastCons<1.0	0.001	1.032	0.054		7.39000e-06	20.5	B	Uncertain_significance
SLX4	NM_032444.4	c.5497C>G	Benign synonymous, SpliceAI<=0.1, PhastCons<1.0	0.001	1.032	0.031			14.48	B	
SLX4	NM_032444.4	c.5496G>T	Benign synonymous, SpliceAI<=0.1, PhastCons<1.0	0.0	-0.143	0.046			1.496	B	
SLX4	NM_032444.4	c.5496G>C	Benign synonymous, SpliceAI<=0.1, PhastCons<1.0	0.0	-0.143	0.046			1.528	B	
SLX4	NM_032444.4	c.5490G>T	Benign synonymous, SpliceAI<=0.1, PhastCons<1.0	0.001	0.886	0.069			10.09	B	
SLX4	NM_032444.4	c.5490G>C	Benign synonymous, SpliceAI<=0.1, PhastCons<1.0	0.001	0.886	0.069			10.52	B	
SLX4	NM_032444.4	c.5487G>T	Benign synonymous, SpliceAI<=0.1, PhastCons<1.0	0.944	2.134	0.077			17.45	A	
SLX4	NM_032444.4	c.5487G>C	Benign synonymous, SpliceAI<=0.1, PhastCons<1.0	0.944	2.134	0.076			17.53	A	
SLX4	NM_032444.4	c.5484G>T	Benign synonymous, SpliceAI<=0.1, PhastCons<1.0	0.07	0.243	0.062			13.96	A	
SLX4	NM_032444.4	c.5484G>C	Benign synonymous, SpliceAI<=0.1, PhastCons<1.0	0.07	0.243	0.062			13.94	A	
SLX4	NM_032444.4	c.5476C>T	Benign synonymous, SpliceAI<=0.1, PhastCons<1.0	0.0	-1.001	0.106		4.53500e-05	5.551	B	Uncertain_significance
SLX4	NM_032444.4	c.5476C>G	Benign synonymous, SpliceAI<=0.1, PhastCons<1.0	0.0	-1.001	0.011			0.04	B	
SLX4	NM_032444.4	c.5472G>T	Benign synonymous, SpliceAI<=0.1, PhastCons<1.0	0.813	1.718	0.079			10.07	B	
SLX4	NM_032444.4	c.5472G>C	Benign synonymous, SpliceAI<=0.1, PhastCons<1.0	0.813	1.718	0.079			9.968	B	
SLX4	NM_032444.4	c.5467C>T	Benign synonymous, SpliceAI<=0.1, PhastCons<1.0	0.0	0.433	0.120		8.75000e-06	20.6	B	Uncertain_significance
SLX4	NM_032444.4	c.5467C>G	Benign synonymous, SpliceAI<=0.1, PhastCons<1.0	0.0	0.433	0.065			14.55	B	
SLX4	NM_032444.4	c.5466G>T	Benign synonymous, SpliceAI<=0.1, PhastCons<1.0	0.0	-0.74	0.031			10.3	B	
SLX4	NM_032444.4	c.5466G>C	Benign synonymous, SpliceAI<=0.1, PhastCons<1.0	0.0	-0.74	0.031			10.46	B	
SLX4	NM_032444.4	c.5464A>T	Benign synonymous, SpliceAI<=0.1, PhastCons<1.0	0.0	-0.428	0.071			19.1	B	
SLX4	NM_032444.4	c.5464A>G	Benign synonymous, SpliceAI<=0.1, PhastCons<1.0	0.0	-0.428	0.040			10.42	B	
SLX4	NM_032444.4	c.5463G>T	Benign synonymous, SpliceAI<=0.1, PhastCons<1.0	0.0	0.374	0.091			18.76	B	
SLX4	NM_032444.4	c.5463G>C	Benign synonymous, SpliceAI<=0.1, PhastCons<1.0	0.0	0.374	0.091			18.76	B	
SLX4	NM_032444.4	c.5461A>T	Benign synonymous, SpliceAI<=0.1, PhastCons<1.0	0.0	0.159	0.018			21.5	B	
SLX4	NM_032444.4	c.5461A>G	Benign synonymous, SpliceAI<=0.1, PhastCons<1.0	0.0	0.159	0.026			17.7	B	
SLX4	NM_032444.4	c.5457G>T	Benign synonymous, SpliceAI<=0.1, PhastCons<1.0	0.0	0.002	0.048			10.58	B	
SLX4	NM_032444.4	c.5457G>C	Benign synonymous, SpliceAI<=0.1, PhastCons<1.0	0.0	0.002	0.048		2.80000e-07	11.16	B	
SLX4	NM_032444.4	c.5451G>T	Benign synonymous, SpliceAI<=0.1, PhastCons<1.0	0.357	0.666	0.078		2.80000e-07	19.55	B	
SLX4	NM_032444.4	c.5451G>C	Benign synonymous, SpliceAI<=0.1, PhastCons<1.0	0.357	0.666	0.078			19.65	B	
SLX4	NM_032444.4	c.5445G>T	Benign synonymous, SpliceAI<=0.1, PhastCons<1.0	0.996	0.641	0.070			19.98	A	
SLX4	NM_032444.4	c.5445G>C	Benign synonymous, SpliceAI<=0.1, PhastCons<1.0	0.996	0.641	0.070			20.1	A	
SLX4	NM_032444.4	c.5443A>T	Benign synonymous, SpliceAI<=0.1, PhastCons<1.0	0.995	2.584	0.120			27.2	B	
SLX4	NM_032444.4	c.5443A>G	Benign synonymous, SpliceAI<=0.1, PhastCons<1.0	0.995	2.584	0.080			23.9	B	
SLX4	NM_032444.4	c.5412C>G	Benign synonymous, SpliceAI<=0.1, PhastCons<1.0	0.372	-0.354	0.046		2.80000e-07	0.862	B	
SLX4	NM_032444.4	c.5412C>A	Benign synonymous, SpliceAI<=0.1, PhastCons<1.0	0.372	-0.354	0.046			0.794	B	
SLX4	NM_032444.4	c.5406C>G	Benign synonymous, SpliceAI<=0.1, PhastCons<1.0	0.006	-0.188	0.263			6.349	P	
SLX4	NM_032444.4	c.5406C>A	Benign synonymous, SpliceAI<=0.1, PhastCons<1.0	0.006	-0.188	0.263			6.384	P	
SLX4	NM_032444.4	c.5372G>A	Likely_benign FAF >0.1%, REVEL <0.29, SpliceAI<=0.1	0.28	0.84	0.016		0.00296600	9.13	B	Conflicting_classifications_of_pathogenicity
SLX4	NM_032444.4	c.5364C>G	Benign synonymous, SpliceAI<=0.1, PhastCons<1.0	0.0	-8.021	0.072			0.005	B	
SLX4	NM_032444.4	c.5364C>A	Benign synonymous, SpliceAI<=0.1, PhastCons<1.0	0.0	-8.021	0.072		8.44100e-05	0.004	B	
SLX4	NM_032444.4	c.5361G>T	Benign synonymous, SpliceAI<=0.1, PhastCons<1.0	0.984	0.51	0.026			22.9	B	
SLX4	NM_032444.4	c.5361G>C	Benign synonymous, SpliceAI<=0.1, PhastCons<1.0	0.984	0.51	0.026			19.73	B	
SLX4	NM_032444.4	c.5358G>T	Benign synonymous, SpliceAI<=0.1, PhastCons<1.0	0.996	0.699	0.047			20.7	A	
SLX4	NM_032444.4	c.5358G>C	Benign synonymous, SpliceAI<=0.1, PhastCons<1.0	0.996	0.699	0.047			19.81	A	
SLX4	NM_032444.4	c.5352G>T	Benign synonymous, SpliceAI<=0.1, PhastCons<1.0	0.997	0.509	0.089		7.38000e-06	19.95	A	
SLX4	NM_032444.4	c.5352G>C	Benign synonymous, SpliceAI<=0.1, PhastCons<1.0	0.997	0.509	0.089			19.91	A	
SLX4	NM_032444.4	c.5340G>T	Benign synonymous, SpliceAI<=0.1, PhastCons<1.0	0.275	-0.015	0.053			12.82	B	
SLX4	NM_032444.4	c.5340G>C	Benign synonymous, SpliceAI<=0.1, PhastCons<1.0	0.275	-0.015	0.053			13.01	B	
SLX4	NM_032444.4	c.5331G>T	Benign synonymous, SpliceAI<=0.1, PhastCons<1.0	0.988	0.297	0.073			23.1	A	
SLX4	NM_032444.4	c.5331G>C	Benign synonymous, SpliceAI<=0.1, PhastCons<1.0	0.988	0.297	0.073			23.1	A	
SLX4	NM_032444.4	c.5328T>G	Benign synonymous, SpliceAI<=0.1, PhastCons<1.0	0.0	-2.518	0.017			0.02	P	Uncertain_significance
SLX4	NM_032444.4	c.5328T>A	Benign synonymous, SpliceAI<=0.1, PhastCons<1.0	0.0	-2.518	0.017			0.018	P	
SLX4	NM_032444.4	c.5314C>G	Benign synonymous, SpliceAI<=0.1, PhastCons<1.0	0.155	2.432	0.094			18.82	B	
SLX4	NM_032444.4	c.5314C>A	Benign synonymous, SpliceAI<=0.1, PhastCons<1.0	0.155	2.432	0.079			16.56	B	
SLX4	NM_032444.4	c.5307G>T	Benign synonymous, SpliceAI<=0.1, PhastCons<1.0	0.49	0.958	0.097			21.8	P	
SLX4	NM_032444.4	c.5307G>C	Benign synonymous, SpliceAI<=0.1, PhastCons<1.0	0.49	0.958	0.097			21.8	P	
SLX4	NM_032444.4	c.5304G>T	Benign synonymous, SpliceAI<=0.1, PhastCons<1.0	0.003	0.077	0.077			17.27	B	
SLX4	NM_032444.4	c.5304G>C	Benign synonymous, SpliceAI<=0.1, PhastCons<1.0	0.003	0.077	0.077		4.43000e-06	17.39	B	Uncertain_significance
SLX4	NM_032444.4	c.5289G>T	Benign synonymous, SpliceAI<=0.1, PhastCons<1.0	0.039	0.316	0.020			10.6	B	
SLX4	NM_032444.4	c.5289G>C	Benign synonymous, SpliceAI<=0.1, PhastCons<1.0	0.039	0.316	0.020			10.78	B	
SLX4	NM_032444.4	c.5281C>T	Likely_benign FAF >0.1%, REVEL <0.29, SpliceAI<=0.1	1.0	2.035	0.071		0.0246805	21.5	B	Benign
SLX4	NM_032444.4	c.5274C>G	Benign synonymous, SpliceAI<=0.1, PhastCons<1.0	0.571	0.864	0.065			20.6	B	
SLX4	NM_032444.4	c.5274C>A	Benign synonymous, SpliceAI<=0.1, PhastCons<1.0	0.571	0.864				36.0		
SLX4	NM_032444.4	c.5271G>T	Benign synonymous, SpliceAI<=0.1, PhastCons<1.0	0.186	-0.07	0.092			16.1	A	
SLX4	NM_032444.4	c.5271G>C	Benign synonymous, SpliceAI<=0.1, PhastCons<1.0	0.186	-0.07	0.092			15.98	A	
SLX4	NM_032444.4	c.5269A>T	Benign synonymous, SpliceAI<=0.1, PhastCons<1.0	0.996	1.748	0.047			14.8	B	
SLX4	NM_032444.4	c.5269A>G	Benign synonymous, SpliceAI<=0.1, PhastCons<1.0	0.996	1.748	0.079			19.2	B	
SLX4	NM_032444.4	c.5266C>G	Benign synonymous, SpliceAI<=0.1, PhastCons<1.0	0.944	2.101	0.052			1.42	B	
SLX4	NM_032444.4	c.5266C>A	Benign synonymous, SpliceAI<=0.1, PhastCons<1.0	0.944	2.101	0.183			17.05	B	
SLX4	NM_032444.4	c.5262G>T	Benign synonymous, SpliceAI<=0.1, PhastCons<1.0	0.994	0.456	0.052			17.71	B	
SLX4	NM_032444.4	c.5262G>C	Benign synonymous, SpliceAI<=0.1, PhastCons<1.0	0.994	0.456	0.052			17.76	B	
SLX4	NM_032444.4	c.5259C>G	Benign synonymous, SpliceAI<=0.1, PhastCons<1.0	0.999	0.645	0.051			0.213	B	
SLX4	NM_032444.4	c.5259C>A	Benign synonymous, SpliceAI<=0.1, PhastCons<1.0	0.999	0.645	0.051			0.182	B	
SLX4	NM_032444.4	c.5249C>T	Likely_benign FAF >0.1%, REVEL <0.29, SpliceAI<=0.1	0.025	0.69	0.045		0.00228454	5.506	B	Likely_benign
SLX4	NM_032444.4	c.5248G>T	Likely_benign FAF >0.1%, REVEL <0.29, SpliceAI<=0.1	0.054	2.877	0.077		0.00224281	14.66	B	Likely_benign
SLX4	NM_032444.4	c.5244G>T	Benign synonymous, SpliceAI<=0.1, PhastCons<1.0	0.0	-0.779	0.006			4.943	B	
SLX4	NM_032444.4	c.5244G>C	Benign synonymous, SpliceAI<=0.1, PhastCons<1.0	0.0	-0.779	0.006			4.9	B	
SLX4	NM_032444.4	c.5232G>T	Benign synonymous, SpliceAI<=0.1, PhastCons<1.0	0.997	1.658	0.156			19.84	A	
SLX4	NM_032444.4	c.5232G>C	Benign synonymous, SpliceAI<=0.1, PhastCons<1.0	0.997	1.658	0.156			19.99	A	
SLX4	NM_032444.4	c.5223T>G	Benign synonymous, SpliceAI<=0.1, PhastCons<1.0	0.0	-3.149	0.118		1.83000e-06	0.055	A	Uncertain_significance
SLX4	NM_032444.4	c.5223T>A	Benign synonymous, SpliceAI<=0.1, PhastCons<1.0	0.0	-3.149	0.118			0.05	A	
SLX4	NM_032444.4	c.5217G>T	Benign synonymous, SpliceAI<=0.1, PhastCons<1.0	0.0	-1.004	0.023			0.192	B	
SLX4	NM_032444.4	c.5217G>C	Benign synonymous, SpliceAI<=0.1, PhastCons<1.0	0.0	-1.004	0.023			0.272	B	
SLX4	NM_032444.4	c.5212G>T	Likely_benign FAF >0.1%, REVEL <0.29, SpliceAI<=0.1	0.055	1.802	0.075		0.00171920	19.61	B	Uncertain_significance
SLX4	NM_032444.4	c.5211G>T	Benign synonymous, SpliceAI<=0.1, PhastCons<1.0	0.056	0.643	0.052			13.72	B	
SLX4	NM_032444.4	c.5211G>C	Benign synonymous, SpliceAI<=0.1, PhastCons<1.0	0.056	0.643	0.052		2.15300e-05	14.55	B	Uncertain_significance
SLX4	NM_032444.4	c.5205G>T	Benign synonymous, SpliceAI<=0.1, PhastCons<1.0	0.036	-0.199	0.024			6.883	B	
SLX4	NM_032444.4	c.5205G>C	Benign synonymous, SpliceAI<=0.1, PhastCons<1.0	0.036	-0.199	0.024			7.837	B	
SLX4	NM_032444.4	c.5202G>T	Benign synonymous, SpliceAI<=0.1, PhastCons<1.0	0.0	-4.943	0.040			0.002	B	
SLX4	NM_032444.4	c.5202G>C	Benign synonymous, SpliceAI<=0.1, PhastCons<1.0	0.0	-4.943	0.040			0.002	B	
SLX4	NM_032444.4	c.5199A>T	Benign synonymous, SpliceAI<=0.1, PhastCons<1.0	0.0	-2.341	0.051			0.881	B	
SLX4	NM_032444.4	c.5199A>C	Benign synonymous, SpliceAI<=0.1, PhastCons<1.0	0.0	-2.341	0.051			1.335	B	
SLX4	NM_032444.4	c.5187G>T	Benign synonymous, SpliceAI<=0.1, PhastCons<1.0	0.619	0.921	0.050			25.4	B	
SLX4	NM_032444.4	c.5187G>C	Benign synonymous, SpliceAI<=0.1, PhastCons<1.0	0.619	0.921	0.050			25.1	B	
SLX4	NM_032444.4	c.5184T>G	Benign synonymous, SpliceAI<=0.1, PhastCons<1.0	0.0	-0.648	0.036			0.072	P	
SLX4	NM_032444.4	c.5184T>A	Benign synonymous, SpliceAI<=0.1, PhastCons<1.0	0.0	-0.648	0.036			0.083	P	
SLX4	NM_032444.4	c.5172T>G	Benign synonymous, SpliceAI<=0.1, PhastCons<1.0	0.994	0.32	0.093			16.16	P	
SLX4	NM_032444.4	c.5172T>A	Benign synonymous, SpliceAI<=0.1, PhastCons<1.0	0.994	0.32	0.093			17.09	P	
SLX4	NM_032444.4	c.5166T>G	Benign synonymous, SpliceAI<=0.1, PhastCons<1.0	0.006	-0.264	0.099			13.9	B	
SLX4	NM_032444.4	c.5166T>A	Benign synonymous, SpliceAI<=0.1, PhastCons<1.0	0.006	-0.264				34.0		
SLX4	NM_032444.4	c.5154T>G	Benign synonymous, SpliceAI<=0.1, PhastCons<1.0	0.75	-0.142	0.141			19.71	P	
SLX4	NM_032444.4	c.5154T>A	Benign synonymous, SpliceAI<=0.1, PhastCons<1.0	0.75	-0.142	0.141			19.61	P	
SLX4	NM_032444.4	c.5151G>T	Benign synonymous, SpliceAI<=0.1, PhastCons<1.0	0.115	-0.61	0.153			14.64	B	
SLX4	NM_032444.4	c.5151G>C	Benign synonymous, SpliceAI<=0.1, PhastCons<1.0	0.115	-0.61	0.153			13.43	B	
SLX4	NM_032444.4	c.5146T>A	Likely_benign FAF >0.1%, REVEL <0.29, SpliceAI<=0.1	1.0	6.973	0.143		0.0286509	25.2	B	Benign/Likely_benign
SLX4	NM_032444.4	c.5145C>G	Benign synonymous, SpliceAI<=0.1, PhastCons<1.0	0.255	0.488	0.078			20.3	A	
SLX4	NM_032444.4	c.5145C>A	Benign synonymous, SpliceAI<=0.1, PhastCons<1.0	0.255	0.488	0.078			20.1	A	
SLX4	NM_032444.4	c.5142G>T	Benign synonymous, SpliceAI<=0.1, PhastCons<1.0	0.0	-1.377	0.040			0.015	B	
SLX4	NM_032444.4	c.5142G>C	Benign synonymous, SpliceAI<=0.1, PhastCons<1.0	0.0	-1.377	0.040			0.015	B	
SLX4	NM_032444.4	c.5130T>G	Benign synonymous, SpliceAI<=0.1, PhastCons<1.0	0.012	-0.599	0.081			17.36	P	
SLX4	NM_032444.4	c.5130T>A	Benign synonymous, SpliceAI<=0.1, PhastCons<1.0	0.012	-0.599	0.081			17.11	P	
SLX4	NM_032444.4	c.5124T>G	Benign synonymous, SpliceAI<=0.1, PhastCons<1.0	0.0	-0.291	0.142			12.32	B	
SLX4	NM_032444.4	c.5124T>A	Benign synonymous, SpliceAI<=0.1, PhastCons<1.0	0.0	-0.291	0.142			12.05	B	
SLX4	NM_032444.4	c.5103A>T	Benign synonymous, SpliceAI<=0.1, PhastCons<1.0	0.012	-1.049	0.145			14.81	B	
SLX4	NM_032444.4	c.5103A>C	Benign synonymous, SpliceAI<=0.1, PhastCons<1.0	0.012	-1.049	0.145			14.81	B	
SLX4	NM_032444.4	c.5100A>T	Benign synonymous, SpliceAI<=0.1, PhastCons<1.0	0.998	1.5	0.092			22.5	P	
SLX4	NM_032444.4	c.5100A>C	Benign synonymous, SpliceAI<=0.1, PhastCons<1.0	0.998	1.5	0.092			22.5	P	
SLX4	NM_032444.4	c.5085G>T	Benign synonymous, SpliceAI<=0.1, PhastCons<1.0	0.264	0.621	0.080			14.07	B	
SLX4	NM_032444.4	c.5085G>C	Benign synonymous, SpliceAI<=0.1, PhastCons<1.0	0.264	0.621	0.080		2.80000e-07	14.13	B	
SLX4	NM_032444.4	c.5079C>G	Benign synonymous, SpliceAI<=0.1, PhastCons<1.0	0.0	-0.557	0.078			0.117	B	
SLX4	NM_032444.4	c.5079C>A	Benign synonymous, SpliceAI<=0.1, PhastCons<1.0	0.0	-0.557	0.078			0.114	B	
SLX4	NM_032444.4	c.5076T>G	Benign synonymous, SpliceAI<=0.1, PhastCons<1.0	0.0	-0.214	0.032			0.646	B	
SLX4	NM_032444.4	c.5076T>A	Benign synonymous, SpliceAI<=0.1, PhastCons<1.0	0.0	-0.214	0.032			0.635	B	
SLX4	NM_032444.4	c.5073T>G	Benign synonymous, SpliceAI<=0.1, PhastCons<1.0	0.0	0.127	0.042			4.05	B	
SLX4	NM_032444.4	c.5073T>A	Benign synonymous, SpliceAI<=0.1, PhastCons<1.0	0.0	0.127	0.042			3.664	B	
SLX4	NM_032444.4	c.5055G>T	Benign synonymous, SpliceAI<=0.1, PhastCons<1.0	0.0	0.034	0.068			6.881	B	
SLX4	NM_032444.4	c.5055G>C	Benign synonymous, SpliceAI<=0.1, PhastCons<1.0	0.0	0.034	0.068			7.019	B	
SLX4	NM_032444.4	c.5052G>T	Benign synonymous, SpliceAI<=0.1, PhastCons<1.0	0.0	-1.008	0.003			0.72	B	
SLX4	NM_032444.4	c.5052G>C	Benign synonymous, SpliceAI<=0.1, PhastCons<1.0	0.0	-1.008	0.003			0.734	B	
SLX4	NM_032444.4	c.5040G>T	Benign synonymous, SpliceAI<=0.1, PhastCons<1.0	0.0	-0.372	0.072		0.000894840	1.482	B	Conflicting_classifications_of_pathogenicity
SLX4	NM_032444.4	c.5040G>C	Benign synonymous, SpliceAI<=0.1, PhastCons<1.0	0.0	-0.372	0.072		6.61600e-05	1.485	B	Uncertain_significance
SLX4	NM_032444.4	c.5038A>T	Benign synonymous, SpliceAI<=0.1, PhastCons<1.0	0.0	-0.556	0.101			8.252	B	
SLX4	NM_032444.4	c.5038A>G	Benign synonymous, SpliceAI<=0.1, PhastCons<1.0	0.0	-0.556	0.013			0.279	B	
SLX4	NM_032444.4	c.5037C>G	Benign synonymous, SpliceAI<=0.1, PhastCons<1.0	0.0	0.302	0.049			6.01	B	
SLX4	NM_032444.4	c.5037C>A	Benign synonymous, SpliceAI<=0.1, PhastCons<1.0	0.0	0.302	0.049			5.953	B	
SLX4	NM_032444.4	c.5029C>T	Likely_benign FAF >0.1%, REVEL <0.29, SpliceAI<=0.1	0.0	-1.516	0.024		0.0126147	0.227	B	Benign/Likely_benign
SLX4	NM_032444.4	c.5022C>G	Benign synonymous, SpliceAI<=0.1, PhastCons<1.0	0.0	-0.01	0.043			3.611	B	
SLX4	NM_032444.4	c.5022C>A	Benign synonymous, SpliceAI<=0.1, PhastCons<1.0	0.0	-0.01	0.043			3.762	B	
SLX4	NM_032444.4	c.5019A>T	Benign synonymous, SpliceAI<=0.1, PhastCons<1.0	0.0	-0.546	0.012			0.895	B	
SLX4	NM_032444.4	c.5019A>C	Benign synonymous, SpliceAI<=0.1, PhastCons<1.0	0.0	-0.546	0.012			0.932	B	
SLX4	NM_032444.4	c.5016T>G	Benign synonymous, SpliceAI<=0.1, PhastCons<1.0	0.0	-3.154	0.008			0.053	B	
SLX4	NM_032444.4	c.5016T>A	Benign synonymous, SpliceAI<=0.1, PhastCons<1.0	0.0	-3.154	0.008		7.50600e-05	0.051	B	
SLX4	NM_032444.4	c.5013T>G	Benign synonymous, SpliceAI<=0.1, PhastCons<1.0	0.901	0.35	0.054			8.337	B	
SLX4	NM_032444.4	c.5013T>A	Benign synonymous, SpliceAI<=0.1, PhastCons<1.0	0.901	0.35	0.054			8.257	B	
SLX4	NM_032444.4	c.5010G>T	Benign synonymous, SpliceAI<=0.1, PhastCons<1.0	0.0	-1.205	0.044			1.561	B	
SLX4	NM_032444.4	c.5010G>C	Benign synonymous, SpliceAI<=0.1, PhastCons<1.0	0.0	-1.205	0.044			1.737	B	
SLX4	NM_032444.4	c.5007G>T	Benign synonymous, SpliceAI<=0.1, PhastCons<1.0	0.041	1.877	0.039			19.08	B	
SLX4	NM_032444.4	c.5007G>C	Benign synonymous, SpliceAI<=0.1, PhastCons<1.0	0.041	1.877	0.039			16.42	B	
SLX4	NM_032444.4	c.5005A>T	Benign synonymous, SpliceAI<=0.1, PhastCons<1.0	0.0	-0.151	0.087			14.63	B	
SLX4	NM_032444.4	c.5005A>G	Benign synonymous, SpliceAI<=0.1, PhastCons<1.0	0.0	-0.151	0.030			11.57	B	
SLX4	NM_032444.4	c.5004A>T	Benign synonymous, SpliceAI<=0.1, PhastCons<1.0	0.0	0.07	0.015			0.954	B	
SLX4	NM_032444.4	c.5004A>C	Benign synonymous, SpliceAI<=0.1, PhastCons<1.0	0.0	0.07	0.015			0.892	B	
SLX4	NM_032444.4	c.5001T>G	Benign synonymous, SpliceAI<=0.1, PhastCons<1.0	0.0	-0.298	0.056			1.192	B	
SLX4	NM_032444.4	c.5001T>A	Benign synonymous, SpliceAI<=0.1, PhastCons<1.0	0.0	-0.298	0.056			1.159	B	
SLX4	NM_032444.4	c.4996C>T	Benign synonymous, SpliceAI<=0.1, PhastCons<1.0	0.001	0.613			2.97700e-05	36.0		Pathogenic
SLX4	NM_032444.4	c.4996C>G	Benign synonymous, SpliceAI<=0.1, PhastCons<1.0	0.001	0.613	0.132			13.01	B	
SLX4	NM_032444.4	c.4989G>T	Benign synonymous, SpliceAI<=0.1, PhastCons<1.0	0.0	0.429	0.089			20.2	A	
SLX4	NM_032444.4	c.4989G>C	Benign synonymous, SpliceAI<=0.1, PhastCons<1.0	0.0	0.429	0.089			20.3	A	
SLX4	NM_032444.4	c.4983G>T	Benign synonymous, SpliceAI<=0.1, PhastCons<1.0	0.0	0.211	0.096			19.89	B	
SLX4	NM_032444.4	c.4983G>C	Benign synonymous, SpliceAI<=0.1, PhastCons<1.0	0.0	0.211	0.096			19.91	B	
SLX4	NM_032444.4	c.4971G>T	Benign synonymous, SpliceAI<=0.1, PhastCons<1.0	0.0	-0.235	0.142			16.96	A	
SLX4	NM_032444.4	c.4971G>C	Benign synonymous, SpliceAI<=0.1, PhastCons<1.0	0.0	-0.235	0.142		2.80000e-07	17.05	A	
SLX4	NM_032444.4	c.4965G>T	Benign synonymous, SpliceAI<=0.1, PhastCons<1.0	0.0	-0.441	0.018			10.9	B	
SLX4	NM_032444.4	c.4965G>C	Benign synonymous, SpliceAI<=0.1, PhastCons<1.0	0.0	-0.441	0.018			10.97	B	
SLX4	NM_032444.4	c.4963A>T	Benign synonymous, SpliceAI<=0.1, PhastCons<1.0	0.0	0.283	0.068			18.39	B	
SLX4	NM_032444.4	c.4963A>G	Benign synonymous, SpliceAI<=0.1, PhastCons<1.0	0.0	0.283	0.023			8.36	B	
SLX4	NM_032444.4	c.4962T>G	Benign synonymous, SpliceAI<=0.1, PhastCons<1.0	0.0	-0.614	0.009			0.012	B	
SLX4	NM_032444.4	c.4962T>A	Benign synonymous, SpliceAI<=0.1, PhastCons<1.0	0.0	-0.614	0.010			0.012	B	
SLX4	NM_032444.4	c.4938G>T	Benign synonymous, SpliceAI<=0.1, PhastCons<1.0	0.0	-1.202	0.022			0.812	B	
SLX4	NM_032444.4	c.4938G>C	Benign synonymous, SpliceAI<=0.1, PhastCons<1.0	0.0	-1.202	0.022			0.843	B	
SLX4	NM_032444.4	c.4935G>T	Benign synonymous, SpliceAI<=0.1, PhastCons<1.0	0.0	-0.475	0.047			0.182	B	
SLX4	NM_032444.4	c.4935G>C	Benign synonymous, SpliceAI<=0.1, PhastCons<1.0	0.0	-0.475	0.047			0.191	B	
SLX4	NM_032444.4	c.4932G>T	Benign synonymous, SpliceAI<=0.1, PhastCons<1.0	0.0	-1.937	0.046			0.716	B	
SLX4	NM_032444.4	c.4932G>C	Benign synonymous, SpliceAI<=0.1, PhastCons<1.0	0.0	-1.937	0.046			0.781	B	
SLX4	NM_032444.4	c.4926T>G	Benign synonymous, SpliceAI<=0.1, PhastCons<1.0	0.0	-0.877	0.009			0.038	B	
SLX4	NM_032444.4	c.4926T>A	Benign synonymous, SpliceAI<=0.1, PhastCons<1.0	0.0	-0.877	0.009			0.037	B	
SLX4	NM_032444.4	c.4914G>T	Benign synonymous, SpliceAI<=0.1, PhastCons<1.0	0.002	0.172	0.032			8.648	B	
SLX4	NM_032444.4	c.4914G>C	Benign synonymous, SpliceAI<=0.1, PhastCons<1.0	0.002	0.172	0.032			8.752	B	
SLX4	NM_032444.4	c.4912A>T	Benign synonymous, SpliceAI<=0.1, PhastCons<1.0	0.0	-0.877	0.028			16.75	B	
SLX4	NM_032444.4	c.4912A>G	Benign synonymous, SpliceAI<=0.1, PhastCons<1.0	0.0	-0.877	0.017			4.439	B	
SLX4	NM_032444.4	c.4905G>T	Benign synonymous, SpliceAI<=0.1, PhastCons<1.0	0.001	0.212	0.011			12.65	B	
SLX4	NM_032444.4	c.4905G>C	Benign synonymous, SpliceAI<=0.1, PhastCons<1.0	0.001	0.212	0.011			12.81	B	
SLX4	NM_032444.4	c.4902C>G	Benign synonymous, SpliceAI<=0.1, PhastCons<1.0	0.004	0.618				33.0		
SLX4	NM_032444.4	c.4902C>A	Benign synonymous, SpliceAI<=0.1, PhastCons<1.0	0.004	0.618				33.0		
SLX4	NM_032444.4	c.4896G>T	Benign synonymous, SpliceAI<=0.1, PhastCons<1.0	0.027	0.894	0.097			7.861	B	
SLX4	NM_032444.4	c.4896G>C	Benign synonymous, SpliceAI<=0.1, PhastCons<1.0	0.027	0.894	0.097			7.988	B	
SLX4	NM_032444.4	c.4881G>T	Benign synonymous, SpliceAI<=0.1, PhastCons<1.0	0.015	-0.088	0.047			15.97	B	
SLX4	NM_032444.4	c.4881G>C	Benign synonymous, SpliceAI<=0.1, PhastCons<1.0	0.015	-0.088	0.047			15.93	B	
SLX4	NM_032444.4	c.4878C>G	Benign synonymous, SpliceAI<=0.1, PhastCons<1.0	0.997	1.672	0.113			17.48	B	
SLX4	NM_032444.4	c.4878C>A	Benign synonymous, SpliceAI<=0.1, PhastCons<1.0	0.997	1.672				35.0		
SLX4	NM_032444.4	c.4875C>G	Benign synonymous, SpliceAI<=0.1, PhastCons<1.0	0.0	0.225	0.082			0.937	B	
SLX4	NM_032444.4	c.4875C>A	Benign synonymous, SpliceAI<=0.1, PhastCons<1.0	0.0	0.225	0.082			0.85	B	
SLX4	NM_032444.4	c.4866G>T	Benign synonymous, SpliceAI<=0.1, PhastCons<1.0	0.0	-0.08	0.059			1.564	B	
SLX4	NM_032444.4	c.4866G>C	Benign synonymous, SpliceAI<=0.1, PhastCons<1.0	0.0	-0.08	0.059		1.42600e-05	1.626	B	
SLX4	NM_032444.4	c.4863G>T	Benign synonymous, SpliceAI<=0.1, PhastCons<1.0	0.0	-1.663	0.101			2.907	B	
SLX4	NM_032444.4	c.4863G>C	Benign synonymous, SpliceAI<=0.1, PhastCons<1.0	0.0	-1.663	0.101			2.881	B	
SLX4	NM_032444.4	c.4861T>G	Benign synonymous, SpliceAI<=0.1, PhastCons<1.0	0.001	0.78	0.045			1.087	B	
SLX4	NM_032444.4	c.4861T>A	Benign synonymous, SpliceAI<=0.1, PhastCons<1.0	0.001	0.78	0.173			10.84	B	
SLX4	NM_032444.4	c.4858C>G	Benign synonymous, SpliceAI<=0.1, PhastCons<1.0	0.494	3.027	0.083			4.816	B	
SLX4	NM_032444.4	c.4858C>A	Benign synonymous, SpliceAI<=0.1, PhastCons<1.0	0.494	3.027	0.162			10.78	B	
SLX4	NM_032444.4	c.4854G>T	Benign synonymous, SpliceAI<=0.1, PhastCons<1.0	0.093	0.772	0.072			14.67	B	
SLX4	NM_032444.4	c.4854G>C	Benign synonymous, SpliceAI<=0.1, PhastCons<1.0	0.093	0.772	0.072			14.71	B	
SLX4	NM_032444.4	c.4845G>T	Benign synonymous, SpliceAI<=0.1, PhastCons<1.0	0.007	-0.526	0.051			13.77	B	
SLX4	NM_032444.4	c.4845G>C	Benign synonymous, SpliceAI<=0.1, PhastCons<1.0	0.007	-0.526	0.051		1.06300e-05	13.85	B	Uncertain_significance
SLX4	NM_032444.4	c.4839G>T	Benign synonymous, SpliceAI<=0.1, PhastCons<1.0	0.978	0.523	0.083			18.65	B	
SLX4	NM_032444.4	c.4839G>C	Benign synonymous, SpliceAI<=0.1, PhastCons<1.0	0.978	0.523	0.085			18.54	B	
SLX4	NM_032444.4	c.4836C>G	Benign synonymous, SpliceAI<=0.1, PhastCons<1.0	0.0	-2.063	0.092		2.80000e-07	0.002	B	
SLX4	NM_032444.4	c.4836C>A	Benign synonymous, SpliceAI<=0.1, PhastCons<1.0	0.0	-2.063	0.092		2.92000e-06	0.002	B	Uncertain_significance
SLX4	NM_032444.4	c.4816C>G	Benign synonymous, SpliceAI<=0.1, PhastCons<1.0	0.008	-0.14	0.052			11.2	B	
SLX4	NM_032444.4	c.4816C>A	Benign synonymous, SpliceAI<=0.1, PhastCons<1.0	0.008	-0.14	0.093			12.95	B	
SLX4	NM_032444.4	c.4782G>T	Benign synonymous, SpliceAI<=0.1, PhastCons<1.0	0.997	0.445	0.149			21.8	P	
SLX4	NM_032444.4	c.4782G>C	Benign synonymous, SpliceAI<=0.1, PhastCons<1.0	0.997	0.445	0.149			21.7	P	
SLX4	NM_032444.4	c.4764A>T	Benign synonymous, SpliceAI<=0.1, PhastCons<1.0	0.996	0.333	0.140			22.7	P	
SLX4	NM_032444.4	c.4764A>C	Benign synonymous, SpliceAI<=0.1, PhastCons<1.0	0.996	0.333	0.140			22.8	P	
SLX4	NM_032444.4	c.4731A>T	Benign synonymous, SpliceAI<=0.1, PhastCons<1.0	0.587	-0.413	0.140			19.43	P	
SLX4	NM_032444.4	c.4731A>C	Benign synonymous, SpliceAI<=0.1, PhastCons<1.0	0.587	-0.413	0.140			19.57	P	
SLX4	NM_032444.4	c.4728G>T	Benign synonymous, SpliceAI<=0.1, PhastCons<1.0	0.963	-0.064	0.106			15.49	P	
SLX4	NM_032444.4	c.4728G>C	Benign synonymous, SpliceAI<=0.1, PhastCons<1.0	0.963	-0.064	0.106			15.29	P	
SLX4	NM_032444.4	c.4698T>G	Benign synonymous, SpliceAI<=0.1, PhastCons<1.0	0.981	0.074				36.0		
SLX4	NM_032444.4	c.4698T>A	Benign synonymous, SpliceAI<=0.1, PhastCons<1.0	0.981	0.074				36.0		
SLX4	NM_032444.4	c.4695G>T	Benign synonymous, SpliceAI<=0.1, PhastCons<1.0	0.561	0.506	0.031			17.68	B	
SLX4	NM_032444.4	c.4695G>C	Benign synonymous, SpliceAI<=0.1, PhastCons<1.0	0.561	0.506	0.031			17.65	B	
SLX4	NM_032444.4	c.4662G>T	Benign synonymous, SpliceAI<=0.1, PhastCons<1.0	0.417	0.458	0.107		2.80000e-07	23.0	B	
SLX4	NM_032444.4	c.4662G>C	Benign synonymous, SpliceAI<=0.1, PhastCons<1.0	0.417	0.458	0.107			23.0	B	
SLX4	NM_032444.4	c.4660T>G	Benign synonymous, SpliceAI<=0.1, PhastCons<1.0	0.342	0.356	0.047			19.75	B	
SLX4	NM_032444.4	c.4660T>A	Benign synonymous, SpliceAI<=0.1, PhastCons<1.0	0.342	0.356	0.054			20.7	B	
SLX4	NM_032444.4	c.4659C>G	Benign synonymous, SpliceAI<=0.1, PhastCons<1.0	0.431	0.668	0.049			15.96	B	
SLX4	NM_032444.4	c.4659C>A	Benign synonymous, SpliceAI<=0.1, PhastCons<1.0	0.431	0.668	0.049			15.83	B	
SLX4	NM_032444.4	c.4658A>T	Likely_benign FAF >0.1%, REVEL <0.29, SpliceAI<=0.1	0.857	2.947	0.090		0.00118401	22.9	B	Uncertain_significance
SLX4	NM_032444.4	c.4656G>T	Benign synonymous, SpliceAI<=0.1, PhastCons<1.0	0.346	0.004	0.077		3.65000e-06	22.0	B	
SLX4	NM_032444.4	c.4656G>C	Benign synonymous, SpliceAI<=0.1, PhastCons<1.0	0.346	0.004	0.077			21.5	B	
SLX4	NM_032444.4	c.4648C>T	Benign synonymous, SpliceAI<=0.1, PhastCons<1.0	0.027	1.273	0.018		0.00330843	13.88	B	Benign/Likely_benign
SLX4	NM_032444.4	c.4648C>G	Benign synonymous, SpliceAI<=0.1, PhastCons<1.0	0.027	1.273	0.039			9.528	B	
SLX4	NM_032444.4	c.4647T>G	Benign synonymous, SpliceAI<=0.1, PhastCons<1.0	0.001	0.284	0.067			0.895	B	
SLX4	NM_032444.4	c.4647T>A	Benign synonymous, SpliceAI<=0.1, PhastCons<1.0	0.001	0.284	0.067			0.828	B	
SLX4	NM_032444.4	c.4626A>T	Benign synonymous, SpliceAI<=0.1, PhastCons<1.0	0.0	-1.462	0.038			0.15	B	
SLX4	NM_032444.4	c.4626A>C	Benign synonymous, SpliceAI<=0.1, PhastCons<1.0	0.0	-1.462	0.038			0.159	B	
SLX4	NM_032444.4	c.4624T>G	Benign synonymous, SpliceAI<=0.1, PhastCons<1.0	0.0	-0.339	0.028			0.079	B	
SLX4	NM_032444.4	c.4624T>A	Benign synonymous, SpliceAI<=0.1, PhastCons<1.0	0.0	-0.339	0.026			0.488	B	
SLX4	NM_032444.4	c.4620A>T	Benign synonymous, SpliceAI<=0.1, PhastCons<1.0	0.0	-0.783	0.005			0.148	B	
SLX4	NM_032444.4	c.4620A>C	Benign synonymous, SpliceAI<=0.1, PhastCons<1.0	0.0	-0.783	0.005			0.15	B	Uncertain_significance
SLX4	NM_032444.4	c.4614G>T	Benign synonymous, SpliceAI<=0.1, PhastCons<1.0	0.0	-1.385	0.052			0.326	B	
SLX4	NM_032444.4	c.4614G>C	Benign synonymous, SpliceAI<=0.1, PhastCons<1.0	0.0	-1.385	0.052			0.364	B	
SLX4	NM_032444.4	c.4611G>T	Benign synonymous, SpliceAI<=0.1, PhastCons<1.0	0.001	0.877	0.118			15.95	B	
SLX4	NM_032444.4	c.4611G>C	Benign synonymous, SpliceAI<=0.1, PhastCons<1.0	0.001	0.877	0.118			16.13	B	
SLX4	NM_032444.4	c.4600G>A	Likely_benign FAF >0.1%, REVEL <0.29, SpliceAI<=0.1	0.0	-0.435	0.013		0.0480320	0.027	B	Benign
SLX4	NM_032444.4	c.4596C>G	Benign synonymous, SpliceAI<=0.1, PhastCons<1.0	0.0	-1.284	0.017			0.021	B	
SLX4	NM_032444.4	c.4596C>A	Benign synonymous, SpliceAI<=0.1, PhastCons<1.0	0.0	-1.284	0.017		7.90000e-07	0.022	B	
SLX4	NM_032444.4	c.4587G>T	Benign synonymous, SpliceAI<=0.1, PhastCons<1.0	0.998	0.864	0.090			16.9	B	
SLX4	NM_032444.4	c.4587G>C	Benign synonymous, SpliceAI<=0.1, PhastCons<1.0	0.998	0.864	0.090			17.09	B	
SLX4	NM_032444.4	c.4569G>T	Benign synonymous, SpliceAI<=0.1, PhastCons<1.0	0.467	0.893	0.037		2.80000e-07	10.68	B	Uncertain_significance
SLX4	NM_032444.4	c.4569G>C	Benign synonymous, SpliceAI<=0.1, PhastCons<1.0	0.467	0.893	0.037			10.65	B	
SLX4	NM_032444.4	c.4560G>T	Benign synonymous, SpliceAI<=0.1, PhastCons<1.0	0.0	-0.065	0.068			11.18	B	
SLX4	NM_032444.4	c.4560G>C	Benign synonymous, SpliceAI<=0.1, PhastCons<1.0	0.0	-0.065	0.068			11.12	B	
SLX4	NM_032444.4	c.4558A>T	Benign synonymous, SpliceAI<=0.1, PhastCons<1.0	0.045	1.22	0.029			21.4	B	
SLX4	NM_032444.4	c.4558A>G	Benign synonymous, SpliceAI<=0.1, PhastCons<1.0	0.045	1.22	0.033			17.2	B	
SLX4	NM_032444.4	c.4557G>T	Benign synonymous, SpliceAI<=0.1, PhastCons<1.0	0.051	0.277	0.049			17.89	B	
SLX4	NM_032444.4	c.4557G>C	Benign synonymous, SpliceAI<=0.1, PhastCons<1.0	0.051	0.277	0.049			17.98	B	
SLX4	NM_032444.4	c.4554G>T	Benign synonymous, SpliceAI<=0.1, PhastCons<1.0	0.155	-0.297	0.077			4.78	B	
SLX4	NM_032444.4	c.4554G>C	Benign synonymous, SpliceAI<=0.1, PhastCons<1.0	0.155	-0.297	0.077			5.076	B	
SLX4	NM_032444.4	c.4551A>T	Benign synonymous, SpliceAI<=0.1, PhastCons<1.0	0.578	-0.486	0.082			7.356	B	
SLX4	NM_032444.4	c.4551A>C	Benign synonymous, SpliceAI<=0.1, PhastCons<1.0	0.578	-0.486	0.082			7.36	B	
SLX4	NM_032444.4	c.4545C>G	Benign synonymous, SpliceAI<=0.1, PhastCons<1.0	0.003	-1.296	0.064			0.005	B	
SLX4	NM_032444.4	c.4545C>A	Benign synonymous, SpliceAI<=0.1, PhastCons<1.0	0.003	-1.296	0.064			0.005	B	
SLX4	NM_032444.4	c.4536C>G	Benign synonymous, SpliceAI<=0.1, PhastCons<1.0	0.0	-3.842	0.187			0.004	B	
SLX4	NM_032444.4	c.4536C>A	Benign synonymous, SpliceAI<=0.1, PhastCons<1.0	0.0	-3.842	0.187			0.004	B	
SLX4	NM_032444.4	c.4528C>G	Benign synonymous, SpliceAI<=0.1, PhastCons<1.0	0.03	0.176	0.059			17.16	B	
SLX4	NM_032444.4	c.4528C>A	Benign synonymous, SpliceAI<=0.1, PhastCons<1.0	0.03	0.176	0.060			20.7	B	
SLX4	NM_032444.4	c.4521T>G	Benign synonymous, SpliceAI<=0.1, PhastCons<1.0	0.982	0.027	0.170			15.33	A	
SLX4	NM_032444.4	c.4521T>A	Benign synonymous, SpliceAI<=0.1, PhastCons<1.0	0.982	0.027	0.170			15.28	A	
SLX4	NM_032444.4	c.4516C>G	Benign synonymous, SpliceAI<=0.1, PhastCons<1.0	0.015	0.006	0.095			13.8	B	
SLX4	NM_032444.4	c.4516C>A	Benign synonymous, SpliceAI<=0.1, PhastCons<1.0	0.015	0.006	0.096			6.287	B	
SLX4	NM_032444.4	c.4515T>G	Benign synonymous, SpliceAI<=0.1, PhastCons<1.0	0.002	-0.757	0.035			0.559	P	
SLX4	NM_032444.4	c.4515T>A	Benign synonymous, SpliceAI<=0.1, PhastCons<1.0	0.002	-0.757	0.035			0.55	P	
SLX4	NM_032444.4	c.4506G>T	Benign synonymous, SpliceAI<=0.1, PhastCons<1.0	0.0	-0.139	0.051			13.85	B	
SLX4	NM_032444.4	c.4506G>C	Benign synonymous, SpliceAI<=0.1, PhastCons<1.0	0.0	-0.139	0.051			13.9	B	
SLX4	NM_032444.4	c.4504A>T	Benign synonymous, SpliceAI<=0.1, PhastCons<1.0	0.0	0.39	0.028			19.55	B	
SLX4	NM_032444.4	c.4504A>G	Benign synonymous, SpliceAI<=0.1, PhastCons<1.0	0.0	0.39	0.064			15.17	B	
SLX4	NM_032444.4	c.4503C>G	Benign synonymous, SpliceAI<=0.1, PhastCons<1.0	0.0	0.191	0.087			16.91	B	
SLX4	NM_032444.4	c.4503C>A	Benign synonymous, SpliceAI<=0.1, PhastCons<1.0	0.0	0.191	0.087			16.85	B	
SLX4	NM_032444.4	c.4500T>G	Benign synonymous, SpliceAI<=0.1, PhastCons<1.0	0.001	0.753	0.063			11.86	B	
SLX4	NM_032444.4	c.4500T>A	Benign synonymous, SpliceAI<=0.1, PhastCons<1.0	0.001	0.753	0.063			11.64	B	
SLX4	NM_032444.4	c.4492C>G	Benign synonymous, SpliceAI<=0.1, PhastCons<1.0	0.61	2.032	0.052			15.82	B	
SLX4	NM_032444.4	c.4492C>A	Benign synonymous, SpliceAI<=0.1, PhastCons<1.0	0.61	2.032	0.074			17.05	B	
SLX4	NM_032444.4	c.4473G>T	Benign synonymous, SpliceAI<=0.1, PhastCons<1.0	0.002	-0.548	0.085			6.885	B	
SLX4	NM_032444.4	c.4473G>C	Benign synonymous, SpliceAI<=0.1, PhastCons<1.0	0.002	-0.548	0.085			6.594	B	
SLX4	NM_032444.4	c.4470G>T	Benign synonymous, SpliceAI<=0.1, PhastCons<1.0	0.754	1.354	0.089			17.02	B	
SLX4	NM_032444.4	c.4470G>C	Benign synonymous, SpliceAI<=0.1, PhastCons<1.0	0.754	1.354	0.089			16.9	B	
SLX4	NM_032444.4	c.4467A>T	Benign synonymous, SpliceAI<=0.1, PhastCons<1.0	0.0	-1.616	0.032			0.028	B	
SLX4	NM_032444.4	c.4467A>C	Benign synonymous, SpliceAI<=0.1, PhastCons<1.0	0.0	-1.616	0.032			0.029	B	
SLX4	NM_032444.4	c.4464G>T	Benign synonymous, SpliceAI<=0.1, PhastCons<1.0	0.0	-0.242	0.011			1.098	B	
SLX4	NM_032444.4	c.4464G>C	Benign synonymous, SpliceAI<=0.1, PhastCons<1.0	0.0	-0.242	0.011			1.14	B	Uncertain_significance
SLX4	NM_032444.4	c.4462T>G	Benign synonymous, SpliceAI<=0.1, PhastCons<1.0	0.0	-1.858	0.022		3.65000e-06	0.351	B	
SLX4	NM_032444.4	c.4462T>A	Benign synonymous, SpliceAI<=0.1, PhastCons<1.0	0.0	-1.858	0.058			5.09	B	
SLX4	NM_032444.4	c.4461A>T	Benign synonymous, SpliceAI<=0.1, PhastCons<1.0	0.0	0.21	0.027			6.295	B	
SLX4	NM_032444.4	c.4461A>C	Benign synonymous, SpliceAI<=0.1, PhastCons<1.0	0.0	0.21	0.027			6.085	B	
SLX4	NM_032444.4	c.4458G>T	Benign synonymous, SpliceAI<=0.1, PhastCons<1.0	0.0	-0.544	0.050			2.556	B	
SLX4	NM_032444.4	c.4458G>C	Benign synonymous, SpliceAI<=0.1, PhastCons<1.0	0.0	-0.544	0.050			2.514	B	
SLX4	NM_032444.4	c.4456A>T	Benign synonymous, SpliceAI<=0.1, PhastCons<1.0	0.015	0.706	0.022			18.19	B	
SLX4	NM_032444.4	c.4456A>G	Benign synonymous, SpliceAI<=0.1, PhastCons<1.0	0.015	0.706	0.025		2.80000e-07	7.102	B	
SLX4	NM_032444.4	c.4455G>T	Benign synonymous, SpliceAI<=0.1, PhastCons<1.0	0.0	-2.833	0.057			0.004	B	
SLX4	NM_032444.4	c.4455G>C	Benign synonymous, SpliceAI<=0.1, PhastCons<1.0	0.0	-2.833	0.057			0.004	B	
SLX4	NM_032444.4	c.4446C>G	Benign synonymous, SpliceAI<=0.1, PhastCons<1.0	0.0	0.097	0.090			1.731	B	
SLX4	NM_032444.4	c.4446C>A	Benign synonymous, SpliceAI<=0.1, PhastCons<1.0	0.0	0.097				28.6		
SLX4	NM_032444.4	c.4443C>G	Benign synonymous, SpliceAI<=0.1, PhastCons<1.0	0.007	0.999	0.085			14.57	A	Uncertain_significance
SLX4	NM_032444.4	c.4443C>A	Benign synonymous, SpliceAI<=0.1, PhastCons<1.0	0.007	0.999	0.085			14.26	A	
SLX4	NM_032444.4	c.4435C>T	Benign synonymous, SpliceAI<=0.1, PhastCons<1.0	0.222	1.816			1.74600e-05	40.0		Pathogenic
SLX4	NM_032444.4	c.4435C>G	Benign synonymous, SpliceAI<=0.1, PhastCons<1.0	0.222	1.816	0.139			21.6	B	
SLX4	NM_032444.4	c.4422C>G	Benign synonymous, SpliceAI<=0.1, PhastCons<1.0	0.018	-0.122	0.020			8.088	B	
SLX4	NM_032444.4	c.4422C>A	Benign synonymous, SpliceAI<=0.1, PhastCons<1.0	0.018	-0.122	0.020			8.006	B	
SLX4	NM_032444.4	c.4417C>G	Benign synonymous, SpliceAI<=0.1, PhastCons<1.0	0.0	0.223	0.059			5.355	B	
SLX4	NM_032444.4	c.4417C>A	Benign synonymous, SpliceAI<=0.1, PhastCons<1.0	0.0	0.223	0.065			6.991	B	
SLX4	NM_032444.4	c.4401T>G	Benign synonymous, SpliceAI<=0.1, PhastCons<1.0	0.0	0.032	0.022			6.066	B	
SLX4	NM_032444.4	c.4401T>A	Benign synonymous, SpliceAI<=0.1, PhastCons<1.0	0.0	0.032				33.0		
SLX4	NM_032444.4	c.4398C>G	Benign synonymous, SpliceAI<=0.1, PhastCons<1.0	0.004	0.548	0.102			12.07	B	
SLX4	NM_032444.4	c.4398C>A	Benign synonymous, SpliceAI<=0.1, PhastCons<1.0	0.004	0.548	0.102			5.778	B	
SLX4	NM_032444.4	c.4392C>G	Benign synonymous, SpliceAI<=0.1, PhastCons<1.0	0.0	-0.789	0.107			0.603	B	
SLX4	NM_032444.4	c.4392C>A	Benign synonymous, SpliceAI<=0.1, PhastCons<1.0	0.0	-0.789	0.107			0.556	B	
SLX4	NM_032444.4	c.4389C>G	Benign synonymous, SpliceAI<=0.1, PhastCons<1.0	0.0	-0.149	0.074			1.161	B	
SLX4	NM_032444.4	c.4389C>A	Benign synonymous, SpliceAI<=0.1, PhastCons<1.0	0.0	-0.149	0.076			1.122	B	
SLX4	NM_032444.4	c.4380G>T	Benign synonymous, SpliceAI<=0.1, PhastCons<1.0	0.0	0.034	0.045			0.569	B	
SLX4	NM_032444.4	c.4380G>C	Benign synonymous, SpliceAI<=0.1, PhastCons<1.0	0.0	0.034	0.045			0.615	B	
SLX4	NM_032444.4	c.4377C>G	Benign synonymous, SpliceAI<=0.1, PhastCons<1.0	0.0	-1.108	0.025			0.085	B	Uncertain_significance
SLX4	NM_032444.4	c.4377C>A	Benign synonymous, SpliceAI<=0.1, PhastCons<1.0	0.0	-1.108	0.025			0.082	B	
SLX4	NM_032444.4	c.4371G>T	Benign synonymous, SpliceAI<=0.1, PhastCons<1.0	0.0	0.855	0.100		7.42000e-06	14.99	B	Uncertain_significance
SLX4	NM_032444.4	c.4371G>C	Benign synonymous, SpliceAI<=0.1, PhastCons<1.0	0.0	0.855	0.100		1.25000e-06	15.02	B	
SLX4	NM_032444.4	c.4369A>T	Benign synonymous, SpliceAI<=0.1, PhastCons<1.0	0.0	-0.426	0.020			12.26	B	
SLX4	NM_032444.4	c.4369A>G	Benign synonymous, SpliceAI<=0.1, PhastCons<1.0	0.0	-0.426	0.026			2.725	B	
SLX4	NM_032444.4	c.4365C>G	Benign synonymous, SpliceAI<=0.1, PhastCons<1.0	0.002	1.169	0.069			5.449	B	
SLX4	NM_032444.4	c.4365C>A	Benign synonymous, SpliceAI<=0.1, PhastCons<1.0	0.002	1.169	0.069			5.27	B	
SLX4	NM_032444.4	c.4359C>G	Benign synonymous, SpliceAI<=0.1, PhastCons<1.0	0.777	0.264	0.127			20.6	P	
SLX4	NM_032444.4	c.4359C>A	Benign synonymous, SpliceAI<=0.1, PhastCons<1.0	0.777	0.264	0.127			20.5	P	
SLX4	NM_032444.4	c.4356C>G	Benign synonymous, SpliceAI<=0.1, PhastCons<1.0	0.121	-0.155	0.177			14.46	P	
SLX4	NM_032444.4	c.4356C>A	Benign synonymous, SpliceAI<=0.1, PhastCons<1.0	0.121	-0.155	0.177			14.39	P	
SLX4	NM_032444.4	c.4350C>G	Benign synonymous, SpliceAI<=0.1, PhastCons<1.0	0.809	-0.176	0.091			18.69	A	
SLX4	NM_032444.4	c.4350C>A	Benign synonymous, SpliceAI<=0.1, PhastCons<1.0	0.809	-0.176	0.091			18.66	A	
SLX4	NM_032444.4	c.4333C>T	Benign synonymous, SpliceAI<=0.1, PhastCons<1.0	0.001	0.851	0.045		0.000217210	23.8	B	Uncertain_significance
SLX4	NM_032444.4	c.4333C>G	Benign synonymous, SpliceAI<=0.1, PhastCons<1.0	0.001	0.851	0.089		2.90000e-07	23.2	B	Uncertain_significance
SLX4	NM_032444.4	c.4332G>T	Benign synonymous, SpliceAI<=0.1, PhastCons<1.0	0.0	0.508	0.061			21.0	B	
SLX4	NM_032444.4	c.4332G>C	Benign synonymous, SpliceAI<=0.1, PhastCons<1.0	0.0	0.508	0.061			21.0	B	
SLX4	NM_032444.4	c.4327C>G	Benign synonymous, SpliceAI<=0.1, PhastCons<1.0	0.972	1.479	0.125			23.1	B	
SLX4	NM_032444.4	c.4327C>A	Benign synonymous, SpliceAI<=0.1, PhastCons<1.0	0.972	1.479	0.113			23.5	B	
SLX4	NM_032444.4	c.4326C>G	Benign synonymous, SpliceAI<=0.1, PhastCons<1.0	0.973	1.213	0.055			22.3	A	
SLX4	NM_032444.4	c.4326C>A	Benign synonymous, SpliceAI<=0.1, PhastCons<1.0	0.973	1.213	0.055			22.3	A	
SLX4	NM_032444.4	c.4320C>G	Benign synonymous, SpliceAI<=0.1, PhastCons<1.0	0.005	0.666	0.048			16.68	B	
SLX4	NM_032444.4	c.4320C>A	Benign synonymous, SpliceAI<=0.1, PhastCons<1.0	0.005	0.666	0.048			16.57	B	
SLX4	NM_032444.4	c.4317C>G	Benign synonymous, SpliceAI<=0.1, PhastCons<1.0	0.711	1.128	0.075			20.9	A	
SLX4	NM_032444.4	c.4317C>A	Benign synonymous, SpliceAI<=0.1, PhastCons<1.0	0.711	1.128	0.075			20.8	A	
SLX4	NM_032444.4	c.4293G>T	Benign synonymous, SpliceAI<=0.1, PhastCons<1.0	0.766	-0.03	0.102			21.4	B	
SLX4	NM_032444.4	c.4293G>C	Benign synonymous, SpliceAI<=0.1, PhastCons<1.0	0.766	-0.03	0.102			21.5	B	Uncertain_significance
SLX4	NM_032444.4	c.4287C>G	Benign synonymous, SpliceAI<=0.1, PhastCons<1.0	0.0	-1.728	0.012			0.024	B	
SLX4	NM_032444.4	c.4287C>A	Benign synonymous, SpliceAI<=0.1, PhastCons<1.0	0.0	-1.728	0.012			0.023	B	
SLX4	NM_032444.4	c.4281C>G	Benign synonymous, SpliceAI<=0.1, PhastCons<1.0	0.12	0.175	0.247			13.42	B	
SLX4	NM_032444.4	c.4281C>A	Benign synonymous, SpliceAI<=0.1, PhastCons<1.0	0.12	0.175				31.0		
SLX4	NM_032444.4	c.4278C>G	Benign synonymous, SpliceAI<=0.1, PhastCons<1.0	0.007	0.162	0.034			9.351	B	
SLX4	NM_032444.4	c.4278C>A	Benign synonymous, SpliceAI<=0.1, PhastCons<1.0	0.007	0.162				34.0		
SLX4	NM_032444.4	c.4275C>G	Benign synonymous, SpliceAI<=0.1, PhastCons<1.0	0.0	-0.858	0.008			0.425	B	
SLX4	NM_032444.4	c.4275C>A	Benign synonymous, SpliceAI<=0.1, PhastCons<1.0	0.0	-0.858	0.008			0.386	B	
SLX4	NM_032444.4	c.4272C>G	Benign synonymous, SpliceAI<=0.1, PhastCons<1.0	0.0	-1.307	0.067			0.002	B	
SLX4	NM_032444.4	c.4272C>A	Benign synonymous, SpliceAI<=0.1, PhastCons<1.0	0.0	-1.307	0.067			0.002	B	
SLX4	NM_032444.4	c.4261A>T	Likely_benign FAF >0.1%, REVEL <0.29, SpliceAI<=0.1	0.0	-2.411	0.078		0.00115855	3.66	B	Conflicting_classifications_of_pathogenicity
SLX4	NM_032444.4	c.4254C>G	Benign synonymous, SpliceAI<=0.1, PhastCons<1.0	0.955	-0.076	0.054			8.854	B	
SLX4	NM_032444.4	c.4254C>A	Benign synonymous, SpliceAI<=0.1, PhastCons<1.0	0.955	-0.076	0.054			8.85	B	
SLX4	NM_032444.4	c.4251T>G	Benign synonymous, SpliceAI<=0.1, PhastCons<1.0	0.0	-1.551	0.050			2.963	B	
SLX4	NM_032444.4	c.4251T>A	Benign synonymous, SpliceAI<=0.1, PhastCons<1.0	0.0	-1.551	0.050			2.831	B	
SLX4	NM_032444.4	c.4248C>G	Benign synonymous, SpliceAI<=0.1, PhastCons<1.0	0.0	-0.726	0.032		2.80000e-07	0.218	B	
SLX4	NM_032444.4	c.4248C>A	Benign synonymous, SpliceAI<=0.1, PhastCons<1.0	0.0	-0.726	0.032			0.205	B	
SLX4	NM_032444.4	c.4243C>G	Benign synonymous, SpliceAI<=0.1, PhastCons<1.0	0.986	3.71	0.085			14.65	B	
SLX4	NM_032444.4	c.4243C>A	Benign synonymous, SpliceAI<=0.1, PhastCons<1.0	0.986	3.71	0.096			18.08	B	
SLX4	NM_032444.4	c.4241C>T	Likely_benign FAF >0.1%, REVEL <0.29, SpliceAI<=0.1	0.982	1.383	0.047		0.00885670	4.58	B	Benign/Likely_benign
SLX4	NM_032444.4	c.4233A>T	Benign synonymous, SpliceAI<=0.1, PhastCons<1.0	0.987	0.282	0.200			6.291	B	
SLX4	NM_032444.4	c.4233A>C	Benign synonymous, SpliceAI<=0.1, PhastCons<1.0	0.987	0.282	0.200			6.397	B	
SLX4	NM_032444.4	c.4231A>T	Benign synonymous, SpliceAI<=0.1, PhastCons<1.0	0.948	1.85				36.0		
SLX4	NM_032444.4	c.4231A>G	Benign synonymous, SpliceAI<=0.1, PhastCons<1.0	0.948	1.85	0.200			15.14	B	
SLX4	NM_032444.4	c.4230C>G	Benign synonymous, SpliceAI<=0.1, PhastCons<1.0	0.006	-0.019	0.068		1.25000e-06	9.014	B	Uncertain_significance
SLX4	NM_032444.4	c.4230C>A	Benign synonymous, SpliceAI<=0.1, PhastCons<1.0	0.006	-0.019	0.070			8.905	B	
SLX4	NM_032444.4	c.4224G>T	Benign synonymous, SpliceAI<=0.1, PhastCons<1.0	0.0	0.236	0.109			17.97	B	
SLX4	NM_032444.4	c.4224G>C	Benign synonymous, SpliceAI<=0.1, PhastCons<1.0	0.0	0.236	0.109			18.03	B	
SLX4	NM_032444.4	c.4221T>G	Benign synonymous, SpliceAI<=0.1, PhastCons<1.0	0.0	-1.864	0.035			0.015	B	
SLX4	NM_032444.4	c.4221T>A	Benign synonymous, SpliceAI<=0.1, PhastCons<1.0	0.0	-1.864	0.035			0.014	B	
SLX4	NM_032444.4	c.4209G>T	Benign synonymous, SpliceAI<=0.1, PhastCons<1.0	0.0	-0.471	0.023			14.7	B	
SLX4	NM_032444.4	c.4209G>C	Benign synonymous, SpliceAI<=0.1, PhastCons<1.0	0.0	-0.471	0.023			14.77	B	
SLX4	NM_032444.4	c.4206G>T	Benign synonymous, SpliceAI<=0.1, PhastCons<1.0	0.989	0.713	0.064			21.8	B	
SLX4	NM_032444.4	c.4206G>C	Benign synonymous, SpliceAI<=0.1, PhastCons<1.0	0.989	0.713	0.064			21.8	B	
SLX4	NM_032444.4	c.4203G>T	Benign synonymous, SpliceAI<=0.1, PhastCons<1.0	0.99	0.275	0.101			20.7	B	
SLX4	NM_032444.4	c.4203G>C	Benign synonymous, SpliceAI<=0.1, PhastCons<1.0	0.99	0.275	0.101			20.7	B	
SLX4	NM_032444.4	c.4200T>G	Benign synonymous, SpliceAI<=0.1, PhastCons<1.0	0.0	-3.379	0.064			0.022	B	
SLX4	NM_032444.4	c.4200T>A	Benign synonymous, SpliceAI<=0.1, PhastCons<1.0	0.0	-3.379	0.064			0.021	B	
SLX4	NM_032444.4	c.4197C>G	Benign synonymous, SpliceAI<=0.1, PhastCons<1.0	0.0	-3.831	0.050			0.002	B	Uncertain_significance
SLX4	NM_032444.4	c.4197C>A	Benign synonymous, SpliceAI<=0.1, PhastCons<1.0	0.0	-3.831	0.050			0.002	B	
SLX4	NM_032444.4	c.4194T>G	Benign synonymous, SpliceAI<=0.1, PhastCons<1.0	0.997	0.419	0.167			19.28	P	
SLX4	NM_032444.4	c.4194T>A	Benign synonymous, SpliceAI<=0.1, PhastCons<1.0	0.997	0.419	0.167		2.80000e-07	19.21	P	
SLX4	NM_032444.4	c.4182A>T	Benign synonymous, SpliceAI<=0.1, PhastCons<1.0	0.996	0.499	0.104			17.97	P	
SLX4	NM_032444.4	c.4182A>C	Benign synonymous, SpliceAI<=0.1, PhastCons<1.0	0.996	0.499	0.104			18.03	P	
SLX4	NM_032444.4	c.4173A>T	Benign synonymous, SpliceAI<=0.1, PhastCons<1.0	0.163	-1.334	0.116			1.392	B	
SLX4	NM_032444.4	c.4173A>C	Benign synonymous, SpliceAI<=0.1, PhastCons<1.0	0.163	-1.334	0.116		6.80000e-07	1.446	B	
SLX4	NM_032444.4	c.4158G>T	Benign synonymous, SpliceAI<=0.1, PhastCons<1.0	0.0	0.421	0.073			15.76	B	
SLX4	NM_032444.4	c.4158G>C	Benign synonymous, SpliceAI<=0.1, PhastCons<1.0	0.0	0.421	0.073			15.9	B	
SLX4	NM_032444.4	c.4155C>G	Benign synonymous, SpliceAI<=0.1, PhastCons<1.0	0.0	-1.408	0.024		4.28600e-05	0.006	B	Uncertain_significance
SLX4	NM_032444.4	c.4155C>A	Benign synonymous, SpliceAI<=0.1, PhastCons<1.0	0.0	-1.408	0.024			0.005	B	
SLX4	NM_032444.4	c.4150C>G	Benign synonymous, SpliceAI<=0.1, PhastCons<1.0	0.0	0.221	0.051			6.783	B	
SLX4	NM_032444.4	c.4150C>A	Benign synonymous, SpliceAI<=0.1, PhastCons<1.0	0.0	0.221	0.079			9.166	B	
SLX4	NM_032444.4	c.4149C>G	Benign synonymous, SpliceAI<=0.1, PhastCons<1.0	0.0	-2.667	0.024			0.005	A	
SLX4	NM_032444.4	c.4149C>A	Benign synonymous, SpliceAI<=0.1, PhastCons<1.0	0.0	-2.667	0.024			0.005	A	
SLX4	NM_032444.4	c.4146C>G	Benign synonymous, SpliceAI<=0.1, PhastCons<1.0	0.007	0.703	0.061			2.168	B	
SLX4	NM_032444.4	c.4146C>A	Benign synonymous, SpliceAI<=0.1, PhastCons<1.0	0.007	0.703	0.061		6.23800e-05	2.021	B	Uncertain_significance
SLX4	NM_032444.4	c.4128C>G	Benign synonymous, SpliceAI<=0.1, PhastCons<1.0	0.001	0.784	0.042			7.648	B	
SLX4	NM_032444.4	c.4128C>A	Benign synonymous, SpliceAI<=0.1, PhastCons<1.0	0.001	0.784	0.042			7.47	B	
SLX4	NM_032444.4	c.4125A>T	Benign synonymous, SpliceAI<=0.1, PhastCons<1.0	0.001	0.854	0.027			9.673	B	
SLX4	NM_032444.4	c.4125A>C	Benign synonymous, SpliceAI<=0.1, PhastCons<1.0	0.001	0.854	0.027			9.657	B	
SLX4	NM_032444.4	c.4120C>G	Benign synonymous, SpliceAI<=0.1, PhastCons<1.0	0.665	1.616	0.036			9.043	B	
SLX4	NM_032444.4	c.4120C>A	Benign synonymous, SpliceAI<=0.1, PhastCons<1.0	0.665	1.616	0.054			13.0	B	
SLX4	NM_032444.4	c.4119C>G	Benign synonymous, SpliceAI<=0.1, PhastCons<1.0	0.685	2.063	0.071			6.398	A	
SLX4	NM_032444.4	c.4119C>A	Benign synonymous, SpliceAI<=0.1, PhastCons<1.0	0.685	2.063	0.071			6.339	A	
SLX4	NM_032444.4	c.4115G>A	Likely_benign FAF >0.1%, REVEL <0.29, SpliceAI<=0.1	0.0	-0.33	0.013		0.0298556	0.068	B	Benign/Likely_benign
SLX4	NM_032444.4	c.4114C>T	Benign synonymous, SpliceAI<=0.1, PhastCons<1.0	0.0	0.269	0.081		3.65000e-06	11.07	B	Uncertain_significance
SLX4	NM_032444.4	c.4114C>G	Benign synonymous, SpliceAI<=0.1, PhastCons<1.0	0.0	0.269	0.117			3.691	B	
SLX4	NM_032444.4	c.4113G>T	Benign synonymous, SpliceAI<=0.1, PhastCons<1.0	0.0	-0.002	0.106			1.791	B	
SLX4	NM_032444.4	c.4113G>C	Benign synonymous, SpliceAI<=0.1, PhastCons<1.0	0.0	-0.002	0.106			1.879	B	
SLX4	NM_032444.4	c.4111A>T	Benign synonymous, SpliceAI<=0.1, PhastCons<1.0	0.0	-2.868	0.035			3.952	B	
SLX4	NM_032444.4	c.4111A>G	Benign synonymous, SpliceAI<=0.1, PhastCons<1.0	0.0	-2.868	0.029		2.80000e-07	0.094	B	
SLX4	NM_032444.4	c.4110C>G	Benign synonymous, SpliceAI<=0.1, PhastCons<1.0	0.0	-0.319	0.030			1.29	B	
SLX4	NM_032444.4	c.4110C>A	Benign synonymous, SpliceAI<=0.1, PhastCons<1.0	0.0	-0.319	0.030			1.135	B	
SLX4	NM_032444.4	c.4107C>G	Benign synonymous, SpliceAI<=0.1, PhastCons<1.0	0.001	0.791	0.111			3.984	A	
SLX4	NM_032444.4	c.4107C>A	Benign synonymous, SpliceAI<=0.1, PhastCons<1.0	0.001	0.791	0.111			4.046	A	
SLX4	NM_032444.4	c.4104C>G	Benign synonymous, SpliceAI<=0.1, PhastCons<1.0	0.0	-0.947	0.009			3.783	B	
SLX4	NM_032444.4	c.4104C>A	Benign synonymous, SpliceAI<=0.1, PhastCons<1.0	0.0	-0.947	0.009		3.65000e-06	3.558	B	
SLX4	NM_032444.4	c.4099G>A	Likely_benign FAF >0.1%, REVEL <0.29, SpliceAI<=0.1	0.005	-0.499	0.058		0.00128138	0.156	B	Uncertain_significance
SLX4	NM_032444.4	c.4095C>G	Benign synonymous, SpliceAI<=0.1, PhastCons<1.0	0.0	-0.014	0.083			0.615	B	
SLX4	NM_032444.4	c.4095C>A	Benign synonymous, SpliceAI<=0.1, PhastCons<1.0	0.0	-0.014	0.083			0.578	B	
SLX4	NM_032444.4	c.4080T>G	Benign synonymous, SpliceAI<=0.1, PhastCons<1.0	0.0	-1.033	0.015			0.277	B	
SLX4	NM_032444.4	c.4080T>A	Benign synonymous, SpliceAI<=0.1, PhastCons<1.0	0.0	-1.033	0.015			0.271	B	
SLX4	NM_032444.4	c.4069C>G	Benign synonymous, SpliceAI<=0.1, PhastCons<1.0	0.001	0.884	0.038			3.017	B	
SLX4	NM_032444.4	c.4069C>A	Benign synonymous, SpliceAI<=0.1, PhastCons<1.0	0.001	0.884	0.071		5.13700e-05	12.46	B	Uncertain_significance
SLX4	NM_032444.4	c.4059C>G	Benign synonymous, SpliceAI<=0.1, PhastCons<1.0	0.0	-0.089	0.097			3.199	B	
SLX4	NM_032444.4	c.4059C>A	Benign synonymous, SpliceAI<=0.1, PhastCons<1.0	0.0	-0.089	0.097			2.938	B	
SLX4	NM_032444.4	c.4053C>G	Benign synonymous, SpliceAI<=0.1, PhastCons<1.0	0.0	0.091	0.053			2.98	B	
SLX4	NM_032444.4	c.4053C>A	Benign synonymous, SpliceAI<=0.1, PhastCons<1.0	0.0	0.091	0.053			2.884	B	
SLX4	NM_032444.4	c.4041C>G	Benign synonymous, SpliceAI<=0.1, PhastCons<1.0	0.0	-0.051	0.077			0.308	B	
SLX4	NM_032444.4	c.4041C>A	Benign synonymous, SpliceAI<=0.1, PhastCons<1.0	0.0	-0.051	0.077			0.315	B	
SLX4	NM_032444.4	c.4034G>A	Likely_benign FAF >0.1%, REVEL <0.29, SpliceAI<=0.1	0.0	0.047	0.117		0.00220315	8.203	B	Uncertain_significance
SLX4	NM_032444.4	c.4023A>T	Benign synonymous, SpliceAI<=0.1, PhastCons<1.0	0.0	-0.907	0.028			0.912	B	
SLX4	NM_032444.4	c.4023A>C	Benign synonymous, SpliceAI<=0.1, PhastCons<1.0	0.0	-0.907	0.028			0.928	B	
SLX4	NM_032444.4	c.4021A>T	Benign synonymous, SpliceAI<=0.1, PhastCons<1.0	0.0	-0.004				35.0		
SLX4	NM_032444.4	c.4021A>G	Benign synonymous, SpliceAI<=0.1, PhastCons<1.0	0.0	-0.004	0.031		0.000120170	10.33	B	Uncertain_significance
SLX4	NM_032444.4	c.4020C>G	Benign synonymous, SpliceAI<=0.1, PhastCons<1.0	0.0	0.464	0.050			8.115	B	
SLX4	NM_032444.4	c.4020C>A	Benign synonymous, SpliceAI<=0.1, PhastCons<1.0	0.0	0.464	0.050			8.011	B	
SLX4	NM_032444.4	c.4014A>T	Benign synonymous, SpliceAI<=0.1, PhastCons<1.0	0.0	-0.24	0.072			12.39	B	
SLX4	NM_032444.4	c.4014A>C	Benign synonymous, SpliceAI<=0.1, PhastCons<1.0	0.0	-0.24	0.072			12.46	B	
SLX4	NM_032444.4	c.4011G>T	Benign synonymous, SpliceAI<=0.1, PhastCons<1.0	0.0	-0.398	0.065			16.61	B	
SLX4	NM_032444.4	c.4011G>C	Benign synonymous, SpliceAI<=0.1, PhastCons<1.0	0.0	-0.398	0.065			16.6	B	
SLX4	NM_032444.4	c.4009A>T	Benign synonymous, SpliceAI<=0.1, PhastCons<1.0	0.0	0.118	0.037			18.31	B	
SLX4	NM_032444.4	c.4009A>G	Benign synonymous, SpliceAI<=0.1, PhastCons<1.0	0.0	0.118	0.058			13.99	B	
SLX4	NM_032444.4	c.4008A>T	Benign synonymous, SpliceAI<=0.1, PhastCons<1.0	0.0	-1.883	0.022			0.318	B	
SLX4	NM_032444.4	c.4008A>C	Benign synonymous, SpliceAI<=0.1, PhastCons<1.0	0.0	-1.883	0.022			0.321	B	
SLX4	NM_032444.4	c.4006A>T	Benign synonymous, SpliceAI<=0.1, PhastCons<1.0	0.0	-1.472				33.0		
SLX4	NM_032444.4	c.4006A>G	Benign synonymous, SpliceAI<=0.1, PhastCons<1.0	0.0	-1.472	0.007			0.825	B	
SLX4	NM_032444.4	c.4002C>G	Benign synonymous, SpliceAI<=0.1, PhastCons<1.0	0.0	-0.016	0.018			0.023	B	
SLX4	NM_032444.4	c.4002C>A	Benign synonymous, SpliceAI<=0.1, PhastCons<1.0	0.0	-0.016	0.018		1.42500e-05	0.022	B	Uncertain_significance
SLX4	NM_032444.4	c.3972C>G	Benign synonymous, SpliceAI<=0.1, PhastCons<1.0	0.0	0.104	0.147			7.015	B	
SLX4	NM_032444.4	c.3972C>A	Benign synonymous, SpliceAI<=0.1, PhastCons<1.0	0.0	0.104				34.0		
SLX4	NM_032444.4	c.3957G>T	Benign synonymous, SpliceAI<=0.1, PhastCons<1.0	0.024	0.212	0.018			3.814	B	
SLX4	NM_032444.4	c.3957G>C	Benign synonymous, SpliceAI<=0.1, PhastCons<1.0	0.024	0.212	0.018			4.008	B	
SLX4	NM_032444.4	c.3942G>T	Benign synonymous, SpliceAI<=0.1, PhastCons<1.0	0.0	-0.08	0.059			13.23	B	
SLX4	NM_032444.4	c.3942G>C	Benign synonymous, SpliceAI<=0.1, PhastCons<1.0	0.0	-0.08	0.059			13.09	B	
SLX4	NM_032444.4	c.3940C>A	Likely_benign FAF >0.1%, REVEL <0.29, SpliceAI<=0.1	0.121	2.512	0.122		0.00285672	16.89	B	Uncertain_significance
SLX4	NM_032444.4	c.3936G>T	Benign synonymous, SpliceAI<=0.1, PhastCons<1.0	0.0	-1.647	0.063			1.862	B	
SLX4	NM_032444.4	c.3936G>C	Benign synonymous, SpliceAI<=0.1, PhastCons<1.0	0.0	-1.647	0.063			2.267	B	
SLX4	NM_032444.4	c.3934A>T	Benign synonymous, SpliceAI<=0.1, PhastCons<1.0	0.0	-0.496	0.090			7.742	B	
SLX4	NM_032444.4	c.3934A>G	Benign synonymous, SpliceAI<=0.1, PhastCons<1.0	0.0	-0.496	0.014		4.69900e-05	3.34	B	Uncertain_significance
SLX4	NM_032444.4	c.3924T>G	Benign synonymous, SpliceAI<=0.1, PhastCons<1.0	0.0	-0.774	0.043			0.164	P	
SLX4	NM_032444.4	c.3924T>A	Benign synonymous, SpliceAI<=0.1, PhastCons<1.0	0.0	-0.774	0.043			0.182	P	
SLX4	NM_032444.4	c.3921G>T	Benign synonymous, SpliceAI<=0.1, PhastCons<1.0	0.0	-0.099	0.115			4.418	B	
SLX4	NM_032444.4	c.3921G>C	Benign synonymous, SpliceAI<=0.1, PhastCons<1.0	0.0	-0.099	0.115			4.229	B	
SLX4	NM_032444.4	c.3918G>T	Benign synonymous, SpliceAI<=0.1, PhastCons<1.0	0.0	-2.356	0.043		0.000223820	0.011	B	Uncertain_significance
SLX4	NM_032444.4	c.3918G>C	Benign synonymous, SpliceAI<=0.1, PhastCons<1.0	0.0	-2.356	0.043			0.011	B	
SLX4	NM_032444.4	c.3909A>T	Benign synonymous, SpliceAI<=0.1, PhastCons<1.0	0.0	-0.032	0.041			1.144	B	
SLX4	NM_032444.4	c.3909A>C	Benign synonymous, SpliceAI<=0.1, PhastCons<1.0	0.0	-0.032	0.041			1.19	B	
SLX4	NM_032444.4	c.3906C>G	Benign synonymous, SpliceAI<=0.1, PhastCons<1.0	0.0	-2.097	0.023			0.001	B	
SLX4	NM_032444.4	c.3906C>A	Benign synonymous, SpliceAI<=0.1, PhastCons<1.0	0.0	-2.097	0.023			0.001	B	
SLX4	NM_032444.4	c.3900A>T	Benign synonymous, SpliceAI<=0.1, PhastCons<1.0	0.0	-0.697	0.013			0.005	B	
SLX4	NM_032444.4	c.3900A>C	Benign synonymous, SpliceAI<=0.1, PhastCons<1.0	0.0	-0.697	0.013			0.004	B	
SLX4	NM_032444.4	c.3897G>T	Benign synonymous, SpliceAI<=0.1, PhastCons<1.0	0.0	-0.29	0.056			8.924	B	
SLX4	NM_032444.4	c.3897G>C	Benign synonymous, SpliceAI<=0.1, PhastCons<1.0	0.0	-0.29	0.056			8.89	B	
SLX4	NM_032444.4	c.3895A>T	Benign synonymous, SpliceAI<=0.1, PhastCons<1.0	0.0	0.504	0.020			19.16	B	Uncertain_significance
SLX4	NM_032444.4	c.3895A>G	Benign synonymous, SpliceAI<=0.1, PhastCons<1.0	0.0	0.504	0.016		2.80000e-07	14.64	B	
SLX4	NM_032444.4	c.3894C>G	Benign synonymous, SpliceAI<=0.1, PhastCons<1.0	0.0	0.128	0.038		1.83000e-06	1.695	B	Uncertain_significance
SLX4	NM_032444.4	c.3894C>A	Benign synonymous, SpliceAI<=0.1, PhastCons<1.0	0.0	0.128	0.038			1.608	B	
SLX4	NM_032444.4	c.3879G>T	Benign synonymous, SpliceAI<=0.1, PhastCons<1.0	0.0	-0.383	0.006			0.819	B	
SLX4	NM_032444.4	c.3879G>C	Benign synonymous, SpliceAI<=0.1, PhastCons<1.0	0.0	-0.383	0.006			0.942	B	
SLX4	NM_032444.4	c.3877A>T	Benign synonymous, SpliceAI<=0.1, PhastCons<1.0	0.001	0.084	0.046			5.577	B	
SLX4	NM_032444.4	c.3877A>G	Benign synonymous, SpliceAI<=0.1, PhastCons<1.0	0.001	0.084	0.083		1.53300e-05	3.282	B	
SLX4	NM_032444.4	c.3870C>G	Benign synonymous, SpliceAI<=0.1, PhastCons<1.0	0.0	0.214	0.005			1.4	B	
SLX4	NM_032444.4	c.3870C>A	Benign synonymous, SpliceAI<=0.1, PhastCons<1.0	0.0	0.214	0.005			1.295	B	
SLX4	NM_032444.4	c.3868C>A	Benign FAF >5%	0.0	0.805	0.047		0.166667	5.864	B	Benign
SLX4	NM_032444.4	c.3867G>T	Benign synonymous, SpliceAI<=0.1, PhastCons<1.0	0.0	0.189	0.091			5.642	B	
SLX4	NM_032444.4	c.3867G>C	Benign synonymous, SpliceAI<=0.1, PhastCons<1.0	0.0	0.189	0.091			5.721	B	
SLX4	NM_032444.4	c.3857C>T	Likely_benign FAF >0.1%, REVEL <0.29, SpliceAI<=0.1	0.0	-0.412	0.007		0.00323329	1.024	B	Benign/Likely_benign
SLX4	NM_032444.4	c.3855G>T	Benign synonymous, SpliceAI<=0.1, PhastCons<1.0	0.0	-3.718	0.059			0.003	B	
SLX4	NM_032444.4	c.3855G>C	Benign synonymous, SpliceAI<=0.1, PhastCons<1.0	0.0	-3.718	0.059			0.004	B	
SLX4	NM_032444.4	c.3844C>G	Benign synonymous, SpliceAI<=0.1, PhastCons<1.0	0.0	-0.839	0.016			0.02	B	
SLX4	NM_032444.4	c.3844C>A	Benign synonymous, SpliceAI<=0.1, PhastCons<1.0	0.0	-0.839	0.025			0.062	B	
SLX4	NM_032444.4	c.3840C>G	Benign synonymous, SpliceAI<=0.1, PhastCons<1.0	0.0	-0.157	0.039			6.875	B	
SLX4	NM_032444.4	c.3840C>A	Benign synonymous, SpliceAI<=0.1, PhastCons<1.0	0.0	-0.157	0.039			6.484	B	
SLX4	NM_032444.4	c.3837G>T	Benign synonymous, SpliceAI<=0.1, PhastCons<1.0	0.0	0.061	0.057			10.29	B	
SLX4	NM_032444.4	c.3837G>C	Benign synonymous, SpliceAI<=0.1, PhastCons<1.0	0.0	0.061	0.057			10.23	B	
SLX4	NM_032444.4	c.3835A>T	Benign synonymous, SpliceAI<=0.1, PhastCons<1.0	0.0	-0.976	0.020			16.4	B	
SLX4	NM_032444.4	c.3835A>G	Benign synonymous, SpliceAI<=0.1, PhastCons<1.0	0.0	-0.976	0.028			2.683	B	Uncertain_significance
SLX4	NM_032444.4	c.3831C>G	Benign synonymous, SpliceAI<=0.1, PhastCons<1.0	0.999	2.639	0.060			22.7	A	
SLX4	NM_032444.4	c.3831C>A	Benign synonymous, SpliceAI<=0.1, PhastCons<1.0	0.999	2.639	0.061			22.7	A	
SLX4	NM_032444.4	c.3828C>G	Benign synonymous, SpliceAI<=0.1, PhastCons<1.0	0.004	-0.076	0.052			8.494	B	
SLX4	NM_032444.4	c.3828C>A	Benign synonymous, SpliceAI<=0.1, PhastCons<1.0	0.004	-0.076	0.052			8.295	B	
SLX4	NM_032444.4	c.3822A>T	Benign synonymous, SpliceAI<=0.1, PhastCons<1.0	0.0	-1.921	0.037			7.785	B	
SLX4	NM_032444.4	c.3822A>C	Benign synonymous, SpliceAI<=0.1, PhastCons<1.0	0.0	-1.921	0.037			7.565	B	
SLX4	NM_032444.4	c.3812C>T	Benign FAF >5%	0.995	4.04	0.112		0.191842	24.8	B	Benign
SLX4	NM_032444.4	c.3807T>G	Benign synonymous, SpliceAI<=0.1, PhastCons<1.0	0.022	0.033	0.088			17.05	B	
SLX4	NM_032444.4	c.3807T>A	Benign synonymous, SpliceAI<=0.1, PhastCons<1.0	0.022	0.033				35.0		
SLX4	NM_032444.4	c.3804C>G	Benign synonymous, SpliceAI<=0.1, PhastCons<1.0	0.0	0.069	0.067			11.25	B	
SLX4	NM_032444.4	c.3804C>A	Benign synonymous, SpliceAI<=0.1, PhastCons<1.0	0.0	0.069	0.067			10.08	B	
SLX4	NM_032444.4	c.3798C>G	Benign synonymous, SpliceAI<=0.1, PhastCons<1.0	0.925	0.841	0.028			15.35	A	
SLX4	NM_032444.4	c.3798C>A	Benign synonymous, SpliceAI<=0.1, PhastCons<1.0	0.925	0.841	0.028			14.97	A	
SLX4	NM_032444.4	c.3795A>T	Benign synonymous, SpliceAI<=0.1, PhastCons<1.0	0.001	-0.318	0.069			9.276	B	
SLX4	NM_032444.4	c.3795A>C	Benign synonymous, SpliceAI<=0.1, PhastCons<1.0	0.001	-0.318	0.069			9.368	B	
SLX4	NM_032444.4	c.3793A>T	Benign synonymous, SpliceAI<=0.1, PhastCons<1.0	0.0	-0.034				34.0		
SLX4	NM_032444.4	c.3793A>G	Benign synonymous, SpliceAI<=0.1, PhastCons<1.0	0.0	-0.034	0.015			8.47	B	
SLX4	NM_032444.4	c.3792C>G	Benign synonymous, SpliceAI<=0.1, PhastCons<1.0	0.008	1.618	0.015		3.59000e-06	16.65	B	
SLX4	NM_032444.4	c.3792C>A	Benign synonymous, SpliceAI<=0.1, PhastCons<1.0	0.008	1.618	0.016			16.58	B	
SLX4	NM_032444.4	c.3784C>G	Benign synonymous, SpliceAI<=0.1, PhastCons<1.0	0.176	1.003	0.033			5.656	B	Uncertain_significance
SLX4	NM_032444.4	c.3784C>A	Benign synonymous, SpliceAI<=0.1, PhastCons<1.0	0.176	1.003	0.071			16.37	B	
SLX4	NM_032444.4	c.3770T>G	Likely_benign FAF >0.1%, REVEL <0.29, SpliceAI<=0.1	1.0	3.915	0.195		0.00786297	22.9	P	
SLX4	NM_032444.4	c.3756C>G	Benign synonymous, SpliceAI<=0.1, PhastCons<1.0	0.0	-0.576	0.052			6.815	B	
SLX4	NM_032444.4	c.3756C>A	Benign synonymous, SpliceAI<=0.1, PhastCons<1.0	0.0	-0.576	0.052			6.808	B	
SLX4	NM_032444.4	c.3747C>G	Benign synonymous, SpliceAI<=0.1, PhastCons<1.0	0.03	0.667	0.101		2.97900e-05	18.56	A	
SLX4	NM_032444.4	c.3747C>A	Benign synonymous, SpliceAI<=0.1, PhastCons<1.0	0.03	0.667	0.101			18.51	A	
SLX4	NM_032444.4	c.3741G>T	Benign synonymous, SpliceAI<=0.1, PhastCons<1.0	0.006	0.077	0.073			11.64	B	
SLX4	NM_032444.4	c.3741G>C	Benign synonymous, SpliceAI<=0.1, PhastCons<1.0	0.006	0.077	0.073			11.73	B	
SLX4	NM_032444.4	c.3738C>G	Benign synonymous, SpliceAI<=0.1, PhastCons<1.0	0.0	-0.736	0.066			0.021	B	
SLX4	NM_032444.4	c.3738C>A	Benign synonymous, SpliceAI<=0.1, PhastCons<1.0	0.0	-0.736	0.066			0.02	B	
SLX4	NM_032444.4	c.3732C>G	Benign synonymous, SpliceAI<=0.1, PhastCons<1.0	0.01	1.603	0.027			18.46	B	
SLX4	NM_032444.4	c.3732C>A	Benign synonymous, SpliceAI<=0.1, PhastCons<1.0	0.01	1.603	0.027			18.41	B	
SLX4	NM_032444.4	c.3729C>G	Benign synonymous, SpliceAI<=0.1, PhastCons<1.0	0.0	0.253	0.067			16.32	B	
SLX4	NM_032444.4	c.3729C>A	Benign synonymous, SpliceAI<=0.1, PhastCons<1.0	0.0	0.253	0.067			16.27	B	
SLX4	NM_032444.4	c.3726G>T	Benign synonymous, SpliceAI<=0.1, PhastCons<1.0	0.0	-0.93	0.059			5.173	B	
SLX4	NM_032444.4	c.3726G>C	Benign synonymous, SpliceAI<=0.1, PhastCons<1.0	0.0	-0.93	0.059			5.251	B	
SLX4	NM_032444.4	c.3720C>G	Benign synonymous, SpliceAI<=0.1, PhastCons<1.0	0.0	-0.774	0.099			9.83	B	
SLX4	NM_032444.4	c.3720C>A	Benign synonymous, SpliceAI<=0.1, PhastCons<1.0	0.0	-0.774	0.099			9.712	B	
SLX4	NM_032444.4	c.3717T>G	Benign synonymous, SpliceAI<=0.1, PhastCons<1.0	0.0	0.362	0.190			16.74	B	
SLX4	NM_032444.4	c.3717T>A	Benign synonymous, SpliceAI<=0.1, PhastCons<1.0	0.0	0.362				34.0		
SLX4	NM_032444.4	c.3714C>G	Benign synonymous, SpliceAI<=0.1, PhastCons<1.0	0.007	1.188	0.096			9.839	P	
SLX4	NM_032444.4	c.3714C>A	Benign synonymous, SpliceAI<=0.1, PhastCons<1.0	0.007	1.188	0.096			9.721	P	
SLX4	NM_032444.4	c.3709C>G	Benign synonymous, SpliceAI<=0.1, PhastCons<1.0	0.059	1.471	0.142			20.3	B	Uncertain_significance
SLX4	NM_032444.4	c.3709C>A	Benign synonymous, SpliceAI<=0.1, PhastCons<1.0	0.059	1.471	0.102			21.0	B	
SLX4	NM_032444.4	c.3696A>T	Benign synonymous, SpliceAI<=0.1, PhastCons<1.0	0.0	0.797	0.069			15.24	B	
SLX4	NM_032444.4	c.3696A>C	Benign synonymous, SpliceAI<=0.1, PhastCons<1.0	0.0	0.797	0.069			15.28	B	
SLX4	NM_032444.4	c.3694A>T	Benign synonymous, SpliceAI<=0.1, PhastCons<1.0	0.002	0.612				36.0		
SLX4	NM_032444.4	c.3694A>G	Benign synonymous, SpliceAI<=0.1, PhastCons<1.0	0.002	0.612	0.032			19.41	B	
SLX4	NM_032444.4	c.3693G>T	Benign synonymous, SpliceAI<=0.1, PhastCons<1.0	0.004	1.251	0.024			4.375	B	
SLX4	NM_032444.4	c.3693G>C	Benign synonymous, SpliceAI<=0.1, PhastCons<1.0	0.004	1.251	0.024			4.676	B	
SLX4	NM_032444.4	c.3691A>T	Benign synonymous, SpliceAI<=0.1, PhastCons<1.0	0.0	-1.143	0.021			9.012	B	
SLX4	NM_032444.4	c.3691A>G	Benign synonymous, SpliceAI<=0.1, PhastCons<1.0	0.0	-1.143	0.028		3.65000e-06	0.177	B	
SLX4	NM_032444.4	c.3687G>T	Benign synonymous, SpliceAI<=0.1, PhastCons<1.0	0.0	-0.298	0.076			5.835	B	
SLX4	NM_032444.4	c.3687G>C	Benign synonymous, SpliceAI<=0.1, PhastCons<1.0	0.0	-0.298	0.076			6.237	B	
SLX4	NM_032444.4	c.3685T>G	Benign synonymous, SpliceAI<=0.1, PhastCons<1.0	0.0	-1.692	0.024			0.004	B	
SLX4	NM_032444.4	c.3685T>A	Benign synonymous, SpliceAI<=0.1, PhastCons<1.0	0.0	-1.692	0.018			0.042	B	
SLX4	NM_032444.4	c.3676C>T	Benign synonymous, SpliceAI<=0.1, PhastCons<1.0	0.002	1.143	0.055		0.00351455	19.43	B	Conflicting_classifications_of_pathogenicity
SLX4	NM_032444.4	c.3676C>G	Benign synonymous, SpliceAI<=0.1, PhastCons<1.0	0.002	1.143	0.031			7.818	B	
SLX4	NM_032444.4	c.3675T>G	Benign synonymous, SpliceAI<=0.1, PhastCons<1.0	0.0	-0.714	0.018			2.32	B	
SLX4	NM_032444.4	c.3675T>A	Benign synonymous, SpliceAI<=0.1, PhastCons<1.0	0.0	-0.714	0.018			2.233	B	
SLX4	NM_032444.4	c.3672G>T	Benign synonymous, SpliceAI<=0.1, PhastCons<1.0	0.0	-0.027	0.018			2.214	B	
SLX4	NM_032444.4	c.3672G>C	Benign synonymous, SpliceAI<=0.1, PhastCons<1.0	0.0	-0.027	0.018			3.1	B	
SLX4	NM_032444.4	c.3664C>G	Benign synonymous, SpliceAI<=0.1, PhastCons<1.0	0.0	0.576	0.083			5.272	B	
SLX4	NM_032444.4	c.3664C>A	Benign synonymous, SpliceAI<=0.1, PhastCons<1.0	0.0	0.576	0.071			13.68	B	
SLX4	NM_032444.4	c.3662C>T	Benign FAF >5%	0.0	-0.33	0.003		0.0645987	3.235	B	Benign
SLX4	NM_032444.4	c.3657G>T	Benign synonymous, SpliceAI<=0.1, PhastCons<1.0	0.0	0.011	0.025			2.053	B	
SLX4	NM_032444.4	c.3657G>C	Benign synonymous, SpliceAI<=0.1, PhastCons<1.0	0.0	0.011	0.025			2.173	B	
SLX4	NM_032444.4	c.3654T>G	Benign synonymous, SpliceAI<=0.1, PhastCons<1.0	0.0	-0.774	0.056			0.003	B	
SLX4	NM_032444.4	c.3654T>A	Benign synonymous, SpliceAI<=0.1, PhastCons<1.0	0.0	-0.774	0.056			0.002	B	
SLX4	NM_032444.4	c.3651G>T	Benign synonymous, SpliceAI<=0.1, PhastCons<1.0	0.0	-0.161	0.010			0.409	B	
SLX4	NM_032444.4	c.3651G>C	Benign synonymous, SpliceAI<=0.1, PhastCons<1.0	0.0	-0.161	0.010		2.80000e-07	0.459	B	
SLX4	NM_032444.4	c.3648G>T	Benign synonymous, SpliceAI<=0.1, PhastCons<1.0	0.0	-0.373	0.044		6.72400e-05	0.56	B	Uncertain_significance
SLX4	NM_032444.4	c.3648G>C	Benign synonymous, SpliceAI<=0.1, PhastCons<1.0	0.0	-0.373	0.039			0.598	B	
SLX4	NM_032444.4	c.3645G>T	Benign synonymous, SpliceAI<=0.1, PhastCons<1.0	0.0	-0.028	0.110			10.67	B	
SLX4	NM_032444.4	c.3645G>C	Benign synonymous, SpliceAI<=0.1, PhastCons<1.0	0.0	-0.028	0.110			10.8	B	
SLX4	NM_032444.4	c.3640C>G	Benign synonymous, SpliceAI<=0.1, PhastCons<1.0	0.0	0.178	0.147			2.274	B	
SLX4	NM_032444.4	c.3640C>A	Benign synonymous, SpliceAI<=0.1, PhastCons<1.0	0.0	0.178	0.072			15.79	B	
SLX4	NM_032444.4	c.3634G>A	Likely_benign FAF >0.1%, REVEL <0.29, SpliceAI<=0.1	0.0	0.788	0.017		0.00185320	7.171	B	Likely_benign
SLX4	NM_032444.4	c.3633A>T	Benign synonymous, SpliceAI<=0.1, PhastCons<1.0	0.0	-0.266	0.027			1.068	B	
SLX4	NM_032444.4	c.3633A>C	Benign synonymous, SpliceAI<=0.1, PhastCons<1.0	0.0	-0.266	0.028			1.132	B	
SLX4	NM_032444.4	c.3630C>G	Benign synonymous, SpliceAI<=0.1, PhastCons<1.0	0.0	0.034	0.027			0.07	B	
SLX4	NM_032444.4	c.3630C>A	Benign synonymous, SpliceAI<=0.1, PhastCons<1.0	0.0	0.034	0.027			0.067	B	
SLX4	NM_032444.4	c.3627A>T	Benign synonymous, SpliceAI<=0.1, PhastCons<1.0	0.0	-0.317	0.022			0.441	B	
SLX4	NM_032444.4	c.3627A>C	Benign synonymous, SpliceAI<=0.1, PhastCons<1.0	0.0	-0.317	0.022			0.452	B	
SLX4	NM_032444.4	c.3625A>T	Benign synonymous, SpliceAI<=0.1, PhastCons<1.0	0.0	-0.433				29.9		
SLX4	NM_032444.4	c.3625A>G	Benign synonymous, SpliceAI<=0.1, PhastCons<1.0	0.0	-0.433	0.062			0.207	B	Uncertain_significance
SLX4	NM_032444.4	c.3615G>T	Benign synonymous, SpliceAI<=0.1, PhastCons<1.0	0.0	-0.952	0.096			0.046	B	
SLX4	NM_032444.4	c.3615G>C	Benign synonymous, SpliceAI<=0.1, PhastCons<1.0	0.0	-0.952	0.096			0.048	B	
SLX4	NM_032444.4	c.3606A>T	Benign synonymous, SpliceAI<=0.1, PhastCons<1.0	0.0	-2.735	0.031			0.337	B	
SLX4	NM_032444.4	c.3606A>C	Benign synonymous, SpliceAI<=0.1, PhastCons<1.0	0.0	-2.735	0.031			0.352	B	
SLX4	NM_032444.4	c.3603G>T	Benign synonymous, SpliceAI<=0.1, PhastCons<1.0	0.023	-0.455	0.092			1.903	B	
SLX4	NM_032444.4	c.3603G>C	Benign synonymous, SpliceAI<=0.1, PhastCons<1.0	0.023	-0.455	0.092			2.01	B	
SLX4	NM_032444.4	c.3600T>G	Benign synonymous, SpliceAI<=0.1, PhastCons<1.0	0.001	-1.135	0.042			0.077	B	
SLX4	NM_032444.4	c.3600T>A	Benign synonymous, SpliceAI<=0.1, PhastCons<1.0	0.001	-1.135	0.041			0.074	B	
SLX4	NM_032444.4	c.3594T>G	Benign synonymous, SpliceAI<=0.1, PhastCons<1.0	0.0	-1.092	0.092			0.174	A	
SLX4	NM_032444.4	c.3594T>A	Benign synonymous, SpliceAI<=0.1, PhastCons<1.0	0.0	-1.092	0.092			0.164	A	
SLX4	NM_032444.4	c.3588T>G	Benign synonymous, SpliceAI<=0.1, PhastCons<1.0	0.0	-0.854	0.059			3.375	P	
SLX4	NM_032444.4	c.3588T>A	Benign synonymous, SpliceAI<=0.1, PhastCons<1.0	0.0	-0.854	0.059		7.90000e-07	3.313	P	
SLX4	NM_032444.4	c.3576T>G	Benign synonymous, SpliceAI<=0.1, PhastCons<1.0	0.0	-0.959	0.040			1.273	P	
SLX4	NM_032444.4	c.3576T>A	Benign synonymous, SpliceAI<=0.1, PhastCons<1.0	0.0	-0.959	0.040			1.223	P	
SLX4	NM_032444.4	c.3571C>G	Benign synonymous, SpliceAI<=0.1, PhastCons<1.0	0.618	2.673	0.107			18.89	B	
SLX4	NM_032444.4	c.3571C>A	Benign synonymous, SpliceAI<=0.1, PhastCons<1.0	0.618	2.673	0.081			19.97	B	
SLX4	NM_032444.4	c.3570G>T	Benign synonymous, SpliceAI<=0.1, PhastCons<1.0	0.406	-0.443	0.045			5.583	B	
SLX4	NM_032444.4	c.3570G>C	Benign synonymous, SpliceAI<=0.1, PhastCons<1.0	0.406	-0.443	0.045			5.971	B	
SLX4	NM_032444.4	c.3567T>G	Benign synonymous, SpliceAI<=0.1, PhastCons<1.0	0.874	-0.02	0.151			18.26	B	
SLX4	NM_032444.4	c.3567T>A	Benign synonymous, SpliceAI<=0.1, PhastCons<1.0	0.874	-0.02				35.0		
SLX4	NM_032444.4	c.3561G>T	Benign synonymous, SpliceAI<=0.1, PhastCons<1.0	0.007	-0.001	0.011			3.675	B	
SLX4	NM_032444.4	c.3561G>C	Benign synonymous, SpliceAI<=0.1, PhastCons<1.0	0.007	-0.001	0.011			3.773	B	
SLX4	NM_032444.4	c.3559A>T	Benign synonymous, SpliceAI<=0.1, PhastCons<1.0	0.024	1.176	0.039			20.9	B	
SLX4	NM_032444.4	c.3559A>G	Benign synonymous, SpliceAI<=0.1, PhastCons<1.0	0.024	1.176	0.018			16.76	B	
SLX4	NM_032444.4	c.3555C>G	Benign synonymous, SpliceAI<=0.1, PhastCons<1.0	0.016	1.01	0.119			17.33	A	
SLX4	NM_032444.4	c.3555C>A	Benign synonymous, SpliceAI<=0.1, PhastCons<1.0	0.016	1.01	0.119		2.80000e-07	17.3	A	
SLX4	NM_032444.4	c.3549A>T	Benign synonymous, SpliceAI<=0.1, PhastCons<1.0	0.001	-0.075	0.008			0.882	B	
SLX4	NM_032444.4	c.3549A>C	Benign synonymous, SpliceAI<=0.1, PhastCons<1.0	0.001	-0.075	0.008			0.907	B	
SLX4	NM_032444.4	c.3544C>G	Benign synonymous, SpliceAI<=0.1, PhastCons<1.0	0.07	1.402	0.039			10.44	B	
SLX4	NM_032444.4	c.3544C>A	Benign synonymous, SpliceAI<=0.1, PhastCons<1.0	0.07	1.402	0.036			14.93	B	
SLX4	NM_032444.4	c.3540A>T	Benign synonymous, SpliceAI<=0.1, PhastCons<1.0	0.009	-0.004	0.022			2.034	B	
SLX4	NM_032444.4	c.3540A>C	Benign synonymous, SpliceAI<=0.1, PhastCons<1.0	0.009	-0.004	0.022			2.132	B	
SLX4	NM_032444.4	c.3537G>T	Benign synonymous, SpliceAI<=0.1, PhastCons<1.0	0.617	2.196	0.028			15.07	B	
SLX4	NM_032444.4	c.3537G>C	Benign synonymous, SpliceAI<=0.1, PhastCons<1.0	0.617	2.196	0.028			15.06	B	
SLX4	NM_032444.4	c.3534A>T	Benign synonymous, SpliceAI<=0.1, PhastCons<1.0	0.007	0.82	0.027			6.227	B	
SLX4	NM_032444.4	c.3534A>C	Benign synonymous, SpliceAI<=0.1, PhastCons<1.0	0.007	0.82	0.027			6.23	B	
SLX4	NM_032444.4	c.3531A>T	Benign synonymous, SpliceAI<=0.1, PhastCons<1.0	0.001	0.132	0.027			7.228	B	
SLX4	NM_032444.4	c.3531A>C	Benign synonymous, SpliceAI<=0.1, PhastCons<1.0	0.001	0.132	0.027			7.324	B	
SLX4	NM_032444.4	c.3526C>G	Benign synonymous, SpliceAI<=0.1, PhastCons<1.0	0.0	-0.081	0.042			0.069	B	
SLX4	NM_032444.4	c.3526C>A	Benign synonymous, SpliceAI<=0.1, PhastCons<1.0	0.0	-0.081	0.069			5.642	B	
SLX4	NM_032444.4	c.3522T>G	Benign synonymous, SpliceAI<=0.1, PhastCons<1.0	0.0	-0.419	0.022			0.004	B	
SLX4	NM_032444.4	c.3522T>A	Benign synonymous, SpliceAI<=0.1, PhastCons<1.0	0.0	-0.419	0.022			0.004	B	Uncertain_significance
SLX4	NM_032444.4	c.3519T>G	Benign synonymous, SpliceAI<=0.1, PhastCons<1.0	0.0	-0.657	0.001			0.522	B	
SLX4	NM_032444.4	c.3519T>A	Benign synonymous, SpliceAI<=0.1, PhastCons<1.0	0.0	-0.657	0.001			0.494	B	
SLX4	NM_032444.4	c.3507G>T	Benign synonymous, SpliceAI<=0.1, PhastCons<1.0	0.0	0.216	0.047			11.85	B	
SLX4	NM_032444.4	c.3507G>C	Benign synonymous, SpliceAI<=0.1, PhastCons<1.0	0.0	0.216	0.047			11.89	B	
SLX4	NM_032444.4	c.3501A>T	Benign synonymous, SpliceAI<=0.1, PhastCons<1.0	0.0	0.406	0.038			16.86	B	
SLX4	NM_032444.4	c.3501A>C	Benign synonymous, SpliceAI<=0.1, PhastCons<1.0	0.0	0.406	0.038			16.91	B	
SLX4	NM_032444.4	c.3495A>T	Benign synonymous, SpliceAI<=0.1, PhastCons<1.0	0.344	0.483	0.048			5.866	B	
SLX4	NM_032444.4	c.3495A>C	Benign synonymous, SpliceAI<=0.1, PhastCons<1.0	0.344	0.483	0.048			5.967	B	
SLX4	NM_032444.4	c.3492A>T	Benign synonymous, SpliceAI<=0.1, PhastCons<1.0	0.978	0.257	0.031			17.35	B	
SLX4	NM_032444.4	c.3492A>C	Benign synonymous, SpliceAI<=0.1, PhastCons<1.0	0.978	0.257	0.031			17.38	B	Uncertain_significance
SLX4	NM_032444.4	c.3487C>G	Benign synonymous, SpliceAI<=0.1, PhastCons<1.0	0.997	1.948	0.055			20.8	B	
SLX4	NM_032444.4	c.3487C>A	Benign synonymous, SpliceAI<=0.1, PhastCons<1.0	0.997	1.948	0.036			21.0	B	
SLX4	NM_032444.4	c.3486G>T	Benign synonymous, SpliceAI<=0.1, PhastCons<1.0	0.994	0.312	0.112			18.73	B	
SLX4	NM_032444.4	c.3486G>C	Benign synonymous, SpliceAI<=0.1, PhastCons<1.0	0.994	0.312	0.111			18.79	B	
SLX4	NM_032444.4	c.3481C>G	Benign synonymous, SpliceAI<=0.1, PhastCons<1.0	0.935	-0.133	0.067		2.80000e-07	11.49	B	
SLX4	NM_032444.4	c.3481C>A	Benign synonymous, SpliceAI<=0.1, PhastCons<1.0	0.935	-0.133	0.069			11.93	B	
SLX4	NM_032444.4	c.3480G>T	Benign synonymous, SpliceAI<=0.1, PhastCons<1.0	0.997	1.837	0.128		6.15000e-06	21.9	A	
SLX4	NM_032444.4	c.3480G>C	Benign synonymous, SpliceAI<=0.1, PhastCons<1.0	0.997	1.837	0.127			21.9	A	
SLX4	NM_032444.4	c.3477G>T	Benign synonymous, SpliceAI<=0.1, PhastCons<1.0	0.985	0.045	0.114			15.96	A	
SLX4	NM_032444.4	c.3477G>C	Benign synonymous, SpliceAI<=0.1, PhastCons<1.0	0.985	0.045	0.114		4.42000e-06	16.08	A	Uncertain_significance
SLX4	NM_032444.4	c.3474T>G	Benign synonymous, SpliceAI<=0.1, PhastCons<1.0	0.962	0.104	0.110			18.15	P	
SLX4	NM_032444.4	c.3474T>A	Benign synonymous, SpliceAI<=0.1, PhastCons<1.0	0.962	0.104	0.108			17.95	P	
SLX4	NM_032444.4	c.3468C>G	Benign synonymous, SpliceAI<=0.1, PhastCons<1.0	0.999	0.572	0.125			17.08	P	
SLX4	NM_032444.4	c.3468C>A	Benign synonymous, SpliceAI<=0.1, PhastCons<1.0	0.999	0.572	0.125			17.02	P	
SLX4	NM_032444.4	c.3463C>G	Benign synonymous, SpliceAI<=0.1, PhastCons<1.0	0.032	-0.015	0.132			11.43	B	
SLX4	NM_032444.4	c.3463C>A	Benign synonymous, SpliceAI<=0.1, PhastCons<1.0	0.032	-0.015	0.158			13.08	B	
SLX4	NM_032444.4	c.3462A>T	Benign synonymous, SpliceAI<=0.1, PhastCons<1.0	0.03	-0.229	0.174			15.35	P	
SLX4	NM_032444.4	c.3462A>C	Benign synonymous, SpliceAI<=0.1, PhastCons<1.0	0.03	-0.229	0.174			15.39	P	
SLX4	NM_032444.4	c.3460T>G	Benign synonymous, SpliceAI<=0.1, PhastCons<1.0	0.781	1.103	0.151			17.03	A	
SLX4	NM_032444.4	c.3460T>A	Benign synonymous, SpliceAI<=0.1, PhastCons<1.0	0.781	1.103	0.159			17.26	B	
SLX4	NM_032444.4	c.3450G>T	Benign synonymous, SpliceAI<=0.1, PhastCons<1.0	0.002	-0.157	0.018			0.346	B	
SLX4	NM_032444.4	c.3450G>C	Benign synonymous, SpliceAI<=0.1, PhastCons<1.0	0.002	-0.157	0.018			0.392	B	
SLX4	NM_032444.4	c.3447T>G	Benign synonymous, SpliceAI<=0.1, PhastCons<1.0	0.0	-0.359	0.084			0.013	B	
SLX4	NM_032444.4	c.3447T>A	Benign synonymous, SpliceAI<=0.1, PhastCons<1.0	0.0	-0.359	0.084			0.012	B	
SLX4	NM_032444.4	c.3444A>T	Benign synonymous, SpliceAI<=0.1, PhastCons<1.0	0.0	-0.815	0.068			0.066	B	Uncertain_significance
SLX4	NM_032444.4	c.3444A>C	Benign synonymous, SpliceAI<=0.1, PhastCons<1.0	0.0	-0.815	0.068		6.80000e-07	0.07	B	Uncertain_significance
SLX4	NM_032444.4	c.3441A>T	Benign synonymous, SpliceAI<=0.1, PhastCons<1.0	0.0	-0.606	0.044			3.339	B	
SLX4	NM_032444.4	c.3441A>C	Benign synonymous, SpliceAI<=0.1, PhastCons<1.0	0.0	-0.606	0.044			3.462	B	
SLX4	NM_032444.4	c.3438C>G	Benign synonymous, SpliceAI<=0.1, PhastCons<1.0	0.0	0.474	0.031		4.43000e-06	3.226	B	Uncertain_significance
SLX4	NM_032444.4	c.3438C>A	Benign synonymous, SpliceAI<=0.1, PhastCons<1.0	0.0	0.474	0.031		0.000136950	3.089	B	Uncertain_significance
SLX4	NM_032444.4	c.3433C>G	Benign synonymous, SpliceAI<=0.1, PhastCons<1.0	0.0	-2.799	0.009			0.001	B	
SLX4	NM_032444.4	c.3433C>A	Benign synonymous, SpliceAI<=0.1, PhastCons<1.0	0.0	-2.799	0.012			0.001	B	
SLX4	NM_032444.4	c.3432A>T	Benign synonymous, SpliceAI<=0.1, PhastCons<1.0	0.0	-1.857	0.006			0.018	B	
SLX4	NM_032444.4	c.3432A>C	Benign synonymous, SpliceAI<=0.1, PhastCons<1.0	0.0	-1.857	0.006			0.018	B	
SLX4	NM_032444.4	c.3420A>T	Benign synonymous, SpliceAI<=0.1, PhastCons<1.0	0.0	-0.656	0.005			0.002	B	
SLX4	NM_032444.4	c.3420A>C	Benign synonymous, SpliceAI<=0.1, PhastCons<1.0	0.0	-0.656	0.005			0.002	B	
SLX4	NM_032444.4	c.3417G>T	Benign synonymous, SpliceAI<=0.1, PhastCons<1.0	0.001	-0.032	0.068			9.981	B	
SLX4	NM_032444.4	c.3417G>C	Benign synonymous, SpliceAI<=0.1, PhastCons<1.0	0.001	-0.032	0.068			10.13	B	
SLX4	NM_032444.4	c.3411A>T	Benign synonymous, SpliceAI<=0.1, PhastCons<1.0	0.0	-1.932	0.033			0.134	B	
SLX4	NM_032444.4	c.3411A>C	Benign synonymous, SpliceAI<=0.1, PhastCons<1.0	0.0	-1.932	0.033			0.138	B	
SLX4	NM_032444.4	c.3409A>T	Benign synonymous, SpliceAI<=0.1, PhastCons<1.0	0.0	-0.053				28.7		
SLX4	NM_032444.4	c.3409A>G	Benign synonymous, SpliceAI<=0.1, PhastCons<1.0	0.0	-0.053	0.015		4.51000e-05	0.723	B	Uncertain_significance
SLX4	NM_032444.4	c.3405C>G	Benign synonymous, SpliceAI<=0.1, PhastCons<1.0	0.0	-0.291	0.108			10.06	B	
SLX4	NM_032444.4	c.3405C>A	Benign synonymous, SpliceAI<=0.1, PhastCons<1.0	0.0	-0.291	0.108		8.75000e-06	9.861	B	Uncertain_significance
SLX4	NM_032444.4	c.3399T>G	Benign synonymous, SpliceAI<=0.1, PhastCons<1.0	0.0	-1.933	0.040		2.80000e-07	0.013	B	
SLX4	NM_032444.4	c.3399T>A	Benign synonymous, SpliceAI<=0.1, PhastCons<1.0	0.0	-1.933	0.040			0.013	B	
SLX4	NM_032444.4	c.3396C>G	Benign synonymous, SpliceAI<=0.1, PhastCons<1.0	0.0	-0.103	0.021			0.012	B	
SLX4	NM_032444.4	c.3396C>A	Benign synonymous, SpliceAI<=0.1, PhastCons<1.0	0.0	-0.103	0.021			0.012	B	
SLX4	NM_032444.4	c.3390T>G	Benign synonymous, SpliceAI<=0.1, PhastCons<1.0	0.0	-0.495	0.013			0.032	B	
SLX4	NM_032444.4	c.3390T>A	Benign synonymous, SpliceAI<=0.1, PhastCons<1.0	0.0	-0.495	0.013			0.03	B	
SLX4	NM_032444.4	c.3384G>T	Benign synonymous, SpliceAI<=0.1, PhastCons<1.0	0.106	0.471	0.133			17.43	B	
SLX4	NM_032444.4	c.3384G>C	Benign synonymous, SpliceAI<=0.1, PhastCons<1.0	0.106	0.471	0.133			17.5	B	
SLX4	NM_032444.4	c.3376C>G	Benign synonymous, SpliceAI<=0.1, PhastCons<1.0	0.999	1.129	0.154			21.5	B	
SLX4	NM_032444.4	c.3376C>A	Benign synonymous, SpliceAI<=0.1, PhastCons<1.0	0.999	1.129	0.169			21.8	B	
SLX4	NM_032444.4	c.3367T>C	Likely_benign FAF >0.1%, REVEL <0.29, SpliceAI<=0.1	0.004	-0.047	0.022		0.00282402	10.17	B	Conflicting_classifications_of_pathogenicity
SLX4	NM_032444.4	c.3365C>T	Benign FAF >5%	0.002	0.123	0.028		0.480018	8.185	B	Benign
SLX4	NM_032444.4	c.3360A>T	Benign synonymous, SpliceAI<=0.1, PhastCons<1.0	0.0	-2.147	0.050			7.646	B	
SLX4	NM_032444.4	c.3360A>C	Benign synonymous, SpliceAI<=0.1, PhastCons<1.0	0.0	-2.147	0.050			7.76	B	
SLX4	NM_032444.4	c.3357A>T	Benign synonymous, SpliceAI<=0.1, PhastCons<1.0	0.0	-0.133	0.049			12.59	B	
SLX4	NM_032444.4	c.3357A>C	Benign synonymous, SpliceAI<=0.1, PhastCons<1.0	0.0	-0.133	0.049			12.64	B	
SLX4	NM_032444.4	c.3351C>G	Benign synonymous, SpliceAI<=0.1, PhastCons<1.0	0.982	0.502	0.015			15.16	A	
SLX4	NM_032444.4	c.3351C>A	Benign synonymous, SpliceAI<=0.1, PhastCons<1.0	0.982	0.502	0.015			15.11	A	
SLX4	NM_032444.4	c.3343C>G	Benign synonymous, SpliceAI<=0.1, PhastCons<1.0	0.0	0.448	0.088			14.26	B	
SLX4	NM_032444.4	c.3343C>A	Benign synonymous, SpliceAI<=0.1, PhastCons<1.0	0.0	0.448	0.113			18.02	B	
SLX4	NM_032444.4	c.3336G>T	Benign synonymous, SpliceAI<=0.1, PhastCons<1.0	0.0	-0.67	0.049			12.12	B	
SLX4	NM_032444.4	c.3336G>C	Benign synonymous, SpliceAI<=0.1, PhastCons<1.0	0.0	-0.67	0.049			12.28	B	
SLX4	NM_032444.4	c.3333T>G	Benign synonymous, SpliceAI<=0.1, PhastCons<1.0	0.0	0.052	0.037			3.376	B	
SLX4	NM_032444.4	c.3333T>A	Benign synonymous, SpliceAI<=0.1, PhastCons<1.0	0.0	0.052	0.037			3.275	B	
SLX4	NM_032444.4	c.3330A>T	Benign synonymous, SpliceAI<=0.1, PhastCons<1.0	0.0	0.339	0.065			8.824	B	
SLX4	NM_032444.4	c.3330A>C	Benign synonymous, SpliceAI<=0.1, PhastCons<1.0	0.0	0.339	0.065			8.885	B	
SLX4	NM_032444.4	c.3328A>T	Benign synonymous, SpliceAI<=0.1, PhastCons<1.0	0.001	0.69				35.0		
SLX4	NM_032444.4	c.3328A>G	Benign synonymous, SpliceAI<=0.1, PhastCons<1.0	0.001	0.69	0.020			18.1	B	
SLX4	NM_032444.4	c.3327C>G	Benign synonymous, SpliceAI<=0.1, PhastCons<1.0	0.002	0.862	0.047			13.17	B	
SLX4	NM_032444.4	c.3327C>A	Benign synonymous, SpliceAI<=0.1, PhastCons<1.0	0.002	0.862				35.0		
SLX4	NM_032444.4	c.3324G>T	Benign synonymous, SpliceAI<=0.1, PhastCons<1.0	0.0	0.243	0.010			0.918	B	
SLX4	NM_032444.4	c.3324G>C	Benign synonymous, SpliceAI<=0.1, PhastCons<1.0	0.0	0.243	0.010			0.974	B	
SLX4	NM_032444.4	c.3319C>G	Benign synonymous, SpliceAI<=0.1, PhastCons<1.0	0.0	-0.08	0.067			0.163	B	
SLX4	NM_032444.4	c.3319C>A	Benign synonymous, SpliceAI<=0.1, PhastCons<1.0	0.0	-0.08	0.078			2.873	B	
SLX4	NM_032444.4	c.3310C>T	Benign synonymous, SpliceAI<=0.1, PhastCons<1.0	0.0	-1.306	0.130		0.000188210	10.91	B	Uncertain_significance
SLX4	NM_032444.4	c.3310C>G	Benign synonymous, SpliceAI<=0.1, PhastCons<1.0	0.0	-1.306	0.012			0.083	B	
SLX4	NM_032444.4	c.3306G>T	Benign synonymous, SpliceAI<=0.1, PhastCons<1.0	0.0	-1.9	0.024			0.018	B	
SLX4	NM_032444.4	c.3306G>C	Benign synonymous, SpliceAI<=0.1, PhastCons<1.0	0.0	-1.9	0.024			0.019	B	
SLX4	NM_032444.4	c.3303A>T	Benign synonymous, SpliceAI<=0.1, PhastCons<1.0	0.0	-0.579	0.021			4.995	B	
SLX4	NM_032444.4	c.3303A>C	Benign synonymous, SpliceAI<=0.1, PhastCons<1.0	0.0	-0.579	0.021			5.091	B	
SLX4	NM_032444.4	c.3297A>T	Benign synonymous, SpliceAI<=0.1, PhastCons<1.0	0.101	0.089	0.051			17.85	B	
SLX4	NM_032444.4	c.3297A>C	Benign synonymous, SpliceAI<=0.1, PhastCons<1.0	0.101	0.089	0.051			17.89	B	
SLX4	NM_032444.4	c.3294G>T	Benign synonymous, SpliceAI<=0.1, PhastCons<1.0	0.042	0.497	0.062			13.45	B	
SLX4	NM_032444.4	c.3294G>C	Benign synonymous, SpliceAI<=0.1, PhastCons<1.0	0.042	0.497	0.062			13.54	B	
SLX4	NM_032444.4	c.3291C>G	Benign synonymous, SpliceAI<=0.1, PhastCons<1.0	0.008	0.287	0.125			9.444	B	
SLX4	NM_032444.4	c.3291C>A	Benign synonymous, SpliceAI<=0.1, PhastCons<1.0	0.008	0.287	0.125			9.356	B	
SLX4	NM_032444.4	c.3282G>T	Benign synonymous, SpliceAI<=0.1, PhastCons<1.0	0.0	-1.413	0.060			0.078	B	
SLX4	NM_032444.4	c.3282G>C	Benign synonymous, SpliceAI<=0.1, PhastCons<1.0	0.0	-1.413	0.060			0.083	B	
SLX4	NM_032444.4	c.3279A>T	Benign synonymous, SpliceAI<=0.1, PhastCons<1.0	0.0	-0.774	0.025			0.705	B	
SLX4	NM_032444.4	c.3279A>C	Benign synonymous, SpliceAI<=0.1, PhastCons<1.0	0.0	-0.774	0.025			0.728	B	
SLX4	NM_032444.4	c.3271C>G	Benign synonymous, SpliceAI<=0.1, PhastCons<1.0	0.0	-2.002	0.023			0.007	B	
SLX4	NM_032444.4	c.3271C>A	Benign synonymous, SpliceAI<=0.1, PhastCons<1.0	0.0	-2.002	0.092			1.951	B	
SLX4	NM_032444.4	c.3261C>G	Benign synonymous, SpliceAI<=0.1, PhastCons<1.0	0.0	-0.435	0.005			0.357	B	
SLX4	NM_032444.4	c.3261C>A	Benign synonymous, SpliceAI<=0.1, PhastCons<1.0	0.0	-0.435	0.005			0.34	B	
SLX4	NM_032444.4	c.3258G>T	Benign synonymous, SpliceAI<=0.1, PhastCons<1.0	0.0	-0.663	0.027			0.047	B	
SLX4	NM_032444.4	c.3258G>C	Benign synonymous, SpliceAI<=0.1, PhastCons<1.0	0.0	-0.663	0.027			0.048	B	
SLX4	NM_032444.4	c.3256A>T	Benign synonymous, SpliceAI<=0.1, PhastCons<1.0	0.003	0.973	0.036			19.51	B	
SLX4	NM_032444.4	c.3256A>G	Benign synonymous, SpliceAI<=0.1, PhastCons<1.0	0.003	0.973	0.008			11.13	B	
SLX4	NM_032444.4	c.3255C>G	Benign synonymous, SpliceAI<=0.1, PhastCons<1.0	0.002	0.633	0.103			3.863	B	
SLX4	NM_032444.4	c.3255C>A	Benign synonymous, SpliceAI<=0.1, PhastCons<1.0	0.002	0.633	0.103			3.683	B	
SLX4	NM_032444.4	c.3252G>T	Benign synonymous, SpliceAI<=0.1, PhastCons<1.0	0.001	1.01	0.094		2.80000e-07	15.63	A	
SLX4	NM_032444.4	c.3252G>C	Benign synonymous, SpliceAI<=0.1, PhastCons<1.0	0.001	1.01	0.095			15.71	A	
SLX4	NM_032444.4	c.3250A>T	Benign synonymous, SpliceAI<=0.1, PhastCons<1.0	0.001	0.765	0.066			21.2	B	
SLX4	NM_032444.4	c.3250A>G	Benign synonymous, SpliceAI<=0.1, PhastCons<1.0	0.001	0.765	0.042		2.80000e-07	16.79	B	
SLX4	NM_032444.4	c.3249A>T	Benign synonymous, SpliceAI<=0.1, PhastCons<1.0	0.001	0.522	0.036			12.76	A	
SLX4	NM_032444.4	c.3249A>C	Benign synonymous, SpliceAI<=0.1, PhastCons<1.0	0.001	0.522	0.036			12.82	A	
SLX4	NM_032444.4	c.3246G>T	Benign synonymous, SpliceAI<=0.1, PhastCons<1.0	0.1	0.707	0.051			18.48	B	
SLX4	NM_032444.4	c.3246G>C	Benign synonymous, SpliceAI<=0.1, PhastCons<1.0	0.1	0.707	0.051			18.58	B	
SLX4	NM_032444.4	c.3245A>G	Likely_benign FAF >0.1%, REVEL <0.29, SpliceAI<=0.1	0.086	-0.045	0.026		0.00933332	8.675	B	Benign/Likely_benign
SLX4	NM_032444.4	c.3243G>T	Benign synonymous, SpliceAI<=0.1, PhastCons<1.0	0.05	0.433	0.043			20.3	A	
SLX4	NM_032444.4	c.3243G>C	Benign synonymous, SpliceAI<=0.1, PhastCons<1.0	0.05	0.433	0.043			20.3	A	
SLX4	NM_032444.4	c.3220C>G	Benign synonymous, SpliceAI<=0.1, PhastCons<1.0	0.012	1.04	0.069			2.828	B	
SLX4	NM_032444.4	c.3220C>A	Benign synonymous, SpliceAI<=0.1, PhastCons<1.0	0.012	1.04	0.047			7.946	B	
SLX4	NM_032444.4	c.3219G>T	Benign synonymous, SpliceAI<=0.1, PhastCons<1.0	0.0	-0.055	0.025			0.173	B	
SLX4	NM_032444.4	c.3219G>C	Benign synonymous, SpliceAI<=0.1, PhastCons<1.0	0.0	-0.055	0.025			0.181	B	Uncertain_significance
SLX4	NM_032444.4	c.3217T>G	Benign synonymous, SpliceAI<=0.1, PhastCons<1.0	0.0	0.09	0.008			0.712	B	
SLX4	NM_032444.4	c.3217T>A	Benign synonymous, SpliceAI<=0.1, PhastCons<1.0	0.0	0.09	0.034			3.937	B	
SLX4	NM_032444.4	c.3201G>T	Benign synonymous, SpliceAI<=0.1, PhastCons<1.0	0.0	-1.407	0.043			4.739	B	
SLX4	NM_032444.4	c.3201G>C	Benign synonymous, SpliceAI<=0.1, PhastCons<1.0	0.0	-1.407	0.043			5.003	B	
SLX4	NM_032444.4	c.3178C>T	Benign synonymous, SpliceAI<=0.1, PhastCons<1.0	0.008	1.133	0.110		0.000355950	18.53	B	Conflicting_classifications_of_pathogenicity
SLX4	NM_032444.4	c.3178C>G	Benign synonymous, SpliceAI<=0.1, PhastCons<1.0	0.008	1.133	0.089			14.88	B	
SLX4	NM_032444.4	c.3166C>G	Benign synonymous, SpliceAI<=0.1, PhastCons<1.0	0.985	1.516	0.084			8.057	B	
SLX4	NM_032444.4	c.3166C>A	Benign synonymous, SpliceAI<=0.1, PhastCons<1.0	0.985	1.516	0.099		6.61200e-05	15.14	B	Uncertain_significance
SLX4	NM_032444.4	c.3156T>G	Benign synonymous, SpliceAI<=0.1, PhastCons<1.0	0.0	-1.082	0.025			0.046	B	
SLX4	NM_032444.4	c.3156T>A	Benign synonymous, SpliceAI<=0.1, PhastCons<1.0	0.0	-1.082	0.025			0.043	B	
SLX4	NM_032444.4	c.3150C>G	Benign synonymous, SpliceAI<=0.1, PhastCons<1.0	0.0	-1.272	0.023			0.1	B	
SLX4	NM_032444.4	c.3150C>A	Benign synonymous, SpliceAI<=0.1, PhastCons<1.0	0.0	-1.272	0.023			0.1	B	
SLX4	NM_032444.4	c.3147T>G	Benign synonymous, SpliceAI<=0.1, PhastCons<1.0	0.0	-0.147	0.023			0.63	B	
SLX4	NM_032444.4	c.3147T>A	Benign synonymous, SpliceAI<=0.1, PhastCons<1.0	0.0	-0.147	0.023			0.613	B	
SLX4	NM_032444.4	c.3132T>G	Benign synonymous, SpliceAI<=0.1, PhastCons<1.0	0.431	0.538	0.049			18.28	B	
SLX4	NM_032444.4	c.3132T>A	Benign synonymous, SpliceAI<=0.1, PhastCons<1.0	0.431	0.538	0.049			18.29	B	
SLX4	NM_032444.4	c.3123G>T	Benign synonymous, SpliceAI<=0.1, PhastCons<1.0	0.0	-2.804	0.063			0.005	B	
SLX4	NM_032444.4	c.3123G>C	Benign synonymous, SpliceAI<=0.1, PhastCons<1.0	0.0	-2.804	0.065			0.005	B	
SLX4	NM_032444.4	c.3111G>T	Benign synonymous, SpliceAI<=0.1, PhastCons<1.0	0.0	-1.102	0.041			0.006	B	
SLX4	NM_032444.4	c.3111G>C	Benign synonymous, SpliceAI<=0.1, PhastCons<1.0	0.0	-1.102	0.041			0.007	B	
SLX4	NM_032444.4	c.3109T>G	Benign synonymous, SpliceAI<=0.1, PhastCons<1.0	0.0	-0.93	0.016			0.008	B	
SLX4	NM_032444.4	c.3109T>A	Benign synonymous, SpliceAI<=0.1, PhastCons<1.0	0.0	-0.93	0.036			0.037	B	
SLX4	NM_032444.4	c.3106C>G	Benign synonymous, SpliceAI<=0.1, PhastCons<1.0	0.001	0.435	0.081			0.406	B	
SLX4	NM_032444.4	c.3106C>A	Benign synonymous, SpliceAI<=0.1, PhastCons<1.0	0.001	0.435	0.072			1.053	B	
SLX4	NM_032444.4	c.3105C>G	Benign synonymous, SpliceAI<=0.1, PhastCons<1.0	0.0	-0.551	0.117			0.807	P	
SLX4	NM_032444.4	c.3105C>A	Benign synonymous, SpliceAI<=0.1, PhastCons<1.0	0.0	-0.551	0.117			0.752	P	
SLX4	NM_032444.4	c.3099C>G	Benign synonymous, SpliceAI<=0.1, PhastCons<1.0	0.03	1.278	0.091			17.87	B	
SLX4	NM_032444.4	c.3099C>A	Benign synonymous, SpliceAI<=0.1, PhastCons<1.0	0.03	1.278				34.0		
SLX4	NM_032444.4	c.3093C>G	Benign synonymous, SpliceAI<=0.1, PhastCons<1.0	0.0	0.08	0.017			0.51	B	
SLX4	NM_032444.4	c.3093C>A	Benign synonymous, SpliceAI<=0.1, PhastCons<1.0	0.0	0.08	0.017			0.48	B	
SLX4	NM_032444.4	c.3078G>T	Benign synonymous, SpliceAI<=0.1, PhastCons<1.0	0.202	0.459	0.138			17.93	B	
SLX4	NM_032444.4	c.3078G>C	Benign synonymous, SpliceAI<=0.1, PhastCons<1.0	0.202	0.459	0.138			17.99	B	
SLX4	NM_032444.4	c.3064C>G	Benign synonymous, SpliceAI<=0.1, PhastCons<1.0	0.0	-0.014	0.040			0.77	B	
SLX4	NM_032444.4	c.3064C>A	Benign synonymous, SpliceAI<=0.1, PhastCons<1.0	0.0	-0.014	0.031			5.028	B	
SLX4	NM_032444.4	c.3060T>G	Benign synonymous, SpliceAI<=0.1, PhastCons<1.0	0.0	-0.277	0.019			0.279	B	
SLX4	NM_032444.4	c.3060T>A	Benign synonymous, SpliceAI<=0.1, PhastCons<1.0	0.0	-0.277	0.019			0.279	B	
SLX4	NM_032444.4	c.3051G>T	Benign synonymous, SpliceAI<=0.1, PhastCons<1.0	0.0	0.104	0.108			3.794	B	
SLX4	NM_032444.4	c.3051G>C	Benign synonymous, SpliceAI<=0.1, PhastCons<1.0	0.0	0.104	0.108			3.942	B	
SLX4	NM_032444.4	c.3046C>G	Benign synonymous, SpliceAI<=0.1, PhastCons<1.0	0.0	-0.397	0.007			0.046	B	Uncertain_significance
SLX4	NM_032444.4	c.3046C>A	Benign synonymous, SpliceAI<=0.1, PhastCons<1.0	0.0	-0.397	0.049			0.317	B	
SLX4	NM_032444.4	c.3042G>T	Benign synonymous, SpliceAI<=0.1, PhastCons<1.0	0.0	-0.569	0.057			1.117	B	
SLX4	NM_032444.4	c.3042G>C	Benign synonymous, SpliceAI<=0.1, PhastCons<1.0	0.0	-0.569	0.057			1.2	B	
SLX4	NM_032444.4	c.3040A>T	Benign synonymous, SpliceAI<=0.1, PhastCons<1.0	0.0	0.307	0.018			17.29	B	
SLX4	NM_032444.4	c.3040A>G	Benign synonymous, SpliceAI<=0.1, PhastCons<1.0	0.0	0.307	0.018			11.82	B	
SLX4	NM_032444.4	c.3039A>T	Benign synonymous, SpliceAI<=0.1, PhastCons<1.0	0.001	1.111	0.061			7.264	B	
SLX4	NM_032444.4	c.3039A>C	Benign synonymous, SpliceAI<=0.1, PhastCons<1.0	0.001	1.111	0.061			7.462	B	
SLX4	NM_032444.4	c.3036G>T	Benign synonymous, SpliceAI<=0.1, PhastCons<1.0	0.0	-0.286	0.008			0.115	B	
SLX4	NM_032444.4	c.3036G>C	Benign synonymous, SpliceAI<=0.1, PhastCons<1.0	0.0	-0.286	0.008			0.129	B	
SLX4	NM_032444.4	c.3034A>T	Benign synonymous, SpliceAI<=0.1, PhastCons<1.0	0.0	-1.188	0.049			0.569	B	
SLX4	NM_032444.4	c.3034A>G	Benign synonymous, SpliceAI<=0.1, PhastCons<1.0	0.0	-1.188	0.022		2.80000e-07	0.061	B	Uncertain_significance
SLX4	NM_032444.4	c.3024T>G	Benign synonymous, SpliceAI<=0.1, PhastCons<1.0	0.0	-1.249	0.023			0.118	B	
SLX4	NM_032444.4	c.3024T>A	Benign synonymous, SpliceAI<=0.1, PhastCons<1.0	0.0	-1.249	0.023			0.108	B	
SLX4	NM_032444.4	c.3021A>T	Benign synonymous, SpliceAI<=0.1, PhastCons<1.0	0.0	-1.349	0.084			0.033	B	
SLX4	NM_032444.4	c.3021A>C	Benign synonymous, SpliceAI<=0.1, PhastCons<1.0	0.0	-1.349	0.084			0.034	B	
SLX4	NM_032444.4	c.3018A>T	Benign synonymous, SpliceAI<=0.1, PhastCons<1.0	0.0	-0.843	0.009			1.106	B	
SLX4	NM_032444.4	c.3018A>C	Benign synonymous, SpliceAI<=0.1, PhastCons<1.0	0.0	-0.843	0.009			1.149	B	
SLX4	NM_032444.4	c.3015G>T	Benign synonymous, SpliceAI<=0.1, PhastCons<1.0	0.0	0.322	0.119			5.462	B	
SLX4	NM_032444.4	c.3015G>C	Benign synonymous, SpliceAI<=0.1, PhastCons<1.0	0.0	0.322	0.119			5.451	B	
SLX4	NM_032444.4	c.3009G>T	Benign synonymous, SpliceAI<=0.1, PhastCons<1.0	0.0	-0.521	0.013			0.006	B	
SLX4	NM_032444.4	c.3009G>C	Benign synonymous, SpliceAI<=0.1, PhastCons<1.0	0.0	-0.521	0.013		0.000102500	0.006	B	Conflicting_classifications_of_pathogenicity
SLX4	NM_032444.4	c.3006T>G	Benign synonymous, SpliceAI<=0.1, PhastCons<1.0	0.0	-0.046	0.015			6.906	B	
SLX4	NM_032444.4	c.3006T>A	Benign synonymous, SpliceAI<=0.1, PhastCons<1.0	0.0	-0.046	0.015			6.827	B	
SLX4	NM_032444.4	c.2997A>T	Benign synonymous, SpliceAI<=0.1, PhastCons<1.0	0.0	-0.536	0.148			5.456	B	
SLX4	NM_032444.4	c.2997A>C	Benign synonymous, SpliceAI<=0.1, PhastCons<1.0	0.0	-0.536	0.148			5.483	B	
SLX4	NM_032444.4	c.2988G>T	Benign synonymous, SpliceAI<=0.1, PhastCons<1.0	0.0	-2.239	0.054			0.455	B	
SLX4	NM_032444.4	c.2988G>C	Benign synonymous, SpliceAI<=0.1, PhastCons<1.0	0.0	-2.239	0.054			0.501	B	
SLX4	NM_032444.4	c.2979G>T	Benign synonymous, SpliceAI<=0.1, PhastCons<1.0	0.0	-0.266	0.014			0.331	B	
SLX4	NM_032444.4	c.2979G>C	Benign synonymous, SpliceAI<=0.1, PhastCons<1.0	0.0	-0.266	0.014			0.336	B	
SLX4	NM_032444.4	c.2975G>A	Likely_benign FAF >0.1%, REVEL <0.29, SpliceAI<=0.1	0.0	0.448	0.096		0.0143338	7.936	B	Conflicting_classifications_of_pathogenicity
SLX4	NM_032444.4	c.2973G>T	Benign synonymous, SpliceAI<=0.1, PhastCons<1.0	0.0	-0.144	0.085			0.267	B	
SLX4	NM_032444.4	c.2973G>C	Benign synonymous, SpliceAI<=0.1, PhastCons<1.0	0.0	-0.144	0.085			0.258	B	
SLX4	NM_032444.4	c.2961C>G	Benign synonymous, SpliceAI<=0.1, PhastCons<1.0	0.0	-0.138	0.044			0.147	P	
SLX4	NM_032444.4	c.2961C>A	Benign synonymous, SpliceAI<=0.1, PhastCons<1.0	0.0	-0.138	0.044			0.141	P	
SLX4	NM_032444.4	c.2955G>T	Benign synonymous, SpliceAI<=0.1, PhastCons<1.0	0.0	-0.146	0.066			7.664	B	
SLX4	NM_032444.4	c.2955G>C	Benign synonymous, SpliceAI<=0.1, PhastCons<1.0	0.0	-0.146	0.066			7.844	B	
SLX4	NM_032444.4	c.2952A>T	Benign synonymous, SpliceAI<=0.1, PhastCons<1.0	0.0	-1.42	0.018			0.062	B	
SLX4	NM_032444.4	c.2952A>C	Benign synonymous, SpliceAI<=0.1, PhastCons<1.0	0.0	-1.42	0.018			0.064	B	
SLX4	NM_032444.4	c.2949C>G	Benign synonymous, SpliceAI<=0.1, PhastCons<1.0	0.0	-0.572				24.0		
SLX4	NM_032444.4	c.2949C>A	Benign synonymous, SpliceAI<=0.1, PhastCons<1.0	0.0	-0.572				23.9		
SLX4	NM_032444.4	c.2946T>G	Benign synonymous, SpliceAI<=0.1, PhastCons<1.0	0.0	-2.231	0.111			0.004	B	
SLX4	NM_032444.4	c.2946T>A	Benign synonymous, SpliceAI<=0.1, PhastCons<1.0	0.0	-2.231	0.111			0.003	B	
SLX4	NM_032444.4	c.2937T>G	Benign synonymous, SpliceAI<=0.1, PhastCons<1.0	0.0	0.18	0.039			0.841	B	
SLX4	NM_032444.4	c.2937T>A	Benign synonymous, SpliceAI<=0.1, PhastCons<1.0	0.0	0.18	0.039			0.819	B	
SLX4	NM_032444.4	c.2934T>G	Benign synonymous, SpliceAI<=0.1, PhastCons<1.0	0.0	-0.509	0.033			0.026	B	
SLX4	NM_032444.4	c.2934T>A	Benign synonymous, SpliceAI<=0.1, PhastCons<1.0	0.0	-0.509	0.033			0.024	B	
SLX4	NM_032444.4	c.2928C>G	Benign synonymous, SpliceAI<=0.1, PhastCons<1.0	0.0	-0.226	0.033		1.06300e-05	0.988	B	Uncertain_significance
SLX4	NM_032444.4	c.2928C>A	Benign synonymous, SpliceAI<=0.1, PhastCons<1.0	0.0	-0.226	0.033			0.935	B	
SLX4	NM_032444.4	c.2924C>T	Likely_benign FAF >0.1%, REVEL <0.29, SpliceAI<=0.1	0.0	-0.265	0.054		0.0172537	1.137	B	Benign/Likely_benign
SLX4	NM_032444.4	c.2913A>T	Benign synonymous, SpliceAI<=0.1, PhastCons<1.0	0.0	0.135	0.033			0.854	B	
SLX4	NM_032444.4	c.2913A>C	Benign synonymous, SpliceAI<=0.1, PhastCons<1.0	0.0	0.135	0.033			0.852	B	
SLX4	NM_032444.4	c.2910A>T	Benign synonymous, SpliceAI<=0.1, PhastCons<1.0	0.0	0.198	0.026			5.544	B	
SLX4	NM_032444.4	c.2910A>C	Benign synonymous, SpliceAI<=0.1, PhastCons<1.0	0.0	0.198	0.026			5.495	B	
SLX4	NM_032444.4	c.2907A>T	Benign synonymous, SpliceAI<=0.1, PhastCons<1.0	0.0	0.17	0.048			1.953	B	
SLX4	NM_032444.4	c.2907A>C	Benign synonymous, SpliceAI<=0.1, PhastCons<1.0	0.0	0.17	0.048			2.032	B	
SLX4	NM_032444.4	c.2905A>T	Benign synonymous, SpliceAI<=0.1, PhastCons<1.0	0.0	-0.09				32.0		
SLX4	NM_032444.4	c.2905A>G	Benign synonymous, SpliceAI<=0.1, PhastCons<1.0	0.0	-0.09	0.016			3.615	B	
SLX4	NM_032444.4	c.2904G>T	Benign synonymous, SpliceAI<=0.1, PhastCons<1.0	0.0	0.04	0.041			0.589	B	
SLX4	NM_032444.4	c.2904G>C	Benign synonymous, SpliceAI<=0.1, PhastCons<1.0	0.0	0.04	0.041			0.653	B	Uncertain_significance
SLX4	NM_032444.4	c.2898G>T	Benign synonymous, SpliceAI<=0.1, PhastCons<1.0	0.0	-0.058	0.034			0.419	B	
SLX4	NM_032444.4	c.2898G>C	Benign synonymous, SpliceAI<=0.1, PhastCons<1.0	0.0	-0.058	0.034			0.449	B	
SLX4	NM_032444.4	c.2895C>G	Benign synonymous, SpliceAI<=0.1, PhastCons<1.0	0.0	0.168	0.127			11.22	B	
SLX4	NM_032444.4	c.2895C>A	Benign synonymous, SpliceAI<=0.1, PhastCons<1.0	0.0	0.168				33.0		
SLX4	NM_032444.4	c.2892C>G	Benign synonymous, SpliceAI<=0.1, PhastCons<1.0	0.0	-0.179	0.042		5.53000e-06	1.672	B	Uncertain_significance
SLX4	NM_032444.4	c.2892C>A	Benign synonymous, SpliceAI<=0.1, PhastCons<1.0	0.0	-0.179	0.042			1.521	B	
SLX4	NM_032444.4	c.2889G>T	Benign synonymous, SpliceAI<=0.1, PhastCons<1.0	0.0	-0.453	0.043			0.404	B	
SLX4	NM_032444.4	c.2889G>C	Benign synonymous, SpliceAI<=0.1, PhastCons<1.0	0.0	-0.453	0.043			0.443	B	
SLX4	NM_032444.4	c.2887A>T	Benign synonymous, SpliceAI<=0.1, PhastCons<1.0	0.0	-0.328	0.057			10.79	B	
SLX4	NM_032444.4	c.2887A>G	Benign synonymous, SpliceAI<=0.1, PhastCons<1.0	0.0	-0.328	0.010			0.579	B	
SLX4	NM_032444.4	c.2880C>G	Benign synonymous, SpliceAI<=0.1, PhastCons<1.0	0.0	0.712	0.021			8.31	B	
SLX4	NM_032444.4	c.2880C>A	Benign synonymous, SpliceAI<=0.1, PhastCons<1.0	0.0	0.712	0.021			8.254	B	
SLX4	NM_032444.4	c.2874C>G	Benign synonymous, SpliceAI<=0.1, PhastCons<1.0	0.0	-0.178	0.055			9.793	B	
SLX4	NM_032444.4	c.2874C>A	Benign synonymous, SpliceAI<=0.1, PhastCons<1.0	0.0	-0.178				34.0		
SLX4	NM_032444.4	c.2871C>G	Benign synonymous, SpliceAI<=0.1, PhastCons<1.0	0.0	-0.07	0.040			3.566	B	
SLX4	NM_032444.4	c.2871C>A	Benign synonymous, SpliceAI<=0.1, PhastCons<1.0	0.0	-0.07	0.040			3.195	B	
SLX4	NM_032444.4	c.2865T>G	Benign synonymous, SpliceAI<=0.1, PhastCons<1.0	0.0	-1.446	0.023			0.014	B	
SLX4	NM_032444.4	c.2865T>A	Benign synonymous, SpliceAI<=0.1, PhastCons<1.0	0.0	-1.446	0.023			0.013	B	
SLX4	NM_032444.4	c.2855C>T	Benign FAF >5%	0.0	-0.432	0.027		0.0645344	11.8	B	Benign
SLX4	NM_032444.4	c.2854G>A	Benign FAF >5%	0.0	0.013	0.021		0.103903	2.077	B	Benign
SLX4	NM_032444.4	c.2853G>T	Benign synonymous, SpliceAI<=0.1, PhastCons<1.0	0.0	0.202	0.022			5.587	B	
SLX4	NM_032444.4	c.2853G>C	Benign synonymous, SpliceAI<=0.1, PhastCons<1.0	0.0	0.202	0.022			6.596	B	
SLX4	NM_032444.4	c.2850G>T	Benign synonymous, SpliceAI<=0.1, PhastCons<1.0	0.0	0.524	0.083			7.819	B	
SLX4	NM_032444.4	c.2850G>C	Benign synonymous, SpliceAI<=0.1, PhastCons<1.0	0.0	0.524	0.083			7.969	B	
SLX4	NM_032444.4	c.2841G>T	Benign synonymous, SpliceAI<=0.1, PhastCons<1.0	0.0	-2.169	0.006			0.16	B	
SLX4	NM_032444.4	c.2841G>C	Benign synonymous, SpliceAI<=0.1, PhastCons<1.0	0.0	-2.169	0.006			0.174	B	
SLX4	NM_032444.4	c.2838G>T	Benign synonymous, SpliceAI<=0.1, PhastCons<1.0	0.001	-0.12	0.181			6.727	B	
SLX4	NM_032444.4	c.2838G>C	Benign synonymous, SpliceAI<=0.1, PhastCons<1.0	0.001	-0.12	0.181			6.907	B	
SLX4	NM_032444.4	c.2835G>T	Benign synonymous, SpliceAI<=0.1, PhastCons<1.0	0.005	-0.111	0.070			0.83	B	
SLX4	NM_032444.4	c.2835G>C	Benign synonymous, SpliceAI<=0.1, PhastCons<1.0	0.005	-0.111	0.070		2.47000e-06	0.606	B	Uncertain_significance
SLX4	NM_032444.4	c.2826G>T	Benign synonymous, SpliceAI<=0.1, PhastCons<1.0	0.0	-0.144	0.083			2.129	B	
SLX4	NM_032444.4	c.2826G>C	Benign synonymous, SpliceAI<=0.1, PhastCons<1.0	0.0	-0.144	0.083			2.056	B	
SLX4	NM_032444.4	c.2824G>C	Benign FAF >5%	0.001	1.308	0.123		0.0534975	7.421	B	Benign/Likely_benign
SLX4	NM_032444.4	c.2815C>T	Benign synonymous, SpliceAI<=0.1, PhastCons<1.0	0.0	-0.291	0.045		1.24000e-06	3.791	B	Uncertain_significance
SLX4	NM_032444.4	c.2815C>G	Benign synonymous, SpliceAI<=0.1, PhastCons<1.0	0.0	-0.291	0.038		6.80000e-07	0.103	B	
SLX4	NM_032444.4	c.2805C>G	Benign synonymous, SpliceAI<=0.1, PhastCons<1.0	0.0	-0.828	0.044			0.02	B	
SLX4	NM_032444.4	c.2805C>A	Benign synonymous, SpliceAI<=0.1, PhastCons<1.0	0.0	-0.828	0.044			0.019	B	
SLX4	NM_032444.4	c.2802G>T	Benign synonymous, SpliceAI<=0.1, PhastCons<1.0	0.0	0.057	0.097			6.849	B	
SLX4	NM_032444.4	c.2802G>C	Benign synonymous, SpliceAI<=0.1, PhastCons<1.0	0.0	0.057	0.097			6.927	B	
SLX4	NM_032444.4	c.2796G>T	Benign synonymous, SpliceAI<=0.1, PhastCons<1.0	0.0	-0.097	0.037			1.238	B	
SLX4	NM_032444.4	c.2796G>C	Benign synonymous, SpliceAI<=0.1, PhastCons<1.0	0.0	-0.097	0.037			1.071	B	
SLX4	NM_032444.4	c.2786C>T	Likely_benign FAF >0.1%, REVEL <0.29, SpliceAI<=0.1	0.0	-0.364	0.017		0.0242034	0.036	B	Benign
SLX4	NM_032444.4	c.2778C>G	Benign synonymous, SpliceAI<=0.1, PhastCons<1.0	0.0	0.265	0.078			13.88	B	
SLX4	NM_032444.4	c.2778C>A	Benign synonymous, SpliceAI<=0.1, PhastCons<1.0	0.0	0.265				31.0		
SLX4	NM_032444.4	c.2775G>T	Benign synonymous, SpliceAI<=0.1, PhastCons<1.0	0.0	-0.319	0.011			0.063	B	
SLX4	NM_032444.4	c.2775G>C	Benign synonymous, SpliceAI<=0.1, PhastCons<1.0	0.0	-0.319	0.011			0.056	B	
SLX4	NM_032444.4	c.2766G>T	Benign synonymous, SpliceAI<=0.1, PhastCons<1.0	0.0	-1.737	0.024			0.003	B	Uncertain_significance
SLX4	NM_032444.4	c.2766G>C	Benign synonymous, SpliceAI<=0.1, PhastCons<1.0	0.0	-1.737	0.024			0.003	B	
SLX4	NM_032444.4	c.2763G>T	Benign synonymous, SpliceAI<=0.1, PhastCons<1.0	0.0	-0.896	0.021			0.013	B	
SLX4	NM_032444.4	c.2763G>C	Benign synonymous, SpliceAI<=0.1, PhastCons<1.0	0.0	-0.896	0.021			0.013	B	
SLX4	NM_032444.4	c.2756C>T	Likely_benign FAF >0.1%, REVEL <0.29, SpliceAI<=0.1	0.0	-1.468	0.005		0.00139144	0.007	B	Conflicting_classifications_of_pathogenicity
SLX4	NM_032444.4	c.2746G>T	Likely_benign FAF >0.1%, REVEL <0.29, SpliceAI<=0.1	0.001	-0.11	0.035		0.0312139	0.677	B	Benign/Likely_benign
SLX4	NM_032444.4	c.2745G>T	Benign synonymous, SpliceAI<=0.1, PhastCons<1.0	0.013	0.649	0.043		3.58700e-05	9.496	B	
SLX4	NM_032444.4	c.2745G>C	Benign synonymous, SpliceAI<=0.1, PhastCons<1.0	0.013	0.649	0.043			9.61	B	
SLX4	NM_032444.4	c.2742T>G	Benign synonymous, SpliceAI<=0.1, PhastCons<1.0	0.0	-1.896	0.021			0.003	B	Uncertain_significance
SLX4	NM_032444.4	c.2742T>A	Benign synonymous, SpliceAI<=0.1, PhastCons<1.0	0.0	-1.896	0.021			0.003	B	
SLX4	NM_032444.4	c.2739A>T	Benign synonymous, SpliceAI<=0.1, PhastCons<1.0	0.0	0.129	0.008			3.781	B	
SLX4	NM_032444.4	c.2739A>C	Benign synonymous, SpliceAI<=0.1, PhastCons<1.0	0.0	0.129	0.008			3.754	B	
SLX4	NM_032444.4	c.2737A>T	Benign synonymous, SpliceAI<=0.1, PhastCons<1.0	0.0	0.56				33.0		
SLX4	NM_032444.4	c.2737A>G	Benign synonymous, SpliceAI<=0.1, PhastCons<1.0	0.0	0.56	0.050			3.691	B	
SLX4	NM_032444.4	c.2730G>T	Benign synonymous, SpliceAI<=0.1, PhastCons<1.0	0.0	-0.185	0.018		6.80000e-07	1.287	B	Uncertain_significance
SLX4	NM_032444.4	c.2730G>C	Benign synonymous, SpliceAI<=0.1, PhastCons<1.0	0.0	-0.185	0.018			1.392	B	
SLX4	NM_032444.4	c.2727G>T	Benign synonymous, SpliceAI<=0.1, PhastCons<1.0	0.0	-1.288	0.017			0.005	B	
SLX4	NM_032444.4	c.2727G>C	Benign synonymous, SpliceAI<=0.1, PhastCons<1.0	0.0	-1.288	0.017			0.005	B	
SLX4	NM_032444.4	c.2725T>G	Benign synonymous, SpliceAI<=0.1, PhastCons<1.0	0.0	-0.425	0.012			0.122	B	
SLX4	NM_032444.4	c.2725T>A	Benign synonymous, SpliceAI<=0.1, PhastCons<1.0	0.0	-0.425	0.023			0.607	B	
SLX4	NM_032444.4	c.2721G>T	Benign synonymous, SpliceAI<=0.1, PhastCons<1.0	0.0	0.184	0.073		6.80000e-07	7.235	B	Uncertain_significance
SLX4	NM_032444.4	c.2721G>C	Benign synonymous, SpliceAI<=0.1, PhastCons<1.0	0.0	0.184	0.073			7.436	B	
SLX4	NM_032444.4	c.2715G>T	Benign synonymous, SpliceAI<=0.1, PhastCons<1.0	0.0	-1.769	0.029			0.013	B	
SLX4	NM_032444.4	c.2715G>C	Benign synonymous, SpliceAI<=0.1, PhastCons<1.0	0.0	-1.769	0.029			0.014	B	
SLX4	NM_032444.4	c.2712G>T	Benign synonymous, SpliceAI<=0.1, PhastCons<1.0	0.0	-1.463	0.019			0.291	B	
SLX4	NM_032444.4	c.2712G>C	Benign synonymous, SpliceAI<=0.1, PhastCons<1.0	0.0	-1.463	0.019			0.301	B	
SLX4	NM_032444.4	c.2706G>T	Benign synonymous, SpliceAI<=0.1, PhastCons<1.0	0.0	-0.704	0.018		1.29800e-05	0.066	B	Uncertain_significance
SLX4	NM_032444.4	c.2706G>C	Benign synonymous, SpliceAI<=0.1, PhastCons<1.0	0.0	-0.704	0.018			0.069	B	
SLX4	NM_032444.4	c.2703C>G	Benign synonymous, SpliceAI<=0.1, PhastCons<1.0	0.0	-0.522	0.013			0.09	B	
SLX4	NM_032444.4	c.2703C>A	Benign synonymous, SpliceAI<=0.1, PhastCons<1.0	0.0	-0.522	0.013			0.089	B	
SLX4	NM_032444.4	c.2697G>T	Benign synonymous, SpliceAI<=0.1, PhastCons<1.0	0.004	1.609	0.027			15.63	B	
SLX4	NM_032444.4	c.2697G>C	Benign synonymous, SpliceAI<=0.1, PhastCons<1.0	0.004	1.609	0.027			15.72	B	
SLX4	NM_032444.4	c.2694A>T	Benign synonymous, SpliceAI<=0.1, PhastCons<1.0	0.0	-0.653	0.009			1.148	B	
SLX4	NM_032444.4	c.2694A>C	Benign synonymous, SpliceAI<=0.1, PhastCons<1.0	0.0	-0.653	0.009			1.216	B	
SLX4	NM_032444.4	c.2691G>T	Benign synonymous, SpliceAI<=0.1, PhastCons<1.0	0.0	-0.209	0.011			0.04	B	
SLX4	NM_032444.4	c.2691G>C	Benign synonymous, SpliceAI<=0.1, PhastCons<1.0	0.0	-0.209	0.011			0.042	B	
SLX4	NM_032444.4	c.2685G>T	Benign synonymous, SpliceAI<=0.1, PhastCons<1.0	0.0	-0.659	0.010			14.42	B	
SLX4	NM_032444.4	c.2685G>C	Benign synonymous, SpliceAI<=0.1, PhastCons<1.0	0.0	-0.659	0.010			14.5	B	
SLX4	NM_032444.4	c.2671C>G	Benign synonymous, SpliceAI<=0.1, PhastCons<1.0	0.0	-0.13	0.010			5.8	B	
SLX4	NM_032444.4	c.2671C>A	Benign synonymous, SpliceAI<=0.1, PhastCons<1.0	0.0	-0.13	0.023			7.749	B	
SLX4	NM_032444.4	c.2667A>T	Benign synonymous, SpliceAI<=0.1, PhastCons<1.0	0.0	-0.062	0.019			0.17	B	
SLX4	NM_032444.4	c.2667A>C	Benign synonymous, SpliceAI<=0.1, PhastCons<1.0	0.0	-0.062	0.019			0.174	B	
SLX4	NM_032444.4	c.2652T>G	Benign synonymous, SpliceAI<=0.1, PhastCons<1.0	0.0	-0.425	0.022			0.896	B	
SLX4	NM_032444.4	c.2652T>A	Benign synonymous, SpliceAI<=0.1, PhastCons<1.0	0.0	-0.425	0.022			0.993	B	
SLX4	NM_032444.4	c.2643G>T	Benign synonymous, SpliceAI<=0.1, PhastCons<1.0	0.001	-0.041	0.014			2.927	B	
SLX4	NM_032444.4	c.2643G>C	Benign synonymous, SpliceAI<=0.1, PhastCons<1.0	0.001	-0.041	0.014			3.086	B	
SLX4	NM_032444.4	c.2638C>G	Benign synonymous, SpliceAI<=0.1, PhastCons<1.0	0.001	0.784	0.030			1.79	B	
SLX4	NM_032444.4	c.2638C>A	Benign synonymous, SpliceAI<=0.1, PhastCons<1.0	0.001	0.784	0.040			10.79	B	
SLX4	NM_032444.4	c.2634C>G	Benign synonymous, SpliceAI<=0.1, PhastCons<1.0	0.036	0.939	0.042			5.391	B	
SLX4	NM_032444.4	c.2634C>A	Benign synonymous, SpliceAI<=0.1, PhastCons<1.0	0.036	0.939	0.042			5.132	B	
SLX4	NM_032444.4	c.2628C>G	Benign synonymous, SpliceAI<=0.1, PhastCons<1.0	0.0	-2.582	0.005			0.005	B	
SLX4	NM_032444.4	c.2628C>A	Benign synonymous, SpliceAI<=0.1, PhastCons<1.0	0.0	-2.582	0.005			0.005	B	
SLX4	NM_032444.4	c.2625G>T	Benign synonymous, SpliceAI<=0.1, PhastCons<1.0	0.0	-0.033	0.048			4.928	B	
SLX4	NM_032444.4	c.2625G>C	Benign synonymous, SpliceAI<=0.1, PhastCons<1.0	0.0	-0.033	0.048			5.092	B	
SLX4	NM_032444.4	c.2607G>T	Benign synonymous, SpliceAI<=0.1, PhastCons<1.0	0.0	-0.855	0.005			0.043	B	
SLX4	NM_032444.4	c.2607G>C	Benign synonymous, SpliceAI<=0.1, PhastCons<1.0	0.0	-0.855	0.005			0.046	B	
SLX4	NM_032444.4	c.2605A>T	Benign synonymous, SpliceAI<=0.1, PhastCons<1.0	0.001	0.419	0.027			18.54	B	
SLX4	NM_032444.4	c.2605A>G	Benign synonymous, SpliceAI<=0.1, PhastCons<1.0	0.001	0.419	0.013			8.248	B	
SLX4	NM_032444.4	c.2604A>T	Benign synonymous, SpliceAI<=0.1, PhastCons<1.0	0.0	-0.325	0.037			1.653	B	
SLX4	NM_032444.4	c.2604A>C	Benign synonymous, SpliceAI<=0.1, PhastCons<1.0	0.0	-0.325	0.037			1.701	B	
SLX4	NM_032444.4	c.2601A>T	Benign synonymous, SpliceAI<=0.1, PhastCons<1.0	0.0	0.364	0.086			4.049	B	
SLX4	NM_032444.4	c.2601A>C	Benign synonymous, SpliceAI<=0.1, PhastCons<1.0	0.0	0.364	0.086			4.166	B	
SLX4	NM_032444.4	c.2598G>T	Benign synonymous, SpliceAI<=0.1, PhastCons<1.0	0.009	0.445	0.037			17.47	A	
SLX4	NM_032444.4	c.2598G>C	Benign synonymous, SpliceAI<=0.1, PhastCons<1.0	0.009	0.445	0.037			17.53	A	
SLX4	NM_032444.4	c.2584C>T	Benign synonymous, SpliceAI<=0.1, PhastCons<1.0	0.999	0.663			6.88000e-06	36.0		Pathogenic
SLX4	NM_032444.4	c.2584C>G	Benign synonymous, SpliceAI<=0.1, PhastCons<1.0	0.999	0.663	0.143			20.6	P	
SLX4	NM_032444.4	c.2571T>G	Benign synonymous, SpliceAI<=0.1, PhastCons<1.0	0.981	0.162	0.193			14.12	P	
SLX4	NM_032444.4	c.2571T>A	Benign synonymous, SpliceAI<=0.1, PhastCons<1.0	0.981	0.162	0.193			14.07	P	
SLX4	NM_032444.4	c.2559A>T	Benign synonymous, SpliceAI<=0.1, PhastCons<1.0	0.98	0.018	0.159			20.8	P	
SLX4	NM_032444.4	c.2559A>C	Benign synonymous, SpliceAI<=0.1, PhastCons<1.0	0.98	0.018	0.159			20.9	P	
SLX4	NM_032444.4	c.2556A>T	Benign synonymous, SpliceAI<=0.1, PhastCons<1.0	0.328	-0.811	0.038			9.562	B	
SLX4	NM_032444.4	c.2556A>C	Benign synonymous, SpliceAI<=0.1, PhastCons<1.0	0.328	-0.811	0.038			9.667	B	
SLX4	NM_032444.4	c.2550A>T	Benign synonymous, SpliceAI<=0.1, PhastCons<1.0	0.662	-0.383	0.085			14.21	A	
SLX4	NM_032444.4	c.2550A>C	Benign synonymous, SpliceAI<=0.1, PhastCons<1.0	0.662	-0.383	0.085			14.26	A	
SLX4	NM_032444.4	c.2544A>T	Benign synonymous, SpliceAI<=0.1, PhastCons<1.0	0.008	-1.35	0.150			15.52	B	
SLX4	NM_032444.4	c.2544A>C	Benign synonymous, SpliceAI<=0.1, PhastCons<1.0	0.008	-1.35	0.150			15.57	B	
SLX4	NM_032444.4	c.2535C>G	Benign synonymous, SpliceAI<=0.1, PhastCons<1.0	0.0	-1.383	0.019			0.016	B	
SLX4	NM_032444.4	c.2535C>A	Benign synonymous, SpliceAI<=0.1, PhastCons<1.0	0.0	-1.383	0.019			0.008	B	Uncertain_significance
SLX4	NM_032444.4	c.2532A>T	Benign synonymous, SpliceAI<=0.1, PhastCons<1.0	0.05	0.222	0.023			15.29	B	
SLX4	NM_032444.4	c.2532A>C	Benign synonymous, SpliceAI<=0.1, PhastCons<1.0	0.05	0.222	0.023			15.32	B	
SLX4	NM_032444.4	c.2529A>T	Benign synonymous, SpliceAI<=0.1, PhastCons<1.0	0.849	1.215	0.024			15.84	B	
SLX4	NM_032444.4	c.2529A>C	Benign synonymous, SpliceAI<=0.1, PhastCons<1.0	0.849	1.215	0.024			15.89	B	
SLX4	NM_032444.4	c.2526T>G	Benign synonymous, SpliceAI<=0.1, PhastCons<1.0	0.214	-0.319	0.105			12.95	B	
SLX4	NM_032444.4	c.2526T>A	Benign synonymous, SpliceAI<=0.1, PhastCons<1.0	0.214	-0.319	0.105			12.91	B	
SLX4	NM_032444.4	c.2523A>T	Benign synonymous, SpliceAI<=0.1, PhastCons<1.0	0.453	-0.337	0.053			15.9	B	
SLX4	NM_032444.4	c.2523A>C	Benign synonymous, SpliceAI<=0.1, PhastCons<1.0	0.453	-0.337	0.053			15.97	B	
SLX4	NM_032444.4	c.2520A>T	Benign synonymous, SpliceAI<=0.1, PhastCons<1.0	0.405	0.107	0.066			7.799	B	
SLX4	NM_032444.4	c.2520A>C	Benign synonymous, SpliceAI<=0.1, PhastCons<1.0	0.405	0.107	0.066			7.896	B	
SLX4	NM_032444.4	c.2517C>G	Benign synonymous, SpliceAI<=0.1, PhastCons<1.0	0.0	-1.81	0.029			0.002	B	Uncertain_significance
SLX4	NM_032444.4	c.2517C>A	Benign synonymous, SpliceAI<=0.1, PhastCons<1.0	0.0	-1.81	0.029			0.002	B	
SLX4	NM_032444.4	c.2514C>G	Benign synonymous, SpliceAI<=0.1, PhastCons<1.0	0.015	1.829	0.059			2.326	B	
SLX4	NM_032444.4	c.2514C>A	Benign synonymous, SpliceAI<=0.1, PhastCons<1.0	0.015	1.829	0.059			2.252	B	
SLX4	NM_032444.4	c.2511G>T	Benign synonymous, SpliceAI<=0.1, PhastCons<1.0	0.879	1.376	0.052			14.92	B	
SLX4	NM_032444.4	c.2511G>C	Benign synonymous, SpliceAI<=0.1, PhastCons<1.0	0.879	1.376	0.052			14.94	B	
SLX4	NM_032444.4	c.2505A>T	Benign synonymous, SpliceAI<=0.1, PhastCons<1.0	0.0	-0.526	0.014			11.49	A	
SLX4	NM_032444.4	c.2505A>C	Benign synonymous, SpliceAI<=0.1, PhastCons<1.0	0.0	-0.526	0.014			11.57	A	
SLX4	NM_032444.4	c.2502G>T	Benign synonymous, SpliceAI<=0.1, PhastCons<1.0	0.026	0.699	0.033			17.06	B	
SLX4	NM_032444.4	c.2502G>C	Benign synonymous, SpliceAI<=0.1, PhastCons<1.0	0.026	0.699	0.033			17.11	B	
SLX4	NM_032444.4	c.2500T>G	Benign synonymous, SpliceAI<=0.1, PhastCons<1.0	0.0	-1.355	0.035			0.076	B	
SLX4	NM_032444.4	c.2500T>A	Benign synonymous, SpliceAI<=0.1, PhastCons<1.0	0.0	-1.355	0.018			1.047	B	
SLX4	NM_032444.4	c.2499G>T	Benign synonymous, SpliceAI<=0.1, PhastCons<1.0	0.0	0.037	0.056		0.000180730	18.72	B	Uncertain_significance
SLX4	NM_032444.4	c.2499G>C	Benign synonymous, SpliceAI<=0.1, PhastCons<1.0	0.0	0.037	0.064			18.75	B	
SLX4	NM_032444.4	c.2497T>G	Benign synonymous, SpliceAI<=0.1, PhastCons<1.0	0.0	-0.358	0.036			11.73	B	
SLX4	NM_032444.4	c.2497T>A	Benign synonymous, SpliceAI<=0.1, PhastCons<1.0	0.0	-0.358	0.043			12.91	B	
SLX4	NM_032444.4	c.2493G>T	Benign synonymous, SpliceAI<=0.1, PhastCons<1.0	0.001	0.672	0.037			20.2	B	
SLX4	NM_032444.4	c.2493G>C	Benign synonymous, SpliceAI<=0.1, PhastCons<1.0	0.001	0.672	0.037			20.3	B	
SLX4	NM_032444.4	c.2487A>T	Benign synonymous, SpliceAI<=0.1, PhastCons<1.0	0.43	0.165	0.060			10.36	B	
SLX4	NM_032444.4	c.2487A>C	Benign synonymous, SpliceAI<=0.1, PhastCons<1.0	0.43	0.165	0.060			10.5	B	
SLX4	NM_032444.4	c.2481G>T	Benign synonymous, SpliceAI<=0.1, PhastCons<1.0	0.998	0.465	0.047			17.34	B	
SLX4	NM_032444.4	c.2481G>C	Benign synonymous, SpliceAI<=0.1, PhastCons<1.0	0.998	0.465	0.047			17.41	B	
SLX4	NM_032444.4	c.2478A>T	Benign synonymous, SpliceAI<=0.1, PhastCons<1.0	0.073	-1.119	0.149			11.79	B	
SLX4	NM_032444.4	c.2478A>C	Benign synonymous, SpliceAI<=0.1, PhastCons<1.0	0.073	-1.119	0.148			11.92	B	
SLX4	NM_032444.4	c.2475T>G	Benign synonymous, SpliceAI<=0.1, PhastCons<1.0	0.0	-0.719	0.084			0.376	B	
SLX4	NM_032444.4	c.2475T>A	Benign synonymous, SpliceAI<=0.1, PhastCons<1.0	0.0	-0.719	0.084			0.353	B	
SLX4	NM_032444.4	c.2455T>G	Benign synonymous, SpliceAI<=0.1, PhastCons<1.0	0.97	0.142	0.150			19.37	P	
SLX4	NM_032444.4	c.2455T>A	Benign synonymous, SpliceAI<=0.1, PhastCons<1.0	0.97	0.142	0.164			20.2	P	
SLX4	NM_032444.4	c.2451A>T	Benign synonymous, SpliceAI<=0.1, PhastCons<1.0	0.056	-1.067	0.052			4.571	B	
SLX4	NM_032444.4	c.2451A>C	Benign synonymous, SpliceAI<=0.1, PhastCons<1.0	0.056	-1.067	0.052			4.476	B	Uncertain_significance
SLX4	NM_032444.4	c.2448G>T	Benign synonymous, SpliceAI<=0.1, PhastCons<1.0	0.933	-0.151	0.067			15.54	P	
SLX4	NM_032444.4	c.2448G>C	Benign synonymous, SpliceAI<=0.1, PhastCons<1.0	0.933	-0.151	0.067			15.62	P	
SLX4	NM_032444.4	c.2442T>G	Benign synonymous, SpliceAI<=0.1, PhastCons<1.0	0.456	0.037	0.133			11.04	P	
SLX4	NM_032444.4	c.2442T>A	Benign synonymous, SpliceAI<=0.1, PhastCons<1.0	0.456	0.037	0.134			11.13	P	
SLX4	NM_032444.4	c.2439G>T	Benign synonymous, SpliceAI<=0.1, PhastCons<1.0	0.96	0.158	0.101			18.24	B	
SLX4	NM_032444.4	c.2439G>C	Benign synonymous, SpliceAI<=0.1, PhastCons<1.0	0.96	0.158	0.101			18.17	B	
SLX4	NM_032444.4	c.2433G>T	Benign synonymous, SpliceAI<=0.1, PhastCons<1.0	0.272	0.058	0.107			16.79	P	
SLX4	NM_032444.4	c.2433G>C	Benign synonymous, SpliceAI<=0.1, PhastCons<1.0	0.272	0.058	0.107			16.86	P	
SLX4	NM_032444.4	c.2431A>T	Benign synonymous, SpliceAI<=0.1, PhastCons<1.0	0.99	1.053	0.141			21.4	A	
SLX4	NM_032444.4	c.2431A>G	Benign synonymous, SpliceAI<=0.1, PhastCons<1.0	0.99	1.053	0.128			20.3	A	
SLX4	NM_032444.4	c.2430C>G	Benign synonymous, SpliceAI<=0.1, PhastCons<1.0	0.979	1.836	0.083			21.4	A	
SLX4	NM_032444.4	c.2430C>A	Benign synonymous, SpliceAI<=0.1, PhastCons<1.0	0.979	1.836	0.083		3.59000e-06	21.2	A	Uncertain_significance
SLX4	NM_032444.4	c.2427A>T	Benign synonymous, SpliceAI<=0.1, PhastCons<1.0	0.0	-1.298	0.022			0.67	B	
SLX4	NM_032444.4	c.2427A>C	Benign synonymous, SpliceAI<=0.1, PhastCons<1.0	0.0	-1.298	0.022			0.433	B	Uncertain_significance
SLX4	NM_032444.4	c.2424C>G	Benign synonymous, SpliceAI<=0.1, PhastCons<1.0	0.078	0.036	0.119			12.9	A	
SLX4	NM_032444.4	c.2424C>A	Benign synonymous, SpliceAI<=0.1, PhastCons<1.0	0.078	0.036			7.90000e-07	26.1		Likely_pathogenic
SLX4	NM_032444.4	c.2421T>G	Benign synonymous, SpliceAI<=0.1, PhastCons<1.0	0.0	-0.428	0.055			0.04	A	Uncertain_significance
SLX4	NM_032444.4	c.2421T>A	Benign synonymous, SpliceAI<=0.1, PhastCons<1.0	0.0	-0.428	0.055			0.037	A	
SLX4	NM_032444.4	c.2418G>T	Benign synonymous, SpliceAI<=0.1, PhastCons<1.0	0.0	-0.059	0.011			12.79	B	Uncertain_significance
SLX4	NM_032444.4	c.2418G>C	Benign synonymous, SpliceAI<=0.1, PhastCons<1.0	0.0	-0.059	0.011			12.81	B	
SLX4	NM_032444.4	c.2412A>T	Benign synonymous, SpliceAI<=0.1, PhastCons<1.0	0.731	-0.078	0.031			10.24	B	
SLX4	NM_032444.4	c.2412A>C	Benign synonymous, SpliceAI<=0.1, PhastCons<1.0	0.731	-0.078	0.031			10.22	B	
SLX4	NM_032444.4	c.2409G>T	Benign synonymous, SpliceAI<=0.1, PhastCons<1.0	0.345	0.619	0.031			19.58	B	
SLX4	NM_032444.4	c.2409G>C	Benign synonymous, SpliceAI<=0.1, PhastCons<1.0	0.345	0.619	0.031			19.68	B	
SLX4	NM_032444.4	c.2406G>T	Benign synonymous, SpliceAI<=0.1, PhastCons<1.0	0.569	1.623	0.041			14.88	B	
SLX4	NM_032444.4	c.2406G>C	Benign synonymous, SpliceAI<=0.1, PhastCons<1.0	0.569	1.623	0.041			14.98	B	
SLX4	NM_032444.4	c.2403G>T	Benign synonymous, SpliceAI<=0.1, PhastCons<1.0	0.0	-0.248	0.063			7.026	B	
SLX4	NM_032444.4	c.2403G>C	Benign synonymous, SpliceAI<=0.1, PhastCons<1.0	0.0	-0.248	0.063			7.3	B	
SLX4	NM_032444.4	c.2394A>T	Benign synonymous, SpliceAI<=0.1, PhastCons<1.0	0.0	-3.096	0.021			0.025	B	
SLX4	NM_032444.4	c.2394A>C	Benign synonymous, SpliceAI<=0.1, PhastCons<1.0	0.0	-3.096	0.021			0.027	B	
SLX4	NM_032444.4	c.2388G>T	Benign synonymous, SpliceAI<=0.1, PhastCons<1.0	0.011	0.646	0.050			8.121	B	
SLX4	NM_032444.4	c.2388G>C	Benign synonymous, SpliceAI<=0.1, PhastCons<1.0	0.011	0.646	0.050			8.354	B	
SLX4	NM_032444.4	c.2382C>G	Benign synonymous, SpliceAI<=0.1, PhastCons<1.0	0.002	-0.088	0.013			2.996	B	
SLX4	NM_032444.4	c.2382C>A	Benign synonymous, SpliceAI<=0.1, PhastCons<1.0	0.002	-0.088	0.013			3.493	B	
SLX4	NM_032444.4	c.2364G>T	Benign synonymous, SpliceAI<=0.1, PhastCons<1.0	0.0	-1.015	0.217			8.55	B	
SLX4	NM_032444.4	c.2364G>C	Benign synonymous, SpliceAI<=0.1, PhastCons<1.0	0.0	-1.015	0.217		1.88300e-05	8.713	B	Uncertain_significance
SLX4	NM_032444.4	c.2361A>T	Benign synonymous, SpliceAI<=0.1, PhastCons<1.0	0.025	-0.026	0.299			15.05	B	
SLX4	NM_032444.4	c.2361A>C	Benign synonymous, SpliceAI<=0.1, PhastCons<1.0	0.025	-0.026	0.299			15.04	B	
SLX4	NM_032444.4	c.2359G>A	Likely_benign FAF >0.1%, REVEL <0.29, SpliceAI<=0.1	0.017	0.345	0.245		0.00165484	13.04	B	Conflicting_classifications_of_pathogenicity
SLX4	NM_032444.4	c.2358C>G	Benign synonymous, SpliceAI<=0.1, PhastCons<1.0	0.001	-0.561	0.462			12.77	P	
SLX4	NM_032444.4	c.2358C>A	Benign synonymous, SpliceAI<=0.1, PhastCons<1.0	0.001	-0.561				26.8		
SLX4	NM_032444.4	c.2353C>G	Benign synonymous, SpliceAI<=0.1, PhastCons<1.0	0.01	0.332	0.238			16.98	B	
SLX4	NM_032444.4	c.2353C>A	Benign synonymous, SpliceAI<=0.1, PhastCons<1.0	0.01	0.332	0.254			20.2	B	
SLX4	NM_032444.4	c.2352C>G	Benign synonymous, SpliceAI<=0.1, PhastCons<1.0	0.0	-0.162	0.083			3.689	B	
SLX4	NM_032444.4	c.2352C>A	Benign synonymous, SpliceAI<=0.1, PhastCons<1.0	0.0	-0.162	0.083			3.514	B	
SLX4	NM_032444.4	c.2340T>G	Benign synonymous, SpliceAI<=0.1, PhastCons<1.0	0.0	-0.833	0.217			0.467	B	
SLX4	NM_032444.4	c.2340T>A	Benign synonymous, SpliceAI<=0.1, PhastCons<1.0	0.0	-0.833	0.217			0.4	B	
SLX4	NM_032444.4	c.2325C>G	Benign synonymous, SpliceAI<=0.1, PhastCons<1.0	0.99	1.98	0.064			21.1	B	
SLX4	NM_032444.4	c.2325C>A	Benign synonymous, SpliceAI<=0.1, PhastCons<1.0	0.99	1.98	0.064			16.52	B	
SLX4	NM_032444.4	c.2313C>G	Benign synonymous, SpliceAI<=0.1, PhastCons<1.0	0.0	-0.765	0.095			1.624	B	
SLX4	NM_032444.4	c.2313C>A	Benign synonymous, SpliceAI<=0.1, PhastCons<1.0	0.0	-0.765	0.095			0.724	B	
SLX4	NM_032444.4	c.2308C>G	Benign synonymous, SpliceAI<=0.1, PhastCons<1.0	0.839	1.624	0.307			28.0	B	
SLX4	NM_032444.4	c.2308C>A	Benign synonymous, SpliceAI<=0.1, PhastCons<1.0	0.839	1.624	0.404			23.7	B	
SLX4	NM_032444.4	c.2307G>T	Benign synonymous, SpliceAI<=0.1, PhastCons<1.0	0.009	-0.096	0.059			1.252	B	
SLX4	NM_032444.4	c.2307G>C	Benign synonymous, SpliceAI<=0.1, PhastCons<1.0	0.009	-0.096	0.059			1.262	B	
SLX4	NM_032444.4	c.2305G>C	Likely_benign FAF >0.1%, REVEL <0.29, SpliceAI<=0.1	0.002	0.614	0.068		0.00213879	13.75	B	Uncertain_significance
SLX4	NM_032444.4	c.2301C>G	Benign synonymous, SpliceAI<=0.1, PhastCons<1.0	0.0	0.066	0.074			14.1	B	
SLX4	NM_032444.4	c.2301C>A	Benign synonymous, SpliceAI<=0.1, PhastCons<1.0	0.0	0.066	0.074			3.977	B	
SLX4	NM_032444.4	c.2290C>G	Likely_benign FAF >0.1%, REVEL <0.29, SpliceAI<=0.1	0.0	-0.018	0.093		0.00678527	3.323	B	Conflicting_classifications_of_pathogenicity
SLX4	NM_032444.4	c.2277C>G	Benign synonymous, SpliceAI<=0.1, PhastCons<1.0	0.409	0.507	0.155			20.1	A	
SLX4	NM_032444.4	c.2277C>A	Benign synonymous, SpliceAI<=0.1, PhastCons<1.0	0.409	0.507	0.155			20.0	A	
SLX4	NM_032444.4	c.2268C>G	Benign synonymous, SpliceAI<=0.1, PhastCons<1.0	0.983	0.537				35.0		
SLX4	NM_032444.4	c.2268C>A	Benign synonymous, SpliceAI<=0.1, PhastCons<1.0	0.983	0.537				35.0		
SLX4	NM_032444.4	c.2262T>G	Benign synonymous, SpliceAI<=0.1, PhastCons<1.0	0.884	-0.184				33.0		
SLX4	NM_032444.4	c.2262T>A	Benign synonymous, SpliceAI<=0.1, PhastCons<1.0	0.884	-0.184				34.0		
SLX4	NM_032444.4	c.2259C>G	Benign synonymous, SpliceAI<=0.1, PhastCons<1.0	0.004	-0.035	0.077		0.000122860	2.373	B	Uncertain_significance
SLX4	NM_032444.4	c.2259C>A	Benign synonymous, SpliceAI<=0.1, PhastCons<1.0	0.004	-0.035	0.077			2.098	B	
SLX4	NM_032444.4	c.2249C>T	Likely_benign FAF >0.1%, REVEL <0.29, SpliceAI<=0.1	0.009	1.573	0.086		0.00106052	10.5	B	Uncertain_significance
SLX4	NM_032444.4	c.2232C>G	Benign synonymous, SpliceAI<=0.1, PhastCons<1.0	0.392	0.692	0.142			18.73	P	
SLX4	NM_032444.4	c.2232C>A	Benign synonymous, SpliceAI<=0.1, PhastCons<1.0	0.392	0.692	0.142			18.73	P	
SLX4	NM_032444.4	c.2226C>G	Benign synonymous, SpliceAI<=0.1, PhastCons<1.0	0.01	-1.513	0.049			19.61	B	
SLX4	NM_032444.4	c.2226C>A	Benign synonymous, SpliceAI<=0.1, PhastCons<1.0	0.01	-1.513	0.050			6.895	B	
SLX4	NM_032444.4	c.2208G>T	Benign synonymous, SpliceAI<=0.1, PhastCons<1.0	0.991	0.225	0.145			23.1	B	
SLX4	NM_032444.4	c.2208G>C	Benign synonymous, SpliceAI<=0.1, PhastCons<1.0	0.991	0.225	0.145		4.43000e-06	23.2	B	Uncertain_significance
SLX4	NM_032444.4	c.2200C>G	Benign synonymous, SpliceAI<=0.1, PhastCons<1.0	0.0	-1.617	0.030			8.918	B	
SLX4	NM_032444.4	c.2200C>A	Benign synonymous, SpliceAI<=0.1, PhastCons<1.0	0.0	-1.617	0.081			12.37	B	
SLX4	NM_032444.4	c.2193C>G	Benign synonymous, SpliceAI<=0.1, PhastCons<1.0	0.033	-0.469	0.184			0.322	B	
SLX4	NM_032444.4	c.2193C>A	Benign synonymous, SpliceAI<=0.1, PhastCons<1.0	0.033	-0.469	0.184			0.213	B	
SLX4	NM_032444.4	c.2190G>T	Benign synonymous, SpliceAI<=0.1, PhastCons<1.0	0.946	-0.066	0.397			14.91	A	
SLX4	NM_032444.4	c.2190G>C	Benign synonymous, SpliceAI<=0.1, PhastCons<1.0	0.946	-0.066	0.399			15.04	A	
SLX4	NM_032444.4	c.2178C>G	Benign synonymous, SpliceAI<=0.1, PhastCons<1.0	0.848	0.925	0.186			22.7	P	
SLX4	NM_032444.4	c.2178C>A	Benign synonymous, SpliceAI<=0.1, PhastCons<1.0	0.848	0.925	0.186			22.6	P	
SLX4	NM_032444.4	c.2172A>T	Benign synonymous, SpliceAI<=0.1, PhastCons<1.0	0.989	0.042	0.096			15.79	B	
SLX4	NM_032444.4	c.2172A>C	Benign synonymous, SpliceAI<=0.1, PhastCons<1.0	0.989	0.042	0.096			15.47	B	
SLX4	NM_032444.4	c.2169T>G	Benign synonymous, SpliceAI<=0.1, PhastCons<1.0	0.0	-1.714	0.029			0.01	B	
SLX4	NM_032444.4	c.2169T>A	Benign synonymous, SpliceAI<=0.1, PhastCons<1.0	0.0	-1.714	0.029			0.009	B	
SLX4	NM_032444.4	c.2166C>G	Benign synonymous, SpliceAI<=0.1, PhastCons<1.0	0.963	1.133	0.124			16.94	A	
SLX4	NM_032444.4	c.2166C>A	Benign synonymous, SpliceAI<=0.1, PhastCons<1.0	0.963	1.133	0.122			17.12	A	
SLX4	NM_032444.4	c.2160T>G	Benign synonymous, SpliceAI<=0.1, PhastCons<1.0	0.469	0.924				37.0		
SLX4	NM_032444.4	c.2160T>A	Benign synonymous, SpliceAI<=0.1, PhastCons<1.0	0.469	0.924				40.0		
SLX4	NM_032444.4	c.2157G>T	Benign synonymous, SpliceAI<=0.1, PhastCons<1.0	0.071	0.353	0.387		0.000829250	20.9	A	Uncertain_significance
SLX4	NM_032444.4	c.2157G>C	Benign synonymous, SpliceAI<=0.1, PhastCons<1.0	0.071	0.353	0.387			20.9	A	
SLX4	NM_032444.4	c.2142C>G	Benign synonymous, SpliceAI<=0.1, PhastCons<1.0	0.576	-0.338	0.565			18.81	P	
SLX4	NM_032444.4	c.2142C>A	Benign synonymous, SpliceAI<=0.1, PhastCons<1.0	0.576	-0.338				35.0		
SLX4	NM_032444.4	c.2133T>G	Benign synonymous, SpliceAI<=0.1, PhastCons<1.0	0.792	-0.085				35.0		
SLX4	NM_032444.4	c.2133T>A	Benign synonymous, SpliceAI<=0.1, PhastCons<1.0	0.792	-0.085				35.0		
SLX4	NM_032444.4	c.2112C>G	Benign synonymous, SpliceAI<=0.1, PhastCons<1.0	0.473	-0.407				26.2		
SLX4	NM_032444.4	c.2112C>A	Benign synonymous, SpliceAI<=0.1, PhastCons<1.0	0.473	-0.407				25.8		
SLX4	NM_032444.4	c.2103G>T	Benign synonymous, SpliceAI<=0.1, PhastCons<1.0	0.455	-0.457	0.088			10.22	B	
SLX4	NM_032444.4	c.2103G>C	Benign synonymous, SpliceAI<=0.1, PhastCons<1.0	0.455	-0.457	0.086		0.00701541	11.22	B	Conflicting_classifications_of_pathogenicity
SLX4	NM_032444.4	c.2097C>G	Benign synonymous, SpliceAI<=0.1, PhastCons<1.0	0.001	-0.721	0.207			6.722	A	
SLX4	NM_032444.4	c.2097C>A	Benign synonymous, SpliceAI<=0.1, PhastCons<1.0	0.001	-0.721	0.207			4.571	A	
SLX4	NM_032444.4	c.2085T>G	Benign synonymous, SpliceAI<=0.1, PhastCons<1.0	0.998	0.305	0.059			12.37	P	
SLX4	NM_032444.4	c.2085T>A	Benign synonymous, SpliceAI<=0.1, PhastCons<1.0	0.998	0.305	0.059			12.36	P	
SLX4	NM_032444.4	c.2076T>G	Benign synonymous, SpliceAI<=0.1, PhastCons<1.0	0.006	-0.463	0.455			7.065	P	
SLX4	NM_032444.4	c.2076T>A	Benign synonymous, SpliceAI<=0.1, PhastCons<1.0	0.006	-0.463	0.455			6.671	P	
SLX4	NM_032444.4	c.2073T>G	Benign synonymous, SpliceAI<=0.1, PhastCons<1.0	0.266	-0.283	0.635			7.109	P	
SLX4	NM_032444.4	c.2073T>A	Benign synonymous, SpliceAI<=0.1, PhastCons<1.0	0.266	-0.283	0.635			6.995	P	
SLX4	NM_032444.4	c.2067C>G	Benign synonymous, SpliceAI<=0.1, PhastCons<1.0	0.997	0.216	0.104			19.07	B	
SLX4	NM_032444.4	c.2067C>A	Benign synonymous, SpliceAI<=0.1, PhastCons<1.0	0.997	0.216	0.104			17.95	B	
SLX4	NM_032444.4	c.2058T>G	Benign synonymous, SpliceAI<=0.1, PhastCons<1.0	0.998	0.414	0.401			20.1	P	
SLX4	NM_032444.4	c.2058T>A	Benign synonymous, SpliceAI<=0.1, PhastCons<1.0	0.998	0.414	0.400			19.99	P	
SLX4	NM_032444.4	c.2047G>A	Likely_benign FAF >0.1%, REVEL <0.29, SpliceAI<=0.1	0.385	0.883	0.030		0.00212512	13.13	B	Conflicting_classifications_of_pathogenicity
SLX4	NM_032444.4	c.2043T>G	Benign synonymous, SpliceAI<=0.1, PhastCons<1.0	0.009	0.051	0.096			17.48	P	
SLX4	NM_032444.4	c.2043T>A	Benign synonymous, SpliceAI<=0.1, PhastCons<1.0	0.009	0.051	0.096			17.89	P	
SLX4	NM_032444.4	c.2026C>G	Benign synonymous, SpliceAI<=0.1, PhastCons<1.0	0.002	-0.023	0.043			10.24	B	
SLX4	NM_032444.4	c.2026C>A	Benign synonymous, SpliceAI<=0.1, PhastCons<1.0	0.002	-0.023	0.083			15.42	B	
SLX4	NM_032444.4	c.2013G>T	Benign synonymous, SpliceAI<=0.1, PhastCons<1.0	0.375	0.151	0.027			21.6	B	
SLX4	NM_032444.4	c.2013G>C	Benign synonymous, SpliceAI<=0.1, PhastCons<1.0	0.375	0.151	0.027			20.7	B	
SLX4	NM_032444.4	c.2012T>C	Benign FAF >5%	0.281	0.591	0.044		0.0860994	8.256	B	Benign
SLX4	NM_032444.4	c.2011T>G	Benign synonymous, SpliceAI<=0.1, PhastCons<1.0	0.151	0.555	0.020			15.39	B	
SLX4	NM_032444.4	c.2011T>A	Benign synonymous, SpliceAI<=0.1, PhastCons<1.0	0.151	0.555	0.019			15.96	B	
SLX4	NM_032444.4	c.1998G>T	Benign synonymous, SpliceAI<=0.1, PhastCons<1.0	0.0	-0.503	0.010			2.136	B	
SLX4	NM_032444.4	c.1998G>C	Benign synonymous, SpliceAI<=0.1, PhastCons<1.0	0.0	-0.503	0.010			2.544	B	
SLX4	NM_032444.4	c.1996A>T	Benign synonymous, SpliceAI<=0.1, PhastCons<1.0	0.0	-0.428	0.037			16.66	B	
SLX4	NM_032444.4	c.1996A>G	Benign synonymous, SpliceAI<=0.1, PhastCons<1.0	0.0	-0.428	0.014			4.428	B	
SLX4	NM_032444.4	c.1995C>G	Benign synonymous, SpliceAI<=0.1, PhastCons<1.0	0.0	-0.203	0.007			0.082	B	
SLX4	NM_032444.4	c.1995C>A	Benign synonymous, SpliceAI<=0.1, PhastCons<1.0	0.0	-0.203	0.007		4.43000e-06	0.07	B	
SLX4	NM_032444.4	c.1989C>G	Benign synonymous, SpliceAI<=0.1, PhastCons<1.0	0.0	-0.76	0.004			0.03	B	
SLX4	NM_032444.4	c.1989C>A	Benign synonymous, SpliceAI<=0.1, PhastCons<1.0	0.0	-0.76	0.004			0.032	B	
SLX4	NM_032444.4	c.1986G>T	Benign synonymous, SpliceAI<=0.1, PhastCons<1.0	0.096	1.26	0.088			15.98	B	
SLX4	NM_032444.4	c.1986G>C	Benign synonymous, SpliceAI<=0.1, PhastCons<1.0	0.096	1.26	0.088			15.92	B	
SLX4	NM_032444.4	c.1983C>G	Benign synonymous, SpliceAI<=0.1, PhastCons<1.0	0.116	0.187	0.019			0.195	B	
SLX4	NM_032444.4	c.1983C>A	Benign synonymous, SpliceAI<=0.1, PhastCons<1.0	0.116	0.187	0.019			0.262	B	
SLX4	NM_032444.4	c.1980G>T	Benign synonymous, SpliceAI<=0.1, PhastCons<1.0	0.093	0.296	0.052			14.34	B	
SLX4	NM_032444.4	c.1980G>C	Benign synonymous, SpliceAI<=0.1, PhastCons<1.0	0.093	0.296	0.052			13.87	B	
SLX4	NM_032444.4	c.1954C>G	Benign synonymous, SpliceAI<=0.1, PhastCons<1.0	0.439	0.546	0.086			17.54	B	
SLX4	NM_032444.4	c.1954C>A	Benign synonymous, SpliceAI<=0.1, PhastCons<1.0	0.439	0.546	0.116			19.19	B	
SLX4	NM_032444.4	c.1932C>G	Benign synonymous, SpliceAI<=0.1, PhastCons<1.0	0.015	-0.056	0.083			12.62	B	
SLX4	NM_032444.4	c.1932C>A	Benign synonymous, SpliceAI<=0.1, PhastCons<1.0	0.015	-0.056	0.083			11.84	B	
SLX4	NM_032444.4	c.1929G>T	Benign synonymous, SpliceAI<=0.1, PhastCons<1.0	0.236	0.307	0.021			11.66	B	
SLX4	NM_032444.4	c.1929G>C	Benign synonymous, SpliceAI<=0.1, PhastCons<1.0	0.236	0.307	0.021		6.88000e-06	11.31	B	Uncertain_significance
SLX4	NM_032444.4	c.1927T>G	Benign synonymous, SpliceAI<=0.1, PhastCons<1.0	0.013	-0.107	0.027			4.458	B	
SLX4	NM_032444.4	c.1927T>A	Benign synonymous, SpliceAI<=0.1, PhastCons<1.0	0.013	-0.107	0.012			2.08	B	
SLX4	NM_032444.4	c.1914A>T	Benign synonymous, SpliceAI<=0.1, PhastCons<1.0	0.0	-0.016	0.016			0.471	B	
SLX4	NM_032444.4	c.1914A>C	Benign synonymous, SpliceAI<=0.1, PhastCons<1.0	0.0	-0.016	0.016			0.491	B	
SLX4	NM_032444.4	c.1900C>G	Benign synonymous, SpliceAI<=0.1, PhastCons<1.0	0.002	0.813	0.065			2.772	B	
SLX4	NM_032444.4	c.1900C>A	Benign synonymous, SpliceAI<=0.1, PhastCons<1.0	0.002	0.813	0.057			6.133	B	
SLX4	NM_032444.4	c.1898G>A	Likely_benign FAF >0.1%, REVEL <0.29, SpliceAI<=0.1	0.001	0.247	0.013		0.0292279	5.513	B	Benign/Likely_benign
SLX4	NM_032444.4	c.1893T>G	Benign synonymous, SpliceAI<=0.1, PhastCons<1.0	0.0	-0.237	0.157			15.64	B	Uncertain_significance
SLX4	NM_032444.4	c.1893T>A	Benign synonymous, SpliceAI<=0.1, PhastCons<1.0	0.0	-0.237	0.157			14.83	B	
SLX4	NM_032444.4	c.1872C>G	Benign synonymous, SpliceAI<=0.1, PhastCons<1.0	0.001	-1.843	0.094			0.535	A	
SLX4	NM_032444.4	c.1872C>A	Benign synonymous, SpliceAI<=0.1, PhastCons<1.0	0.001	-1.843	0.094			0.405	A	
SLX4	NM_032444.4	c.1867C>G	Benign synonymous, SpliceAI<=0.1, PhastCons<1.0	0.853	0.318	0.024			11.22	B	
SLX4	NM_032444.4	c.1867C>A	Benign synonymous, SpliceAI<=0.1, PhastCons<1.0	0.853	0.318	0.007			7.199	B	
SLX4	NM_032444.4	c.1860G>T	Benign synonymous, SpliceAI<=0.1, PhastCons<1.0	0.086	0.315	0.012		2.90000e-07	9.251	B	
SLX4	NM_032444.4	c.1860G>C	Benign synonymous, SpliceAI<=0.1, PhastCons<1.0	0.086	0.315	0.012			9.117	B	
SLX4	NM_032444.4	c.1858A>T	Benign synonymous, SpliceAI<=0.1, PhastCons<1.0	0.0	-0.643	0.059			12.23	B	
SLX4	NM_032444.4	c.1858A>G	Benign synonymous, SpliceAI<=0.1, PhastCons<1.0	0.0	-0.643	0.043			2.513	B	
SLX4	NM_032444.4	c.1852C>G	Benign synonymous, SpliceAI<=0.1, PhastCons<1.0	0.955	0.593	0.072		1.60600e-05	19.94	B	
SLX4	NM_032444.4	c.1852C>A	Benign synonymous, SpliceAI<=0.1, PhastCons<1.0	0.955	0.593	0.105			20.7	B	
SLX4	NM_032444.4	c.1851C>G	Benign synonymous, SpliceAI<=0.1, PhastCons<1.0	0.925	-0.031	0.067			9.633	B	
SLX4	NM_032444.4	c.1851C>A	Benign synonymous, SpliceAI<=0.1, PhastCons<1.0	0.925	-0.031	0.067			9.724	B	
SLX4	NM_032444.4	c.1827C>G	Benign synonymous, SpliceAI<=0.1, PhastCons<1.0	0.0	-1.765	0.016			0.279	B	
SLX4	NM_032444.4	c.1827C>A	Benign synonymous, SpliceAI<=0.1, PhastCons<1.0	0.0	-1.765	0.016			0.273	B	
SLX4	NM_032444.4	c.1824G>T	Benign synonymous, SpliceAI<=0.1, PhastCons<1.0	0.17	0.118	0.020			13.51	B	Uncertain_significance
SLX4	NM_032444.4	c.1824G>C	Benign synonymous, SpliceAI<=0.1, PhastCons<1.0	0.17	0.118	0.020			13.55	B	
SLX4	NM_032444.4	c.1821G>T	Benign synonymous, SpliceAI<=0.1, PhastCons<1.0	0.998	0.766	0.128			21.5	A	
SLX4	NM_032444.4	c.1821G>C	Benign synonymous, SpliceAI<=0.1, PhastCons<1.0	0.998	0.766	0.127			20.5	A	
SLX4	NM_032444.4	c.1818G>T	Benign synonymous, SpliceAI<=0.1, PhastCons<1.0	0.999	0.497	0.109			22.0	A	
SLX4	NM_032444.4	c.1818G>C	Benign synonymous, SpliceAI<=0.1, PhastCons<1.0	0.999	0.497	0.108			21.9	A	
SLX4	NM_032444.4	c.1802C>T	Likely_benign FAF >0.1%, REVEL <0.29, SpliceAI<=0.1	0.0	0.139	0.035		0.00964632	6.953	B	Benign/Likely_benign
SLX4	NM_032444.4	c.1794G>T	Benign synonymous, SpliceAI<=0.1, PhastCons<1.0	0.0	-0.109	0.023			3.738	B	
SLX4	NM_032444.4	c.1794G>C	Benign synonymous, SpliceAI<=0.1, PhastCons<1.0	0.0	-0.109	0.023			1.496	B	
SLX4	NM_032444.4	c.1792A>T	Benign synonymous, SpliceAI<=0.1, PhastCons<1.0	0.0	-1.495	0.074			9.813	B	
SLX4	NM_032444.4	c.1792A>G	Benign synonymous, SpliceAI<=0.1, PhastCons<1.0	0.0	-1.495	0.039			0.09	B	Uncertain_significance
SLX4	NM_032444.4	c.1785T>G	Benign synonymous, SpliceAI<=0.1, PhastCons<1.0	0.0	-0.951	0.096			6.029	B	
SLX4	NM_032444.4	c.1785T>A	Benign synonymous, SpliceAI<=0.1, PhastCons<1.0	0.0	-0.951				27.5		
SLX4	NM_032444.4	c.1764C>G	Benign synonymous, SpliceAI<=0.1, PhastCons<1.0	0.0	-0.63	0.009			0.221	B	
SLX4	NM_032444.4	c.1764C>A	Benign synonymous, SpliceAI<=0.1, PhastCons<1.0	0.0	-0.63	0.009			0.094	B	
SLX4	NM_032444.4	c.1749G>T	Benign synonymous, SpliceAI<=0.1, PhastCons<1.0	0.0	-3.241	0.004		1.23300e-05	0.022	B	Uncertain_significance
SLX4	NM_032444.4	c.1749G>C	Benign synonymous, SpliceAI<=0.1, PhastCons<1.0	0.0	-3.241	0.004			0.066	B	
SLX4	NM_032444.4	c.1747A>T	Benign synonymous, SpliceAI<=0.1, PhastCons<1.0	0.0	-0.367	0.040			14.13	B	
SLX4	NM_032444.4	c.1747A>G	Benign synonymous, SpliceAI<=0.1, PhastCons<1.0	0.0	-0.367	0.007			2.684	B	
SLX4	NM_032444.4	c.1744C>T	Benign synonymous, SpliceAI<=0.1, PhastCons<1.0	0.0	0.004			6.80000e-07	29.6		
SLX4	NM_032444.4	c.1744C>G	Benign synonymous, SpliceAI<=0.1, PhastCons<1.0	0.0	0.004	0.009			0.82	B	
SLX4	NM_032444.4	c.1743G>T	Benign synonymous, SpliceAI<=0.1, PhastCons<1.0	0.0	-1.629	0.006			0.024	B	
SLX4	NM_032444.4	c.1743G>C	Benign synonymous, SpliceAI<=0.1, PhastCons<1.0	0.0	-1.629	0.006			0.023	B	
SLX4	NM_032444.4	c.1740C>G	Benign synonymous, SpliceAI<=0.1, PhastCons<1.0	0.0	-2.561	0.049			0.045	B	
SLX4	NM_032444.4	c.1740C>A	Benign synonymous, SpliceAI<=0.1, PhastCons<1.0	0.0	-2.561	0.049			0.031	B	
SLX4	NM_032444.4	c.1735C>G	Benign synonymous, SpliceAI<=0.1, PhastCons<1.0	0.0	0.601	0.056		2.80000e-07	17.99	B	
SLX4	NM_032444.4	c.1735C>A	Benign synonymous, SpliceAI<=0.1, PhastCons<1.0	0.0	0.601	0.026			11.75	B	
SLX4	NM_032444.4	c.1734G>T	Benign synonymous, SpliceAI<=0.1, PhastCons<1.0	0.0	-0.159	0.010			11.98	B	
SLX4	NM_032444.4	c.1734G>C	Benign synonymous, SpliceAI<=0.1, PhastCons<1.0	0.0	-0.159	0.010			11.88	B	
SLX4	NM_032444.4	c.1728C>G	Benign synonymous, SpliceAI<=0.1, PhastCons<1.0	0.0	-0.131	0.043			1.424	B	
SLX4	NM_032444.4	c.1728C>A	Benign synonymous, SpliceAI<=0.1, PhastCons<1.0	0.0	-0.131	0.043			1.218	B	
SLX4	NM_032444.4	c.1725G>T	Benign synonymous, SpliceAI<=0.1, PhastCons<1.0	0.0	-0.216	0.013			1.161	B	
SLX4	NM_032444.4	c.1725G>C	Benign synonymous, SpliceAI<=0.1, PhastCons<1.0	0.0	-0.216	0.013			1.111	B	
SLX4	NM_032444.4	c.1711C>G	Benign synonymous, SpliceAI<=0.1, PhastCons<1.0	0.0	-0.074	0.023			0.456	B	
SLX4	NM_032444.4	c.1711C>A	Benign synonymous, SpliceAI<=0.1, PhastCons<1.0	0.0	-0.074	0.049			7.369	B	
SLX4	NM_032444.4	c.1706C>T	Likely_benign FAF >0.1%, REVEL <0.29, SpliceAI<=0.1	0.0	-0.937	0.010		0.00103835	0.01	B	Likely_benign
SLX4	NM_032444.4	c.1698G>T	Benign synonymous, SpliceAI<=0.1, PhastCons<1.0	0.005	0.092	0.013			4.26	B	
SLX4	NM_032444.4	c.1698G>C	Benign synonymous, SpliceAI<=0.1, PhastCons<1.0	0.005	0.092	0.013			4.605	B	
SLX4	NM_032444.4	c.1695G>T	Benign synonymous, SpliceAI<=0.1, PhastCons<1.0	0.009	0.249	0.099			17.48	B	
SLX4	NM_032444.4	c.1695G>C	Benign synonymous, SpliceAI<=0.1, PhastCons<1.0	0.009	0.249	0.099			17.42	B	
SLX4	NM_032444.4	c.1672C>T	Benign synonymous, SpliceAI<=0.1, PhastCons<1.0	0.001	0.133	0.013		5.39400e-05	8.609	B	Uncertain_significance
SLX4	NM_032444.4	c.1672C>G	Benign synonymous, SpliceAI<=0.1, PhastCons<1.0	0.001	0.133	0.016			1.786	B	
SLX4	NM_032444.4	c.1671G>T	Benign synonymous, SpliceAI<=0.1, PhastCons<1.0	0.022	1.223	0.050			13.13	B	
SLX4	NM_032444.4	c.1671G>C	Benign synonymous, SpliceAI<=0.1, PhastCons<1.0	0.022	1.223	0.049			13.28	B	
SLX4	NM_032444.4	c.1648C>G	Benign synonymous, SpliceAI<=0.1, PhastCons<1.0	0.277	0.953	0.089			18.23	B	
SLX4	NM_032444.4	c.1648C>A	Benign synonymous, SpliceAI<=0.1, PhastCons<1.0	0.277	0.953	0.122			18.7	B	
SLX4	NM_032444.4	c.1647G>T	Benign synonymous, SpliceAI<=0.1, PhastCons<1.0	0.037	0.3	0.014			2.49	B	
SLX4	NM_032444.4	c.1647G>C	Benign synonymous, SpliceAI<=0.1, PhastCons<1.0	0.037	0.3	0.014			2.57	B	
SLX4	NM_032444.4	c.1645A>T	Benign synonymous, SpliceAI<=0.1, PhastCons<1.0	0.0	0.194	0.052			15.6	B	
SLX4	NM_032444.4	c.1645A>G	Benign synonymous, SpliceAI<=0.1, PhastCons<1.0	0.0	0.194	0.032			2.304	B	
SLX4	NM_032444.4	c.1637A>G	Likely_benign FAF >0.1%, REVEL <0.29, SpliceAI<=0.1	1.0	4.22	0.196		0.0138291	24.5	A	Benign/Likely_benign
SLX4	NM_032444.4	c.1632C>G	Benign synonymous, SpliceAI<=0.1, PhastCons<1.0	0.595	0.46	0.066			16.85	B	
SLX4	NM_032444.4	c.1632C>A	Benign synonymous, SpliceAI<=0.1, PhastCons<1.0	0.595	0.46	0.066			16.82	B	
SLX4	NM_032444.4	c.1629G>T	Benign synonymous, SpliceAI<=0.1, PhastCons<1.0	0.044	-0.018	0.026			11.63	B	
SLX4	NM_032444.4	c.1629G>C	Benign synonymous, SpliceAI<=0.1, PhastCons<1.0	0.044	-0.018	0.026			11.59	B	
SLX4	NM_032444.4	c.1606C>G	Benign synonymous, SpliceAI<=0.1, PhastCons<1.0	0.998	1.873	0.099			20.6	B	
SLX4	NM_032444.4	c.1606C>A	Benign synonymous, SpliceAI<=0.1, PhastCons<1.0	0.998	1.873	0.089			21.3	B	
SLX4	NM_032444.4	c.1602C>G	Benign synonymous, SpliceAI<=0.1, PhastCons<1.0	0.069	-0.323	0.322			1.614	P	
SLX4	NM_032444.4	c.1602C>A	Benign synonymous, SpliceAI<=0.1, PhastCons<1.0	0.069	-0.323	0.322			1.091	P	
SLX4	NM_032444.4	c.1596G>T	Benign synonymous, SpliceAI<=0.1, PhastCons<1.0	0.041	0.046	0.077			16.79	B	
SLX4	NM_032444.4	c.1596G>C	Benign synonymous, SpliceAI<=0.1, PhastCons<1.0	0.041	0.046	0.077			16.86	B	Uncertain_significance
SLX4	NM_032444.4	c.1588C>G	Benign synonymous, SpliceAI<=0.1, PhastCons<1.0	0.996	2.634	0.157		5.79800e-05	23.7	A	
SLX4	NM_032444.4	c.1588C>A	Benign synonymous, SpliceAI<=0.1, PhastCons<1.0	0.996	2.634	0.170			24.1	A	
SLX4	NM_032444.4	c.1587T>G	Benign synonymous, SpliceAI<=0.1, PhastCons<1.0	0.001	-0.189	0.038			1.862	P	
SLX4	NM_032444.4	c.1587T>A	Benign synonymous, SpliceAI<=0.1, PhastCons<1.0	0.001	-0.189	0.038			1.84	P	
SLX4	NM_032444.4	c.1584C>G	Benign synonymous, SpliceAI<=0.1, PhastCons<1.0	0.0	0.48	0.035		0.00114502	14.82	B	Conflicting_classifications_of_pathogenicity
SLX4	NM_032444.4	c.1584C>A	Benign synonymous, SpliceAI<=0.1, PhastCons<1.0	0.0	0.48	0.034			14.68	B	
SLX4	NM_032444.4	c.1581G>T	Benign synonymous, SpliceAI<=0.1, PhastCons<1.0	0.0	0.041	0.079			19.81	B	
SLX4	NM_032444.4	c.1581G>C	Benign synonymous, SpliceAI<=0.1, PhastCons<1.0	0.0	0.041	0.079			19.66	B	
SLX4	NM_032444.4	c.1578G>T	Benign synonymous, SpliceAI<=0.1, PhastCons<1.0	0.001	0.231	0.132		2.80000e-07	17.34	A	
SLX4	NM_032444.4	c.1578G>C	Benign synonymous, SpliceAI<=0.1, PhastCons<1.0	0.001	0.231	0.132			17.09	A	
SLX4	NM_032444.4	c.1572A>T	Benign synonymous, SpliceAI<=0.1, PhastCons<1.0	0.0	-0.269	0.060			1.787	B	
SLX4	NM_032444.4	c.1572A>C	Benign synonymous, SpliceAI<=0.1, PhastCons<1.0	0.0	-0.269	0.060			1.953	B	
SLX4	NM_032444.4	c.1557T>G	Benign synonymous, SpliceAI<=0.1, PhastCons<1.0	0.0	-0.831	0.028			6.329	B	
SLX4	NM_032444.4	c.1557T>A	Benign synonymous, SpliceAI<=0.1, PhastCons<1.0	0.0	-0.831				25.6		
SLX4	NM_032444.4	c.1554G>T	Benign synonymous, SpliceAI<=0.1, PhastCons<1.0	0.292	4.0	0.104			15.57	B	
SLX4	NM_032444.4	c.1554G>C	Benign synonymous, SpliceAI<=0.1, PhastCons<1.0	0.292	4.0	0.104			15.55	B	
SLX4	NM_032444.4	c.1545A>T	Benign synonymous, SpliceAI<=0.1, PhastCons<1.0	0.0	-0.539	0.022			6.368	B	
SLX4	NM_032444.4	c.1545A>C	Benign synonymous, SpliceAI<=0.1, PhastCons<1.0	0.0	-0.539	0.022			6.519	B	
SLX4	NM_032444.4	c.1543A>T	Benign synonymous, SpliceAI<=0.1, PhastCons<1.0	0.0	0.101				31.0		
SLX4	NM_032444.4	c.1543A>G	Benign synonymous, SpliceAI<=0.1, PhastCons<1.0	0.0	0.101	0.017		2.80000e-07	11.17	B	
SLX4	NM_032444.4	c.1542A>T	Benign synonymous, SpliceAI<=0.1, PhastCons<1.0	0.0	-0.747	0.047			0.727	B	
SLX4	NM_032444.4	c.1542A>C	Benign synonymous, SpliceAI<=0.1, PhastCons<1.0	0.0	-0.747	0.047			0.7	B	
SLX4	NM_032444.4	c.1533A>T	Benign synonymous, SpliceAI<=0.1, PhastCons<1.0	0.0	-1.36	0.022			1.0	B	
SLX4	NM_032444.4	c.1533A>C	Benign synonymous, SpliceAI<=0.1, PhastCons<1.0	0.0	-1.36	0.022			0.979	B	
SLX4	NM_032444.4	c.1530G>T	Benign synonymous, SpliceAI<=0.1, PhastCons<1.0	0.263	1.19	0.051			18.45	A	
SLX4	NM_032444.4	c.1530G>C	Benign synonymous, SpliceAI<=0.1, PhastCons<1.0	0.263	1.19	0.051			18.42	A	
SLX4	NM_032444.4	c.1527A>T	Benign synonymous, SpliceAI<=0.1, PhastCons<1.0	0.0	-1.025	0.016			0.857	B	
SLX4	NM_032444.4	c.1527A>C	Benign synonymous, SpliceAI<=0.1, PhastCons<1.0	0.0	-1.025	0.016			0.882	B	
SLX4	NM_032444.4	c.1525T>G	Benign synonymous, SpliceAI<=0.1, PhastCons<1.0	0.0	0.049	0.105			12.85	B	
SLX4	NM_032444.4	c.1525T>A	Benign synonymous, SpliceAI<=0.1, PhastCons<1.0	0.0	0.049	0.105			13.59	B	
SLX4	NM_032444.4	c.1521G>T	Benign synonymous, SpliceAI<=0.1, PhastCons<1.0	0.001	-0.581	0.108			19.28	B	
SLX4	NM_032444.4	c.1521G>C	Benign synonymous, SpliceAI<=0.1, PhastCons<1.0	0.001	-0.581	0.108			19.3	B	
SLX4	NM_032444.4	c.1519A>T	Benign synonymous, SpliceAI<=0.1, PhastCons<1.0	0.098	0.082	0.139			21.1	B	
SLX4	NM_032444.4	c.1519A>G	Benign synonymous, SpliceAI<=0.1, PhastCons<1.0	0.098	0.082	0.102			17.2	B	
SLX4	NM_032444.4	c.1511C>G	Likely_benign FAF >0.1%, REVEL <0.29, SpliceAI<=0.1	0.999	3.206	0.094		0.00203926	24.9	B	Conflicting_classifications_of_pathogenicity
SLX4	NM_032444.4	c.1491G>T	Benign synonymous, SpliceAI<=0.1, PhastCons<1.0	0.0	-1.187	0.029			3.294	B	
SLX4	NM_032444.4	c.1491G>C	Benign synonymous, SpliceAI<=0.1, PhastCons<1.0	0.0	-1.187	0.029			3.508	B	
SLX4	NM_032444.4	c.1489T>G	Benign synonymous, SpliceAI<=0.1, PhastCons<1.0	0.0	-0.688	0.039			5.228	B	
SLX4	NM_032444.4	c.1489T>A	Benign synonymous, SpliceAI<=0.1, PhastCons<1.0	0.0	-0.688	0.036			2.763	B	
SLX4	NM_032444.4	c.1488A>T	Benign synonymous, SpliceAI<=0.1, PhastCons<1.0	0.0	-0.292	0.072			13.86	B	
SLX4	NM_032444.4	c.1488A>C	Benign synonymous, SpliceAI<=0.1, PhastCons<1.0	0.0	-0.292	0.072			14.06	B	
SLX4	NM_032444.4	c.1482A>T	Benign synonymous, SpliceAI<=0.1, PhastCons<1.0	0.007	-0.071	0.116			15.64	B	
SLX4	NM_032444.4	c.1482A>C	Benign synonymous, SpliceAI<=0.1, PhastCons<1.0	0.007	-0.071	0.116			15.6	B	
SLX4	NM_032444.4	c.1465C>G	Benign synonymous, SpliceAI<=0.1, PhastCons<1.0	0.005	0.219	0.016			1.933	B	
SLX4	NM_032444.4	c.1465C>A	Benign synonymous, SpliceAI<=0.1, PhastCons<1.0	0.005	0.219	0.029			9.641	B	
SLX4	NM_032444.4	c.1455C>G	Benign synonymous, SpliceAI<=0.1, PhastCons<1.0	0.038	-1.058	0.037			0.199	B	
SLX4	NM_032444.4	c.1455C>A	Benign synonymous, SpliceAI<=0.1, PhastCons<1.0	0.038	-1.058	0.036		0.000209540	0.19	B	Uncertain_significance
SLX4	NM_032444.4	c.1452G>T	Benign synonymous, SpliceAI<=0.1, PhastCons<1.0	0.798	0.012	0.092			17.93	A	
SLX4	NM_032444.4	c.1452G>C	Benign synonymous, SpliceAI<=0.1, PhastCons<1.0	0.798	0.012	0.092			17.91	A	
SLX4	NM_032444.4	c.1446G>T	Benign synonymous, SpliceAI<=0.1, PhastCons<1.0	0.999	2.436	0.126			22.0	A	
SLX4	NM_032444.4	c.1446G>C	Benign synonymous, SpliceAI<=0.1, PhastCons<1.0	0.999	2.436	0.125			22.0	A	
SLX4	NM_032444.4	c.1441C>T	Benign synonymous, SpliceAI<=0.1, PhastCons<1.0	0.0	0.193			2.92000e-06	34.0		Pathogenic/Likely_pathogenic
SLX4	NM_032444.4	c.1441C>G	Benign synonymous, SpliceAI<=0.1, PhastCons<1.0	0.0	0.193	0.127		1.24000e-06	18.25	B	
SLX4	NM_032444.4	c.1431A>T	Benign synonymous, SpliceAI<=0.1, PhastCons<1.0	0.878	0.379	0.033			13.68	B	
SLX4	NM_032444.4	c.1431A>C	Benign synonymous, SpliceAI<=0.1, PhastCons<1.0	0.878	0.379	0.033			13.48	B	
SLX4	NM_032444.4	c.1425C>G	Benign synonymous, SpliceAI<=0.1, PhastCons<1.0	0.228	0.406	0.094			18.57	P	
SLX4	NM_032444.4	c.1425C>A	Benign synonymous, SpliceAI<=0.1, PhastCons<1.0	0.228	0.406	0.094			18.63	P	
SLX4	NM_032444.4	c.1422G>T	Benign synonymous, SpliceAI<=0.1, PhastCons<1.0	0.997	0.328	0.112			22.0	P	
SLX4	NM_032444.4	c.1422G>C	Benign synonymous, SpliceAI<=0.1, PhastCons<1.0	0.997	0.328	0.111			21.5	P	
SLX4	NM_032444.4	c.1416A>T	Benign synonymous, SpliceAI<=0.1, PhastCons<1.0	0.414	-0.497	0.063			20.2	B	
SLX4	NM_032444.4	c.1416A>C	Benign synonymous, SpliceAI<=0.1, PhastCons<1.0	0.414	-0.497	0.063			17.45	B	
SLX4	NM_032444.4	c.1414T>G	Benign synonymous, SpliceAI<=0.1, PhastCons<1.0	0.896	0.53	0.076			8.774	B	
SLX4	NM_032444.4	c.1414T>A	Benign synonymous, SpliceAI<=0.1, PhastCons<1.0	0.896	0.53	0.057			16.97	B	
SLX4	NM_032444.4	c.1413G>T	Benign synonymous, SpliceAI<=0.1, PhastCons<1.0	0.882	0.147	0.113			20.0	A	
SLX4	NM_032444.4	c.1413G>C	Benign synonymous, SpliceAI<=0.1, PhastCons<1.0	0.882	0.147	0.113			18.72	A	
SLX4	NM_032444.4	c.1411T>G	Benign synonymous, SpliceAI<=0.1, PhastCons<1.0	0.01	0.055	0.082			14.2	B	
SLX4	NM_032444.4	c.1411T>A	Benign synonymous, SpliceAI<=0.1, PhastCons<1.0	0.01	0.055	0.114			15.41	A	
SLX4	NM_032444.4	c.1410G>T	Benign synonymous, SpliceAI<=0.1, PhastCons<1.0	0.0	-0.309	0.043			11.89	B	
SLX4	NM_032444.4	c.1410G>C	Benign synonymous, SpliceAI<=0.1, PhastCons<1.0	0.0	-0.309	0.043			11.87	B	
SLX4	NM_032444.4	c.1408T>G	Benign synonymous, SpliceAI<=0.1, PhastCons<1.0	0.635	4.407	0.101			11.89	B	
SLX4	NM_032444.4	c.1408T>A	Benign synonymous, SpliceAI<=0.1, PhastCons<1.0	0.635	4.407	0.189			14.3	B	
SLX4	NM_032444.4	c.1389A>T	Benign synonymous, SpliceAI<=0.1, PhastCons<1.0	0.0	-0.903	0.044			15.92	B	Uncertain_significance
SLX4	NM_032444.4	c.1389A>C	Benign synonymous, SpliceAI<=0.1, PhastCons<1.0	0.0	-0.903	0.044			16.16	B	
SLX4	NM_032444.4	c.1386G>T	Benign synonymous, SpliceAI<=0.1, PhastCons<1.0	0.991	1.024	0.062			24.3	A	
SLX4	NM_032444.4	c.1386G>C	Benign synonymous, SpliceAI<=0.1, PhastCons<1.0	0.991	1.024	0.062			23.8	A	
SLX4	NM_032444.4	c.1383G>T	Benign synonymous, SpliceAI<=0.1, PhastCons<1.0	0.978	0.655	0.057			23.1	P	
SLX4	NM_032444.4	c.1383G>C	Benign synonymous, SpliceAI<=0.1, PhastCons<1.0	0.978	0.655	0.057			23.4	P	
SLX4	NM_032444.4	c.1377T>G	Benign synonymous, SpliceAI<=0.1, PhastCons<1.0	0.096	-0.069	0.036			18.21	B	
SLX4	NM_032444.4	c.1377T>A	Benign synonymous, SpliceAI<=0.1, PhastCons<1.0	0.096	-0.069	0.036			18.17	B	
SLX4	NM_032444.4	c.1374A>T	Benign synonymous, SpliceAI<=0.1, PhastCons<1.0	0.073	0.22	0.051			21.2	P	
SLX4	NM_032444.4	c.1374A>C	Benign synonymous, SpliceAI<=0.1, PhastCons<1.0	0.073	0.22	0.051			21.1	P	
SLX4	NM_032444.4	c.1372A>G	Likely_benign FAF >0.1%, REVEL <0.29, SpliceAI<=0.1	1.0	3.216	0.083		0.00155480	24.3	A	Conflicting_classifications_of_pathogenicity
SLX4	NM_032444.4	c.1371T>G	Benign FAF >5%	0.999	0.525	0.185		0.0679655	14.13	B	Benign/Likely_benign
SLX4	NM_032444.4	c.1371T>A	Benign synonymous, SpliceAI<=0.1, PhastCons<1.0	0.999	0.525	0.185			12.84	B	
SLX4	NM_032444.4	c.1368G>T	Benign synonymous, SpliceAI<=0.1, PhastCons<1.0	0.994	0.219	0.112			22.7	B	
SLX4	NM_032444.4	c.1368G>C	Benign synonymous, SpliceAI<=0.1, PhastCons<1.0	0.994	0.219	0.112			22.6	B	
SLX4	NM_032444.4	c.1362A>T	Benign synonymous, SpliceAI<=0.1, PhastCons<1.0	0.999	1.837	0.023			17.41	B	
SLX4	NM_032444.4	c.1362A>C	Benign synonymous, SpliceAI<=0.1, PhastCons<1.0	0.999	1.837	0.023			17.26	B	
SLX4	NM_032444.4	c.1356A>T	Benign synonymous, SpliceAI<=0.1, PhastCons<1.0	0.008	-0.025	0.038			7.787	A	
SLX4	NM_032444.4	c.1356A>C	Benign synonymous, SpliceAI<=0.1, PhastCons<1.0	0.008	-0.025	0.038			7.94	A	
SLX4	NM_032444.4	c.1354A>T	Benign synonymous, SpliceAI<=0.1, PhastCons<1.0	0.001	0.105				31.0		
SLX4	NM_032444.4	c.1354A>G	Benign synonymous, SpliceAI<=0.1, PhastCons<1.0	0.001	0.105	0.018			9.185	B	
SLX4	NM_032444.4	c.1350G>T	Benign synonymous, SpliceAI<=0.1, PhastCons<1.0	0.027	0.911	0.017			9.664	B	
SLX4	NM_032444.4	c.1350G>C	Benign synonymous, SpliceAI<=0.1, PhastCons<1.0	0.027	0.911	0.017			9.208	B	
SLX4	NM_032444.4	c.1348A>T	Benign synonymous, SpliceAI<=0.1, PhastCons<1.0	0.001	0.566	0.032			12.36	B	
SLX4	NM_032444.4	c.1348A>G	Benign synonymous, SpliceAI<=0.1, PhastCons<1.0	0.001	0.566	0.023			14.66	B	
SLX4	NM_032444.4	c.1347G>T	Benign synonymous, SpliceAI<=0.1, PhastCons<1.0	0.001	0.807	0.044			15.87	B	
SLX4	NM_032444.4	c.1347G>C	Benign synonymous, SpliceAI<=0.1, PhastCons<1.0	0.001	0.807	0.044			15.5	B	
SLX4	NM_032444.4	c.1341T>G	Benign synonymous, SpliceAI<=0.1, PhastCons<1.0	0.9	0.367	0.091			16.62	P	
SLX4	NM_032444.4	c.1341T>A	Benign synonymous, SpliceAI<=0.1, PhastCons<1.0	0.9	0.367	0.091			16.89	P	
SLX4	NM_032444.4	c.1335T>G	Benign synonymous, SpliceAI<=0.1, PhastCons<1.0	0.0	-0.651	0.036		1.06400e-05	7.452	B	Uncertain_significance
SLX4	NM_032444.4	c.1335T>A	Benign synonymous, SpliceAI<=0.1, PhastCons<1.0	0.0	-0.651	0.036			6.59	B	
SLX4	NM_032444.4	c.1332A>T	Benign synonymous, SpliceAI<=0.1, PhastCons<1.0	0.015	0.036	0.095			7.313	B	
SLX4	NM_032444.4	c.1332A>C	Benign synonymous, SpliceAI<=0.1, PhastCons<1.0	0.015	0.036	0.095			6.776	B	
SLX4	NM_032444.4	c.1327C>G	Benign synonymous, SpliceAI<=0.1, PhastCons<1.0	0.101	1.506	0.076			20.9	B	
SLX4	NM_032444.4	c.1327C>A	Benign synonymous, SpliceAI<=0.1, PhastCons<1.0	0.101	1.506	0.064			21.1	B	
SLX4	NM_032444.4	c.1326G>T	Benign synonymous, SpliceAI<=0.1, PhastCons<1.0	0.001	-0.453	0.023		1.06300e-05	0.289	B	
SLX4	NM_032444.4	c.1326G>C	Benign synonymous, SpliceAI<=0.1, PhastCons<1.0	0.001	-0.453	0.023			0.286	B	
SLX4	NM_032444.4	c.1324A>T	Benign synonymous, SpliceAI<=0.1, PhastCons<1.0	0.081	1.549	0.034			19.69	B	
SLX4	NM_032444.4	c.1324A>G	Benign synonymous, SpliceAI<=0.1, PhastCons<1.0	0.081	1.549	0.010			11.04	B	
SLX4	NM_032444.4	c.1299G>T	Benign synonymous, SpliceAI<=0.1, PhastCons<1.0	0.998	1.058	0.062			20.4	B	
SLX4	NM_032444.4	c.1299G>C	Benign synonymous, SpliceAI<=0.1, PhastCons<1.0	0.998	1.058	0.061			20.6	B	
SLX4	NM_032444.4	c.1285C>T	Benign synonymous, SpliceAI<=0.1, PhastCons<1.0	0.997	4.314	0.171		5.81800e-05	31.0	B	Uncertain_significance
SLX4	NM_032444.4	c.1285C>G	Benign synonymous, SpliceAI<=0.1, PhastCons<1.0	0.997	4.314	0.167			26.2	B	
SLX4	NM_032444.4	c.1279C>G	Benign synonymous, SpliceAI<=0.1, PhastCons<1.0	0.986	1.337	0.113			24.0	B	
SLX4	NM_032444.4	c.1279C>A	Benign synonymous, SpliceAI<=0.1, PhastCons<1.0	0.986	1.337	0.066			22.6	B	
SLX4	NM_032444.4	c.1264C>G	Benign synonymous, SpliceAI<=0.1, PhastCons<1.0	0.995	0.721	0.119			21.1	B	
SLX4	NM_032444.4	c.1264C>A	Benign synonymous, SpliceAI<=0.1, PhastCons<1.0	0.995	0.721	0.118			19.13	B	
SLX4	NM_032444.4	c.1245G>T	Benign synonymous, SpliceAI<=0.1, PhastCons<1.0	0.109	0.598	0.052			16.94	B	
SLX4	NM_032444.4	c.1245G>C	Benign synonymous, SpliceAI<=0.1, PhastCons<1.0	0.109	0.598	0.052			16.98	B	
SLX4	NM_032444.4	c.1242C>G	Benign synonymous, SpliceAI<=0.1, PhastCons<1.0	0.0	-0.683	0.067			0.068	B	
SLX4	NM_032444.4	c.1242C>A	Benign synonymous, SpliceAI<=0.1, PhastCons<1.0	0.0	-0.683	0.067			0.061	B	
SLX4	NM_032444.4	c.1236G>T	Benign synonymous, SpliceAI<=0.1, PhastCons<1.0	0.952	1.833	0.089			19.75	A	
SLX4	NM_032444.4	c.1236G>C	Benign synonymous, SpliceAI<=0.1, PhastCons<1.0	0.952	1.833	0.088			19.76	A	
SLX4	NM_032444.4	c.1231C>T	Benign synonymous, SpliceAI<=0.1, PhastCons<1.0	0.335	0.416	0.041		5.78600e-05	14.57	B	Uncertain_significance
SLX4	NM_032444.4	c.1231C>G	Benign synonymous, SpliceAI<=0.1, PhastCons<1.0	0.335	0.416	0.044			15.73	B	
SLX4	NM_032444.4	c.1230G>T	Benign synonymous, SpliceAI<=0.1, PhastCons<1.0	0.367	0.274	0.052			18.38	A	
SLX4	NM_032444.4	c.1230G>C	Benign synonymous, SpliceAI<=0.1, PhastCons<1.0	0.367	0.274	0.052			18.37	A	
SLX4	NM_032444.4	c.1222C>T	Benign synonymous, SpliceAI<=0.1, PhastCons<1.0	0.033	0.963	0.102		8.44100e-05	21.8	B	Uncertain_significance
SLX4	NM_032444.4	c.1222C>G	Benign synonymous, SpliceAI<=0.1, PhastCons<1.0	0.033	0.963	0.060			16.7	B	
SLX4	NM_032444.4	c.1212G>T	Benign synonymous, SpliceAI<=0.1, PhastCons<1.0	0.708	1.759	0.059			21.3	B	
SLX4	NM_032444.4	c.1212G>C	Benign synonymous, SpliceAI<=0.1, PhastCons<1.0	0.708	1.759	0.059		1.32600e-05	21.2	B	Uncertain_significance
SLX4	NM_032444.4	c.1209C>G	Benign synonymous, SpliceAI<=0.1, PhastCons<1.0	0.002	-0.075	0.078		7.39000e-06	5.237	B	
SLX4	NM_032444.4	c.1209C>A	Benign synonymous, SpliceAI<=0.1, PhastCons<1.0	0.002	-0.075	0.078			5.377	B	
SLX4	NM_032444.4	c.1186C>G	Benign synonymous, SpliceAI<=0.1, PhastCons<1.0	0.003	-0.117	0.082			0.392	B	Uncertain_significance
SLX4	NM_032444.4	c.1186C>A	Benign synonymous, SpliceAI<=0.1, PhastCons<1.0	0.003	-0.117	0.139			12.02	B	
SLX4	NM_032444.4	c.1182A>T	Benign synonymous, SpliceAI<=0.1, PhastCons<1.0	0.032	-0.048	0.013			8.945	B	
SLX4	NM_032444.4	c.1182A>C	Benign synonymous, SpliceAI<=0.1, PhastCons<1.0	0.032	-0.048	0.013			8.815	B	
SLX4	NM_032444.4	c.1180A>T	Benign synonymous, SpliceAI<=0.1, PhastCons<1.0	0.234	1.346				35.0		
SLX4	NM_032444.4	c.1180A>G	Benign synonymous, SpliceAI<=0.1, PhastCons<1.0	0.234	1.346	0.050		7.90000e-07	10.85	B	
SLX4	NM_032444.4	c.1179T>G	Benign synonymous, SpliceAI<=0.1, PhastCons<1.0	0.0	-0.515	0.010			1.56	B	
SLX4	NM_032444.4	c.1179T>A	Benign synonymous, SpliceAI<=0.1, PhastCons<1.0	0.0	-0.515	0.010			1.029	B	
SLX4	NM_032444.4	c.1176C>G	Benign synonymous, SpliceAI<=0.1, PhastCons<1.0	0.0	-0.831	0.003			0.026	B	
SLX4	NM_032444.4	c.1176C>A	Benign synonymous, SpliceAI<=0.1, PhastCons<1.0	0.0	-0.831	0.003			0.025	B	
SLX4	NM_032444.4	c.1173T>G	Benign synonymous, SpliceAI<=0.1, PhastCons<1.0	0.001	0.013	0.006			8.234	B	
SLX4	NM_032444.4	c.1173T>A	Benign synonymous, SpliceAI<=0.1, PhastCons<1.0	0.001	0.013	0.006			4.219	B	
SLX4	NM_032444.4	c.1170T>G	Benign synonymous, SpliceAI<=0.1, PhastCons<1.0	0.455	0.554	0.035			17.31	B	
SLX4	NM_032444.4	c.1170T>A	Benign synonymous, SpliceAI<=0.1, PhastCons<1.0	0.455	0.554	0.034			16.1	B	
SLX4	NM_032444.4	c.1167C>G	Benign synonymous, SpliceAI<=0.1, PhastCons<1.0	0.997	2.031	0.047			7.117	A	
SLX4	NM_032444.4	c.1167C>A	Benign synonymous, SpliceAI<=0.1, PhastCons<1.0	0.997	2.031	0.051			7.314	A	
SLX4	NM_032444.4	c.1164C>G	Benign synonymous, SpliceAI<=0.1, PhastCons<1.0	0.171	0.72	0.038			17.25	B	Likely_benign
SLX4	NM_032444.4	c.1164C>A	Benign synonymous, SpliceAI<=0.1, PhastCons<1.0	0.171	0.72	0.038			16.75	B	
SLX4	NM_032444.4	c.1161C>G	Benign synonymous, SpliceAI<=0.1, PhastCons<1.0	0.007	-0.55	0.009			0.041	B	
SLX4	NM_032444.4	c.1161C>A	Benign synonymous, SpliceAI<=0.1, PhastCons<1.0	0.007	-0.55	0.009		3.65000e-06	0.033	B	
SLX4	NM_032444.4	c.1156A>G	Benign FAF >5%	0.0	0.353	0.051		0.0678180	0.51	B	Benign
SLX4	NM_032444.4	c.1153C>A	Likely_benign FAF >0.1%, REVEL <0.29, SpliceAI<=0.1	0.0	-0.209	0.044		0.0273376	0.485	B	Benign/Likely_benign
SLX4	NM_032444.4	c.1149C>G	Benign synonymous, SpliceAI<=0.1, PhastCons<1.0	0.008	1.079	0.074			12.6	B	
SLX4	NM_032444.4	c.1149C>A	Benign synonymous, SpliceAI<=0.1, PhastCons<1.0	0.008	1.079	0.074			12.52	B	
SLX4	NM_032444.4	c.1146C>G	Benign synonymous, SpliceAI<=0.1, PhastCons<1.0	0.0	-0.068	0.023			5.451	B	
SLX4	NM_032444.4	c.1146C>A	Benign synonymous, SpliceAI<=0.1, PhastCons<1.0	0.0	-0.068	0.023			5.405	B	
SLX4	NM_032444.4	c.1143C>G	Benign synonymous, SpliceAI<=0.1, PhastCons<1.0	0.002	1.01	0.012			5.658	B	
SLX4	NM_032444.4	c.1143C>A	Benign synonymous, SpliceAI<=0.1, PhastCons<1.0	0.002	1.01	0.012			5.593	B	
SLX4	NM_032444.4	c.1137G>T	Benign synonymous, SpliceAI<=0.1, PhastCons<1.0	0.0	-0.061	0.030			1.777	B	
SLX4	NM_032444.4	c.1137G>C	Benign synonymous, SpliceAI<=0.1, PhastCons<1.0	0.0	-0.061	0.030			1.911	B	
SLX4	NM_032444.4	c.1131G>T	Benign synonymous, SpliceAI<=0.1, PhastCons<1.0	0.0	-1.719	0.041			13.76	B	
SLX4	NM_032444.4	c.1131G>C	Benign synonymous, SpliceAI<=0.1, PhastCons<1.0	0.0	-1.719	0.041			14.17	B	
SLX4	NM_032444.4	c.1117C>G	Benign synonymous, SpliceAI<=0.1, PhastCons<1.0	0.861	0.339	0.060			17.3	B	
SLX4	NM_032444.4	c.1117C>A	Benign synonymous, SpliceAI<=0.1, PhastCons<1.0	0.861	0.339	0.059			14.26	B	
SLX4	NM_032444.4	c.1114C>T	Benign synonymous, SpliceAI<=0.1, PhastCons<1.0	0.998	1.619	0.147		6.88000e-06	23.9	B	Uncertain_significance
SLX4	NM_032444.4	c.1114C>G	Benign synonymous, SpliceAI<=0.1, PhastCons<1.0	0.998	1.619	0.139			21.8	B	
SLX4	NM_032444.4	c.1095G>T	Benign synonymous, SpliceAI<=0.1, PhastCons<1.0	0.994	0.182	0.030			22.4	B	
SLX4	NM_032444.4	c.1095G>C	Benign synonymous, SpliceAI<=0.1, PhastCons<1.0	0.994	0.182	0.030			22.5	B	
SLX4	NM_032444.4	c.1083G>T	Benign synonymous, SpliceAI<=0.1, PhastCons<1.0	0.543	-0.538	0.023			7.873	B	
SLX4	NM_032444.4	c.1083G>C	Benign synonymous, SpliceAI<=0.1, PhastCons<1.0	0.543	-0.538	0.024			8.069	B	Uncertain_significance
SLX4	NM_032444.4	c.1077G>T	Benign synonymous, SpliceAI<=0.1, PhastCons<1.0	0.996	2.78	0.068		0.000164610	23.0	P	Uncertain_significance
SLX4	NM_032444.4	c.1077G>C	Benign synonymous, SpliceAI<=0.1, PhastCons<1.0	0.996	2.78	0.068			23.0	P	
SLX4	NM_032444.4	c.1068T>G	Benign synonymous, SpliceAI<=0.1, PhastCons<1.0	0.919	-0.07	0.430			18.39	P	
SLX4	NM_032444.4	c.1068T>A	Benign synonymous, SpliceAI<=0.1, PhastCons<1.0	0.919	-0.07				32.0		
SLX4	NM_032444.4	c.1065G>T	Benign synonymous, SpliceAI<=0.1, PhastCons<1.0	0.974	-0.003	0.181			18.77	A	
SLX4	NM_032444.4	c.1065G>C	Benign synonymous, SpliceAI<=0.1, PhastCons<1.0	0.974	-0.003	0.181			18.82	A	
SLX4	NM_032444.4	c.1062G>T	Benign synonymous, SpliceAI<=0.1, PhastCons<1.0	0.075	-1.221	0.225			14.48	P	Uncertain_significance
SLX4	NM_032444.4	c.1062G>C	Benign synonymous, SpliceAI<=0.1, PhastCons<1.0	0.075	-1.221	0.225			14.4	P	
SLX4	NM_032444.4	c.1057T>G	Benign synonymous, SpliceAI<=0.1, PhastCons<1.0	0.015	-1.319	0.164			8.994	B	
SLX4	NM_032444.4	c.1057T>A	Benign synonymous, SpliceAI<=0.1, PhastCons<1.0	0.015	-1.319	0.192			9.563	B	
SLX4	NM_032444.4	c.1056C>G	Benign synonymous, SpliceAI<=0.1, PhastCons<1.0	0.995	2.392	0.292			22.6	P	
SLX4	NM_032444.4	c.1056C>A	Benign synonymous, SpliceAI<=0.1, PhastCons<1.0	0.995	2.392	0.293			22.4	P	
SLX4	NM_032444.4	c.1053T>G	Benign synonymous, SpliceAI<=0.1, PhastCons<1.0	0.0	-0.799	0.217			13.46	P	
SLX4	NM_032444.4	c.1053T>A	Benign synonymous, SpliceAI<=0.1, PhastCons<1.0	0.0	-0.799	0.217			13.42	P	
SLX4	NM_032444.4	c.1047A>T	Benign synonymous, SpliceAI<=0.1, PhastCons<1.0	0.114	0.214	0.181			18.37	P	
SLX4	NM_032444.4	c.1047A>C	Benign synonymous, SpliceAI<=0.1, PhastCons<1.0	0.114	0.214	0.181			18.61	P	
SLX4	NM_032444.4	c.1045A>T	Benign synonymous, SpliceAI<=0.1, PhastCons<1.0	0.996	0.288				35.0		
SLX4	NM_032444.4	c.1045A>G	Benign synonymous, SpliceAI<=0.1, PhastCons<1.0	0.996	0.288	0.314			21.9	P	Uncertain_significance
SLX4	NM_032444.4	c.1038A>T	Benign synonymous, SpliceAI<=0.1, PhastCons<1.0	0.0	-3.628	0.077			0.098	B	
SLX4	NM_032444.4	c.1038A>C	Benign synonymous, SpliceAI<=0.1, PhastCons<1.0	0.0	-3.628	0.078			0.15	B	
SLX4	NM_032444.4	c.1036T>G	Benign synonymous, SpliceAI<=0.1, PhastCons<1.0	0.0	0.218	0.124			7.229	B	
SLX4	NM_032444.4	c.1036T>A	Benign synonymous, SpliceAI<=0.1, PhastCons<1.0	0.0	0.218	0.105			8.029	B	
SLX4	NM_032444.4	c.1029T>G	Benign synonymous, SpliceAI<=0.1, PhastCons<1.0	0.132	0.004	0.145			18.37	P	
SLX4	NM_032444.4	c.1029T>A	Benign synonymous, SpliceAI<=0.1, PhastCons<1.0	0.132	0.004	0.145			17.78	P	
SLX4	NM_032444.4	c.1023A>T	Benign synonymous, SpliceAI<=0.1, PhastCons<1.0	0.387	-0.293	0.050			16.88	P	
SLX4	NM_032444.4	c.1023A>C	Benign synonymous, SpliceAI<=0.1, PhastCons<1.0	0.387	-0.293	0.051			16.54	P	
SLX4	NM_032444.4	c.1005G>T	Benign synonymous, SpliceAI<=0.1, PhastCons<1.0	0.027	-1.473	0.033			4.352	B	
SLX4	NM_032444.4	c.1005G>C	Benign synonymous, SpliceAI<=0.1, PhastCons<1.0	0.027	-1.473	0.033			4.601	B	
SLX4	NM_032444.4	c.996G>T	Benign synonymous, SpliceAI<=0.1, PhastCons<1.0	0.01	0.408	0.050		0.000151580	18.55	B	Uncertain_significance
SLX4	NM_032444.4	c.996G>C	Benign synonymous, SpliceAI<=0.1, PhastCons<1.0	0.01	0.408	0.050		3.65000e-06	18.35	B	
SLX4	NM_032444.4	c.981A>T	Benign synonymous, SpliceAI<=0.1, PhastCons<1.0	0.069	0.242	0.025			13.1	B	
SLX4	NM_032444.4	c.981A>C	Benign synonymous, SpliceAI<=0.1, PhastCons<1.0	0.069	0.242	0.025			11.54	B	
SLX4	NM_032444.4	c.979A>T	Benign synonymous, SpliceAI<=0.1, PhastCons<1.0	0.0	0.035				35.0		
SLX4	NM_032444.4	c.979A>G	Benign synonymous, SpliceAI<=0.1, PhastCons<1.0	0.0	0.035	0.008			12.14	B	
SLX4	NM_032444.4	c.976C>G	Benign synonymous, SpliceAI<=0.1, PhastCons<1.0	0.001	0.836	0.080			16.93	B	Uncertain_significance
SLX4	NM_032444.4	c.976C>A	Benign synonymous, SpliceAI<=0.1, PhastCons<1.0	0.001	0.836	0.059			17.56	B	
SLX4	NM_032444.4	c.972G>T	Benign synonymous, SpliceAI<=0.1, PhastCons<1.0	0.454	0.124	0.098			23.7	B	
SLX4	NM_032444.4	c.972G>C	Benign synonymous, SpliceAI<=0.1, PhastCons<1.0	0.454	0.124	0.099			23.1	B	
SLX4	NM_032444.4	c.969A>T	Benign synonymous, SpliceAI<=0.1, PhastCons<1.0	0.969	-0.1	0.123			20.8	P	
SLX4	NM_032444.4	c.969A>C	Benign synonymous, SpliceAI<=0.1, PhastCons<1.0	0.969	-0.1	0.125			19.85	P	
SLX4	NM_032444.4	c.955T>G	Benign synonymous, SpliceAI<=0.1, PhastCons<1.0	0.988	0.093	0.183			15.47	A	
SLX4	NM_032444.4	c.955T>A	Benign synonymous, SpliceAI<=0.1, PhastCons<1.0	0.988	0.093	0.219			16.24	B	
SLX4	NM_032444.4	c.942T>G	Benign synonymous, SpliceAI<=0.1, PhastCons<1.0	0.243	-0.621	0.359			21.4	P	
SLX4	NM_032444.4	c.942T>A	Benign synonymous, SpliceAI<=0.1, PhastCons<1.0	0.243	-0.621	0.360			15.85	P	
SLX4	NM_032444.4	c.936A>T	Benign synonymous, SpliceAI<=0.1, PhastCons<1.0	0.996	0.308	0.091			21.1	P	
SLX4	NM_032444.4	c.936A>C	Benign synonymous, SpliceAI<=0.1, PhastCons<1.0	0.996	0.308	0.091			21.1	P	
SLX4	NM_032444.4	c.931A>T	Benign synonymous, SpliceAI<=0.1, PhastCons<1.0	0.999	2.942	0.293			25.8	P	
SLX4	NM_032444.4	c.931A>G	Benign synonymous, SpliceAI<=0.1, PhastCons<1.0	0.999	2.942	0.277			25.3	P	
SLX4	NM_032444.4	c.928C>T	Benign synonymous, SpliceAI<=0.1, PhastCons<1.0	0.999	4.423			7.90000e-07	40.0		
SLX4	NM_032444.4	c.928C>G	Benign synonymous, SpliceAI<=0.1, PhastCons<1.0	0.999	4.423	0.145			26.3	P	
SLX4	NM_032444.4	c.921C>G	Benign synonymous, SpliceAI<=0.1, PhastCons<1.0	0.001	-0.59	0.129			16.83	P	
SLX4	NM_032444.4	c.921C>A	Benign synonymous, SpliceAI<=0.1, PhastCons<1.0	0.001	-0.59	0.129			14.02	P	
SLX4	NM_032444.4	c.900A>T	Benign synonymous, SpliceAI<=0.1, PhastCons<1.0	0.996	0.281	0.119			15.23	A	
SLX4	NM_032444.4	c.900A>C	Benign synonymous, SpliceAI<=0.1, PhastCons<1.0	0.996	0.281	0.119			14.9	A	
SLX4	NM_032444.4	c.879G>T	Benign synonymous, SpliceAI<=0.1, PhastCons<1.0	0.993	0.247	0.124			22.7	B	
SLX4	NM_032444.4	c.879G>C	Benign synonymous, SpliceAI<=0.1, PhastCons<1.0	0.993	0.247	0.124			22.6	B	
SLX4	NM_032444.4	c.877T>G	Benign synonymous, SpliceAI<=0.1, PhastCons<1.0	0.467	0.979	0.046			18.45	B	
SLX4	NM_032444.4	c.877T>A	Benign synonymous, SpliceAI<=0.1, PhastCons<1.0	0.467	0.979	0.055			25.0	B	
SLX4	NM_032444.4	c.873G>T	Benign synonymous, SpliceAI<=0.1, PhastCons<1.0	0.026	0.05	0.022			14.48	B	
SLX4	NM_032444.4	c.873G>C	Benign synonymous, SpliceAI<=0.1, PhastCons<1.0	0.026	0.05	0.022			15.11	B	Uncertain_significance
SLX4	NM_032444.4	c.870A>T	Benign synonymous, SpliceAI<=0.1, PhastCons<1.0	0.007	-0.087	0.044			13.39	B	
SLX4	NM_032444.4	c.870A>C	Benign synonymous, SpliceAI<=0.1, PhastCons<1.0	0.007	-0.087	0.044			12.52	B	
SLX4	NM_032444.4	c.867G>T	Benign synonymous, SpliceAI<=0.1, PhastCons<1.0	0.993	0.265	0.124			22.9	A	
SLX4	NM_032444.4	c.867G>C	Benign synonymous, SpliceAI<=0.1, PhastCons<1.0	0.993	0.265	0.124		4.43000e-06	22.7	A	Uncertain_significance
SLX4	NM_032444.4	c.861C>G	Benign synonymous, SpliceAI<=0.1, PhastCons<1.0	0.987	2.01	0.069			23.7	A	
SLX4	NM_032444.4	c.861C>A	Benign synonymous, SpliceAI<=0.1, PhastCons<1.0	0.987	2.01	0.075			23.6	A	
SLX4	NM_032444.4	c.858T>G	Benign synonymous, SpliceAI<=0.1, PhastCons<1.0	0.0	-2.725	0.018			0.11	B	
SLX4	NM_032444.4	c.858T>A	Benign synonymous, SpliceAI<=0.1, PhastCons<1.0	0.0	-2.725	0.018			0.118	B	
SLX4	NM_032444.4	c.855T>G	Benign synonymous, SpliceAI<=0.1, PhastCons<1.0	0.0	-0.892	0.017			0.034	B	
SLX4	NM_032444.4	c.855T>A	Benign synonymous, SpliceAI<=0.1, PhastCons<1.0	0.0	-0.892	0.017			0.042	B	
SLX4	NM_032444.4	c.852T>G	Benign synonymous, SpliceAI<=0.1, PhastCons<1.0	0.0	-2.321	0.006			0.004	B	
SLX4	NM_032444.4	c.852T>A	Benign synonymous, SpliceAI<=0.1, PhastCons<1.0	0.0	-2.321	0.006			0.004	B	
SLX4	NM_032444.4	c.833G>A	Likely_benign FAF >0.1%, REVEL <0.29, SpliceAI<=0.1	0.467	0.266	0.024		0.00316458	13.14	B	Conflicting_classifications_of_pathogenicity
SLX4	NM_032444.4	c.832C>T	Benign synonymous, SpliceAI<=0.1, PhastCons<1.0	0.144	1.014	0.101		0.000517200	23.0	B	Conflicting_classifications_of_pathogenicity
SLX4	NM_032444.4	c.832C>G	Benign synonymous, SpliceAI<=0.1, PhastCons<1.0	0.144	1.014	0.120			17.74	B	
SLX4	NM_032444.4	c.828T>G	Benign synonymous, SpliceAI<=0.1, PhastCons<1.0	0.008	-0.082	0.040			4.981	P	
SLX4	NM_032444.4	c.828T>A	Benign synonymous, SpliceAI<=0.1, PhastCons<1.0	0.008	-0.082	0.040			5.126	P	
SLX4	NM_032444.4	c.825G>T	Benign synonymous, SpliceAI<=0.1, PhastCons<1.0	0.351	0.057	0.080			20.2	B	
SLX4	NM_032444.4	c.825G>C	Benign synonymous, SpliceAI<=0.1, PhastCons<1.0	0.351	0.057	0.080			20.9	B	
SLX4	NM_032444.4	c.822G>T	Benign synonymous, SpliceAI<=0.1, PhastCons<1.0	0.998	0.526	0.061			15.98	B	
SLX4	NM_032444.4	c.822G>C	Benign synonymous, SpliceAI<=0.1, PhastCons<1.0	0.998	0.526	0.061		8.78000e-06	16.34	B	Uncertain_significance
SLX4	NM_032444.4	c.810G>T	Benign synonymous, SpliceAI<=0.1, PhastCons<1.0	0.997	1.057	0.062			21.5	B	
SLX4	NM_032444.4	c.810G>C	Benign synonymous, SpliceAI<=0.1, PhastCons<1.0	0.997	1.057	0.062			22.1	B	
SLX4	NM_032444.4	c.808T>G	Benign synonymous, SpliceAI<=0.1, PhastCons<1.0	0.981	0.289	0.048			17.27	B	
SLX4	NM_032444.4	c.808T>A	Benign synonymous, SpliceAI<=0.1, PhastCons<1.0	0.981	0.289	0.049			20.3	B	
SLX4	NM_032444.4	c.795C>G	Benign synonymous, SpliceAI<=0.1, PhastCons<1.0	0.001	-0.072	0.167			11.26	P	
SLX4	NM_032444.4	c.795C>A	Benign synonymous, SpliceAI<=0.1, PhastCons<1.0	0.001	-0.072	0.167			11.85	P	
SLX4	NM_032444.4	c.792C>G	Benign synonymous, SpliceAI<=0.1, PhastCons<1.0	0.131	-0.017	0.089			9.037	P	Uncertain_significance
SLX4	NM_032444.4	c.792C>A	Benign synonymous, SpliceAI<=0.1, PhastCons<1.0	0.131	-0.017	0.089			8.785	P	
SLX4	NM_032444.4	c.789G>T	Benign synonymous, SpliceAI<=0.1, PhastCons<1.0	0.033	-0.697	0.014			0.144	B	
SLX4	NM_032444.4	c.789G>C	Benign synonymous, SpliceAI<=0.1, PhastCons<1.0	0.033	-0.697	0.014			0.18	B	
SLX4	NM_032444.4	c.765T>G	Benign synonymous, SpliceAI<=0.1, PhastCons<1.0	0.0	-0.129				32.0		
SLX4	NM_032444.4	c.765T>A	Benign synonymous, SpliceAI<=0.1, PhastCons<1.0	0.0	-0.129				29.0		
SLX4	NM_032444.4	c.759T>G	Benign synonymous, SpliceAI<=0.1, PhastCons<1.0	0.0	-1.786	0.052			4.527	B	
SLX4	NM_032444.4	c.759T>A	Benign synonymous, SpliceAI<=0.1, PhastCons<1.0	0.0	-1.786	0.052			4.797	B	
SLX4	NM_032444.4	c.744G>T	Benign synonymous, SpliceAI<=0.1, PhastCons<1.0	0.389	0.666	0.054			14.92	B	
SLX4	NM_032444.4	c.744G>C	Benign synonymous, SpliceAI<=0.1, PhastCons<1.0	0.389	0.666	0.054			14.99	B	
SLX4	NM_032444.4	c.741G>T	Benign synonymous, SpliceAI<=0.1, PhastCons<1.0	0.992	0.839	0.026			11.4	B	
SLX4	NM_032444.4	c.741G>C	Benign synonymous, SpliceAI<=0.1, PhastCons<1.0	0.992	0.839	0.026			10.65	B	
SLX4	NM_032444.4	c.738A>T	Benign synonymous, SpliceAI<=0.1, PhastCons<1.0	0.009	-0.126	0.102			5.527	B	
SLX4	NM_032444.4	c.738A>C	Benign synonymous, SpliceAI<=0.1, PhastCons<1.0	0.009	-0.126	0.100			5.254	B	
SLX4	NM_032444.4	c.732T>G	Benign synonymous, SpliceAI<=0.1, PhastCons<1.0	0.0	-0.084	0.013			0.933	B	
SLX4	NM_032444.4	c.732T>A	Benign synonymous, SpliceAI<=0.1, PhastCons<1.0	0.0	-0.084	0.013			1.072	B	
SLX4	NM_032444.4	c.729G>T	Benign synonymous, SpliceAI<=0.1, PhastCons<1.0	0.0	0.434	0.108			9.007	B	
SLX4	NM_032444.4	c.729G>C	Benign synonymous, SpliceAI<=0.1, PhastCons<1.0	0.0	0.434	0.108			9.007	B	
SLX4	NM_032444.4	c.720T>G	Benign synonymous, SpliceAI<=0.1, PhastCons<1.0	0.0	-0.429	0.050			0.221	B	
SLX4	NM_032444.4	c.720T>A	Benign synonymous, SpliceAI<=0.1, PhastCons<1.0	0.0	-0.429	0.050			0.181	B	
SLX4	NM_032444.4	c.718A>G	Likely_benign FAF >0.1%, REVEL <0.29, SpliceAI<=0.1	0.0	-0.284	0.032		0.0140828	0.157	B	Benign/Likely_benign
SLX4	NM_032444.4	c.717A>T	Benign synonymous, SpliceAI<=0.1, PhastCons<1.0	0.0	-0.409	0.088			2.403	B	
SLX4	NM_032444.4	c.717A>C	Benign synonymous, SpliceAI<=0.1, PhastCons<1.0	0.0	-0.409	0.088			1.717	B	
SLX4	NM_032444.4	c.714A>T	Benign synonymous, SpliceAI<=0.1, PhastCons<1.0	0.0	-0.285	0.131			5.739	B	
SLX4	NM_032444.4	c.714A>C	Benign synonymous, SpliceAI<=0.1, PhastCons<1.0	0.0	-0.285	0.131			5.226	B	
SLX4	NM_032444.4	c.710G>A	Likely_benign FAF >0.1%, REVEL <0.29, SpliceAI<=0.1	0.0	-0.624	0.016		0.0152816	0.019	B	Benign/Likely_benign
SLX4	NM_032444.4	c.709C>T	Benign synonymous, SpliceAI<=0.1, PhastCons<1.0	0.0	-0.72	0.033		0.000276550	8.534	B	Uncertain_significance
SLX4	NM_032444.4	c.709C>G	Benign synonymous, SpliceAI<=0.1, PhastCons<1.0	0.0	-0.72	0.008			1.697	B	
SLX4	NM_032444.4	c.702G>T	Benign synonymous, SpliceAI<=0.1, PhastCons<1.0	0.015	0.929	0.047			10.79	B	
SLX4	NM_032444.4	c.702G>C	Benign synonymous, SpliceAI<=0.1, PhastCons<1.0	0.015	0.929	0.047			10.82	B	Uncertain_significance
SLX4	NM_032444.4	c.693C>G	Benign synonymous, SpliceAI<=0.1, PhastCons<1.0	0.0	0.157	0.039			17.44	B	
SLX4	NM_032444.4	c.693C>A	Benign synonymous, SpliceAI<=0.1, PhastCons<1.0	0.0	0.157				33.0		
SLX4	NM_032444.4	c.690G>T	Benign synonymous, SpliceAI<=0.1, PhastCons<1.0	0.0	-2.689	0.013			0.037	B	
SLX4	NM_032444.4	c.690G>C	Benign synonymous, SpliceAI<=0.1, PhastCons<1.0	0.0	-2.689	0.013			0.037	B	
SLX4	NM_032444.4	c.687A>T	Benign synonymous, SpliceAI<=0.1, PhastCons<1.0	0.0	-0.247	0.029			3.509	B	
SLX4	NM_032444.4	c.687A>C	Benign synonymous, SpliceAI<=0.1, PhastCons<1.0	0.0	-0.247	0.029			2.538	B	
SLX4	NM_032444.4	c.678C>G	Benign synonymous, SpliceAI<=0.1, PhastCons<1.0	0.006	-0.12	0.192			5.658	B	
SLX4	NM_032444.4	c.678C>A	Benign synonymous, SpliceAI<=0.1, PhastCons<1.0	0.006	-0.12	0.192		1.32700e-05	5.026	B	Uncertain_significance
SLX4	NM_032444.4	c.675A>T	Benign synonymous, SpliceAI<=0.1, PhastCons<1.0	0.869	-0.071	0.049			13.41	B	
SLX4	NM_032444.4	c.675A>C	Benign synonymous, SpliceAI<=0.1, PhastCons<1.0	0.869	-0.071	0.049			12.73	B	
SLX4	NM_032444.4	c.673A>T	Benign synonymous, SpliceAI<=0.1, PhastCons<1.0	0.994	1.557				35.0		
SLX4	NM_032444.4	c.673A>G	Benign synonymous, SpliceAI<=0.1, PhastCons<1.0	0.994	1.557	0.061			17.74	B	
SLX4	NM_032444.4	c.670T>G	Benign synonymous, SpliceAI<=0.1, PhastCons<1.0	0.009	-0.065	0.129			13.59	B	
SLX4	NM_032444.4	c.670T>A	Benign synonymous, SpliceAI<=0.1, PhastCons<1.0	0.009	-0.065	0.144			14.72	B	
SLX4	NM_032444.4	c.666G>T	Benign synonymous, SpliceAI<=0.1, PhastCons<1.0	0.017	-0.579	0.072		6.80000e-07	13.29	B	
SLX4	NM_032444.4	c.666G>C	Benign synonymous, SpliceAI<=0.1, PhastCons<1.0	0.017	-0.579	0.072			13.47	B	
SLX4	NM_032444.4	c.660C>G	Benign synonymous, SpliceAI<=0.1, PhastCons<1.0	0.529	0.102	0.067		3.59000e-06	19.25	B	
SLX4	NM_032444.4	c.660C>A	Benign synonymous, SpliceAI<=0.1, PhastCons<1.0	0.529	0.102	0.067		2.80000e-07	19.25	B	Uncertain_significance
SLX4	NM_032444.4	c.628C>G	Benign synonymous, SpliceAI<=0.1, PhastCons<1.0	0.892	0.232	0.025			14.62	B	
SLX4	NM_032444.4	c.628C>A	Benign synonymous, SpliceAI<=0.1, PhastCons<1.0	0.892	0.232	0.060			20.2	B	
SLX4	NM_032444.4	c.622T>G	Benign synonymous, SpliceAI<=0.1, PhastCons<1.0	0.999	0.386	0.082			18.27	B	
SLX4	NM_032444.4	c.622T>A	Benign synonymous, SpliceAI<=0.1, PhastCons<1.0	0.999	0.386	0.097			16.47	B	Uncertain_significance
SLX4	NM_032444.4	c.610C>T	Benign FAF >5%	0.974	2.067	0.145		0.0708478	24.6	B	Benign
SLX4	NM_032444.4	c.606A>T	Benign synonymous, SpliceAI<=0.1, PhastCons<1.0	0.914	1.112	0.054			22.3	P	
SLX4	NM_032444.4	c.606A>C	Benign synonymous, SpliceAI<=0.1, PhastCons<1.0	0.914	1.112	0.054			22.3	P	
SLX4	NM_032444.4	c.597T>G	Benign synonymous, SpliceAI<=0.1, PhastCons<1.0	0.372	0.242	0.073			19.93	A	
SLX4	NM_032444.4	c.597T>A	Benign synonymous, SpliceAI<=0.1, PhastCons<1.0	0.372	0.242	0.074			20.3	A	
SLX4	NM_032444.4	c.590T>C	Likely_benign FAF >0.1%, REVEL <0.29, SpliceAI<=0.1	0.0	-0.338	0.010		0.00230206	1.102	B	Conflicting_classifications_of_pathogenicity
SLX4	NM_032444.4	c.579G>T	Benign synonymous, SpliceAI<=0.1, PhastCons<1.0	0.002	0.55	0.098			20.6	B	
SLX4	NM_032444.4	c.579G>C	Benign synonymous, SpliceAI<=0.1, PhastCons<1.0	0.002	0.55	0.098			20.2	B	
SLX4	NM_032444.4	c.577T>G	Benign synonymous, SpliceAI<=0.1, PhastCons<1.0	0.007	0.477	0.065			14.72	B	Uncertain_significance
SLX4	NM_032444.4	c.577T>A	Benign synonymous, SpliceAI<=0.1, PhastCons<1.0	0.007	0.477	0.079		1.83000e-06	12.53	B	
SLX4	NM_032444.4	c.576T>G	Benign synonymous, SpliceAI<=0.1, PhastCons<1.0	0.024	0.654	0.033			19.55	B	
SLX4	NM_032444.4	c.576T>A	Benign synonymous, SpliceAI<=0.1, PhastCons<1.0	0.024	0.654				34.0		
SLX4	NM_032444.4	c.561G>T	Benign synonymous, SpliceAI<=0.1, PhastCons<1.0	0.08	0.11	0.108			20.7	B	Uncertain_significance
SLX4	NM_032444.4	c.561G>C	Benign synonymous, SpliceAI<=0.1, PhastCons<1.0	0.08	0.11	0.107		7.90000e-07	21.0	B	
SLX4	NM_032444.4	c.555C>G	Benign synonymous, SpliceAI<=0.1, PhastCons<1.0	0.0	-0.127	0.072			9.112	B	
SLX4	NM_032444.4	c.555C>A	Benign synonymous, SpliceAI<=0.1, PhastCons<1.0	0.0	-0.127	0.072			9.397	B	
SLX4	NM_032444.4	c.552C>G	Benign synonymous, SpliceAI<=0.1, PhastCons<1.0	0.0	0.021	0.034		8.75000e-06	2.048	B	Uncertain_significance
SLX4	NM_032444.4	c.552C>A	Benign synonymous, SpliceAI<=0.1, PhastCons<1.0	0.0	0.021	0.034			2.357	B	
SLX4	NM_032444.4	c.549C>G	Benign synonymous, SpliceAI<=0.1, PhastCons<1.0	0.0	-0.308	0.028			3.288	B	
SLX4	NM_032444.4	c.549C>A	Benign synonymous, SpliceAI<=0.1, PhastCons<1.0	0.0	-0.308	0.028			3.133	B	
SLX4	NM_032444.4	c.540T>G	Benign synonymous, SpliceAI<=0.1, PhastCons<1.0	0.0	0.194	0.026			5.093	B	
SLX4	NM_032444.4	c.540T>A	Benign synonymous, SpliceAI<=0.1, PhastCons<1.0	0.0	0.194	0.026			0.209	B	
SLX4	NM_032444.4	c.537G>T	Benign synonymous, SpliceAI<=0.1, PhastCons<1.0	0.0	-0.089	0.042		0.000401720	7.447	B	Uncertain_significance
SLX4	NM_032444.4	c.537G>C	Benign synonymous, SpliceAI<=0.1, PhastCons<1.0	0.0	-0.089	0.082			7.117	B	
SLX4	NM_032444.4	c.535+2T>G	Benign synonymous, SpliceAI<=0.1, PhastCons<1.0, PhyloP<0.1, intronic_ROI(+2)	0.0	0.002				17.02		
SLX4	NM_032444.4	c.535+2T>C	Benign synonymous, SpliceAI<=0.1, PhastCons<1.0, PhyloP<0.1, intronic_ROI(+2)	0.0	0.002				14.91		
SLX4	NM_032444.4	c.535+2T>A	Benign synonymous, SpliceAI<=0.1, PhastCons<1.0, PhyloP<0.1, intronic_ROI(+2)	0.0	0.002				17.1		
SLX4	NM_032444.4	c.535+1G>T	Benign synonymous, SpliceAI<=0.1, PhastCons<1.0, PhyloP<0.1, intronic_ROI(+1)	0.0	-0.409				15.37		
SLX4	NM_032444.4	c.535+1G>C	Benign synonymous, SpliceAI<=0.1, PhastCons<1.0, PhyloP<0.1, intronic_ROI(+1)	0.0	-0.409				14.14		
SLX4	NM_032444.4	c.535+1G>A	Benign synonymous, SpliceAI<=0.1, PhastCons<1.0, PhyloP<0.1, intronic_ROI(+1)	0.0	-0.409				14.01		
SLX4	NM_032444.4	c.534A>T	Benign synonymous, SpliceAI<=0.1, PhastCons<1.0	0.0	-0.376	0.015			6.944	B	
SLX4	NM_032444.4	c.534A>C	Benign synonymous, SpliceAI<=0.1, PhastCons<1.0	0.0	-0.376	0.015			3.249	B	
SLX4	NM_032444.4	c.532A>T	Benign synonymous, SpliceAI<=0.1, PhastCons<1.0	0.0	-0.357				27.2		
SLX4	NM_032444.4	c.532A>G	Benign synonymous, SpliceAI<=0.1, PhastCons<1.0	0.0	-0.357	0.012			5.509	B	Uncertain_significance
SLX4	NM_032444.4	c.528A>T	Benign synonymous, SpliceAI<=0.1, PhastCons<1.0	0.0	0.205	0.009		0.000100240	8.144	B	Uncertain_significance
SLX4	NM_032444.4	c.528A>C	Benign synonymous, SpliceAI<=0.1, PhastCons<1.0	0.0	0.205	0.009			8.277	B	Uncertain_significance
SLX4	NM_032444.4	c.525G>T	Benign synonymous, SpliceAI<=0.1, PhastCons<1.0	0.006	1.291	0.057			5.213	B	
SLX4	NM_032444.4	c.525G>C	Benign synonymous, SpliceAI<=0.1, PhastCons<1.0	0.006	1.291	0.057			5.071	B	
SLX4	NM_032444.4	c.522A>T	Benign synonymous, SpliceAI<=0.1, PhastCons<1.0	0.0	0.091	0.046			1.875	B	
SLX4	NM_032444.4	c.522A>C	Benign synonymous, SpliceAI<=0.1, PhastCons<1.0	0.0	0.091	0.046			2.096	B	
SLX4	NM_032444.4	c.520A>T	Benign synonymous, SpliceAI<=0.1, PhastCons<1.0	0.0	-0.014				32.0		
SLX4	NM_032444.4	c.520A>G	Benign synonymous, SpliceAI<=0.1, PhastCons<1.0	0.0	-0.014	0.022			9.165	B	
SLX4	NM_032444.4	c.513C>G	Benign synonymous, SpliceAI<=0.1, PhastCons<1.0	0.0	-1.628	0.006			0.022	B	
SLX4	NM_032444.4	c.513C>A	Benign synonymous, SpliceAI<=0.1, PhastCons<1.0	0.0	-1.628	0.006			0.022	B	
SLX4	NM_032444.4	c.501A>T	Benign synonymous, SpliceAI<=0.1, PhastCons<1.0	0.0	-0.296	0.026			0.755	B	
SLX4	NM_032444.4	c.501A>C	Benign synonymous, SpliceAI<=0.1, PhastCons<1.0	0.0	-0.296	0.026			0.83	B	
SLX4	NM_032444.4	c.498A>T	Benign synonymous, SpliceAI<=0.1, PhastCons<1.0	0.0	-0.597	0.023		6.80000e-07	0.557	B	
SLX4	NM_032444.4	c.498A>C	Benign synonymous, SpliceAI<=0.1, PhastCons<1.0	0.0	-0.597	0.023			0.576	B	
SLX4	NM_032444.4	c.495G>T	Benign synonymous, SpliceAI<=0.1, PhastCons<1.0	0.003	0.502	0.120			4.819	B	
SLX4	NM_032444.4	c.495G>C	Benign synonymous, SpliceAI<=0.1, PhastCons<1.0	0.003	0.502	0.120			4.835	B	
SLX4	NM_032444.4	c.492C>G	Benign synonymous, SpliceAI<=0.1, PhastCons<1.0	0.017	-0.106	0.041			6.941	B	
SLX4	NM_032444.4	c.492C>A	Benign synonymous, SpliceAI<=0.1, PhastCons<1.0	0.017	-0.106	0.041			1.955	B	
SLX4	NM_032444.4	c.483G>T	Benign synonymous, SpliceAI<=0.1, PhastCons<1.0	0.655	0.562	0.055			15.64	B	
SLX4	NM_032444.4	c.483G>C	Benign synonymous, SpliceAI<=0.1, PhastCons<1.0	0.655	0.562	0.055			15.74	B	
SLX4	NM_032444.4	c.477C>G	Benign synonymous, SpliceAI<=0.1, PhastCons<1.0	0.05	1.004	0.066			16.95	B	
SLX4	NM_032444.4	c.477C>A	Benign synonymous, SpliceAI<=0.1, PhastCons<1.0	0.05	1.004	0.066			16.37	B	
SLX4	NM_032444.4	c.474A>T	Benign synonymous, SpliceAI<=0.1, PhastCons<1.0	0.0	0.542	0.107			12.78	B	
SLX4	NM_032444.4	c.474A>C	Benign synonymous, SpliceAI<=0.1, PhastCons<1.0	0.0	0.542	0.107			12.99	B	
SLX4	NM_032444.4	c.465A>T	Benign synonymous, SpliceAI<=0.1, PhastCons<1.0	0.0	-3.684	0.035			0.046	B	
SLX4	NM_032444.4	c.465A>C	Benign synonymous, SpliceAI<=0.1, PhastCons<1.0	0.0	-3.684	0.035			0.049	B	
SLX4	NM_032444.4	c.460C>T	Benign synonymous, SpliceAI<=0.1, PhastCons<1.0	0.0	-0.549	0.011		7.38000e-06	12.4	B	Uncertain_significance
SLX4	NM_032444.4	c.460C>G	Benign synonymous, SpliceAI<=0.1, PhastCons<1.0	0.0	-0.549	0.011			2.958	B	
SLX4	NM_032444.4	c.447T>G	Benign synonymous, SpliceAI<=0.1, PhastCons<1.0	0.0	-1.539	0.019			0.446	B	
SLX4	NM_032444.4	c.447T>A	Benign synonymous, SpliceAI<=0.1, PhastCons<1.0	0.0	-1.539	0.019			0.39	B	
SLX4	NM_032444.4	c.422G>T	Likely_benign FAF >0.1%, REVEL <0.29, SpliceAI<=0.1	0.0	-0.099	0.028		0.00482384	4.623	B	Conflicting_classifications_of_pathogenicity
SLX4	NM_032444.4	c.420G>T	Benign synonymous, SpliceAI<=0.1, PhastCons<1.0	0.0	-0.282	0.027		4.34500e-05	1.444	B	Uncertain_significance
SLX4	NM_032444.4	c.420G>C	Benign synonymous, SpliceAI<=0.1, PhastCons<1.0	0.0	-0.282	0.027		3.65000e-06	0.99	B	
SLX4	NM_032444.4	c.414T>G	Benign synonymous, SpliceAI<=0.1, PhastCons<1.0	0.0	-0.529	0.010		2.80000e-07	0.068	B	
SLX4	NM_032444.4	c.414T>A	Benign synonymous, SpliceAI<=0.1, PhastCons<1.0	0.0	-0.529	0.010			0.057	B	
SLX4	NM_032444.4	c.405C>G	Benign synonymous, SpliceAI<=0.1, PhastCons<1.0	0.0	-0.206	0.008			0.74	B	
SLX4	NM_032444.4	c.405C>A	Benign synonymous, SpliceAI<=0.1, PhastCons<1.0	0.0	-0.206	0.008			0.689	B	
SLX4	NM_032444.4	c.396A>T	Benign synonymous, SpliceAI<=0.1, PhastCons<1.0	0.0	-0.155	0.015			0.556	B	
SLX4	NM_032444.4	c.396A>C	Benign synonymous, SpliceAI<=0.1, PhastCons<1.0	0.0	-0.155	0.015			0.708	B	
SLX4	NM_032444.4	c.393T>G	Benign synonymous, SpliceAI<=0.1, PhastCons<1.0	0.0	-0.203	0.018			1.363	B	
SLX4	NM_032444.4	c.393T>A	Benign synonymous, SpliceAI<=0.1, PhastCons<1.0	0.0	-0.203	0.018			1.063	B	
SLX4	NM_032444.4	c.387A>T	Benign synonymous, SpliceAI<=0.1, PhastCons<1.0	0.0	-0.225	0.006			9.226	B	
SLX4	NM_032444.4	c.387A>C	Benign synonymous, SpliceAI<=0.1, PhastCons<1.0	0.0	-0.225	0.006			8.629	B	
SLX4	NM_032444.4	c.381A>T	Benign synonymous, SpliceAI<=0.1, PhastCons<1.0	0.0	-0.529	0.041			15.69	A	
SLX4	NM_032444.4	c.381A>C	Benign synonymous, SpliceAI<=0.1, PhastCons<1.0	0.0	-0.529	0.041			15.48	A	
SLX4	NM_032444.4	c.372G>T	Benign synonymous, SpliceAI<=0.1, PhastCons<1.0	0.0	0.066	0.023			5.181	B	
SLX4	NM_032444.4	c.372G>C	Benign synonymous, SpliceAI<=0.1, PhastCons<1.0	0.0	0.066	0.023			5.583	B	
SLX4	NM_032444.4	c.370A>T	Benign synonymous, SpliceAI<=0.1, PhastCons<1.0	0.0	-1.639	0.027			9.353	B	
SLX4	NM_032444.4	c.370A>G	Benign synonymous, SpliceAI<=0.1, PhastCons<1.0	0.0	-1.639	0.010		7.90000e-07	0.082	B	Uncertain_significance
SLX4	NM_032444.4	c.369A>T	Benign synonymous, SpliceAI<=0.1, PhastCons<1.0	0.0	0.122	0.020			7.307	B	
SLX4	NM_032444.4	c.369A>C	Benign synonymous, SpliceAI<=0.1, PhastCons<1.0	0.0	0.122	0.020			7.234	B	
SLX4	NM_032444.4	c.366G>T	Benign synonymous, SpliceAI<=0.1, PhastCons<1.0	0.001	0.492	0.039			14.15	B	
SLX4	NM_032444.4	c.366G>C	Benign synonymous, SpliceAI<=0.1, PhastCons<1.0	0.001	0.492	0.039			14.2	B	Uncertain_significance
SLX4	NM_032444.4	c.363A>T	Benign synonymous, SpliceAI<=0.1, PhastCons<1.0	0.002	0.561	0.129			19.66	A	
SLX4	NM_032444.4	c.363A>C	Benign synonymous, SpliceAI<=0.1, PhastCons<1.0	0.002	0.561	0.129			19.73	A	Uncertain_significance
SLX4	NM_032444.4	c.357G>T	Benign synonymous, SpliceAI<=0.1, PhastCons<1.0	0.0	0.132	0.061			17.86	B	Uncertain_significance
SLX4	NM_032444.4	c.357G>C	Benign synonymous, SpliceAI<=0.1, PhastCons<1.0	0.0	0.132	0.061		1.03000e-05	17.88	B	
SLX4	NM_032444.4	c.355A>T	Benign synonymous, SpliceAI<=0.1, PhastCons<1.0	0.0	-0.018	0.077			19.83	B	
SLX4	NM_032444.4	c.355A>G	Benign synonymous, SpliceAI<=0.1, PhastCons<1.0	0.0	-0.018	0.060			15.39	B	
SLX4	NM_032444.4	c.348G>T	Benign synonymous, SpliceAI<=0.1, PhastCons<1.0	0.0	-0.641	0.039			10.95	B	
SLX4	NM_032444.4	c.348G>C	Benign synonymous, SpliceAI<=0.1, PhastCons<1.0	0.0	-0.641	0.039			11.7	B	
SLX4	NM_032444.4	c.345C>G	Benign synonymous, SpliceAI<=0.1, PhastCons<1.0	0.833	0.449	0.051			17.21	B	
SLX4	NM_032444.4	c.345C>A	Benign synonymous, SpliceAI<=0.1, PhastCons<1.0	0.833	0.449	0.051			17.1	B	
SLX4	NM_032444.4	c.330A>T	Benign synonymous, SpliceAI<=0.1, PhastCons<1.0	0.001	-0.022	0.075			17.58	B	
SLX4	NM_032444.4	c.330A>C	Benign synonymous, SpliceAI<=0.1, PhastCons<1.0	0.001	-0.022	0.075			17.63	B	
SLX4	NM_032444.4	c.327G>T	Benign synonymous, SpliceAI<=0.1, PhastCons<1.0	0.018	1.013	0.101			20.3	A	
SLX4	NM_032444.4	c.327G>C	Benign synonymous, SpliceAI<=0.1, PhastCons<1.0	0.018	1.013	0.101			20.3	A	
SLX4	NM_032444.4	c.324G>T	Benign synonymous, SpliceAI<=0.1, PhastCons<1.0	0.001	0.142	0.177			13.93	B	
SLX4	NM_032444.4	c.324G>C	Benign synonymous, SpliceAI<=0.1, PhastCons<1.0	0.001	0.142	0.177		6.80000e-07	12.98	B	
SLX4	NM_032444.4	c.316C>T	Likely_benign FAF >0.1%, REVEL <0.29, SpliceAI<=0.1	0.865	0.145	0.069		0.00100399	13.86	B	Likely_benign
SLX4	NM_032444.4	c.312A>T	Benign synonymous, SpliceAI<=0.1, PhastCons<1.0	0.006	-0.436	0.090			5.697	B	
SLX4	NM_032444.4	c.312A>C	Benign synonymous, SpliceAI<=0.1, PhastCons<1.0	0.006	-0.436	0.090		6.80000e-07	5.692	B	Uncertain_significance
SLX4	NM_032444.4	c.303A>T	Benign synonymous, SpliceAI<=0.1, PhastCons<1.0	0.995	1.66	0.099			20.6	B	
SLX4	NM_032444.4	c.303A>C	Benign synonymous, SpliceAI<=0.1, PhastCons<1.0	0.995	1.66	0.099			20.5	B	
SLX4	NM_032444.4	c.297G>T	Benign synonymous, SpliceAI<=0.1, PhastCons<1.0	0.874	1.755	0.160			19.45	A	
SLX4	NM_032444.4	c.297G>C	Benign synonymous, SpliceAI<=0.1, PhastCons<1.0	0.874	1.755	0.160			19.38	A	
SLX4	NM_032444.4	c.285A>T	Benign synonymous, SpliceAI<=0.1, PhastCons<1.0	0.004	0.042	0.049			12.56	B	
SLX4	NM_032444.4	c.285A>C	Benign synonymous, SpliceAI<=0.1, PhastCons<1.0	0.004	0.042	0.049			12.61	B	
SLX4	NM_032444.4	c.282A>T	Benign synonymous, SpliceAI<=0.1, PhastCons<1.0	0.796	-0.198	0.036			19.18	A	
SLX4	NM_032444.4	c.282A>C	Benign synonymous, SpliceAI<=0.1, PhastCons<1.0	0.796	-0.198	0.036			19.09	A	
SLX4	NM_032444.4	c.276G>T	Benign synonymous, SpliceAI<=0.1, PhastCons<1.0	0.885	0.172	0.137			15.89	B	
SLX4	NM_032444.4	c.276G>C	Benign synonymous, SpliceAI<=0.1, PhastCons<1.0	0.885	0.172	0.137			15.77	B	
SLX4	NM_032444.4	c.274A>T	Benign synonymous, SpliceAI<=0.1, PhastCons<1.0	0.982	0.962	0.062			22.5	B	
SLX4	NM_032444.4	c.274A>G	Benign synonymous, SpliceAI<=0.1, PhastCons<1.0	0.982	0.962	0.054			16.11	B	
SLX4	NM_032444.4	c.273A>T	Benign synonymous, SpliceAI<=0.1, PhastCons<1.0	0.999	1.951	0.079			22.0	A	
SLX4	NM_032444.4	c.273A>C	Benign synonymous, SpliceAI<=0.1, PhastCons<1.0	0.999	1.951	0.079			22.0	A	
SLX4	NM_032444.4	c.270G>T	Benign synonymous, SpliceAI<=0.1, PhastCons<1.0	0.011	-0.044	0.049			11.32	B	
SLX4	NM_032444.4	c.270G>C	Benign synonymous, SpliceAI<=0.1, PhastCons<1.0	0.011	-0.044	0.049			11.35	B	
SLX4	NM_032444.4	c.268T>G	Benign synonymous, SpliceAI<=0.1, PhastCons<1.0	0.0	-0.173	0.074			6.18	B	
SLX4	NM_032444.4	c.268T>A	Benign synonymous, SpliceAI<=0.1, PhastCons<1.0	0.0	-0.173	0.040			10.04	B	
SLX4	NM_032444.4	c.267A>T	Benign synonymous, SpliceAI<=0.1, PhastCons<1.0	0.01	0.629	0.025			20.6	B	
SLX4	NM_032444.4	c.267A>C	Benign synonymous, SpliceAI<=0.1, PhastCons<1.0	0.01	0.629	0.025			20.6	B	
SLX4	NM_032444.4	c.264C>G	Benign synonymous, SpliceAI<=0.1, PhastCons<1.0	0.998	2.239	0.030			16.43	B	
SLX4	NM_032444.4	c.264C>A	Benign synonymous, SpliceAI<=0.1, PhastCons<1.0	0.998	2.239	0.030			16.55	B	
SLX4	NM_032444.4	c.261A>T	Benign synonymous, SpliceAI<=0.1, PhastCons<1.0	0.86	0.789	0.108			16.88	B	
SLX4	NM_032444.4	c.261A>C	Benign synonymous, SpliceAI<=0.1, PhastCons<1.0	0.86	0.789	0.108			16.76	B	
SLX4	NM_032444.4	c.259A>T	Benign synonymous, SpliceAI<=0.1, PhastCons<1.0	0.571	2.025				33.0		
SLX4	NM_032444.4	c.259A>G	Benign synonymous, SpliceAI<=0.1, PhastCons<1.0	0.571	2.025	0.121			17.78	B	
SLX4	NM_032444.4	c.255G>T	Benign synonymous, SpliceAI<=0.1, PhastCons<1.0	0.007	0.179	0.069			14.15	B	
SLX4	NM_032444.4	c.255G>C	Benign synonymous, SpliceAI<=0.1, PhastCons<1.0	0.007	0.179	0.069			14.17	B	
SLX4	NM_032444.4	c.246C>G	Benign synonymous, SpliceAI<=0.1, PhastCons<1.0	0.0	-1.238	0.010		1.83000e-06	0.018	B	
SLX4	NM_032444.4	c.246C>A	Benign synonymous, SpliceAI<=0.1, PhastCons<1.0	0.0	-1.238	0.010			0.017	B	
SLX4	NM_032444.4	c.234G>T	Benign synonymous, SpliceAI<=0.1, PhastCons<1.0	0.002	-0.169	0.030		1.10700e-05	7.101	B	
SLX4	NM_032444.4	c.234G>C	Benign synonymous, SpliceAI<=0.1, PhastCons<1.0	0.002	-0.169	0.030		1.45400e-05	7.201	B	Uncertain_significance
SLX4	NM_032444.4	c.231A>T	Benign synonymous, SpliceAI<=0.1, PhastCons<1.0	0.285	0.324	0.073			15.25	B	
SLX4	NM_032444.4	c.231A>C	Benign synonymous, SpliceAI<=0.1, PhastCons<1.0	0.285	0.324	0.074			15.24	B	
SLX4	NM_032444.4	c.225G>T	Benign synonymous, SpliceAI<=0.1, PhastCons<1.0	0.007	0.891	0.064			15.86	A	
SLX4	NM_032444.4	c.225G>C	Benign synonymous, SpliceAI<=0.1, PhastCons<1.0	0.007	0.891	0.064			15.89	A	
SLX4	NM_032444.4	c.222G>T	Benign synonymous, SpliceAI<=0.1, PhastCons<1.0	0.014	0.196	0.045			13.63	A	
SLX4	NM_032444.4	c.222G>C	Benign synonymous, SpliceAI<=0.1, PhastCons<1.0	0.014	0.196	0.045			13.51	A	
SLX4	NM_032444.4	c.220A>T	Benign synonymous, SpliceAI<=0.1, PhastCons<1.0	0.254	1.929	0.123			21.2	B	
SLX4	NM_032444.4	c.220A>G	Benign synonymous, SpliceAI<=0.1, PhastCons<1.0	0.254	1.929	0.084		2.80000e-07	17.0	B	
SLX4	NM_032444.4	c.219A>T	Benign synonymous, SpliceAI<=0.1, PhastCons<1.0	0.25	-0.05	0.042			12.29	B	
SLX4	NM_032444.4	c.219A>C	Benign synonymous, SpliceAI<=0.1, PhastCons<1.0	0.25	-0.05	0.042			12.19	B	
SLX4	NM_032444.4	c.207A>T	Benign synonymous, SpliceAI<=0.1, PhastCons<1.0	0.18	0.312	0.046			9.021	B	
SLX4	NM_032444.4	c.207A>C	Benign synonymous, SpliceAI<=0.1, PhastCons<1.0	0.18	0.312	0.046		1.83000e-06	9.422	B	
SLX4	NM_032444.4	c.204G>T	Benign synonymous, SpliceAI<=0.1, PhastCons<1.0	0.998	0.509	0.076			21.3	A	
SLX4	NM_032444.4	c.204G>C	Benign synonymous, SpliceAI<=0.1, PhastCons<1.0	0.998	0.509	0.076			21.4	A	
SLX4	NM_032444.4	c.195T>G	Benign synonymous, SpliceAI<=0.1, PhastCons<1.0	0.002	-0.244	0.120			12.26	B	
SLX4	NM_032444.4	c.195T>A	Benign synonymous, SpliceAI<=0.1, PhastCons<1.0	0.002	-0.244	0.120			12.02	B	
SLX4	NM_032444.4	c.192A>T	Benign synonymous, SpliceAI<=0.1, PhastCons<1.0	0.998	1.395	0.067			22.7	A	
SLX4	NM_032444.4	c.192A>C	Benign synonymous, SpliceAI<=0.1, PhastCons<1.0	0.998	1.395	0.067			22.8	A	Uncertain_significance
SLX4	NM_032444.4	c.189A>T	Benign synonymous, SpliceAI<=0.1, PhastCons<1.0	0.997	0.137	0.077			22.5	P	
SLX4	NM_032444.4	c.189A>C	Benign synonymous, SpliceAI<=0.1, PhastCons<1.0	0.997	0.137	0.077			22.6	P	
SLX4	NM_032444.4	c.174T>G	Benign synonymous, SpliceAI<=0.1, PhastCons<1.0	0.974	0.078	0.167			19.82	P	
SLX4	NM_032444.4	c.174T>A	Benign synonymous, SpliceAI<=0.1, PhastCons<1.0	0.974	0.078	0.167			19.77	P	
SLX4	NM_032444.4	c.165C>G	Benign synonymous, SpliceAI<=0.1, PhastCons<1.0	0.001	-0.934	0.240			9.069	P	
SLX4	NM_032444.4	c.165C>A	Benign synonymous, SpliceAI<=0.1, PhastCons<1.0	0.001	-0.934				24.6		
SLX4	NM_032444.4	c.156A>T	Benign synonymous, SpliceAI<=0.1, PhastCons<1.0	0.998	0.171	0.073			20.9	P	
SLX4	NM_032444.4	c.156A>C	Benign synonymous, SpliceAI<=0.1, PhastCons<1.0	0.998	0.171	0.073			21.0	P	
SLX4	NM_032444.4	c.147G>T	Benign synonymous, SpliceAI<=0.1, PhastCons<1.0	0.973	0.062	0.075			1.716	B	
SLX4	NM_032444.4	c.147G>C	Benign synonymous, SpliceAI<=0.1, PhastCons<1.0	0.973	0.062	0.075			1.902	B	
SLX4	NM_032444.4	c.144T>G	Benign synonymous, SpliceAI<=0.1, PhastCons<1.0	0.136	-0.791	0.221			13.61	A	
SLX4	NM_032444.4	c.144T>A	Benign synonymous, SpliceAI<=0.1, PhastCons<1.0	0.136	-0.791	0.221			13.71	A	
SLX4	NM_032444.4	c.138G>T	Benign synonymous, SpliceAI<=0.1, PhastCons<1.0	0.822	-0.356	0.070			13.02	B	
SLX4	NM_032444.4	c.138G>C	Benign synonymous, SpliceAI<=0.1, PhastCons<1.0	0.822	-0.356	0.070			13.18	B	
SLX4	NM_032444.4	c.126G>T	Benign synonymous, SpliceAI<=0.1, PhastCons<1.0	0.0	-0.606	0.032			1.685	B	
SLX4	NM_032444.4	c.126G>C	Benign synonymous, SpliceAI<=0.1, PhastCons<1.0	0.0	-0.606	0.032		3.65000e-06	2.077	B	
SLX4	NM_032444.4	c.117A>T	Benign synonymous, SpliceAI<=0.1, PhastCons<1.0	0.0	-0.275	0.059			13.16	B	
SLX4	NM_032444.4	c.117A>C	Benign synonymous, SpliceAI<=0.1, PhastCons<1.0	0.0	-0.275	0.059		6.80000e-07	13.23	B	
SLX4	NM_032444.4	c.111C>G	Benign synonymous, SpliceAI<=0.1, PhastCons<1.0	0.007	0.089	0.059			6.541	B	
SLX4	NM_032444.4	c.111C>A	Benign synonymous, SpliceAI<=0.1, PhastCons<1.0	0.007	0.089	0.059		1.37600e-05	6.671	B	Uncertain_significance
SLX4	NM_032444.4	c.108A>T	Benign synonymous, SpliceAI<=0.1, PhastCons<1.0	0.005	0.267	0.179			14.68	B	
SLX4	NM_032444.4	c.108A>C	Benign synonymous, SpliceAI<=0.1, PhastCons<1.0	0.005	0.267	0.179			14.6	B	
SLX4	NM_032444.4	c.102G>T	Benign synonymous, SpliceAI<=0.1, PhastCons<1.0	0.003	-0.072	0.068			16.04	B	
SLX4	NM_032444.4	c.102G>C	Benign synonymous, SpliceAI<=0.1, PhastCons<1.0	0.003	-0.072	0.068			16.27	B	
SLX4	NM_032444.4	c.99C>G	Benign synonymous, SpliceAI<=0.1, PhastCons<1.0	0.089	-0.166	0.014		2.80000e-07	12.91	B	Uncertain_significance
SLX4	NM_032444.4	c.99C>A	Benign synonymous, SpliceAI<=0.1, PhastCons<1.0	0.089	-0.166	0.014			12.98	B	
SLX4	NM_032444.4	c.96A>T	Benign synonymous, SpliceAI<=0.1, PhastCons<1.0	0.678	0.98	0.124			15.35	B	
SLX4	NM_032444.4	c.96A>C	Benign synonymous, SpliceAI<=0.1, PhastCons<1.0	0.678	0.98	0.124			15.35	B	
SLX4	NM_032444.4	c.81C>G	Benign synonymous, SpliceAI<=0.1, PhastCons<1.0	0.001	0.65	0.036			4.503	B	
SLX4	NM_032444.4	c.81C>A	Benign synonymous, SpliceAI<=0.1, PhastCons<1.0	0.001	0.65	0.071			4.187	B	
SLX4	NM_032444.4	c.73G>A	Likely_benign FAF >0.1%, REVEL <0.29, SpliceAI<=0.1	0.0	-0.104	0.013		0.00185352	12.92	B	Conflicting_classifications_of_pathogenicity
SLX4	NM_032444.4	c.69T>G	Benign synonymous, SpliceAI<=0.1, PhastCons<1.0	0.0	0.102	0.035			4.583	B	
SLX4	NM_032444.4	c.69T>A	Benign synonymous, SpliceAI<=0.1, PhastCons<1.0	0.0	0.102				24.5		
SLX4	NM_032444.4	c.58C>G	Benign synonymous, SpliceAI<=0.1, PhastCons<1.0	0.005	1.09	0.139			14.67	B	
SLX4	NM_032444.4	c.58C>A	Benign synonymous, SpliceAI<=0.1, PhastCons<1.0	0.005	1.09	0.175			15.95	B	
SLX4	NM_032444.4	c.57T>G	Benign synonymous, SpliceAI<=0.1, PhastCons<1.0	0.003	0.656	0.123			14.75	B	
SLX4	NM_032444.4	c.57T>A	Benign synonymous, SpliceAI<=0.1, PhastCons<1.0	0.003	0.656	0.123			8.46	B	
SLX4	NM_032444.4	c.42G>T	Benign synonymous, SpliceAI<=0.1, PhastCons<1.0	0.0	-2.385	0.003			0.329	B	
SLX4	NM_032444.4	c.42G>C	Benign synonymous, SpliceAI<=0.1, PhastCons<1.0	0.0	-2.385	0.003			0.371	B	Uncertain_significance
SLX4	NM_032444.4	c.40T>G	Benign synonymous, SpliceAI<=0.1, PhastCons<1.0	0.0	0.042	0.020			3.941	B	
SLX4	NM_032444.4	c.40T>A	Benign synonymous, SpliceAI<=0.1, PhastCons<1.0	0.0	0.042	0.039			7.175	B	
SLX4	NM_032444.4	c.39C>G	Benign synonymous, SpliceAI<=0.1, PhastCons<1.0	0.0	0.001				24.8		Pathogenic
SLX4	NM_032444.4	c.39C>A	Benign synonymous, SpliceAI<=0.1, PhastCons<1.0	0.0	0.001				24.7		
SLX4	NM_032444.4	c.36C>G	Benign synonymous, SpliceAI<=0.1, PhastCons<1.0	0.0	-3.994	0.009			0.002	A	
SLX4	NM_032444.4	c.36C>A	Benign synonymous, SpliceAI<=0.1, PhastCons<1.0	0.0	-3.994	0.009			0.002	A	
SLX4	NM_032444.4	c.28C>G	Benign synonymous, SpliceAI<=0.1, PhastCons<1.0	0.0	-0.196	0.043			1.261	B	
SLX4	NM_032444.4	c.28C>A	Benign synonymous, SpliceAI<=0.1, PhastCons<1.0	0.0	-0.196	0.056			1.258	B	
SLX4	NM_032444.4	c.27G>T	Benign synonymous, SpliceAI<=0.1, PhastCons<1.0	0.0	-0.089	0.025			0.452	B	
SLX4	NM_032444.4	c.27G>C	Benign synonymous, SpliceAI<=0.1, PhastCons<1.0	0.0	-0.089	0.025		2.80000e-07	0.448	B	Uncertain_significance
SLX4	NM_032444.4	c.21G>T	Benign synonymous, SpliceAI<=0.1, PhastCons<1.0	0.0	-0.219	0.054			14.52	B	
SLX4	NM_032444.4	c.21G>C	Benign synonymous, SpliceAI<=0.1, PhastCons<1.0	0.0	-0.219	0.054			14.45	B	
SLX4	NM_032444.4	c.18T>G	Benign synonymous, SpliceAI<=0.1, PhastCons<1.0	0.0	-2.42	0.024			4.636	B	
SLX4	NM_032444.4	c.18T>A	Benign synonymous, SpliceAI<=0.1, PhastCons<1.0	0.0	-2.42	0.024			4.441	B	
SLX4	NM_032444.4	c.12T>G	Benign synonymous, SpliceAI<=0.1, PhastCons<1.0	0.0	0.603	0.045			15.99	B	
SLX4	NM_032444.4	c.12T>A	Benign synonymous, SpliceAI<=0.1, PhastCons<1.0	0.0	0.603	0.045			15.88	B	
SLX4	NM_032444.4	c.7C>G	Benign synonymous, SpliceAI<=0.1, PhastCons<1.0	0.0	0.102	0.071			0.45	B	
SLX4	NM_032444.4	c.7C>A	Benign synonymous, SpliceAI<=0.1, PhastCons<1.0	0.0	0.102	0.073			11.58	B	
SLX4	NM_032444.4	c.6A>T	Benign synonymous, SpliceAI<=0.1, PhastCons<1.0	0.0	0.012	0.051			8.111	B	
SLX4	NM_032444.4	c.6A>C	Benign synonymous, SpliceAI<=0.1, PhastCons<1.0	0.0	0.012	0.051			8.149	B	
SMAD4	NM_005359.6	c.454+2088G>C	Benign FAF >5%	0.0	-0.214	.;.;.		0.443037	1.057	.;.;.	
SMAD4	NM_005359.6	c.956-31G>A	Benign FAF >5%	0.0	-0.415	.;.;.		0.157490	12.66	.;.;.	Benign
SMAD4	NM_005359.6	c.1455A>C	Benign synonymous, SpliceAI<=0.1, PhastCons<1.0	0.0	-1.917				1.576		Benign/Likely_benign
SMAD4	NM_005359.6	c.1455A>G	Benign synonymous, SpliceAI<=0.1, PhastCons<1.0	0.0	-1.917				1.72		
SMAD4	NM_005359.6	c.1455A>T	Benign synonymous, SpliceAI<=0.1, PhastCons<1.0	0.0	-1.917				1.466		
SMARCA4	NM_001128849.2	c.589-1G>A	Benign synonymous, SpliceAI<=0.1, PhastCons<1.0, PhyloP<0.1, intronic_ROI(-1)	0.0	-3.026			7.28200e-05	3.079		Likely_benign
SMARCA4	NM_001128849.2	c.589-1G>C	Benign synonymous, SpliceAI<=0.1, PhastCons<1.0, PhyloP<0.1, intronic_ROI(-1)	0.0	-3.026			1.25000e-06	0.172		Likely_benign
SMARCA4	NM_001128849.2	c.589-1G>T	Benign synonymous, SpliceAI<=0.1, PhastCons<1.0, PhyloP<0.1, intronic_ROI(-1)	0.0	-3.026				0.312		Conflicting_classifications_of_pathogenicity
SMARCA4	NM_001128849.2	c.1246-2A>C	Benign synonymous, SpliceAI<=0.1, PhastCons<1.0, PhyloP<0.1, intronic_ROI(-2)	0.0	-3.538				0.042		
SMARCA4	NM_001128849.2	c.1246-2A>G	Benign synonymous, SpliceAI<=0.1, PhastCons<1.0, PhyloP<0.1, intronic_ROI(-2)	0.0	-3.538				0.047		
SMARCA4	NM_001128849.2	c.1246-2A>T	Benign synonymous, SpliceAI<=0.1, PhastCons<1.0, PhyloP<0.1, intronic_ROI(-2)	0.0	-3.538				0.01		
SMARCA4	NM_001128849.2	c.1246-1G>A	Benign synonymous, SpliceAI<=0.1, PhastCons<1.0, PhyloP<0.1, intronic_ROI(-1)	0.0	-0.933				0.357		
SMARCA4	NM_001128849.2	c.1246-1G>C	Benign synonymous, SpliceAI<=0.1, PhastCons<1.0, PhyloP<0.1, intronic_ROI(-1)	0.0	-0.933				0.241		
SMARCA4	NM_001128849.2	c.1246-1G>T	Benign synonymous, SpliceAI<=0.1, PhastCons<1.0, PhyloP<0.1, intronic_ROI(-1)	0.0	-0.933				0.246		
SMARCA4	NM_001128849.2	c.1248C>A	Benign synonymous, SpliceAI<=0.1, PhastCons<1.0	0.0	-0.39				0.011		
SMARCA4	NM_001128849.2	c.1248C>G	Benign synonymous, SpliceAI<=0.1, PhastCons<1.0	0.0	-0.39				0.027		
SMARCA4	NM_001128849.2	c.1255T>A	Benign synonymous, SpliceAI<=0.1, PhastCons<1.0	0.023	0.132				0.377		
SMARCA4	NM_001128849.2	c.1255T>G	Benign synonymous, SpliceAI<=0.1, PhastCons<1.0	0.023	0.132				4.767		
SMARCA4	NM_001128849.2	c.1257G>C	Benign synonymous, SpliceAI<=0.1, PhastCons<1.0	0.0	-1.158				0.301		
SMARCA4	NM_001128849.2	c.1257G>T	Benign synonymous, SpliceAI<=0.1, PhastCons<1.0	0.0	-1.158			2.80000e-07	0.278		
SMARCA4	NM_001128849.2	c.1270C>A	Benign synonymous, SpliceAI<=0.1, PhastCons<1.0	0.0	0.027				12.86		
SMARCA4	NM_001128849.2	c.1270C>G	Benign synonymous, SpliceAI<=0.1, PhastCons<1.0	0.0	0.027			2.80000e-07	15.28		Uncertain_significance
SMARCA4	NM_001128849.2	c.2002-1G>A	Benign synonymous, SpliceAI<=0.1, PhastCons<1.0, PhyloP<0.1, intronic_ROI(-1)	0.138	-0.452	.;.			7.356	.;.	Likely_benign
SMARCA4	NM_001128849.2	c.2002-1G>C	Benign synonymous, SpliceAI<=0.1, PhastCons<1.0, PhyloP<0.1, intronic_ROI(-1)	0.138	-0.452	.;.			18.29	.;.	
SMARCA4	NM_001128849.2	c.2002-1G>T	Benign synonymous, SpliceAI<=0.1, PhastCons<1.0, PhyloP<0.1, intronic_ROI(-1)	0.138	-0.452	.;.			18.59	.;.	
SMARCA4	NM_001128849.2	c.2002-1G>A	Benign synonymous, SpliceAI<=0.1, PhastCons<1.0, PhyloP<0.1, intronic_ROI(-1)	0.387	-0.251			2.80000e-07	9.064		Likely_benign
SMARCA4	NM_001128849.2	c.2002-1G>C	Benign synonymous, SpliceAI<=0.1, PhastCons<1.0, PhyloP<0.1, intronic_ROI(-1)	0.387	-0.251				19.87		
SMARCA4	NM_001128849.2	c.2002-1G>T	Benign synonymous, SpliceAI<=0.1, PhastCons<1.0, PhyloP<0.1, intronic_ROI(-1)	0.387	-0.251				20.2		
SMARCA4	NM_001128849.2	c.4072-2A>C	Benign synonymous, SpliceAI<=0.1, PhastCons<1.0, PhyloP<0.1, intronic_ROI(-2)	0.005	-0.126	.;.;.;.;.;.;.;.;.;.;.		2.49000e-06	33.0	.;.;.;.;.;.;.;.;.;.;.	
SMARCA4	NM_001128849.2	c.4072-2A>G	Benign synonymous, SpliceAI<=0.1, PhastCons<1.0, PhyloP<0.1, intronic_ROI(-2)	0.005	-0.126	.;.;.;.;.;.;.;.;.;.;.			27.5	.;.;.;.;.;.;.;.;.;.;.	
SMARCA4	NM_001128849.2	c.4072-2A>T	Benign synonymous, SpliceAI<=0.1, PhastCons<1.0, PhyloP<0.1, intronic_ROI(-2)	0.005	-0.126	.;.;.;.;.;.;.;.;.;.;.			34.0	.;.;.;.;.;.;.;.;.;.;.	
SMARCA4	NM_001128849.2	c.4072-1G>A	Benign synonymous, SpliceAI<=0.1, PhastCons<1.0, PhyloP<0.1, intronic_ROI(-1)	0.005	-0.105	.;.;.;.;.;.;.;.;.;.;.			33.0	.;.;.;.;.;.;.;.;.;.;.	
SMARCA4	NM_001128849.2	c.4072-1G>C	Benign synonymous, SpliceAI<=0.1, PhastCons<1.0, PhyloP<0.1, intronic_ROI(-1)	0.005	-0.105	.;.;.;.;.;.;.;.;.;.;.			32.0	.;.;.;.;.;.;.;.;.;.;.	
SMARCA4	NM_001128849.2	c.4072-1G>T	Benign synonymous, SpliceAI<=0.1, PhastCons<1.0, PhyloP<0.1, intronic_ROI(-1)	0.005	-0.105	.;.;.;.;.;.;.;.;.;.;.			34.0	.;.;.;.;.;.;.;.;.;.;.	
SMARCA4	NM_001128849.2	c.4167+1G>A	Benign synonymous, SpliceAI<=0.1, PhastCons<1.0, PhyloP<0.1, intronic_ROI(+1)	0.012	-0.196	.;.;.;.;.;.;.;.;.;.;.			17.41	.;.;.;.;.;.;.;.;.;.;.	
SMARCA4	NM_001128849.2	c.4167+1G>C	Benign synonymous, SpliceAI<=0.1, PhastCons<1.0, PhyloP<0.1, intronic_ROI(+1)	0.012	-0.196	.;.;.;.;.;.;.;.;.;.;.			16.95	.;.;.;.;.;.;.;.;.;.;.	Uncertain_significance
SMARCA4	NM_001128849.2	c.4167+1G>T	Benign synonymous, SpliceAI<=0.1, PhastCons<1.0, PhyloP<0.1, intronic_ROI(+1)	0.012	-0.196	.;.;.;.;.;.;.;.;.;.;.			18.21	.;.;.;.;.;.;.;.;.;.;.	Uncertain_significance
SMARCA4	NM_001128849.2	c.4167+2T>A	Benign synonymous, SpliceAI<=0.1, PhastCons<1.0, PhyloP<0.1, intronic_ROI(+2)	0.014	-0.319	.;.;.;.;.;.;.;.;.;.;.			16.67	.;.;.;.;.;.;.;.;.;.;.	Uncertain_significance
SMARCA4	NM_001128849.2	c.4167+2T>C	Benign synonymous, SpliceAI<=0.1, PhastCons<1.0, PhyloP<0.1, intronic_ROI(+2)	0.014	-0.319	.;.;.;.;.;.;.;.;.;.;.			14.97	.;.;.;.;.;.;.;.;.;.;.	Uncertain_significance
SMARCA4	NM_001128849.2	c.4167+2T>G	Benign synonymous, SpliceAI<=0.1, PhastCons<1.0, PhyloP<0.1, intronic_ROI(+2)	0.014	-0.319	.;.;.;.;.;.;.;.;.;.;.			17.31	.;.;.;.;.;.;.;.;.;.;.	
SMARCA4	NM_001128849.2	c.579G>C	Benign synonymous, SpliceAI<=0.1, PhastCons<1.0	0.277	-0.079				7.615	LB	Likely_benign
SMARCA4	NM_001128849.2	c.579G>T	Benign synonymous, SpliceAI<=0.1, PhastCons<1.0	0.277	-0.079				7.464	LB	
SMARCA4	NM_001128849.2	c.586C>A	Benign synonymous, SpliceAI<=0.1, PhastCons<1.0	0.005	0.425				1.21	LB	
SMARCA4	NM_001128849.2	c.586C>G	Benign synonymous, SpliceAI<=0.1, PhastCons<1.0	0.005	0.425				0.742	LB	
SMARCA4	NM_001128849.2	c.600T>A	Benign synonymous, SpliceAI<=0.1, PhastCons<1.0	0.0	0.021				1.954	LB	
SMARCA4	NM_001128849.2	c.600T>G	Benign synonymous, SpliceAI<=0.1, PhastCons<1.0	0.0	0.021				2.136	LB	
SMARCA4	NM_001128849.2	c.615G>C	Benign synonymous, SpliceAI<=0.1, PhastCons<1.0	0.0	-0.755				0.162	LB	
SMARCA4	NM_001128849.2	c.615G>T	Benign synonymous, SpliceAI<=0.1, PhastCons<1.0	0.0	-0.755				0.145	LB	
SMARCA4	NM_001128849.2	c.616C>A	Benign synonymous, SpliceAI<=0.1, PhastCons<1.0	0.0	0.244				5.3	LB	
SMARCA4	NM_001128849.2	c.616C>G	Benign synonymous, SpliceAI<=0.1, PhastCons<1.0	0.0	0.244			3.74000e-06	7.631	LB	
SMARCA4	NM_001128849.2	c.624T>A	Benign synonymous, SpliceAI<=0.1, PhastCons<1.0	0.002	0.095				2.315	LP	
SMARCA4	NM_001128849.2	c.624T>G	Benign synonymous, SpliceAI<=0.1, PhastCons<1.0	0.002	0.095				2.71	LP	
SMARCA4	NM_001128849.2	c.627C>A	Benign synonymous, SpliceAI<=0.1, PhastCons<1.0	0.0	-1.897				0.205	LB	
SMARCA4	NM_001128849.2	c.627C>G	Benign synonymous, SpliceAI<=0.1, PhastCons<1.0	0.0	-1.897				0.226	LB	
SMARCA4	NM_001128849.2	c.645C>A	Benign synonymous, SpliceAI<=0.1, PhastCons<1.0	0.001	1.19				2.77	A	
SMARCA4	NM_001128849.2	c.645C>G	Benign synonymous, SpliceAI<=0.1, PhastCons<1.0	0.001	1.19				2.865	A	
SMARCA4	NM_001128849.2	c.654A>C	Benign synonymous, SpliceAI<=0.1, PhastCons<1.0	0.001	-0.054				0.933	LB	
SMARCA4	NM_001128849.2	c.654A>T	Benign synonymous, SpliceAI<=0.1, PhastCons<1.0	0.001	-0.054				0.867	LB	
SMARCA4	NM_001128849.2	c.655T>A	Benign synonymous, SpliceAI<=0.1, PhastCons<1.0	0.0	-0.84				0.262	LB	
SMARCA4	NM_001128849.2	c.655T>G	Benign synonymous, SpliceAI<=0.1, PhastCons<1.0	0.0	-0.84				0.283	LB	
SMARCA4	NM_001128849.2	c.657G>C	Benign synonymous, SpliceAI<=0.1, PhastCons<1.0	0.0	-0.029				1.889	LB	
SMARCA4	NM_001128849.2	c.657G>T	Benign synonymous, SpliceAI<=0.1, PhastCons<1.0	0.0	-0.029				1.847	LB	
SMARCA4	NM_001128849.2	c.665A>C	Benign synonymous, SpliceAI<=0.1, PhastCons<1.0	0.0	-0.69				0.387		
SMARCA4	NM_001128849.2	c.665A>T	Benign synonymous, SpliceAI<=0.1, PhastCons<1.0	0.0	-0.69				0.369		
SMARCA4	NM_001128849.2	c.666A>C	Benign synonymous, SpliceAI<=0.1, PhastCons<1.0	0.0	0.555				2.213		
SMARCA4	NM_001128849.2	c.666A>T	Benign synonymous, SpliceAI<=0.1, PhastCons<1.0	0.0	0.555				0.701		
SMARCA4	NM_001128849.2	c.1039-2A>C	Benign synonymous, SpliceAI<=0.1, PhastCons<1.0, PhyloP<0.1, intronic_ROI(-2)	0.003	-0.006				4.319		
SMARCA4	NM_001128849.2	c.1039-2A>G	Benign synonymous, SpliceAI<=0.1, PhastCons<1.0, PhyloP<0.1, intronic_ROI(-2)	0.003	-0.006				4.586		
SMARCA4	NM_001128849.2	c.1039-2A>T	Benign synonymous, SpliceAI<=0.1, PhastCons<1.0, PhyloP<0.1, intronic_ROI(-2)	0.003	-0.006				4.201		
SMARCA4	NM_001128849.2	c.1039-1G>A	Benign synonymous, SpliceAI<=0.1, PhastCons<1.0, PhyloP<0.1, intronic_ROI(-1)	0.002	-0.432				3.048		
SMARCA4	NM_001128849.2	c.1039-1G>C	Benign synonymous, SpliceAI<=0.1, PhastCons<1.0, PhyloP<0.1, intronic_ROI(-1)	0.002	-0.432				2.636		
SMARCA4	NM_001128849.2	c.1039-1G>T	Benign synonymous, SpliceAI<=0.1, PhastCons<1.0, PhyloP<0.1, intronic_ROI(-1)	0.002	-0.432				2.49		
SMARCA4	NM_001128849.2	c.1044C>A	Benign synonymous, SpliceAI<=0.1, PhastCons<1.0	0.001	-0.212				4.575	A	
SMARCA4	NM_001128849.2	c.1044C>G	Benign synonymous, SpliceAI<=0.1, PhastCons<1.0	0.001	-0.212				4.684	A	
SMARCA4	NM_001128849.2	c.1046G>C	Benign synonymous, SpliceAI<=0.1, PhastCons<1.0	0.003	0.779				4.663		
SMARCA4	NM_001128849.2	c.1046G>T	Benign synonymous, SpliceAI<=0.1, PhastCons<1.0	0.003	0.779				4.599		
SMARCB1	NM_003073.5	c.93+5C>A	Benign synonymous, SpliceAI<=0.1, PhastCons<1.0, PhyloP<0.1, intronic_ROI(+5)	0.979	-0.07	.;.;.		2.90000e-07	18.85	.;.;.	Uncertain_significance
SMARCB1	NM_003073.5	c.93+5C>G	Benign synonymous, SpliceAI<=0.1, PhastCons<1.0, PhyloP<0.1, intronic_ROI(+5)	0.979	-0.07	.;.;.			18.74	.;.;.	Uncertain_significance
SMARCB1	NM_003073.5	c.93+5C>T	Benign synonymous, SpliceAI<=0.1, PhastCons<1.0, PhyloP<0.1, intronic_ROI(+5)	0.979	-0.07	.;.;.			18.95	.;.;.	
SMARCB1	NM_003073.5	c.657A>C	Benign synonymous, SpliceAI<=0.1, PhastCons<1.0	0.001	-1.778	.;.			8.245	.;.	
SMARCB1	NM_003073.5	c.657A>G	Benign synonymous, SpliceAI<=0.1, PhastCons<1.0	0.001	-1.778	.;.			8.643	.;.	
SMARCB1	NM_003073.5	c.657A>T	Benign synonymous, SpliceAI<=0.1, PhastCons<1.0	0.001	-1.778	.;.			8.135	.;.	
SMARCE1	NM_003079.5	c.1028-570A>G	Benign FAF >5%	0.091	1.789			0.0779307	19.73	LB	
SMARCE1	NM_003079.5	c.715-4G>T	Benign synonymous, SpliceAI<=0.1, PhastCons<1.0, PhyloP<0.1, intronic_ROI(-4)	0.069	-0.845				6.6	LB	
SMARCE1	NM_003079.5	c.715-4G>C	Benign synonymous, SpliceAI<=0.1, PhastCons<1.0, PhyloP<0.1, intronic_ROI(-4)	0.069	-0.845				7.862	LB	
SRP72	NM_006947.4	c.19G>T	Benign FAF >5%	1.0	4.465	.;0.508;.;.;.		0.0508842	28.8	.;A;.;P;A	Benign
SRP72	NM_006947.4	c.686A>G	Benign FAF >5%	1.0	9.29	.;.		0.118198	19.86	.;B	Benign
STK11	NM_000455.5	c.1119A>G	Benign synonymous, SpliceAI<=0.1, PhastCons<1.0	0.0	-1.947				1.536		Benign/Likely_benign
STK11	NM_000455.5	c.1119A>T	Benign synonymous, SpliceAI<=0.1, PhastCons<1.0	0.0	-1.947				1.222		
STK11	NM_000455.5	c.1122A>G	Benign synonymous, SpliceAI<=0.1, PhastCons<1.0	0.13	-0.658				4.391		Benign/Likely_benign
STK11	NM_000455.5	c.1133G>C	Benign synonymous, SpliceAI<=0.1, PhastCons<1.0	0.224	2.636				16.4		Uncertain_significance
STK11	NM_000455.5	c.1133G>T	Benign synonymous, SpliceAI<=0.1, PhastCons<1.0	0.224	2.636				18.35		
STK11	NM_000455.5	c.1179C>T	Benign synonymous, SpliceAI<=0.1, PhastCons<1.0	0.371	-0.256			1.33400e-05	2.186		Benign/Likely_benign
STK11	NM_000455.5	c.1184C>A	Benign synonymous, SpliceAI<=0.1, PhastCons<1.0	0.998	3.821				22.4		
STK11	NM_000455.5	c.1184C>G	Benign synonymous, SpliceAI<=0.1, PhastCons<1.0	0.998	3.821				22.4		Uncertain_significance
STK11	NM_000455.5	c.1185A>G	Benign synonymous, SpliceAI<=0.1, PhastCons<1.0	0.005	-1.256			0.000845720	0.07		Conflicting_classifications_of_pathogenicity
STK11	NM_000455.5	c.1185A>T	Benign synonymous, SpliceAI<=0.1, PhastCons<1.0	0.005	-1.256				0.06		Likely_benign
STK11	NM_000455.5	c.1202G>C	Benign synonymous, SpliceAI<=0.1, PhastCons<1.0	0.998	2.976				16.27		
STK11	NM_000455.5	c.1202G>T	Benign synonymous, SpliceAI<=0.1, PhastCons<1.0	0.998	2.976				19.79		
STK11	NM_000455.5	c.1205C>A	Benign synonymous, SpliceAI<=0.1, PhastCons<1.0	0.969	1.902				13.74		Likely_benign
STK11	NM_000455.5	c.1205C>G	Benign synonymous, SpliceAI<=0.1, PhastCons<1.0	0.969	1.902				9.181		Uncertain_significance
STK11	NM_000455.5	c.1214G>C	Benign synonymous, SpliceAI<=0.1, PhastCons<1.0	0.934	1.229				8.073		
STK11	NM_000455.5	c.1214G>T	Benign synonymous, SpliceAI<=0.1, PhastCons<1.0	0.934	1.229				14.86		
STK11	NM_000455.5	c.1251C>A	Benign synonymous, SpliceAI<=0.1, PhastCons<1.0	0.986	0.274				7.76		
STK11	NM_000455.5	c.1251C>G	Benign synonymous, SpliceAI<=0.1, PhastCons<1.0	0.986	0.274				7.931		
STK11	NM_000455.5	c.1287C>A	Benign synonymous, SpliceAI<=0.1, PhastCons<1.0	0.992	0.411				5.731		
STK11	NM_000455.5	c.1287C>G	Benign synonymous, SpliceAI<=0.1, PhastCons<1.0	0.992	0.411				5.894		
STK11	NM_000455.5	c.*2G>C	Benign synonymous, SpliceAI<=0.1, PhastCons<1.0	0.0	-0.437				13.7		
STK11	NM_000455.5	c.*2G>T	Benign synonymous, SpliceAI<=0.1, PhastCons<1.0	0.0	-0.437				19.51		
STK11	NM_000455.5	c.*3C>A	Benign synonymous, SpliceAI<=0.1, PhastCons<1.0	0.0	-0.304				11.39		
STK11	NM_000455.5	c.*3C>G	Benign synonymous, SpliceAI<=0.1, PhastCons<1.0	0.0	-0.304				10.41		Benign
STK11	NM_000455.5	c.*14C>A	Benign synonymous, SpliceAI<=0.1, PhastCons<1.0	0.849	1.838				12.45		
STK11	NM_000455.5	c.*14C>G	Benign synonymous, SpliceAI<=0.1, PhastCons<1.0	0.849	1.838				16.49		
STK11	NM_000455.5	c.*17-2A>C	Benign synonymous, SpliceAI<=0.1, PhastCons<1.0, PhyloP<0.1, intronic_ROI(-2)	0.0	-0.967				25.5		
STK11	NM_000455.5	c.*17-2A>G	Benign synonymous, SpliceAI<=0.1, PhastCons<1.0, PhyloP<0.1, intronic_ROI(-2)	0.0	-0.967				24.9		
STK11	NM_000455.5	c.*17-2A>T	Benign synonymous, SpliceAI<=0.1, PhastCons<1.0, PhyloP<0.1, intronic_ROI(-2)	0.0	-0.967				26.0		
STK11	NM_000455.5	c.*17-1G>A	Benign synonymous, SpliceAI<=0.1, PhastCons<1.0, PhyloP<0.1, intronic_ROI(-1)	0.0	-0.1				24.3		
STK11	NM_000455.5	c.*17-1G>C	Benign synonymous, SpliceAI<=0.1, PhastCons<1.0, PhyloP<0.1, intronic_ROI(-1)	0.0	-0.1				24.5		
STK11	NM_000455.5	c.*17-1G>T	Benign synonymous, SpliceAI<=0.1, PhastCons<1.0, PhyloP<0.1, intronic_ROI(-1)	0.0	-0.1				25.1		
STK11	NM_000455.5	c.*17C>A	Benign synonymous, SpliceAI<=0.1, PhastCons<1.0	0.0	-0.716				4.163		
STK11	NM_000455.5	c.*17C>G	Benign synonymous, SpliceAI<=0.1, PhastCons<1.0	0.0	-0.716				4.897		
STK11	NM_000455.5	c.*23T>A	Benign synonymous, SpliceAI<=0.1, PhastCons<1.0	0.0	-0.729				9.362		
STK11	NM_000455.5	c.*23T>G	Benign synonymous, SpliceAI<=0.1, PhastCons<1.0	0.0	-0.729				9.354		
STK11	NM_000455.5	c.*51A>G	Benign synonymous, SpliceAI<=0.1, PhastCons<1.0	0.0	-1.008				0.55		
STK11	NM_000455.5	c.*51A>T	Benign synonymous, SpliceAI<=0.1, PhastCons<1.0	0.0	-1.008				0.449		
STK11	NM_000455.5	c.*53G>C	Benign synonymous, SpliceAI<=0.1, PhastCons<1.0	0.011	0.588				6.706		
STK11	NM_000455.5	c.*53G>T	Benign synonymous, SpliceAI<=0.1, PhastCons<1.0	0.011	0.588			9.10000e-07	7.123		
STK11	NM_000455.5	c.*65C>A	Benign synonymous, SpliceAI<=0.1, PhastCons<1.0	0.098	0.915				13.61		
STK11	NM_000455.5	c.*65C>G	Benign synonymous, SpliceAI<=0.1, PhastCons<1.0	0.098	0.915				13.68		
STK11	NM_000455.5	c.*66C>A	Benign synonymous, SpliceAI<=0.1, PhastCons<1.0	0.002	-0.066				11.36		
STK11	NM_000455.5	c.*66C>G	Benign synonymous, SpliceAI<=0.1, PhastCons<1.0	0.002	-0.066				11.4		
STK11	NM_000455.5	c.*92G>C	Benign synonymous, SpliceAI<=0.1, PhastCons<1.0	0.0	0.223				5.925		
STK11	NM_000455.5	c.*92G>T	Benign synonymous, SpliceAI<=0.1, PhastCons<1.0	0.0	0.223				5.689		
STK11	NM_000455.5	c.*93A>G	Benign synonymous, SpliceAI<=0.1, PhastCons<1.0	0.0	-0.296				3.648		
STK11	NM_000455.5	c.*93A>T	Benign synonymous, SpliceAI<=0.1, PhastCons<1.0	0.0	-0.296				3.103		
STK11	NM_000455.5	c.*95G>C	Benign synonymous, SpliceAI<=0.1, PhastCons<1.0	0.001	0.231				9.67		
STK11	NM_000455.5	c.*95G>T	Benign synonymous, SpliceAI<=0.1, PhastCons<1.0	0.001	0.231				9.604		
STK11	NM_000455.5	c.*107C>A	Benign synonymous, SpliceAI<=0.1, PhastCons<1.0	0.0	0.042				8.367		
STK11	NM_000455.5	c.*107C>G	Benign synonymous, SpliceAI<=0.1, PhastCons<1.0	0.0	0.042				8.358		
STK11	NM_000455.5	c.*110C>A	Benign synonymous, SpliceAI<=0.1, PhastCons<1.0	0.0	-1.054				1.93		
STK11	NM_000455.5	c.*110C>G	Benign synonymous, SpliceAI<=0.1, PhastCons<1.0	0.0	-1.054				2.012		
STK11	NM_000455.5	c.*113T>A	Benign synonymous, SpliceAI<=0.1, PhastCons<1.0	0.0	-0.562				3.728		
STK11	NM_000455.5	c.*113T>G	Benign synonymous, SpliceAI<=0.1, PhastCons<1.0	0.0	-0.562			8.26000e-05	3.701		Uncertain_significance
STK11	NM_000455.5	c.*119C>A	Benign synonymous, SpliceAI<=0.1, PhastCons<1.0	0.001	0.536				8.633		
STK11	NM_000455.5	c.*119C>G	Benign synonymous, SpliceAI<=0.1, PhastCons<1.0	0.001	0.536				8.796		
STK11	NM_000455.5	c.*122C>A	Benign synonymous, SpliceAI<=0.1, PhastCons<1.0	0.0	-0.571				1.399		
STK11	NM_000455.5	c.*122C>G	Benign synonymous, SpliceAI<=0.1, PhastCons<1.0	0.0	-0.571				1.519		
STK11	NM_000455.5	c.*140G>C	Benign synonymous, SpliceAI<=0.1, PhastCons<1.0	0.0	0.372				4.614		
STK11	NM_000455.5	c.*140G>T	Benign synonymous, SpliceAI<=0.1, PhastCons<1.0	0.0	0.372				4.431		
STK11	NM_000455.5	c.*159A>G	Benign synonymous, SpliceAI<=0.1, PhastCons<1.0	0.0	-0.859				5.375		
STK11	NM_000455.5	c.*159A>T	Benign synonymous, SpliceAI<=0.1, PhastCons<1.0	0.0	-0.859				4.771		
STK11	NM_000455.5	c.*161G>C	Benign synonymous, SpliceAI<=0.1, PhastCons<1.0	0.002	-0.236				12.06		
STK11	NM_000455.5	c.*161G>T	Benign synonymous, SpliceAI<=0.1, PhastCons<1.0	0.002	-0.236				12.0		
STK11	NM_000455.5	c.*185C>A	Benign synonymous, SpliceAI<=0.1, PhastCons<1.0	0.0	-0.236				10.9		
STK11	NM_000455.5	c.*185C>G	Benign synonymous, SpliceAI<=0.1, PhastCons<1.0	0.0	-0.236				11.08		
STK11	NM_000455.5	c.*204C>G	Benign synonymous, SpliceAI<=0.1, PhastCons<1.0	0.013	0.118			5.43000e-06	6.509		
STK11	NM_000455.5	c.*204C>T	Benign synonymous, SpliceAI<=0.1, PhastCons<1.0	0.013	0.118				10.43		
STK11	NM_000455.5	c.*209G>C	Benign synonymous, SpliceAI<=0.1, PhastCons<1.0	0.0	-0.296			3.80000e-07	5.079		
STK11	NM_000455.5	c.*209G>T	Benign synonymous, SpliceAI<=0.1, PhastCons<1.0	0.0	-0.296				5.055		
STK11	NM_000455.5	c.*212C>A	Benign synonymous, SpliceAI<=0.1, PhastCons<1.0	0.0	0.253				5.191		
STK11	NM_000455.5	c.*212C>G	Benign synonymous, SpliceAI<=0.1, PhastCons<1.0	0.0	0.253				5.315		
STK11	NM_000455.5	c.*216C>G	Benign synonymous, SpliceAI<=0.1, PhastCons<1.0	0.0	-0.757				3.807		
STK11	NM_000455.5	c.*216C>T	Benign synonymous, SpliceAI<=0.1, PhastCons<1.0	0.0	-0.757			1.01700e-05	6.766		
STK11	NM_000455.5	c.*227C>A	Benign synonymous, SpliceAI<=0.1, PhastCons<1.0	0.037	1.733				13.54		
STK11	NM_000455.5	c.*227C>G	Benign synonymous, SpliceAI<=0.1, PhastCons<1.0	0.037	1.733				13.97		
STK11	NM_000455.5	c.*230C>A	Benign synonymous, SpliceAI<=0.1, PhastCons<1.0	0.002	-0.65			1.66000e-06	1.831		
STK11	NM_000455.5	c.*230C>G	Benign synonymous, SpliceAI<=0.1, PhastCons<1.0	0.002	-0.65			1.06000e-06	1.71		
STK11	NM_000455.5	c.*251C>A	Benign synonymous, SpliceAI<=0.1, PhastCons<1.0	0.0	-1.532			3.66800e-05	4.549		
STK11	NM_000455.5	c.*251C>G	Benign synonymous, SpliceAI<=0.1, PhastCons<1.0	0.0	-1.532				4.729		
STK11	NM_000455.5	c.*267A>G	Benign synonymous, SpliceAI<=0.1, PhastCons<1.0	0.0	-1.887				4.499		
STK11	NM_000455.5	c.*267A>T	Benign synonymous, SpliceAI<=0.1, PhastCons<1.0	0.0	-1.887				3.466		
STK11	NM_000455.5	c.*269G>C	Benign synonymous, SpliceAI<=0.1, PhastCons<1.0	0.001	0.711				8.846		
STK11	NM_000455.5	c.*269G>T	Benign synonymous, SpliceAI<=0.1, PhastCons<1.0	0.001	0.711				8.025		
STK11	NM_000455.5	c.*270A>G	Benign synonymous, SpliceAI<=0.1, PhastCons<1.0	0.0	-0.289				6.175		
STK11	NM_000455.5	c.*270A>T	Benign synonymous, SpliceAI<=0.1, PhastCons<1.0	0.0	-0.289				5.41		
STK11	NM_000455.5	c.*272G>C	Benign synonymous, SpliceAI<=0.1, PhastCons<1.0	0.0	-0.11				5.779		
STK11	NM_000455.5	c.*272G>T	Benign synonymous, SpliceAI<=0.1, PhastCons<1.0	0.0	-0.11				5.751		
STK11	NM_000455.5	c.*275G>C	Benign synonymous, SpliceAI<=0.1, PhastCons<1.0	0.003	0.622				1.643		
STK11	NM_000455.5	c.*275G>T	Benign synonymous, SpliceAI<=0.1, PhastCons<1.0	0.003	0.622				1.54		
STK11	NM_000455.5	c.*290C>A	Benign synonymous, SpliceAI<=0.1, PhastCons<1.0	0.521	0.235				18.3		
STK11	NM_000455.5	c.*290C>G	Benign synonymous, SpliceAI<=0.1, PhastCons<1.0	0.521	0.235				18.4		
STK11	NM_000455.5	c.*293T>A	Benign synonymous, SpliceAI<=0.1, PhastCons<1.0	0.379	0.226				17.07		
STK11	NM_000455.5	c.*293T>G	Benign synonymous, SpliceAI<=0.1, PhastCons<1.0	0.379	0.226				17.08		
STK11	NM_000455.5	c.*300A>G	Benign synonymous, SpliceAI<=0.1, PhastCons<1.0	0.969	1.293				12.83		
STK11	NM_000455.5	c.*300A>T	Benign synonymous, SpliceAI<=0.1, PhastCons<1.0	0.969	1.293				12.23		
STK11	NM_000455.5	c.*329C>A	Benign synonymous, SpliceAI<=0.1, PhastCons<1.0	0.0	0.594				7.969		
STK11	NM_000455.5	c.*329C>G	Benign synonymous, SpliceAI<=0.1, PhastCons<1.0	0.0	0.594				8.48		
STK11	NM_000455.5	c.*371C>A	Benign synonymous, SpliceAI<=0.1, PhastCons<1.0	0.0	-0.83				2.204		
STK11	NM_000455.5	c.*371C>G	Benign synonymous, SpliceAI<=0.1, PhastCons<1.0	0.0	-0.83			5.70100e-05	2.243		
STK11	NM_000455.5	c.*374G>C	Benign synonymous, SpliceAI<=0.1, PhastCons<1.0	0.0	-1.053			0.000260980	2.629		
STK11	NM_000455.5	c.*374G>T	Benign synonymous, SpliceAI<=0.1, PhastCons<1.0	0.0	-1.053				1.372		
STK11	NM_000455.5	c.*375C>A	Benign synonymous, SpliceAI<=0.1, PhastCons<1.0	0.0	-1.356				0.318		
STK11	NM_000455.5	c.*375C>G	Benign synonymous, SpliceAI<=0.1, PhastCons<1.0	0.0	-1.356				0.399		
STK11	NM_000455.5	c.*389G>C	Benign synonymous, SpliceAI<=0.1, PhastCons<1.0	0.0	0.193				11.4		
STK11	NM_000455.5	c.*389G>T	Benign synonymous, SpliceAI<=0.1, PhastCons<1.0	0.0	0.193				11.19		
STK11	NM_000455.5	c.*393A>G	Benign synonymous, SpliceAI<=0.1, PhastCons<1.0	0.0	-0.29				3.026		
STK11	NM_000455.5	c.*393A>T	Benign synonymous, SpliceAI<=0.1, PhastCons<1.0	0.0	-0.29				2.573		
STK11	NM_000455.5	c.*395G>C	Benign synonymous, SpliceAI<=0.1, PhastCons<1.0	0.0	-0.498			3.30000e-06	5.737		
STK11	NM_000455.5	c.*395G>T	Benign synonymous, SpliceAI<=0.1, PhastCons<1.0	0.0	-0.498				5.64		
STK11	NM_000455.5	c.*399C>A	Benign synonymous, SpliceAI<=0.1, PhastCons<1.0	0.0	-0.954				3.667		
STK11	NM_000455.5	c.*399C>G	Benign synonymous, SpliceAI<=0.1, PhastCons<1.0	0.0	-0.954				3.899		
STK11	NM_000455.5	c.*419G>C	Benign synonymous, SpliceAI<=0.1, PhastCons<1.0	0.028	0.139				11.87		
STK11	NM_000455.5	c.*419G>T	Benign synonymous, SpliceAI<=0.1, PhastCons<1.0	0.028	0.139				11.74		
STK11	NM_000455.5	c.*425C>A	Benign synonymous, SpliceAI<=0.1, PhastCons<1.0	0.0	-0.028				6.336		
STK11	NM_000455.5	c.*425C>G	Benign synonymous, SpliceAI<=0.1, PhastCons<1.0	0.0	-0.028				7.005		
STK11	NM_000455.5	c.*426C>A	Benign synonymous, SpliceAI<=0.1, PhastCons<1.0	0.015	1.715				5.994		
STK11	NM_000455.5	c.*426C>G	Benign synonymous, SpliceAI<=0.1, PhastCons<1.0	0.015	1.715				6.339		
STK11	NM_000455.5	c.*431A>C	Benign synonymous, SpliceAI<=0.1, PhastCons<1.0	0.0	-0.147				7.185		
STK11	NM_000455.5	c.*431A>T	Benign synonymous, SpliceAI<=0.1, PhastCons<1.0	0.0	-0.147				7.024		
STK11	NM_000455.5	c.*438C>G	Benign synonymous, SpliceAI<=0.1, PhastCons<1.0	0.0	-1.941				0.155		
STK11	NM_000455.5	c.*438C>T	Benign synonymous, SpliceAI<=0.1, PhastCons<1.0	0.0	-1.941			6.67000e-05	0.249		
STK11	NM_000455.5	c.*452T>A	Benign synonymous, SpliceAI<=0.1, PhastCons<1.0	0.0	-0.605				7.982		
STK11	NM_000455.5	c.*452T>G	Benign synonymous, SpliceAI<=0.1, PhastCons<1.0	0.0	-0.605				5.724		
STK11	NM_000455.5	c.*455T>A	Benign synonymous, SpliceAI<=0.1, PhastCons<1.0	0.0	-0.135				8.16		
STK11	NM_000455.5	c.*455T>G	Benign synonymous, SpliceAI<=0.1, PhastCons<1.0	0.0	-0.135				8.299		
STK11	NM_000455.5	c.*462T>A	Benign synonymous, SpliceAI<=0.1, PhastCons<1.0	0.002	0.845				16.51		
STK11	NM_000455.5	c.*462T>G	Benign synonymous, SpliceAI<=0.1, PhastCons<1.0	0.002	0.845			8.28000e-06	16.53		
STK11	NM_000455.5	c.*464G>C	Benign synonymous, SpliceAI<=0.1, PhastCons<1.0	0.033	0.768				17.66		
STK11	NM_000455.5	c.*464G>T	Benign synonymous, SpliceAI<=0.1, PhastCons<1.0	0.033	0.768				17.54		
STK11	NM_000455.5	c.*473T>A	Benign synonymous, SpliceAI<=0.1, PhastCons<1.0	0.001	-0.314				2.228		
STK11	NM_000455.5	c.*473T>G	Benign synonymous, SpliceAI<=0.1, PhastCons<1.0	0.001	-0.314				2.352		
STK11	NM_000455.5	c.*479T>A	Benign synonymous, SpliceAI<=0.1, PhastCons<1.0	0.001	0.405			4.81000e-06	1.036		
STK11	NM_000455.5	c.*479T>G	Benign synonymous, SpliceAI<=0.1, PhastCons<1.0	0.001	0.405				2.85		
STK11	NM_000455.5	c.*482T>A	Benign synonymous, SpliceAI<=0.1, PhastCons<1.0	0.0	-0.748				3.618		
STK11	NM_000455.5	c.*482T>G	Benign synonymous, SpliceAI<=0.1, PhastCons<1.0	0.0	-0.748				3.736		
STK11	NM_000455.5	c.*488T>A	Benign synonymous, SpliceAI<=0.1, PhastCons<1.0	0.002	-0.482				7.168		
STK11	NM_000455.5	c.*488T>G	Benign synonymous, SpliceAI<=0.1, PhastCons<1.0	0.002	-0.482				10.53		
STK11	NM_000455.5	c.*491T>A	Benign synonymous, SpliceAI<=0.1, PhastCons<1.0	0.999	1.243				13.51		
STK11	NM_000455.5	c.*491T>G	Benign synonymous, SpliceAI<=0.1, PhastCons<1.0	0.999	1.243				15.28		
STK11	NM_000455.5	c.*494T>A	Benign synonymous, SpliceAI<=0.1, PhastCons<1.0	0.371	0.075			0.00678991	15.12		Benign
STK11	NM_000455.5	c.*494T>G	Benign synonymous, SpliceAI<=0.1, PhastCons<1.0	0.371	0.075				16.2		
STK11	NM_000455.5	c.*497G>C	Benign synonymous, SpliceAI<=0.1, PhastCons<1.0	0.0	-1.057				8.421		
STK11	NM_000455.5	c.*497G>T	Benign synonymous, SpliceAI<=0.1, PhastCons<1.0	0.0	-1.057				7.594		
STK11	NM_000455.5	c.*500A>C	Benign synonymous, SpliceAI<=0.1, PhastCons<1.0	0.95	1.867				15.17		
STK11	NM_000455.5	c.*500A>T	Benign synonymous, SpliceAI<=0.1, PhastCons<1.0	0.95	1.867				13.18		
STK11	NM_000455.5	c.*503A>C	Benign synonymous, SpliceAI<=0.1, PhastCons<1.0	0.997	1.416				21.5		
STK11	NM_000455.5	c.*503A>T	Benign synonymous, SpliceAI<=0.1, PhastCons<1.0	0.997	1.416				20.4		
STK11	NM_000455.5	c.*505A>C	Benign synonymous, SpliceAI<=0.1, PhastCons<1.0	0.993	0.494				21.5		
STK11	NM_000455.5	c.*505A>T	Benign synonymous, SpliceAI<=0.1, PhastCons<1.0	0.993	0.494				20.5		
SUCLG2	NM_003848.3	c.1323A>T	Benign synonymous, SpliceAI<=0.1, PhastCons<1.0	0.007	0.222				1.785		
SUCLG2	NM_003848.3	c.1323A>C	Benign synonymous, SpliceAI<=0.1, PhastCons<1.0	0.007	0.222				1.368		
SUCLG2	NM_003848.3	c.1322A>T	Benign synonymous, SpliceAI<=0.1, PhastCons<1.0	0.026	0.964				5.756		
SUCLG2	NM_003848.3	c.1322A>C	Benign synonymous, SpliceAI<=0.1, PhastCons<1.0	0.026	0.964				2.474		
SUCLG2	NM_003848.3	c.1320T>G	Benign synonymous, SpliceAI<=0.1, PhastCons<1.0	0.014	0.499	0.052			14.76	LB	
SUCLG2	NM_003848.3	c.1320T>A	Benign synonymous, SpliceAI<=0.1, PhastCons<1.0	0.014	0.499				34.0		
SUCLG2	NM_003848.3	c.1317A>T	Benign synonymous, SpliceAI<=0.1, PhastCons<1.0	0.017	-0.142	0.021			8.094	LB	
SUCLG2	NM_003848.3	c.1317A>C	Benign synonymous, SpliceAI<=0.1, PhastCons<1.0	0.017	-0.142	0.021			8.045	LB	
SUCLG2	NM_003848.3	c.1315T>G	Benign synonymous, SpliceAI<=0.1, PhastCons<1.0	0.103	2.234	0.063			13.49	LB	
SUCLG2	NM_003848.3	c.1315T>A	Benign synonymous, SpliceAI<=0.1, PhastCons<1.0	0.103	2.234	0.056			11.81	LB	
SUCLG2	NM_003848.3	c.1314T>G	Benign synonymous, SpliceAI<=0.1, PhastCons<1.0	0.088	1.412	0.069			16.38	A	
SUCLG2	NM_003848.3	c.1314T>A	Benign synonymous, SpliceAI<=0.1, PhastCons<1.0	0.088	1.412	0.065			15.99	A	
SUCLG2	NM_003848.3	c.1308C>G	Benign synonymous, SpliceAI<=0.1, PhastCons<1.0	0.0	0.227	0.072			3.786	A	
SUCLG2	NM_003848.3	c.1308C>A	Benign synonymous, SpliceAI<=0.1, PhastCons<1.0	0.0	0.227	0.057			3.737	A	
SUCLG2	NM_003848.3	c.1299T>G	Benign synonymous, SpliceAI<=0.1, PhastCons<1.0	0.001	0.687	0.090			15.45	LB	
SUCLG2	NM_003848.3	c.1299T>A	Benign synonymous, SpliceAI<=0.1, PhastCons<1.0	0.001	0.687				34.0		
SUCLG2	NM_003848.3	c.1296G>T	Benign synonymous, SpliceAI<=0.1, PhastCons<1.0	0.005	-0.086	0.040			12.99	LB	
SUCLG2	NM_003848.3	c.1296G>C	Benign synonymous, SpliceAI<=0.1, PhastCons<1.0	0.005	-0.086	0.040			13.07	LB	
SUCLG2	NM_003848.3	c.1293T>G	Benign synonymous, SpliceAI<=0.1, PhastCons<1.0	0.08	2.853	0.090			16.31	LB	
SUCLG2	NM_003848.3	c.1293T>A	Benign synonymous, SpliceAI<=0.1, PhastCons<1.0	0.08	2.853	0.090			16.29	LB	
SUCLG2	NM_003848.3	c.1288C>G	Benign synonymous, SpliceAI<=0.1, PhastCons<1.0	0.736	0.212	0.098			13.83	LB	
SUCLG2	NM_003848.3	c.1288C>A	Benign synonymous, SpliceAI<=0.1, PhastCons<1.0	0.736	0.212	0.086			14.96	LB	
SUCLG2	NM_003848.3	c.1287T>G	Benign synonymous, SpliceAI<=0.1, PhastCons<1.0	0.911	0.875	0.096			17.48	LB	
SUCLG2	NM_003848.3	c.1287T>A	Benign synonymous, SpliceAI<=0.1, PhastCons<1.0	0.911	0.875	0.107			17.3	LB	
SUCLG2	NM_003848.3	c.1284A>T	Benign synonymous, SpliceAI<=0.1, PhastCons<1.0	0.962	1.393	0.084			17.24	LB	
SUCLG2	NM_003848.3	c.1284A>C	Benign synonymous, SpliceAI<=0.1, PhastCons<1.0	0.962	1.393	0.084			17.27	LB	
SUCLG2	NM_003848.3	c.1281C>G	Benign synonymous, SpliceAI<=0.1, PhastCons<1.0	0.011	-0.196	0.011			5.556	LB	
SUCLG2	NM_003848.3	c.1281C>A	Benign synonymous, SpliceAI<=0.1, PhastCons<1.0	0.011	-0.196	0.011			5.407	LB	
SUCLG2	NM_003848.3	c.1273G>A	Benign FAF >5%	0.0	-0.006	0.035		0.265369	8.148	LB	Benign
SUCLG2	NM_003848.3	c.1272C>G	Benign synonymous, SpliceAI<=0.1, PhastCons<1.0	0.002	1.348	0.054			8.625	LB	
SUCLG2	NM_003848.3	c.1272C>A	Benign synonymous, SpliceAI<=0.1, PhastCons<1.0	0.002	1.348	0.054			8.803	LB	
SUCLG2	NM_003848.3	c.1269G>T	Benign synonymous, SpliceAI<=0.1, PhastCons<1.0	0.0	-1.381	0.021			0.367	LB	
SUCLG2	NM_003848.3	c.1269G>C	Benign synonymous, SpliceAI<=0.1, PhastCons<1.0	0.0	-1.381	0.014		2.90000e-07	0.346	LB	
SUCLG2	NM_003848.3	c.1266A>T	Benign synonymous, SpliceAI<=0.1, PhastCons<1.0	0.004	0.974	0.025			12.59	LB	
SUCLG2	NM_003848.3	c.1266A>C	Benign synonymous, SpliceAI<=0.1, PhastCons<1.0	0.004	0.974	0.025			12.39	LB	
SUCLG2	NM_003848.3	c.1251T>G	Benign synonymous, SpliceAI<=0.1, PhastCons<1.0	0.004	1.942	0.167			10.14	LB	
SUCLG2	NM_003848.3	c.1251T>A	Benign synonymous, SpliceAI<=0.1, PhastCons<1.0	0.004	1.942	0.174			10.01	LB	
SUCLG2	NM_003848.3	c.1248G>T	Benign synonymous, SpliceAI<=0.1, PhastCons<1.0	0.001	0.317	0.072			0.792	LB	
SUCLG2	NM_003848.3	c.1248G>C	Benign synonymous, SpliceAI<=0.1, PhastCons<1.0	0.001	0.317	0.072			0.903	LB	
SUCLG2	NM_003848.3	c.1245T>G	Benign synonymous, SpliceAI<=0.1, PhastCons<1.0	0.004	0.503	0.057		7.00000e-07	0.666	LB	
SUCLG2	NM_003848.3	c.1245T>A	Benign synonymous, SpliceAI<=0.1, PhastCons<1.0	0.004	0.503	0.056		0.00249203	0.66	LB	Uncertain_significance
SUCLG2	NM_003848.3	c.1239T>G	Benign synonymous, SpliceAI<=0.1, PhastCons<1.0	0.0	-0.09	0.075			0.192	LB	
SUCLG2	NM_003848.3	c.1239T>A	Benign synonymous, SpliceAI<=0.1, PhastCons<1.0	0.0	-0.09	0.063			0.206	LB	
SUCLG2	NM_003848.3	c.1230A>T	Benign synonymous, SpliceAI<=0.1, PhastCons<1.0	0.61	1.639	0.141			13.47	LB	
SUCLG2	NM_003848.3	c.1230A>C	Benign synonymous, SpliceAI<=0.1, PhastCons<1.0	0.61	1.639	0.136			13.12	LB	
SUCLG2	NM_003848.3	c.1227A>T	Benign synonymous, SpliceAI<=0.1, PhastCons<1.0	0.619	2.913	0.163			15.03	LB	
SUCLG2	NM_003848.3	c.1227A>C	Benign synonymous, SpliceAI<=0.1, PhastCons<1.0	0.619	2.913	0.163			14.74	LB	
SUCLG2	NM_003848.3	c.1224A>T	Benign synonymous, SpliceAI<=0.1, PhastCons<1.0	0.001	-0.8	0.087			0.11	LB	
SUCLG2	NM_003848.3	c.1224A>C	Benign synonymous, SpliceAI<=0.1, PhastCons<1.0	0.001	-0.8	0.087			0.116	LB	
SUCLG2	NM_003848.3	c.1218C>G	Benign synonymous, SpliceAI<=0.1, PhastCons<1.0	0.034	1.564	0.020			3.104	LB	
SUCLG2	NM_003848.3	c.1218C>A	Benign synonymous, SpliceAI<=0.1, PhastCons<1.0	0.034	1.564	0.015		1.28000e-06	3.392	LB	
SUCLG2	NM_003848.3	c.1212T>G	Benign synonymous, SpliceAI<=0.1, PhastCons<1.0	0.017	3.083				33.0		
SUCLG2	NM_003848.3	c.1212T>A	Benign synonymous, SpliceAI<=0.1, PhastCons<1.0	0.017	3.083				34.0		
SUCLG2	NM_003848.3	c.1210T>C	Benign FAF >5%	0.001	1.255	0.081		0.443821	2.602	LB	Benign
SUCLG2	NM_003848.3	c.1209T>G	Benign synonymous, SpliceAI<=0.1, PhastCons<1.0	0.0	-0.062	0.056			0.609	LB	
SUCLG2	NM_003848.3	c.1209T>A	Benign synonymous, SpliceAI<=0.1, PhastCons<1.0	0.0	-0.062	0.060			0.604	LB	
SUCLG2	NM_003848.3	c.1203A>T	Benign synonymous, SpliceAI<=0.1, PhastCons<1.0	0.006	0.055	0.108			5.584	LB	
SUCLG2	NM_003848.3	c.1203A>C	Benign synonymous, SpliceAI<=0.1, PhastCons<1.0	0.006	0.055	0.108			5.331	LB	
SUCLG2	NM_003848.3	c.1200A>T	Benign synonymous, SpliceAI<=0.1, PhastCons<1.0	0.031	0.097	0.094			8.631	LB	
SUCLG2	NM_003848.3	c.1200A>C	Benign synonymous, SpliceAI<=0.1, PhastCons<1.0	0.031	0.097	0.094			11.9	LB	
SUCLG2	NM_003848.3	c.1197A>T	Benign synonymous, SpliceAI<=0.1, PhastCons<1.0	0.046	0.869	0.059			6.562	LB	
SUCLG2	NM_003848.3	c.1197A>C	Benign synonymous, SpliceAI<=0.1, PhastCons<1.0	0.046	0.869	0.066			6.379	LB	
SUCLG2	NM_003848.3	c.1191T>G	Benign synonymous, SpliceAI<=0.1, PhastCons<1.0	0.0	-0.297	0.038			1.301	LP	
SUCLG2	NM_003848.3	c.1191T>A	Benign synonymous, SpliceAI<=0.1, PhastCons<1.0	0.0	-0.297	0.052			1.36	LP	
SUCLG2	NM_003848.3	c.1186A>G	Benign FAF >5%	1.0	7.191	.;.;0.757;.;.		0.168649	25.1	.;.;P;.;.	Benign
SUCLG2	NM_003848.3	c.1141C>T	Benign FAF >5%	1.0	2.018	0.224;.;.;0.224;.;.		0.184114	23.6	LB;.;.;B;.;.	Benign
SUCLG2	NM_003848.3	c.1040A>G	Benign FAF >5%	1.0	7.674	0.117;.;.;0.117;.;.;0.117		0.0510329	20.5	LB;.;.;B;.;.;LB	Benign
SUCLG2	NM_003848.3	c.349G>A	Benign FAF >5%	1.0	4.728	0.253;.;.;0.253;.;.;0.253		0.0714697	21.9	LB;.;.;B;.;.;LB	Benign
SUFU	NM_016169.3	c.915A>C	Benign synonymous, SpliceAI<=0.1, PhastCons<1.0	0.003	-1.161	.;.			4.18	.;.	
SUFU	NM_016169.3	c.915A>G	Benign synonymous, SpliceAI<=0.1, PhastCons<1.0	0.003	-1.161	.;.		4.42000e-06	4.603	.;.	Likely_benign
SUFU	NM_016169.3	c.915A>T	Benign synonymous, SpliceAI<=0.1, PhastCons<1.0	0.003	-1.161	.;.			5.088	.;.	
SUFU	NM_016169.3	c.1296+74C>T	Likely_benign FAF >0.1%, REVEL <0.29, SpliceAI<=0.1	0.05	1.775	0.081		0.0166634	13.87	LB	Likely_benign
SUFU	NM_016169.3	c.1297-1310C>T	Benign FAF >5%	0.0	-0.604	.;.		0.109962	1.622	.;.	
TERT	NM_198253.3	c.3295+2C>T	Benign synonymous, SpliceAI<=0.1, PhastCons<1.0, PhyloP<0.1, intronic_ROI(+2)	0.0	0.089	.;.;.;.			15.77	.;.;.;.	Uncertain_significance
TERT	NM_198253.3	c.3295+2C>G	Benign synonymous, SpliceAI<=0.1, PhastCons<1.0, PhyloP<0.1, intronic_ROI(+2)	0.0	0.089	.;.;.;.			17.38	.;.;.;.	
TERT	NM_198253.3	c.3295+2C>A	Benign synonymous, SpliceAI<=0.1, PhastCons<1.0, PhyloP<0.1, intronic_ROI(+2)	0.0	0.089	.;.;.;.			17.51	.;.;.;.	
TINF2	NM_001099274.3	c.1116G>T	Benign synonymous, SpliceAI<=0.1, PhastCons<1.0	0.165	0.464				14.39		
TINF2	NM_001099274.3	c.1116G>C	Benign synonymous, SpliceAI<=0.1, PhastCons<1.0	0.165	0.464				14.49		
TINF2	NM_001099274.3	c.1115G>T	Benign synonymous, SpliceAI<=0.1, PhastCons<1.0	0.0	-0.948				10.86		
TINF2	NM_001099274.3	c.1115G>C	Benign synonymous, SpliceAI<=0.1, PhastCons<1.0	0.0	-0.948				7.875		
TINF2	NM_001099274.3	c.1115G>A	Benign synonymous, SpliceAI<=0.1, PhastCons<1.0	0.0	-0.948				6.01		
TINF2	NM_001099274.3	c.981G>T	Benign synonymous, SpliceAI<=0.1, PhastCons<1.0	0.001	-0.103				16.17		
TINF2	NM_001099274.3	c.981G>C	Benign synonymous, SpliceAI<=0.1, PhastCons<1.0	0.001	-0.103				16.23		
TINF2	NM_001099274.3	c.981G>A	Benign synonymous, SpliceAI<=0.1, PhastCons<1.0	0.001	-0.103				2.217		
TINF2	NM_001099274.3	c.710G>A	Benign FAF >5%	0.0	0.398	0.170;0.170;.;.;.;.;.;.;.;.;.		0.120204	7.668	B;LB;LB;.;.;.;.;LB;.;.;LB	Benign
TINF2	NM_001099274.3	c.614T>G	Benign synonymous, SpliceAI<=0.1, PhastCons<1.0	0.0	0.066				13.37		
TINF2	NM_001099274.3	c.614T>A	Benign synonymous, SpliceAI<=0.1, PhastCons<1.0	0.0	0.066				13.77		
TMEM127	NM_001193304.3	c.268G>T	Benign synonymous, SpliceAI<=0.1, PhastCons<1.0	0.998	3.611	.;.			19.93	.;.	
TMEM127	NM_001193304.3	c.268G>C	Benign synonymous, SpliceAI<=0.1, PhastCons<1.0	0.998	3.611	.;.			19.89	.;.	
TMEM127	NM_001193304.3	c.268G>A	Benign synonymous, SpliceAI<=0.1, PhastCons<1.0	0.998	3.611	.;.		0.00759321	23.2	.;.	Benign/Likely_benign
TMEM127	NM_001193304.3	c.267A>T	Benign synonymous, SpliceAI<=0.1, PhastCons<1.0	0.0	-1.982	.;.			0.803	.;.	
TMEM127	NM_001193304.3	c.267A>G	Benign synonymous, SpliceAI<=0.1, PhastCons<1.0	0.0	-1.982	.;.		1.56700e-05	1.032	.;.	Likely_benign
TMEM127	NM_001193304.3	c.267A>C	Benign synonymous, SpliceAI<=0.1, PhastCons<1.0	0.0	-1.982	.;.			0.847	.;.	
TP53	NM_000546.5	c.858A>T	Benign synonymous, SpliceAI<=0.1, PhastCons<1.0	0.184	0.212				2.973		
TP53	NM_000546.5	c.858A>C	Benign synonymous, SpliceAI<=0.1, PhastCons<1.0	0.184	0.212				2.622		
TP53	NM_000546.5	c.857A>T	Benign synonymous, SpliceAI<=0.1, PhastCons<1.0	0.152	-0.938				0.909		
TP53	NM_000546.5	c.857A>C	Benign synonymous, SpliceAI<=0.1, PhastCons<1.0	0.152	-0.938				0.279		
TP53	NM_000546.5	c.855C>G	Benign synonymous, SpliceAI<=0.1, PhastCons<1.0	0.133	0.249				26.4		
TP53	NM_000546.5	c.855C>A	Benign synonymous, SpliceAI<=0.1, PhastCons<1.0	0.133	0.249				26.3		
TP53	NM_000546.5	c.849T>G	Benign synonymous, SpliceAI<=0.1, PhastCons<1.0	0.082	0.237	0.302			5.537	LB	
TP53	NM_000546.5	c.849T>A	Benign synonymous, SpliceAI<=0.1, PhastCons<1.0	0.082	0.237	0.223			5.553	LB	
TP53	NM_000546.5	c.843A>T	Benign synonymous, SpliceAI<=0.1, PhastCons<1.0	0.078	0.212	0.207			12.4	LB	
TP53	NM_000546.5	c.843A>C	Benign synonymous, SpliceAI<=0.1, PhastCons<1.0	0.078	0.212	0.224			12.47	LB	
TP53	NM_000546.5	c.834C>G	Benign synonymous, SpliceAI<=0.1, PhastCons<1.0	0.092	-0.804	0.263			7.584	LB	
TP53	NM_000546.5	c.834C>A	Benign synonymous, SpliceAI<=0.1, PhastCons<1.0	0.092	-0.804	0.263			7.715	LB	
TP53	NM_000546.5	c.826C>G	Benign synonymous, SpliceAI<=0.1, PhastCons<1.0	0.258	0.249	0.206			12.14	LB	
TP53	NM_000546.5	c.826C>A	Benign synonymous, SpliceAI<=0.1, PhastCons<1.0	0.258	0.249	0.197			13.29	LB	
TP53	NM_000546.5	c.825C>G	Benign synonymous, SpliceAI<=0.1, PhastCons<1.0	0.269	0.249	0.363			13.8	LB	
TP53	NM_000546.5	c.825C>A	Benign synonymous, SpliceAI<=0.1, PhastCons<1.0	0.269	0.249	0.363			13.64	LB	
TP53	NM_000546.5	c.822C>G	Benign synonymous, SpliceAI<=0.1, PhastCons<1.0	0.296	0.249	0.271			13.07	LB	
TP53	NM_000546.5	c.822C>A	Benign synonymous, SpliceAI<=0.1, PhastCons<1.0	0.296	0.249	0.271		2.25100e-05	12.98	LB	
TP53	NM_000546.5	c.819A>T	Benign synonymous, SpliceAI<=0.1, PhastCons<1.0	0.303	0.212	0.312			14.17	LB	
TP53	NM_000546.5	c.819A>C	Benign synonymous, SpliceAI<=0.1, PhastCons<1.0	0.303	0.212	0.312			14.06	LB	
TP53	NM_000546.5	c.807G>T	Benign synonymous, SpliceAI<=0.1, PhastCons<1.0	0.2	-0.953	0.267			7.83	LB	
TP53	NM_000546.5	c.807G>C	Benign synonymous, SpliceAI<=0.1, PhastCons<1.0	0.2	-0.953	0.267			7.904	LB	
TP53	NM_000546.5	c.805A>T	Benign synonymous, SpliceAI<=0.1, PhastCons<1.0	0.196	0.212	0.291			15.64	LB	
TP53	NM_000546.5	c.805A>G	Benign synonymous, SpliceAI<=0.1, PhastCons<1.0	0.196	0.212	0.263			14.17	LB	
TP53	NM_000546.5	c.802C>G	Benign synonymous, SpliceAI<=0.1, PhastCons<1.0	0.182	0.249	0.222			5.049	LB	
TP53	NM_000546.5	c.802C>A	Benign synonymous, SpliceAI<=0.1, PhastCons<1.0	0.182	0.249	0.237			7.133	LB	
TP53	NM_000546.5	c.801C>G	Benign synonymous, SpliceAI<=0.1, PhastCons<1.0	0.174	0.249	0.233			5.161	LB	
TP53	NM_000546.5	c.801C>A	Benign synonymous, SpliceAI<=0.1, PhastCons<1.0	0.174	0.249	0.311			5.027	LB	
TP53	NM_000546.5	c.798T>G	Benign synonymous, SpliceAI<=0.1, PhastCons<1.0	0.139	0.237	0.243			0.989	LB	
TP53	NM_000546.5	c.798T>A	Benign synonymous, SpliceAI<=0.1, PhastCons<1.0	0.139	0.237	0.259			1.011	LB	
TP53	NM_000546.5	c.792G>T	Benign synonymous, SpliceAI<=0.1, PhastCons<1.0	0.015	-0.949	0.288			0.482	LB	
TP53	NM_000546.5	c.792G>C	Benign synonymous, SpliceAI<=0.1, PhastCons<1.0	0.015	-0.949	0.272			0.526	LB	
TP53	NM_000546.5	c.789G>T	Benign synonymous, SpliceAI<=0.1, PhastCons<1.0	0.011	0.21	0.211			5.135	LB	
TP53	NM_000546.5	c.789G>C	Benign synonymous, SpliceAI<=0.1, PhastCons<1.0	0.011	0.21	0.218			5.044	LB	
TP53	NM_000546.5	c.787A>T	Benign synonymous, SpliceAI<=0.1, PhastCons<1.0	0.016	0.212	0.249			14.56	LB	
TP53	NM_000546.5	c.787A>G	Benign synonymous, SpliceAI<=0.1, PhastCons<1.0	0.016	0.212	0.212			5.585	LB	
TP53	NM_000546.5	c.783G>T	Benign synonymous, SpliceAI<=0.1, PhastCons<1.0	0.017	0.21	0.317			12.88	LB	
TP53	NM_000546.5	c.783G>C	Benign synonymous, SpliceAI<=0.1, PhastCons<1.0	0.017	0.21	0.331			12.28	LB	
TP53	NM_000546.5	c.783-1G>T	Benign synonymous, SpliceAI<=0.1, PhastCons<1.0, PhyloP<0.1, intronic_ROI(-1)	0.015	-0.953				3.879		
TP53	NM_000546.5	c.783-1G>C	Benign synonymous, SpliceAI<=0.1, PhastCons<1.0, PhyloP<0.1, intronic_ROI(-1)	0.015	-0.953				3.153		
TP53	NM_000546.5	c.783-1G>A	Benign synonymous, SpliceAI<=0.1, PhastCons<1.0, PhyloP<0.1, intronic_ROI(-1)	0.015	-0.953				5.039		
TP53	NM_000546.5	c.783-2A>T	Benign synonymous, SpliceAI<=0.1, PhastCons<1.0, PhyloP<0.1, intronic_ROI(-2)	0.012	-1.058				7.032		
TP53	NM_000546.5	c.783-2A>G	Benign synonymous, SpliceAI<=0.1, PhastCons<1.0, PhyloP<0.1, intronic_ROI(-2)	0.012	-1.058				6.804		
TP53	NM_000546.5	c.783-2A>C	Benign synonymous, SpliceAI<=0.1, PhastCons<1.0, PhyloP<0.1, intronic_ROI(-2)	0.012	-1.058				7.364		
TP53	NM_000546.5	c.1043G>T	Benign synonymous, SpliceAI<=0.1, PhastCons<1.0	0.032	0.645				3.888		
TP53	NM_000546.5	c.1043G>C	Benign synonymous, SpliceAI<=0.1, PhastCons<1.0	0.032	0.645				2.47		
TP53	NM_000546.5	c.1032C>G	Benign synonymous, SpliceAI<=0.1, PhastCons<1.0	0.001	0.002				1.679		
TP53	NM_000546.5	c.1032C>A	Benign synonymous, SpliceAI<=0.1, PhastCons<1.0	0.001	0.002				1.117		
TP53	NM_000546.5	c.1029C>G	Benign synonymous, SpliceAI<=0.1, PhastCons<1.0	0.001	-0.023				4.169		
TP53	NM_000546.5	c.1029C>A	Benign synonymous, SpliceAI<=0.1, PhastCons<1.0	0.001	-0.023				2.649		
TP53	NM_000546.5	c.1023T>G	Benign synonymous, SpliceAI<=0.1, PhastCons<1.0	0.006	-0.075				2.996		
TP53	NM_000546.5	c.1023T>A	Benign synonymous, SpliceAI<=0.1, PhastCons<1.0	0.006	-0.075				3.003		
TP53	NM_000546.5	c.1020T>G	Benign synonymous, SpliceAI<=0.1, PhastCons<1.0	0.009	-0.08				2.988		
TP53	NM_000546.5	c.1020T>A	Benign synonymous, SpliceAI<=0.1, PhastCons<1.0	0.009	-0.08				2.893		
TP53	NM_000546.5	c.1027C>G	Benign synonymous, SpliceAI<=0.1, PhastCons<1.0	0.015	0.777	0.269			3.248	LB	
TP53	NM_000546.5	c.1027C>A	Benign synonymous, SpliceAI<=0.1, PhastCons<1.0	0.015	0.777	0.278			3.983	LB	
TP53	NM_000546.5	c.1026C>G	Benign synonymous, SpliceAI<=0.1, PhastCons<1.0	0.012	0.777	0.240			2.609	LB	
TP53	NM_000546.5	c.1026C>A	Benign synonymous, SpliceAI<=0.1, PhastCons<1.0	0.012	0.777	0.240			2.558	LB	
TP53	NM_000546.5	c.1011T>G	Benign synonymous, SpliceAI<=0.1, PhastCons<1.0	0.0	-0.688				0.371		
TP53	NM_000546.5	c.1021T>C	Likely_benign FAF >0.1%, REVEL <0.29, SpliceAI<=0.1	0.0	-0.688	0.281		0.00111330	0.412	LB	
TP53	NM_000546.5	c.1011T>A	Benign synonymous, SpliceAI<=0.1, PhastCons<1.0	0.0	-0.688				0.361		
TP53	NM_000546.5	c.1014C>G	Benign synonymous, SpliceAI<=0.1, PhastCons<1.0	0.0	-0.072	0.301			1.691	LB	
TP53	NM_000546.5	c.1014C>A	Benign synonymous, SpliceAI<=0.1, PhastCons<1.0	0.0	-0.072	0.299			0.725	LB	
TP53	NM_000546.5	c.1009A>T	Benign synonymous, SpliceAI<=0.1, PhastCons<1.0	0.002	-0.072	0.270			0.265	LB	
TP53	NM_000546.5	c.1009A>G	Benign synonymous, SpliceAI<=0.1, PhastCons<1.0	0.002	-0.072	0.211			0.327	LB	
TP53	NM_000546.5	c.993C>G	Benign synonymous, SpliceAI<=0.1, PhastCons<1.0	0.169	-0.135				1.974		
TP53	NM_000546.5	c.993C>A	Benign synonymous, SpliceAI<=0.1, PhastCons<1.0	0.169	-0.135				2.121		
TP53	NM_000546.5	c.1002T>A	Benign synonymous, SpliceAI<=0.1, PhastCons<1.0	0.167	-0.187	0.272			3.667	A	
TP53	NM_000546.5	c.987A>T	Benign synonymous, SpliceAI<=0.1, PhastCons<1.0	0.133	0.836				4.714		
TP53	NM_000546.5	c.987A>C	Benign synonymous, SpliceAI<=0.1, PhastCons<1.0	0.133	0.836				4.629		
TP53	NM_000546.5	c.996A>C	Benign synonymous, SpliceAI<=0.1, PhastCons<1.0	0.108	0.836	0.245			4.363	LB	
TP53	NM_000546.5	c.994-1G>T	Benign synonymous, SpliceAI<=0.1, PhastCons<1.0, PhyloP<0.1, intronic_ROI(-1)	0.017	-0.131	.;.			13.68	.;.	
TP53	NM_000546.5	c.994-1G>C	Benign synonymous, SpliceAI<=0.1, PhastCons<1.0, PhyloP<0.1, intronic_ROI(-1)	0.017	-0.131	.;.			12.49	.;.	
TP53	NM_000546.5	c.994-1G>A	Benign synonymous, SpliceAI<=0.1, PhastCons<1.0, PhyloP<0.1, intronic_ROI(-1)	0.017	-0.131	.;.			14.17	.;.	
TP53	NM_000546.5	c.994-2A>T	Benign synonymous, SpliceAI<=0.1, PhastCons<1.0, PhyloP<0.1, intronic_ROI(-2)	0.006	-1.293	.;.			11.47	.;.	
TP53	NM_000546.5	c.994-2A>G	Benign synonymous, SpliceAI<=0.1, PhastCons<1.0, PhyloP<0.1, intronic_ROI(-2)	0.006	-1.293	.;.			10.54	.;.	
TP53	NM_000546.5	c.994-2A>C	Benign synonymous, SpliceAI<=0.1, PhastCons<1.0, PhyloP<0.1, intronic_ROI(-2)	0.006	-1.293	.;.			11.76	.;.	
TP53	NM_000546.5	c.1101-6C>G	Benign synonymous, SpliceAI<=0.1, PhastCons<1.0, PhyloP<0.1, intronic_ROI(-6)	0.0	-0.826				2.403		Likely_benign
TP53	NM_000546.5	c.1101-6C>A	Benign synonymous, SpliceAI<=0.1, PhastCons<1.0, PhyloP<0.1, intronic_ROI(-6)	0.0	-0.826				2.709		
TP53	NM_000546.5	c.1101-13C>G	Benign synonymous, SpliceAI<=0.1, PhastCons<1.0, PhyloP<0.1, intronic_ROI(-13)	0.0	-0.203				0.733		Uncertain_significance
TP53	NM_000546.5	c.1101-13C>A	Benign synonymous, SpliceAI<=0.1, PhastCons<1.0, PhyloP<0.1, intronic_ROI(-13)	0.0	-0.203				0.492		
TP53	NM_000546.5	c.1100+3G>T	Benign synonymous, SpliceAI<=0.1, PhastCons<1.0, PhyloP<0.1, intronic_ROI(+3)	0.954	0.002				12.34		
TP53	NM_000546.5	c.1100+3G>C	Benign synonymous, SpliceAI<=0.1, PhastCons<1.0, PhyloP<0.1, intronic_ROI(+3)	0.954	0.002				12.2		Likely_benign
TP53	NM_000546.5	c.783-4G>T	Benign synonymous, SpliceAI<=0.1, PhastCons<1.0, PhyloP<0.1, intronic_ROI(-4)	0.0	-0.446				3.098		
TP53	NM_000546.5	c.783-4G>C	Benign synonymous, SpliceAI<=0.1, PhastCons<1.0, PhyloP<0.1, intronic_ROI(-4)	0.0	-0.446				2.306		
TP53	NM_000546.5	c.783-4G>A	Benign synonymous, SpliceAI<=0.1, PhastCons<1.0, PhyloP<0.1, intronic_ROI(-4)	0.0	-0.446				2.174		Conflicting_classifications_of_pathogenicity
TP53	NM_000546.5	c.215C>G	Benign FAF >5%	0.003	1.438	0.368;.;0.368;.;.;0.368;0.368;.;.;.;0.368;.;.;.;.;0.368;0.368;.;.;0.368;.;.;.;.;.;.		0.746273	12.91	LB;.;LB;.;.;LB;LB;LB;LB;.;LB;.;.;.;.;LB;B;LB;LB;LB;.;.;.;.;.;.	Benign
TRIM28	NM_005762.3	c.-616T>A	Benign synonymous, SpliceAI<=0.1, PhastCons<1.0	0.0	-3.676				1.052	LB	
TRIM28	NM_005762.3	c.-616T>G	Benign synonymous, SpliceAI<=0.1, PhastCons<1.0	0.0	-3.676				1.307	LB	
TRIM28	NM_005762.3	c.-614G>C	Benign synonymous, SpliceAI<=0.1, PhastCons<1.0	0.0	0.332				9.846	LB	
TRIM28	NM_005762.3	c.-614G>T	Benign synonymous, SpliceAI<=0.1, PhastCons<1.0	0.0	0.332				9.612	LB	
TRIM28	NM_005762.3	c.-605G>C	Benign synonymous, SpliceAI<=0.1, PhastCons<1.0	0.0	-0.673				1.852	LB	
TRIM28	NM_005762.3	c.-605G>T	Benign synonymous, SpliceAI<=0.1, PhastCons<1.0	0.0	-0.673				1.435	LB	
TRIM28	NM_005762.3	c.-604C>G	Benign synonymous, SpliceAI<=0.1, PhastCons<1.0	0.0	-0.402				2.191	LB	
TRIM28	NM_005762.3	c.-604C>T	Benign synonymous, SpliceAI<=0.1, PhastCons<1.0	0.0	-0.402				3.006	A	
TRIM28	NM_005762.3	c.-586T>C	Benign FAF >5%	0.0	-0.371			0.283912	2.688	LB	
TRIM28	NM_005762.3	c.-569G>C	Benign synonymous, SpliceAI<=0.1, PhastCons<1.0	0.0	0.065				4.464	LB	
TRIM28	NM_005762.3	c.-569G>T	Benign synonymous, SpliceAI<=0.1, PhastCons<1.0	0.0	0.065				4.761	LB	
TRIM28	NM_005762.3	c.-568A>G	Benign synonymous, SpliceAI<=0.1, PhastCons<1.0	0.0	-0.42				4.589	LB	
TRIM28	NM_005762.3	c.-568A>T	Benign synonymous, SpliceAI<=0.1, PhastCons<1.0	0.0	-0.42				2.556	LB	
TRIM28	NM_005762.3	c.-566G>C	Benign synonymous, SpliceAI<=0.1, PhastCons<1.0	0.0	-0.682				2.885	LB	
TRIM28	NM_005762.3	c.-566G>T	Benign synonymous, SpliceAI<=0.1, PhastCons<1.0	0.0	-0.682				2.594	LB	
TRIM28	NM_005762.3	c.-551T>A	Benign synonymous, SpliceAI<=0.1, PhastCons<1.0	0.0	-3.619				0.542		
TRIM28	NM_005762.3	c.-551T>G	Benign synonymous, SpliceAI<=0.1, PhastCons<1.0	0.0	-3.619				0.565		
TRIM28	NM_005762.3	c.-548A>C	Benign synonymous, SpliceAI<=0.1, PhastCons<1.0	0.0	-0.676				4.659	LB	
TRIM28	NM_005762.3	c.-548A>T	Benign synonymous, SpliceAI<=0.1, PhastCons<1.0	0.0	-0.676				7.505	LB	
TRIM28	NM_005762.3	c.-545T>A	Benign synonymous, SpliceAI<=0.1, PhastCons<1.0	0.0	-0.967				8.252		
TRIM28	NM_005762.3	c.-545T>C	Benign synonymous, SpliceAI<=0.1, PhastCons<1.0	0.0	-0.967				3.816		
TRIM28	NM_005762.3	c.-545T>G	Benign synonymous, SpliceAI<=0.1, PhastCons<1.0	0.0	-0.967				7.903		
TRIM28	NM_005762.3	c.591A>C	Benign synonymous, SpliceAI<=0.1, PhastCons<1.0	0.0	-5.043				0.572		
TRIM28	NM_005762.3	c.591A>G	Benign synonymous, SpliceAI<=0.1, PhastCons<1.0	0.0	-5.043			8.75000e-06	0.636		
TRIM28	NM_005762.3	c.591A>T	Benign synonymous, SpliceAI<=0.1, PhastCons<1.0	0.0	-5.043				0.515		
TRIM28	NM_005762.3	c.849G>A	Benign synonymous, SpliceAI<=0.1, PhastCons<1.0	0.976	-0.03				9.243		
TRIM28	NM_005762.3	c.849G>C	Benign synonymous, SpliceAI<=0.1, PhastCons<1.0	0.976	-0.03			2.80000e-07	20.5		
TRIM28	NM_005762.3	c.849G>T	Benign synonymous, SpliceAI<=0.1, PhastCons<1.0	0.976	-0.03				22.7		
TRIM28	NM_005762.3	c.957G>A	Benign synonymous, SpliceAI<=0.1, PhastCons<1.0	0.249	-0.577			1.96200e-05	5.846		Uncertain_significance
TRIM28	NM_005762.3	c.957G>C	Benign synonymous, SpliceAI<=0.1, PhastCons<1.0	0.249	-0.577				11.89		
TRIM28	NM_005762.3	c.957G>T	Benign synonymous, SpliceAI<=0.1, PhastCons<1.0	0.249	-0.577				11.99		
TRIM28	NM_005762.3	c.1362A>C	Benign synonymous, SpliceAI<=0.1, PhastCons<1.0	0.975	2.464	.;.			13.68	.;.	
TRIM28	NM_005762.3	c.1362A>G	Benign synonymous, SpliceAI<=0.1, PhastCons<1.0	0.975	2.464	.;.			15.38	.;.	
TRIM28	NM_005762.3	c.1362A>T	Benign synonymous, SpliceAI<=0.1, PhastCons<1.0	0.975	2.464	.;.			14.97	.;.	
TRIM28	NM_005762.3	c.1383A>C	Benign synonymous, SpliceAI<=0.1, PhastCons<1.0	0.998	0.213	.;.			13.78	.;.	
TRIM28	NM_005762.3	c.1383A>G	Benign synonymous, SpliceAI<=0.1, PhastCons<1.0	0.998	0.213	.;.			15.47	.;.	
TRIM28	NM_005762.3	c.1383A>T	Benign synonymous, SpliceAI<=0.1, PhastCons<1.0	0.998	0.213	.;.			12.93	.;.	
TRIM28	NM_005762.3	c.1419A>C	Benign synonymous, SpliceAI<=0.1, PhastCons<1.0	0.147	-0.428	.;.			5.592	.;.	
TRIM28	NM_005762.3	c.1419A>G	Benign synonymous, SpliceAI<=0.1, PhastCons<1.0	0.147	-0.428	.;.			6.18	.;.	
TRIM28	NM_005762.3	c.1419A>T	Benign synonymous, SpliceAI<=0.1, PhastCons<1.0	0.147	-0.428	.;.			5.405	.;.	
TRIM28	NM_005762.3	c.1420G>A	Benign synonymous, SpliceAI<=0.1, PhastCons<1.0	0.196	0.451	.;.			19.68	.;.	
TRIM28	NM_005762.3	c.1420G>C	Benign synonymous, SpliceAI<=0.1, PhastCons<1.0	0.196	0.451	.;.			20.2	.;.	
TRIM28	NM_005762.3	c.1420G>T	Benign synonymous, SpliceAI<=0.1, PhastCons<1.0	0.196	0.451	.;.			22.5	.;.	
TRIP13	NM_004237.4	c.1023T>A	Benign synonymous, SpliceAI<=0.1, PhastCons<1.0	0.819	-0.143				35.0		
TRIP13	NM_004237.4	c.1023T>G	Benign synonymous, SpliceAI<=0.1, PhastCons<1.0	0.819	-0.143	0.606			19.96	P	
TRPV6	NM_018646.6	c.2297G>T	Benign synonymous, SpliceAI<=0.1, PhastCons<1.0	0.997	1.172				12.37		
TRPV6	NM_018646.6	c.2297G>C	Benign synonymous, SpliceAI<=0.1, PhastCons<1.0	0.997	1.172				9.59		
TRPV6	NM_018646.6	c.2289T>G	Benign synonymous, SpliceAI<=0.1, PhastCons<1.0	0.995	0.094				35.0		
TRPV6	NM_018646.6	c.2289T>A	Benign synonymous, SpliceAI<=0.1, PhastCons<1.0	0.995	0.094				35.0		
TRPV6	NM_018646.6	c.2286A>T	Benign synonymous, SpliceAI<=0.1, PhastCons<1.0	0.0	-2.11	0.112			3.946	B	
TRPV6	NM_018646.6	c.2286A>C	Benign synonymous, SpliceAI<=0.1, PhastCons<1.0	0.0	-2.11	0.112			4.071	B	
TRPV6	NM_018646.6	c.2280C>G	Benign synonymous, SpliceAI<=0.1, PhastCons<1.0	0.96	0.951	0.048			17.34	B	
TRPV6	NM_018646.6	c.2280C>A	Benign synonymous, SpliceAI<=0.1, PhastCons<1.0	0.96	0.951	0.048		1.11300e-05	17.18	B	
TRPV6	NM_018646.6	c.2277G>T	Benign synonymous, SpliceAI<=0.1, PhastCons<1.0	0.0	-2.349	0.012			0.474	B	
TRPV6	NM_018646.6	c.2277G>C	Benign synonymous, SpliceAI<=0.1, PhastCons<1.0	0.0	-2.349	0.012			0.471	B	
TRPV6	NM_018646.6	c.2271C>G	Benign synonymous, SpliceAI<=0.1, PhastCons<1.0	0.0	-1.889	0.041			0.017	B	
TRPV6	NM_018646.6	c.2271C>A	Benign synonymous, SpliceAI<=0.1, PhastCons<1.0	0.0	-1.889	0.041			0.015	B	
TRPV6	NM_018646.6	c.2268G>T	Benign synonymous, SpliceAI<=0.1, PhastCons<1.0	0.013	-1.534	0.118			5.979	B	
TRPV6	NM_018646.6	c.2268G>C	Benign synonymous, SpliceAI<=0.1, PhastCons<1.0	0.013	-1.534	0.118			6.114	B	
TRPV6	NM_018646.6	c.2263C>G	Benign synonymous, SpliceAI<=0.1, PhastCons<1.0	0.131	0.678	0.084			16.05	B	
TRPV6	NM_018646.6	c.2263C>A	Benign synonymous, SpliceAI<=0.1, PhastCons<1.0	0.131	0.678	0.064			13.8	B	
TRPV6	NM_018646.6	c.2259G>T	Benign synonymous, SpliceAI<=0.1, PhastCons<1.0	0.099	0.839	0.018			14.2	B	
TRPV6	NM_018646.6	c.2259G>C	Benign synonymous, SpliceAI<=0.1, PhastCons<1.0	0.099	0.839	0.018			12.54	B	
TRPV6	NM_018646.6	c.2257A>T	Benign synonymous, SpliceAI<=0.1, PhastCons<1.0	0.006	-0.237	0.139			16.8	B	
TRPV6	NM_018646.6	c.2257A>G	Benign synonymous, SpliceAI<=0.1, PhastCons<1.0	0.006	-0.237	0.055			9.642	B	
TRPV6	NM_018646.6	c.2256C>G	Benign synonymous, SpliceAI<=0.1, PhastCons<1.0	0.813	1.106	0.136			22.6	A	
TRPV6	NM_018646.6	c.2256C>A	Benign synonymous, SpliceAI<=0.1, PhastCons<1.0	0.813	1.106	0.136			22.6	A	
TRPV6	NM_018646.6	c.2239C>G	Benign synonymous, SpliceAI<=0.1, PhastCons<1.0	0.009	0.171	0.015			9.669	B	
TRPV6	NM_018646.6	c.2239C>A	Benign synonymous, SpliceAI<=0.1, PhastCons<1.0	0.009	0.171	0.089			15.16	B	
TRPV6	NM_018646.6	c.2238C>G	Benign synonymous, SpliceAI<=0.1, PhastCons<1.0	0.006	-0.298	0.013			1.945	B	
TRPV6	NM_018646.6	c.2238C>A	Benign synonymous, SpliceAI<=0.1, PhastCons<1.0	0.006	-0.298	0.013			1.96	B	
TRPV6	NM_018646.6	c.2235A>T	Benign synonymous, SpliceAI<=0.1, PhastCons<1.0	0.0	-1.031	0.011			3.393	B	
TRPV6	NM_018646.6	c.2235A>C	Benign synonymous, SpliceAI<=0.1, PhastCons<1.0	0.0	-1.031	0.011			3.4	B	
TRPV6	NM_018646.6	c.2233A>T	Benign synonymous, SpliceAI<=0.1, PhastCons<1.0	0.0	0.092			2.80000e-07	35.0		
TRPV6	NM_018646.6	c.2233A>G	Benign synonymous, SpliceAI<=0.1, PhastCons<1.0	0.0	0.092	0.035			13.8	B	
TRPV6	NM_018646.6	c.2232G>T	Benign synonymous, SpliceAI<=0.1, PhastCons<1.0	0.0	0.857	0.055		2.80000e-07	12.13	B	
TRPV6	NM_018646.6	c.2232G>C	Benign synonymous, SpliceAI<=0.1, PhastCons<1.0	0.0	0.857	0.055			12.09	B	
TRPV6	NM_018646.6	c.2230A>T	Benign synonymous, SpliceAI<=0.1, PhastCons<1.0	0.0	-0.709	0.349			18.6	B	
TRPV6	NM_018646.6	c.2230A>G	Benign synonymous, SpliceAI<=0.1, PhastCons<1.0	0.0	-0.709	0.118		4.37300e-05	4.957	B	Uncertain_significance
TRPV6	NM_018646.6	c.2227C>G	Benign synonymous, SpliceAI<=0.1, PhastCons<1.0	0.998	0.971	0.323			17.03	B	
TRPV6	NM_018646.6	c.2227C>A	Benign synonymous, SpliceAI<=0.1, PhastCons<1.0	0.998	0.971	0.108			14.83	B	
TRPV6	NM_018646.6	c.2220A>T	Benign synonymous, SpliceAI<=0.1, PhastCons<1.0	0.0	-2.96	0.177			0.011	B	
TRPV6	NM_018646.6	c.2220A>C	Benign synonymous, SpliceAI<=0.1, PhastCons<1.0	0.0	-2.96	0.177			0.013	B	
TRPV6	NM_018646.6	c.2215C>T	Benign synonymous, SpliceAI<=0.1, PhastCons<1.0	0.99	5.387	0.627		0.000127460	26.6	B	Uncertain_significance
TRPV6	NM_018646.6	c.2215C>G	Benign synonymous, SpliceAI<=0.1, PhastCons<1.0	0.99	5.387	0.605			24.1	A	
TRPV6	NM_018646.6	c.2211G>T	Benign synonymous, SpliceAI<=0.1, PhastCons<1.0	0.992	1.545	0.086			14.61	B	
TRPV6	NM_018646.6	c.2211G>C	Benign synonymous, SpliceAI<=0.1, PhastCons<1.0	0.992	1.545	0.086			14.55	B	
TRPV6	NM_018646.6	c.2209A>T	Benign synonymous, SpliceAI<=0.1, PhastCons<1.0	0.602	0.78	0.364			21.4	B	
TRPV6	NM_018646.6	c.2209A>G	Benign synonymous, SpliceAI<=0.1, PhastCons<1.0	0.602	0.78	0.159			14.75	B	
TRPV6	NM_018646.6	c.2208A>T	Benign synonymous, SpliceAI<=0.1, PhastCons<1.0	0.18	-0.828	0.183			0.921	B	
TRPV6	NM_018646.6	c.2208A>C	Benign synonymous, SpliceAI<=0.1, PhastCons<1.0	0.18	-0.828	0.183			0.907	B	
TRPV6	NM_018646.6	c.2196T>G	Benign synonymous, SpliceAI<=0.1, PhastCons<1.0	0.7	0.091	0.298			13.16	A	
TRPV6	NM_018646.6	c.2196T>A	Benign synonymous, SpliceAI<=0.1, PhastCons<1.0	0.7	0.091	0.297			13.15	A	
TRPV6	NM_018646.6	c.2193C>G	Benign synonymous, SpliceAI<=0.1, PhastCons<1.0	0.996	0.122	0.410			22.0	A	
TRPV6	NM_018646.6	c.2193C>A	Benign synonymous, SpliceAI<=0.1, PhastCons<1.0	0.996	0.122	0.410			22.1	A	
TRPV6	NM_018646.6	c.2181T>G	Benign synonymous, SpliceAI<=0.1, PhastCons<1.0	0.271	-0.343	0.164			14.05	A	
TRPV6	NM_018646.6	c.2181T>A	Benign synonymous, SpliceAI<=0.1, PhastCons<1.0	0.271	-0.343	0.164			14.0	A	
TRPV6	NM_018646.6	c.2176C>T	Benign synonymous, SpliceAI<=0.1, PhastCons<1.0	0.997	3.574			3.65000e-06	42.0		
TRPV6	NM_018646.6	c.2176C>G	Benign synonymous, SpliceAI<=0.1, PhastCons<1.0	0.997	3.574	0.157			23.2	B	
TRPV6	NM_018646.6	c.2162T>C	Benign FAF >5%	0.023	1.128	0.042		0.538110	0.603	B	Benign
TRPV6	NM_018646.6	c.2149C>G	Benign synonymous, SpliceAI<=0.1, PhastCons<1.0	0.783	1.517	0.048			14.04	B	
TRPV6	NM_018646.6	c.2149C>A	Benign synonymous, SpliceAI<=0.1, PhastCons<1.0	0.783	1.517	0.113			20.2	B	
TRPV6	NM_018646.6	c.2148C>G	Benign synonymous, SpliceAI<=0.1, PhastCons<1.0	0.998	1.858	0.039			14.6	B	
TRPV6	NM_018646.6	c.2148C>A	Benign synonymous, SpliceAI<=0.1, PhastCons<1.0	0.998	1.858	0.039			14.97	B	
TRPV6	NM_018646.6	c.2142C>G	Benign synonymous, SpliceAI<=0.1, PhastCons<1.0	0.035	0.54	0.041			8.959	B	
TRPV6	NM_018646.6	c.2142C>A	Benign synonymous, SpliceAI<=0.1, PhastCons<1.0	0.035	0.54	0.041			9.174	B	
TRPV6	NM_018646.6	c.2139C>G	Benign synonymous, SpliceAI<=0.1, PhastCons<1.0	0.0	-5.219	0.035			0.027	B	
TRPV6	NM_018646.6	c.2139C>A	Benign synonymous, SpliceAI<=0.1, PhastCons<1.0	0.0	-5.219	0.034		1.24000e-06	0.038	B	Uncertain_significance
TRPV6	NM_018646.6	c.2133T>G	Benign synonymous, SpliceAI<=0.1, PhastCons<1.0	0.0	-0.678	0.025			6.518	B	
TRPV6	NM_018646.6	c.2133T>A	Benign synonymous, SpliceAI<=0.1, PhastCons<1.0	0.0	-0.678				32.0		
TRPV6	NM_018646.6	c.2125C>G	Benign synonymous, SpliceAI<=0.1, PhastCons<1.0	0.0	0.048	0.038			6.354	B	
TRPV6	NM_018646.6	c.2125C>A	Benign synonymous, SpliceAI<=0.1, PhastCons<1.0	0.0	0.048	0.027			8.29	B	
TRPV6	NM_018646.6	c.2124G>T	Benign synonymous, SpliceAI<=0.1, PhastCons<1.0	0.0	-0.476	0.018			0.922	B	
TRPV6	NM_018646.6	c.2124G>C	Benign synonymous, SpliceAI<=0.1, PhastCons<1.0	0.0	-0.476	0.018		4.34500e-05	0.942	B	Uncertain_significance
TRPV6	NM_018646.6	c.2119C>G	Benign synonymous, SpliceAI<=0.1, PhastCons<1.0	0.009	0.703	0.036			2.554	B	
TRPV6	NM_018646.6	c.2119C>A	Benign synonymous, SpliceAI<=0.1, PhastCons<1.0	0.009	0.703	0.021			3.786	B	
TRPV6	NM_018646.6	c.2118A>T	Benign synonymous, SpliceAI<=0.1, PhastCons<1.0	0.016	-0.001	0.069			11.71	B	
TRPV6	NM_018646.6	c.2118A>C	Benign synonymous, SpliceAI<=0.1, PhastCons<1.0	0.016	-0.001	0.069		6.80000e-07	11.83	B	
TRPV6	NM_018646.6	c.2115A>T	Benign synonymous, SpliceAI<=0.1, PhastCons<1.0	0.002	-1.662	0.037			0.375	B	
TRPV6	NM_018646.6	c.2115A>C	Benign synonymous, SpliceAI<=0.1, PhastCons<1.0	0.002	-1.662	0.037			0.396	B	
TRPV6	NM_018646.6	c.2106C>G	Benign synonymous, SpliceAI<=0.1, PhastCons<1.0	0.023	0.293	0.103			5.703	B	
TRPV6	NM_018646.6	c.2106C>A	Benign synonymous, SpliceAI<=0.1, PhastCons<1.0	0.023	0.293	0.103			5.011	B	
TRPV6	NM_018646.6	c.2103A>T	Benign synonymous, SpliceAI<=0.1, PhastCons<1.0	0.619	0.374	0.084			20.2	B	
TRPV6	NM_018646.6	c.2103A>C	Benign synonymous, SpliceAI<=0.1, PhastCons<1.0	0.619	0.374	0.084			19.92	B	
TRPV6	NM_018646.6	c.2100C>G	Benign synonymous, SpliceAI<=0.1, PhastCons<1.0	0.999	0.37	0.081			9.687	B	
TRPV6	NM_018646.6	c.2100C>A	Benign synonymous, SpliceAI<=0.1, PhastCons<1.0	0.999	0.37	0.081			9.606	B	
TRPV6	NM_018646.6	c.2097G>T	Benign synonymous, SpliceAI<=0.1, PhastCons<1.0	0.195	0.493	0.169			10.85	B	
TRPV6	NM_018646.6	c.2097G>C	Benign synonymous, SpliceAI<=0.1, PhastCons<1.0	0.195	0.493	0.169			11.02	B	
TRPV6	NM_018646.6	c.2095T>G	Benign synonymous, SpliceAI<=0.1, PhastCons<1.0	0.0	-1.876	0.131			0.05	B	
TRPV6	NM_018646.6	c.2095T>A	Benign synonymous, SpliceAI<=0.1, PhastCons<1.0	0.0	-1.876	0.222			0.248	B	
TRPV6	NM_018646.6	c.2094T>G	Benign synonymous, SpliceAI<=0.1, PhastCons<1.0	0.003	0.318	0.095			8.271	B	
TRPV6	NM_018646.6	c.2094T>A	Benign synonymous, SpliceAI<=0.1, PhastCons<1.0	0.003	0.318	0.095			8.157	B	
TRPV6	NM_018646.6	c.2091G>T	Benign synonymous, SpliceAI<=0.1, PhastCons<1.0	0.0	-3.528	0.121			0.028	B	
TRPV6	NM_018646.6	c.2091G>C	Benign synonymous, SpliceAI<=0.1, PhastCons<1.0	0.0	-3.528	0.121			0.029	B	
TRPV6	NM_018646.6	c.2080C>T	Benign synonymous, SpliceAI<=0.1, PhastCons<1.0	0.001	0.613	0.066		0.000112110	21.1	B	Uncertain_significance
TRPV6	NM_018646.6	c.2080C>G	Benign synonymous, SpliceAI<=0.1, PhastCons<1.0	0.001	0.613	0.055			11.5	B	
TRPV6	NM_018646.6	c.2076C>G	Benign synonymous, SpliceAI<=0.1, PhastCons<1.0	0.0	-1.481	0.035			1.36	B	
TRPV6	NM_018646.6	c.2076C>A	Benign synonymous, SpliceAI<=0.1, PhastCons<1.0	0.0	-1.481	0.034		2.92000e-06	1.408	B	
TRPV6	NM_018646.6	c.2073C>G	Benign synonymous, SpliceAI<=0.1, PhastCons<1.0	0.986	1.288	0.180			18.97	P	
TRPV6	NM_018646.6	c.2073C>A	Benign synonymous, SpliceAI<=0.1, PhastCons<1.0	0.986	1.288	0.180			18.88	P	
TRPV6	NM_018646.6	c.2067G>T	Benign synonymous, SpliceAI<=0.1, PhastCons<1.0	0.554	-0.085	0.043			15.53	B	
TRPV6	NM_018646.6	c.2067G>C	Benign synonymous, SpliceAI<=0.1, PhastCons<1.0	0.554	-0.085	0.043			15.55	B	
TRPV6	NM_018646.6	c.2061C>G	Benign synonymous, SpliceAI<=0.1, PhastCons<1.0	0.04	-1.024				23.7		
TRPV6	NM_018646.6	c.2061C>A	Benign synonymous, SpliceAI<=0.1, PhastCons<1.0	0.04	-1.024				23.6		
TRPV6	NM_018646.6	c.2055A>T	Benign synonymous, SpliceAI<=0.1, PhastCons<1.0	0.0	-0.774	0.021			8.991	B	
TRPV6	NM_018646.6	c.2055A>C	Benign synonymous, SpliceAI<=0.1, PhastCons<1.0	0.0	-0.774	0.021			9.114	B	
TRPV6	NM_018646.6	c.2046G>T	Benign synonymous, SpliceAI<=0.1, PhastCons<1.0	0.993	0.167	0.021			15.12	B	
TRPV6	NM_018646.6	c.2046G>C	Benign synonymous, SpliceAI<=0.1, PhastCons<1.0	0.993	0.167	0.021			15.15	B	
TRPV6	NM_018646.6	c.2041C>T	Benign synonymous, SpliceAI<=0.1, PhastCons<1.0	0.003	0.847	0.061		3.08500e-05	22.7	B	Uncertain_significance
TRPV6	NM_018646.6	c.2041C>G	Benign synonymous, SpliceAI<=0.1, PhastCons<1.0	0.003	0.847	0.034			17.3	B	
TRPV6	NM_018646.6	c.2040C>G	Benign synonymous, SpliceAI<=0.1, PhastCons<1.0	0.003	0.496	0.065			14.91	B	
TRPV6	NM_018646.6	c.2040C>A	Benign synonymous, SpliceAI<=0.1, PhastCons<1.0	0.003	0.496	0.065			14.89	B	
TRPV6	NM_018646.6	c.2034T>G	Benign synonymous, SpliceAI<=0.1, PhastCons<1.0	0.001	-0.409	0.289			5.842	B	
TRPV6	NM_018646.6	c.2034T>A	Benign synonymous, SpliceAI<=0.1, PhastCons<1.0	0.001	-0.409	0.289			5.477	B	
TRPV6	NM_018646.6	c.2031A>T	Benign synonymous, SpliceAI<=0.1, PhastCons<1.0	0.858	0.079	0.099			16.76	B	
TRPV6	NM_018646.6	c.2031A>C	Benign synonymous, SpliceAI<=0.1, PhastCons<1.0	0.858	0.079	0.099			16.8	B	
TRPV6	NM_018646.6	c.2028G>T	Benign synonymous, SpliceAI<=0.1, PhastCons<1.0	0.271	-0.449	0.217			19.35	A	
TRPV6	NM_018646.6	c.2028G>C	Benign synonymous, SpliceAI<=0.1, PhastCons<1.0	0.271	-0.449	0.217			19.85	A	
TRPV6	NM_018646.6	c.2026A>T	Benign synonymous, SpliceAI<=0.1, PhastCons<1.0	0.999	1.707	0.470			25.7	B	
TRPV6	NM_018646.6	c.2026A>G	Benign synonymous, SpliceAI<=0.1, PhastCons<1.0	0.999	1.707	0.357			24.6	B	
TRPV6	NM_018646.6	c.2022A>T	Benign synonymous, SpliceAI<=0.1, PhastCons<1.0	0.999	0.322	0.411			21.4	A	
TRPV6	NM_018646.6	c.2022A>C	Benign synonymous, SpliceAI<=0.1, PhastCons<1.0	0.999	0.322	0.374			21.4	A	
TRPV6	NM_018646.6	c.1989T>G	Benign synonymous, SpliceAI<=0.1, PhastCons<1.0	0.0	-3.004				22.5		
TRPV6	NM_018646.6	c.1989T>A	Benign synonymous, SpliceAI<=0.1, PhastCons<1.0	0.0	-3.004				21.3		
TRPV6	NM_018646.6	c.1986G>T	Benign synonymous, SpliceAI<=0.1, PhastCons<1.0	0.0	-1.35	0.184			5.154	B	
TRPV6	NM_018646.6	c.1986G>C	Benign synonymous, SpliceAI<=0.1, PhastCons<1.0	0.0	-1.35	0.183			4.783	B	
TRPV6	NM_018646.6	c.1981C>T	Benign synonymous, SpliceAI<=0.1, PhastCons<1.0	0.0	0.578	0.315		0.00575872	18.15	B	Benign
TRPV6	NM_018646.6	c.1981C>G	Benign synonymous, SpliceAI<=0.1, PhastCons<1.0	0.0	0.578	0.127		2.80000e-07	14.27	B	
TRPV6	NM_018646.6	c.1977C>G	Benign synonymous, SpliceAI<=0.1, PhastCons<1.0	0.87	0.025	0.470			11.88	B	
TRPV6	NM_018646.6	c.1977C>A	Benign synonymous, SpliceAI<=0.1, PhastCons<1.0	0.87	0.025			5.78600e-05	26.7		
TRPV6	NM_018646.6	c.1942C>G	Benign synonymous, SpliceAI<=0.1, PhastCons<1.0	0.991	0.659	0.313			16.55	B	Uncertain_significance
TRPV6	NM_018646.6	c.1942C>A	Benign synonymous, SpliceAI<=0.1, PhastCons<1.0	0.991	0.659	0.179			16.55	B	
TRPV6	NM_018646.6	c.1941G>T	Benign synonymous, SpliceAI<=0.1, PhastCons<1.0	0.986	0.343	0.399			23.1	P	
TRPV6	NM_018646.6	c.1941G>C	Benign synonymous, SpliceAI<=0.1, PhastCons<1.0	0.986	0.343	0.399			23.1	P	
TRPV6	NM_018646.6	c.1936C>T	Benign synonymous, SpliceAI<=0.1, PhastCons<1.0	0.956	0.236	0.598		4.34600e-05	25.0	B	Uncertain_significance
TRPV6	NM_018646.6	c.1936C>G	Benign synonymous, SpliceAI<=0.1, PhastCons<1.0	0.956	0.236	0.359		5.53000e-06	23.7	B	
TRPV6	NM_018646.6	c.1935G>T	Benign synonymous, SpliceAI<=0.1, PhastCons<1.0	0.96	0.624	0.730			21.5	P	
TRPV6	NM_018646.6	c.1935G>C	Benign synonymous, SpliceAI<=0.1, PhastCons<1.0	0.96	0.624	0.732			21.5	P	
TRPV6	NM_018646.6	c.1909A>G	Likely_benign FAF >0.1%, REVEL <0.29, SpliceAI<=0.1	1.0	2.021	0.161		0.00432823	5.986	B	Likely_benign
TRPV6	NM_018646.6	c.1885C>T	Benign synonymous, SpliceAI<=0.1, PhastCons<1.0	0.997	0.96	0.701			24.4	A	
TRPV6	NM_018646.6	c.1885C>G	Benign synonymous, SpliceAI<=0.1, PhastCons<1.0	0.997	0.96	0.615			21.6	A	
TRPV6	NM_018646.6	c.1881T>G	Benign synonymous, SpliceAI<=0.1, PhastCons<1.0	0.0	-1.274	0.253			0.002	B	
TRPV6	NM_018646.6	c.1881T>A	Benign synonymous, SpliceAI<=0.1, PhastCons<1.0	0.0	-1.274	0.253			0.002	B	
TRPV6	NM_018646.6	c.1822C>G	Benign synonymous, SpliceAI<=0.1, PhastCons<1.0	0.998	2.514	0.440			17.22	A	
TRPV6	NM_018646.6	c.1822C>A	Benign synonymous, SpliceAI<=0.1, PhastCons<1.0	0.998	2.514	0.612			22.8	A	
TRPV6	NM_018646.6	c.1806T>G	Benign synonymous, SpliceAI<=0.1, PhastCons<1.0	0.355	-0.396	0.651			12.21	P	
TRPV6	NM_018646.6	c.1806T>A	Benign synonymous, SpliceAI<=0.1, PhastCons<1.0	0.355	-0.396	0.651			12.03	P	
TRPV6	NM_018646.6	c.1797T>G	Benign synonymous, SpliceAI<=0.1, PhastCons<1.0	0.021	0.098				26.1		
TRPV6	NM_018646.6	c.1797T>A	Benign synonymous, SpliceAI<=0.1, PhastCons<1.0	0.021	0.098				26.1		
TRPV6	NM_018646.6	c.1788C>G	Benign synonymous, SpliceAI<=0.1, PhastCons<1.0	0.622	1.445	0.512			21.0	P	
TRPV6	NM_018646.6	c.1788C>A	Benign synonymous, SpliceAI<=0.1, PhastCons<1.0	0.622	1.445	0.512			18.76	P	
TRPV6	NM_018646.6	c.1785C>G	Benign synonymous, SpliceAI<=0.1, PhastCons<1.0	0.998	2.361				38.0		
TRPV6	NM_018646.6	c.1785C>A	Benign synonymous, SpliceAI<=0.1, PhastCons<1.0	0.998	2.361				38.0		
TRPV6	NM_018646.6	c.1771C>G	Benign synonymous, SpliceAI<=0.1, PhastCons<1.0	0.943	1.526	0.418			19.27	B	
TRPV6	NM_018646.6	c.1771C>A	Benign synonymous, SpliceAI<=0.1, PhastCons<1.0	0.943	1.526	0.408			21.9	B	
TRPV6	NM_018646.6	c.1770C>G	Benign synonymous, SpliceAI<=0.1, PhastCons<1.0	0.006	-1.065	0.385			4.434	A	
TRPV6	NM_018646.6	c.1770C>A	Benign synonymous, SpliceAI<=0.1, PhastCons<1.0	0.006	-1.065	0.385		2.80000e-07	4.355	A	
TRPV6	NM_018646.6	c.1764C>G	Benign synonymous, SpliceAI<=0.1, PhastCons<1.0	0.26	-0.282	0.125			13.16	B	
TRPV6	NM_018646.6	c.1764C>A	Benign synonymous, SpliceAI<=0.1, PhastCons<1.0	0.26	-0.282	0.125			11.94	B	
TRPV6	NM_018646.6	c.1761C>G	Benign synonymous, SpliceAI<=0.1, PhastCons<1.0	0.043	-0.491				33.0		
TRPV6	NM_018646.6	c.1761C>A	Benign synonymous, SpliceAI<=0.1, PhastCons<1.0	0.043	-0.491				34.0		
TRPV6	NM_018646.6	c.1746T>G	Benign synonymous, SpliceAI<=0.1, PhastCons<1.0	0.398	-0.204	0.639			1.951	P	
TRPV6	NM_018646.6	c.1746T>A	Benign synonymous, SpliceAI<=0.1, PhastCons<1.0	0.398	-0.204	0.639			2.437	P	
TRPV6	NM_018646.6	c.1722C>G	Benign synonymous, SpliceAI<=0.1, PhastCons<1.0	0.107	-0.197	0.615			7.302	P	
TRPV6	NM_018646.6	c.1722C>A	Benign synonymous, SpliceAI<=0.1, PhastCons<1.0	0.107	-0.197	0.616			9.415	P	
TRPV6	NM_018646.6	c.1695C>G	Benign synonymous, SpliceAI<=0.1, PhastCons<1.0	0.0	-0.363	0.273			7.117	B	
TRPV6	NM_018646.6	c.1695C>A	Benign synonymous, SpliceAI<=0.1, PhastCons<1.0	0.0	-0.363	0.273			6.996	B	
TRPV6	NM_018646.6	c.1692C>G	Benign synonymous, SpliceAI<=0.1, PhastCons<1.0	0.0	-0.074				34.0		
TRPV6	NM_018646.6	c.1692C>A	Benign synonymous, SpliceAI<=0.1, PhastCons<1.0	0.0	-0.074				35.0		
TRPV6	NM_018646.6	c.1686C>G	Benign synonymous, SpliceAI<=0.1, PhastCons<1.0	0.736	-0.128	0.307			8.102	B	
TRPV6	NM_018646.6	c.1686C>A	Benign synonymous, SpliceAI<=0.1, PhastCons<1.0	0.736	-0.128	0.307			8.335	B	
TRPV6	NM_018646.6	c.1678C>G	Benign synonymous, SpliceAI<=0.1, PhastCons<1.0	0.982	1.846	0.436			20.5	B	
TRPV6	NM_018646.6	c.1678C>A	Benign synonymous, SpliceAI<=0.1, PhastCons<1.0	0.982	1.846	0.498			21.5	B	
TRPV6	NM_018646.6	c.1677G>T	Benign synonymous, SpliceAI<=0.1, PhastCons<1.0	0.149	-0.823	0.235			14.18	B	
TRPV6	NM_018646.6	c.1677G>C	Benign synonymous, SpliceAI<=0.1, PhastCons<1.0	0.149	-0.823	0.235			13.65	B	
TRPV6	NM_018646.6	c.1674G>T	Benign synonymous, SpliceAI<=0.1, PhastCons<1.0	0.0	-2.935	0.283			0.001	B	
TRPV6	NM_018646.6	c.1674G>C	Benign synonymous, SpliceAI<=0.1, PhastCons<1.0	0.0	-2.935	0.283			0.001	B	
TRPV6	NM_018646.6	c.1672G>A	Likely_benign FAF >0.1%, REVEL <0.29, SpliceAI<=0.1	0.0	-0.628	0.217		0.00201711	6.513	B	Uncertain_significance
TRPV6	NM_018646.6	c.1668C>G	Benign synonymous, SpliceAI<=0.1, PhastCons<1.0	0.988	0.164	0.346			16.38	B	
TRPV6	NM_018646.6	c.1668C>A	Benign synonymous, SpliceAI<=0.1, PhastCons<1.0	0.988	0.164	0.346			16.35	B	
TRPV6	NM_018646.6	c.1647T>G	Benign synonymous, SpliceAI<=0.1, PhastCons<1.0	0.956	0.326				37.0		
TRPV6	NM_018646.6	c.1647T>A	Benign synonymous, SpliceAI<=0.1, PhastCons<1.0	0.956	0.326				36.0		
TRPV6	NM_018646.6	c.1624C>G	Benign synonymous, SpliceAI<=0.1, PhastCons<1.0	0.765	-0.098	0.398			16.67	B	
TRPV6	NM_018646.6	c.1624C>A	Benign synonymous, SpliceAI<=0.1, PhastCons<1.0	0.765	-0.098	0.250			20.4	B	
TRPV6	NM_018646.6	c.1252A>G	Benign FAF >5%	0.0	-1.077	0.175;0.175		0.518281	0.063	B;.	Benign
TRPV6	NM_018646.6	c.1251C>G	Benign synonymous, SpliceAI<=0.1, PhastCons<1.0	0.0	-1.371				24.1		
TRPV6	NM_018646.6	c.1251C>A	Benign synonymous, SpliceAI<=0.1, PhastCons<1.0	0.0	-1.371				24.9		
TRPV6	NM_018646.6	c.1245A>T	Benign synonymous, SpliceAI<=0.1, PhastCons<1.0	0.991	0.217	0.569			14.23	B	
TRPV6	NM_018646.6	c.1245A>C	Benign synonymous, SpliceAI<=0.1, PhastCons<1.0	0.991	0.217	0.569			14.16	B	
TRPV6	NM_018646.6	c.1234C>G	Benign synonymous, SpliceAI<=0.1, PhastCons<1.0	0.997	1.172	0.326			23.8	B	
TRPV6	NM_018646.6	c.1234C>A	Benign synonymous, SpliceAI<=0.1, PhastCons<1.0	0.997	1.172	0.269			15.03	B	
TRPV6	NM_018646.6	c.1233G>T	Benign synonymous, SpliceAI<=0.1, PhastCons<1.0	0.998	0.968	0.475			20.3	P	
TRPV6	NM_018646.6	c.1233G>C	Benign synonymous, SpliceAI<=0.1, PhastCons<1.0	0.998	0.968	0.475			20.6	P	
TRPV6	NM_018646.6	c.1227G>T	Benign synonymous, SpliceAI<=0.1, PhastCons<1.0	0.802	0.138	0.337			18.5	B	
TRPV6	NM_018646.6	c.1227G>C	Benign synonymous, SpliceAI<=0.1, PhastCons<1.0	0.802	0.138	0.335			18.09	B	
TRPV6	NM_018646.6	c.1224A>T	Benign synonymous, SpliceAI<=0.1, PhastCons<1.0	0.0	-2.553	0.245			0.012	B	
TRPV6	NM_018646.6	c.1224A>C	Benign synonymous, SpliceAI<=0.1, PhastCons<1.0	0.0	-2.553	0.245			0.012	B	
TRPV6	NM_018646.6	c.1222T>G	Benign synonymous, SpliceAI<=0.1, PhastCons<1.0	0.0	-0.262	0.235			0.97	B	
TRPV6	NM_018646.6	c.1222T>A	Benign synonymous, SpliceAI<=0.1, PhastCons<1.0	0.0	-0.262	0.258			1.253	B	
TRPV6	NM_018646.6	c.1215C>G	Benign synonymous, SpliceAI<=0.1, PhastCons<1.0	0.988	0.175	0.197			11.77	B	
TRPV6	NM_018646.6	c.1215C>A	Benign synonymous, SpliceAI<=0.1, PhastCons<1.0	0.988	0.175	0.197			12.73	B	
TRPV6	NM_018646.6	c.1207C>T	Benign synonymous, SpliceAI<=0.1, PhastCons<1.0	0.001	0.144	0.446		5.49000e-05	17.48	B	Uncertain_significance
TRPV6	NM_018646.6	c.1207C>G	Benign synonymous, SpliceAI<=0.1, PhastCons<1.0	0.001	0.144	0.384			12.88	B	
TRPV6	NM_018646.6	c.1203C>G	Benign synonymous, SpliceAI<=0.1, PhastCons<1.0	0.0	-0.633	0.142		3.25200e-05	1.458	B	
TRPV6	NM_018646.6	c.1203C>A	Benign synonymous, SpliceAI<=0.1, PhastCons<1.0	0.0	-0.633	0.142			1.432	B	
TRPV6	NM_018646.6	c.1194C>G	Benign synonymous, SpliceAI<=0.1, PhastCons<1.0	0.993	0.447	0.423			17.54	A	
TRPV6	NM_018646.6	c.1194C>A	Benign synonymous, SpliceAI<=0.1, PhastCons<1.0	0.993	0.447	0.423			17.18	A	
TRPV6	NM_018646.6	c.1191T>G	Benign synonymous, SpliceAI<=0.1, PhastCons<1.0	0.002	-0.046	0.154			0.486	B	
TRPV6	NM_018646.6	c.1191T>A	Benign synonymous, SpliceAI<=0.1, PhastCons<1.0	0.002	-0.046	0.154			0.465	B	
TRPV6	NM_018646.6	c.1185G>T	Benign synonymous, SpliceAI<=0.1, PhastCons<1.0	0.023	0.315	0.200			20.1	A	
TRPV6	NM_018646.6	c.1185G>C	Benign synonymous, SpliceAI<=0.1, PhastCons<1.0	0.023	0.315	0.200			18.95	A	
TRPV6	NM_018646.6	c.1183A>T	Benign synonymous, SpliceAI<=0.1, PhastCons<1.0	0.791	0.841	0.265			21.4	B	
TRPV6	NM_018646.6	c.1183A>G	Benign synonymous, SpliceAI<=0.1, PhastCons<1.0	0.791	0.841	0.312			20.5	B	
TRPV6	NM_018646.6	c.1179G>T	Benign synonymous, SpliceAI<=0.1, PhastCons<1.0	0.999	0.836	0.407			22.6	P	
TRPV6	NM_018646.6	c.1179G>C	Benign synonymous, SpliceAI<=0.1, PhastCons<1.0	0.999	0.836	0.406			22.6	P	
TRPV6	NM_018646.6	c.1161C>G	Benign synonymous, SpliceAI<=0.1, PhastCons<1.0	0.053	0.045	0.742			19.04	P	
TRPV6	NM_018646.6	c.1161C>A	Benign synonymous, SpliceAI<=0.1, PhastCons<1.0	0.053	0.045				34.0		
TRPV6	NM_018646.6	c.1141A>G	Likely_benign FAF >0.1%, REVEL <0.29, SpliceAI<=0.1	0.918	0.083	0.073		0.00292473	5.53	B	Likely_benign
TRPV6	NM_018646.6	c.1132C>G	Benign synonymous, SpliceAI<=0.1, PhastCons<1.0	0.96	1.458	0.113			17.7	B	
TRPV6	NM_018646.6	c.1132C>A	Benign synonymous, SpliceAI<=0.1, PhastCons<1.0	0.96	1.458	0.184		7.90000e-07	21.4	B	
TRPV6	NM_018646.6	c.1129C>G	Benign synonymous, SpliceAI<=0.1, PhastCons<1.0	0.794	0.216	0.187			6.335	B	
TRPV6	NM_018646.6	c.1129C>A	Benign synonymous, SpliceAI<=0.1, PhastCons<1.0	0.794	0.216	0.400			16.16	B	
TRPV6	NM_018646.6	c.1128T>G	Benign synonymous, SpliceAI<=0.1, PhastCons<1.0	0.797	0.354				35.0		
TRPV6	NM_018646.6	c.1128T>A	Benign synonymous, SpliceAI<=0.1, PhastCons<1.0	0.797	0.354				35.0		
TRPV6	NM_018646.6	c.1110C>G	Benign synonymous, SpliceAI<=0.1, PhastCons<1.0	0.0	-0.605	0.413			3.966	B	
TRPV6	NM_018646.6	c.1110C>A	Benign synonymous, SpliceAI<=0.1, PhastCons<1.0	0.0	-0.605				31.0		
TRPV6	NM_018646.6	c.1092C>G	Benign synonymous, SpliceAI<=0.1, PhastCons<1.0	0.692	0.04				26.9		
TRPV6	NM_018646.6	c.1092C>A	Benign synonymous, SpliceAI<=0.1, PhastCons<1.0	0.692	0.04				33.0		
TRPV6	NM_018646.6	c.1087C>T	Benign synonymous, SpliceAI<=0.1, PhastCons<1.0	0.036	1.602	0.157		2.55200e-05	20.2	B	
TRPV6	NM_018646.6	c.1087C>G	Benign synonymous, SpliceAI<=0.1, PhastCons<1.0	0.036	1.602	0.193			16.56	B	
TRPV6	NM_018646.6	c.1086G>T	Benign synonymous, SpliceAI<=0.1, PhastCons<1.0	0.027	0.047	0.030			8.984	B	
TRPV6	NM_018646.6	c.1086G>C	Benign synonymous, SpliceAI<=0.1, PhastCons<1.0	0.027	0.047	0.029			9.1	B	
TRPV6	NM_018646.6	c.1062G>T	Benign synonymous, SpliceAI<=0.1, PhastCons<1.0	0.804	0.007	0.231			18.77	P	
TRPV6	NM_018646.6	c.1062G>C	Benign synonymous, SpliceAI<=0.1, PhastCons<1.0	0.804	0.007	0.231			18.67	P	
TRPV6	NM_018646.6	c.1050G>T	Benign synonymous, SpliceAI<=0.1, PhastCons<1.0	0.994	0.279	0.087			22.4	B	
TRPV6	NM_018646.6	c.1050G>C	Benign synonymous, SpliceAI<=0.1, PhastCons<1.0	0.994	0.279	0.086			22.6	B	
TRPV6	NM_018646.6	c.1047C>G	Benign synonymous, SpliceAI<=0.1, PhastCons<1.0	0.998	0.382	0.334		1.88300e-05	16.61	B	
TRPV6	NM_018646.6	c.1047C>A	Benign synonymous, SpliceAI<=0.1, PhastCons<1.0	0.998	0.382	0.335			16.58	B	
TRPV6	NM_018646.6	c.1038G>T	Benign synonymous, SpliceAI<=0.1, PhastCons<1.0	0.887	0.253	0.129			15.88	B	
TRPV6	NM_018646.6	c.1038G>C	Benign synonymous, SpliceAI<=0.1, PhastCons<1.0	0.887	0.253	0.120			15.71	B	
TRPV6	NM_018646.6	c.1002A>T	Benign synonymous, SpliceAI<=0.1, PhastCons<1.0	0.381	-0.26	0.146			12.21	B	
TRPV6	NM_018646.6	c.1002A>C	Benign synonymous, SpliceAI<=0.1, PhastCons<1.0	0.381	-0.26	0.146			12.62	B	
TRPV6	NM_018646.6	c.997C>G	Benign synonymous, SpliceAI<=0.1, PhastCons<1.0	0.99	1.943	0.408			23.9	B	
TRPV6	NM_018646.6	c.997C>A	Benign synonymous, SpliceAI<=0.1, PhastCons<1.0	0.99	1.943	0.365			24.2	B	
TRPV6	NM_018646.6	c.994C>G	Benign synonymous, SpliceAI<=0.1, PhastCons<1.0	0.097	0.575	0.042			6.803	B	
TRPV6	NM_018646.6	c.994C>A	Benign synonymous, SpliceAI<=0.1, PhastCons<1.0	0.097	0.575	0.141			19.85	B	
TRPV6	NM_018646.6	c.990G>T	Benign synonymous, SpliceAI<=0.1, PhastCons<1.0	0.0	-1.556	0.041			0.997	B	
TRPV6	NM_018646.6	c.990G>C	Benign synonymous, SpliceAI<=0.1, PhastCons<1.0	0.0	-1.556	0.041			1.008	B	
TRPV6	NM_018646.6	c.987G>T	Benign synonymous, SpliceAI<=0.1, PhastCons<1.0	0.282	0.033	0.018			2.98	B	
TRPV6	NM_018646.6	c.987G>C	Benign synonymous, SpliceAI<=0.1, PhastCons<1.0	0.282	0.033	0.018			3.113	B	
TRPV6	NM_018646.6	c.984T>G	Benign synonymous, SpliceAI<=0.1, PhastCons<1.0	0.005	-1.082	0.191			0.003	B	
TRPV6	NM_018646.6	c.984T>A	Benign synonymous, SpliceAI<=0.1, PhastCons<1.0	0.005	-1.082	0.191			0.003	B	
TRPV6	NM_018646.6	c.954T>G	Benign synonymous, SpliceAI<=0.1, PhastCons<1.0	0.0	-1.536				23.0		
TRPV6	NM_018646.6	c.954T>A	Benign synonymous, SpliceAI<=0.1, PhastCons<1.0	0.0	-1.536			1.83000e-06	22.9		
TRPV6	NM_018646.6	c.937C>G	Benign synonymous, SpliceAI<=0.1, PhastCons<1.0	0.011	0.095	0.088			8.263	B	
TRPV6	NM_018646.6	c.937C>A	Benign synonymous, SpliceAI<=0.1, PhastCons<1.0	0.011	0.095	0.167			18.4	B	
TRPV6	NM_018646.6	c.930T>G	Benign synonymous, SpliceAI<=0.1, PhastCons<1.0	0.648	0.03				28.6		
TRPV6	NM_018646.6	c.930T>A	Benign synonymous, SpliceAI<=0.1, PhastCons<1.0	0.648	0.03				26.7		
TRPV6	NM_018646.6	c.926C>T	Likely_benign FAF >0.1%, REVEL <0.29, SpliceAI<=0.1	0.922	2.221	0.178		0.00128176	19.26	B	Uncertain_significance
TRPV6	NM_018646.6	c.915C>G	Benign synonymous, SpliceAI<=0.1, PhastCons<1.0	0.004	-0.032	0.161			13.97	B	
TRPV6	NM_018646.6	c.915C>A	Benign synonymous, SpliceAI<=0.1, PhastCons<1.0	0.004	-0.032	0.161			13.84	B	
TRPV6	NM_018646.6	c.912G>T	Benign synonymous, SpliceAI<=0.1, PhastCons<1.0	0.787	0.068	0.603			23.6	P	
TRPV6	NM_018646.6	c.912G>C	Benign synonymous, SpliceAI<=0.1, PhastCons<1.0	0.787	0.068	0.603			23.7	P	
TRPV6	NM_018646.6	c.907C>T	Benign synonymous, SpliceAI<=0.1, PhastCons<1.0	0.795	0.079	0.439		3.51800e-05	24.3	B	
TRPV6	NM_018646.6	c.907C>G	Benign synonymous, SpliceAI<=0.1, PhastCons<1.0	0.795	0.079	0.478			23.2	B	
TRPV6	NM_018646.6	c.906G>T	Benign synonymous, SpliceAI<=0.1, PhastCons<1.0	0.855	0.856	0.459			23.1	A	
TRPV6	NM_018646.6	c.906G>C	Benign synonymous, SpliceAI<=0.1, PhastCons<1.0	0.855	0.856	0.459			23.0	A	
TRPV6	NM_018646.6	c.891G>T	Benign synonymous, SpliceAI<=0.1, PhastCons<1.0	0.354	-0.194	0.533			16.41	B	
TRPV6	NM_018646.6	c.891G>C	Benign synonymous, SpliceAI<=0.1, PhastCons<1.0	0.354	-0.194	0.533			15.56	B	
TRPV6	NM_018646.6	c.837G>T	Benign synonymous, SpliceAI<=0.1, PhastCons<1.0	0.46	-0.196	0.024			18.42	B	
TRPV6	NM_018646.6	c.837G>C	Benign synonymous, SpliceAI<=0.1, PhastCons<1.0	0.46	-0.196	0.024			18.69	B	
TRPV6	NM_018646.6	c.819C>G	Benign synonymous, SpliceAI<=0.1, PhastCons<1.0	0.075	-0.106	0.118			2.923	B	
TRPV6	NM_018646.6	c.819C>A	Benign synonymous, SpliceAI<=0.1, PhastCons<1.0	0.075	-0.106	0.118			2.899	B	
TRPV6	NM_018646.6	c.810G>T	Benign synonymous, SpliceAI<=0.1, PhastCons<1.0	0.967	0.591	0.152			16.89	B	
TRPV6	NM_018646.6	c.810G>C	Benign synonymous, SpliceAI<=0.1, PhastCons<1.0	0.967	0.591	0.152			17.24	B	
TRPV6	NM_018646.6	c.805C>G	Benign synonymous, SpliceAI<=0.1, PhastCons<1.0	0.891	0.213	0.216		6.80000e-07	16.9	B	
TRPV6	NM_018646.6	c.805C>A	Benign synonymous, SpliceAI<=0.1, PhastCons<1.0	0.891	0.213	0.210			18.89	B	
TRPV6	NM_018646.6	c.804C>G	Benign synonymous, SpliceAI<=0.1, PhastCons<1.0	0.889	0.713	0.134			13.59	B	
TRPV6	NM_018646.6	c.804C>A	Benign synonymous, SpliceAI<=0.1, PhastCons<1.0	0.889	0.713	0.134			13.12	B	
TRPV6	NM_018646.6	c.801C>G	Benign synonymous, SpliceAI<=0.1, PhastCons<1.0	0.997	3.413	0.067			21.0	B	
TRPV6	NM_018646.6	c.801C>A	Benign synonymous, SpliceAI<=0.1, PhastCons<1.0	0.997	3.413	0.067		2.80000e-07	21.0	B	
TRPV6	NM_018646.6	c.795T>G	Benign synonymous, SpliceAI<=0.1, PhastCons<1.0	0.0	-2.178	0.010			0.244	B	
TRPV6	NM_018646.6	c.795T>A	Benign synonymous, SpliceAI<=0.1, PhastCons<1.0	0.0	-2.178	0.010			0.15	B	
TRPV6	NM_018646.6	c.792A>T	Benign synonymous, SpliceAI<=0.1, PhastCons<1.0	0.0	-1.766	0.017			0.539	B	
TRPV6	NM_018646.6	c.792A>C	Benign synonymous, SpliceAI<=0.1, PhastCons<1.0	0.0	-1.766	0.017			0.579	B	
TRPV6	NM_018646.6	c.790A>T	Benign synonymous, SpliceAI<=0.1, PhastCons<1.0	0.0	0.14				31.0		
TRPV6	NM_018646.6	c.790A>G	Benign synonymous, SpliceAI<=0.1, PhastCons<1.0	0.0	0.14	0.031		8.83400e-05	7.964	B	
TRPV6	NM_018646.6	c.789C>G	Benign synonymous, SpliceAI<=0.1, PhastCons<1.0	0.0	-0.584	0.058			0.209	B	
TRPV6	NM_018646.6	c.789C>A	Benign synonymous, SpliceAI<=0.1, PhastCons<1.0	0.0	-0.584	0.057			0.164	B	
TRPV6	NM_018646.6	c.787G>A	Likely_benign FAF >0.1%, REVEL <0.29, SpliceAI<=0.1	1.0	5.009	0.221		0.00132988	23.9	B	Uncertain_significance
TRPV6	NM_018646.6	c.786C>G	Benign synonymous, SpliceAI<=0.1, PhastCons<1.0	0.723	-0.171				33.0		
TRPV6	NM_018646.6	c.786C>A	Benign synonymous, SpliceAI<=0.1, PhastCons<1.0	0.723	-0.171				29.5		
TRPV6	NM_018646.6	c.777G>T	Benign synonymous, SpliceAI<=0.1, PhastCons<1.0	0.243	-0.346	0.545		1.24000e-06	21.3	B	
TRPV6	NM_018646.6	c.777G>C	Benign synonymous, SpliceAI<=0.1, PhastCons<1.0	0.243	-0.346	0.545			19.44	B	
TRPV6	NM_018646.6	c.775T>G	Benign synonymous, SpliceAI<=0.1, PhastCons<1.0	0.972	0.597	0.364			17.02	B	
TRPV6	NM_018646.6	c.775T>A	Benign synonymous, SpliceAI<=0.1, PhastCons<1.0	0.972	0.597	0.581			20.9	B	
TRPV6	NM_018646.6	c.772C>G	Benign synonymous, SpliceAI<=0.1, PhastCons<1.0	0.999	0.494	0.054			13.9	B	
TRPV6	NM_018646.6	c.772C>A	Benign synonymous, SpliceAI<=0.1, PhastCons<1.0	0.999	0.494	0.140			17.54	B	
TRPV6	NM_018646.6	c.753T>G	Benign synonymous, SpliceAI<=0.1, PhastCons<1.0	0.846	0.039	0.295			16.8	P	
TRPV6	NM_018646.6	c.753T>A	Benign synonymous, SpliceAI<=0.1, PhastCons<1.0	0.846	0.039	0.294			16.14	P	
TRPV6	NM_018646.6	c.747A>T	Benign synonymous, SpliceAI<=0.1, PhastCons<1.0	0.999	0.72	0.185		2.80000e-07	22.8	P	
TRPV6	NM_018646.6	c.747A>C	Benign synonymous, SpliceAI<=0.1, PhastCons<1.0	0.999	0.72	0.185			22.6	P	
TRPV6	NM_018646.6	c.720A>T	Benign synonymous, SpliceAI<=0.1, PhastCons<1.0	0.365	-0.233	0.647			23.2	B	
TRPV6	NM_018646.6	c.720A>C	Benign synonymous, SpliceAI<=0.1, PhastCons<1.0	0.365	-0.233	0.647			22.3	B	
TRPV6	NM_018646.6	c.703C>G	Benign synonymous, SpliceAI<=0.1, PhastCons<1.0	0.893	1.065	0.078			15.76	B	
TRPV6	NM_018646.6	c.703C>A	Benign synonymous, SpliceAI<=0.1, PhastCons<1.0	0.893	1.065	0.159			21.0	B	
TRPV6	NM_018646.6	c.675T>G	Benign synonymous, SpliceAI<=0.1, PhastCons<1.0	0.0	-1.86	0.117			1.815	B	
TRPV6	NM_018646.6	c.675T>A	Benign synonymous, SpliceAI<=0.1, PhastCons<1.0	0.0	-1.86	0.117		6.15000e-06	0.793	B	
TRPV6	NM_018646.6	c.672G>T	Benign synonymous, SpliceAI<=0.1, PhastCons<1.0	0.568	-0.201	0.047			4.25	B	
TRPV6	NM_018646.6	c.672G>C	Benign synonymous, SpliceAI<=0.1, PhastCons<1.0	0.568	-0.201	0.048			4.388	B	
TRPV6	NM_018646.6	c.661C>G	Benign synonymous, SpliceAI<=0.1, PhastCons<1.0	0.905	1.368	0.316			22.0	B	
TRPV6	NM_018646.6	c.661C>A	Benign synonymous, SpliceAI<=0.1, PhastCons<1.0	0.905	1.368	0.307			20.5	B	
TRPV6	NM_018646.6	c.658C>T	Benign synonymous, SpliceAI<=0.1, PhastCons<1.0	0.001	-0.38	0.304		7.07700e-05	18.85	B	Uncertain_significance
TRPV6	NM_018646.6	c.658C>G	Benign synonymous, SpliceAI<=0.1, PhastCons<1.0	0.001	-0.38	0.197		2.80000e-07	16.26	B	
TRPV6	NM_018646.6	c.645T>G	Benign synonymous, SpliceAI<=0.1, PhastCons<1.0	0.098	-0.101	0.357			0.127	P	
TRPV6	NM_018646.6	c.645T>A	Benign synonymous, SpliceAI<=0.1, PhastCons<1.0	0.098	-0.101	0.357			0.06	P	
TRPV6	NM_018646.6	c.642C>G	Benign synonymous, SpliceAI<=0.1, PhastCons<1.0	0.988	0.176	0.080			17.71	A	
TRPV6	NM_018646.6	c.642C>A	Benign synonymous, SpliceAI<=0.1, PhastCons<1.0	0.988	0.176	0.079			17.65	A	
TRPV6	NM_018646.6	c.636T>G	Benign synonymous, SpliceAI<=0.1, PhastCons<1.0	0.48	0.225	0.462			20.2	P	
TRPV6	NM_018646.6	c.636T>A	Benign synonymous, SpliceAI<=0.1, PhastCons<1.0	0.48	0.225				29.1		
TRPV6	NM_018646.6	c.606T>G	Benign synonymous, SpliceAI<=0.1, PhastCons<1.0	0.973	0.206	0.079			17.66	P	
TRPV6	NM_018646.6	c.606T>A	Benign synonymous, SpliceAI<=0.1, PhastCons<1.0	0.973	0.206	0.079			17.74	P	
TRPV6	NM_018646.6	c.594C>G	Benign synonymous, SpliceAI<=0.1, PhastCons<1.0	0.998	0.344	0.052			16.58	A	
TRPV6	NM_018646.6	c.594C>A	Benign synonymous, SpliceAI<=0.1, PhastCons<1.0	0.998	0.344	0.052			16.71	A	
TRPV6	NM_018646.6	c.591C>G	Benign synonymous, SpliceAI<=0.1, PhastCons<1.0	0.002	-0.085	0.039			14.17	B	
TRPV6	NM_018646.6	c.591C>A	Benign synonymous, SpliceAI<=0.1, PhastCons<1.0	0.002	-0.085				33.0		
TRPV6	NM_018646.6	c.589T>C	Benign FAF >5%	0.0	0.42	0.049		0.515657	6.78	B	Benign
TRPV6	NM_018646.6	c.585T>G	Benign synonymous, SpliceAI<=0.1, PhastCons<1.0	0.0	-0.558	0.107			0.803	B	
TRPV6	NM_018646.6	c.585T>A	Benign synonymous, SpliceAI<=0.1, PhastCons<1.0	0.0	-0.558	0.107			0.875	B	
TRPV6	NM_018646.6	c.558A>T	Benign synonymous, SpliceAI<=0.1, PhastCons<1.0	0.443	0.08	0.494			21.5	P	
TRPV6	NM_018646.6	c.558A>C	Benign synonymous, SpliceAI<=0.1, PhastCons<1.0	0.443	0.08	0.494			21.4	P	
TRPV6	NM_018646.6	c.556A>T	Benign synonymous, SpliceAI<=0.1, PhastCons<1.0	0.403	1.16				37.0		
TRPV6	NM_018646.6	c.556A>G	Benign synonymous, SpliceAI<=0.1, PhastCons<1.0	0.403	1.16	0.569			24.9	A	
TRPV6	NM_018646.6	c.546T>G	Benign synonymous, SpliceAI<=0.1, PhastCons<1.0	0.899	-0.073	0.171			18.12	A	
TRPV6	NM_018646.6	c.546T>A	Benign synonymous, SpliceAI<=0.1, PhastCons<1.0	0.899	-0.073	0.171			17.58	A	
TRPV6	NM_018646.6	c.540G>T	Benign synonymous, SpliceAI<=0.1, PhastCons<1.0	0.056	-0.746	0.089			19.33	B	
TRPV6	NM_018646.6	c.540G>C	Benign synonymous, SpliceAI<=0.1, PhastCons<1.0	0.056	-0.746	0.089			19.39	B	
TRPV6	NM_018646.6	c.538A>T	Benign synonymous, SpliceAI<=0.1, PhastCons<1.0	0.999	4.672	0.225			23.9	B	
TRPV6	NM_018646.6	c.538A>G	Benign synonymous, SpliceAI<=0.1, PhastCons<1.0	0.999	4.672	0.092			13.86	B	
TRPV6	NM_018646.6	c.535C>T	Likely_benign FAF >0.1%, REVEL <0.29, SpliceAI<=0.1	0.006	1.651	0.119		0.00183249	19.2	B	Likely_benign
TRPV6	NM_018646.6	c.526C>G	Benign synonymous, SpliceAI<=0.1, PhastCons<1.0	0.624	0.862	0.731			23.1	B	
TRPV6	NM_018646.6	c.526C>A	Benign synonymous, SpliceAI<=0.1, PhastCons<1.0	0.624	0.862	0.637			23.2	B	
TRPV6	NM_018646.6	c.520C>T	Benign synonymous, SpliceAI<=0.1, PhastCons<1.0	0.0	0.205			8.75000e-06	35.0		Pathogenic
TRPV6	NM_018646.6	c.520C>G	Benign synonymous, SpliceAI<=0.1, PhastCons<1.0	0.0	0.205	0.104			18.36	B	
TRPV6	NM_018646.6	c.514C>G	Benign synonymous, SpliceAI<=0.1, PhastCons<1.0	0.511	0.064	0.243		6.80000e-07	17.11	B	
TRPV6	NM_018646.6	c.514C>A	Benign synonymous, SpliceAI<=0.1, PhastCons<1.0	0.511	0.064	0.339		3.74800e-05	19.73	B	
TRPV6	NM_018646.6	c.513C>G	Benign synonymous, SpliceAI<=0.1, PhastCons<1.0	0.546	0.448	0.088			19.23	B	Uncertain_significance
TRPV6	NM_018646.6	c.513C>A	Benign synonymous, SpliceAI<=0.1, PhastCons<1.0	0.546	0.448	0.088			19.12	B	
TRPV6	NM_018646.6	c.333G>T	Benign synonymous, SpliceAI<=0.1, PhastCons<1.0	0.497	-0.09	0.045			6.429	B	
TRPV6	NM_018646.6	c.333G>C	Benign synonymous, SpliceAI<=0.1, PhastCons<1.0	0.497	-0.09	0.045			5.056	B	
TRPV6	NM_018646.6	c.330C>G	Benign synonymous, SpliceAI<=0.1, PhastCons<1.0	0.115	-0.315	0.274			13.06	B	
TRPV6	NM_018646.6	c.330C>A	Benign synonymous, SpliceAI<=0.1, PhastCons<1.0	0.115	-0.315				25.1		
TRPV6	NM_018646.6	c.327T>G	Benign synonymous, SpliceAI<=0.1, PhastCons<1.0	0.954	0.248	0.046			12.1	B	
TRPV6	NM_018646.6	c.327T>A	Benign synonymous, SpliceAI<=0.1, PhastCons<1.0	0.954	0.248	0.046			12.04	B	
TRPV6	NM_018646.6	c.324G>T	Benign synonymous, SpliceAI<=0.1, PhastCons<1.0	0.0	-2.389	0.045		0.000442750	0.074	B	Uncertain_significance
TRPV6	NM_018646.6	c.324G>C	Benign synonymous, SpliceAI<=0.1, PhastCons<1.0	0.0	-2.389	0.046			0.059	B	
TRPV6	NM_018646.6	c.321T>G	Benign synonymous, SpliceAI<=0.1, PhastCons<1.0	0.0	-0.158				24.9		
TRPV6	NM_018646.6	c.321T>A	Benign synonymous, SpliceAI<=0.1, PhastCons<1.0	0.0	-0.158				25.1		
TRPV6	NM_018646.6	c.318G>T	Benign synonymous, SpliceAI<=0.1, PhastCons<1.0	0.0	-0.151	0.025			10.9	B	
TRPV6	NM_018646.6	c.318G>C	Benign synonymous, SpliceAI<=0.1, PhastCons<1.0	0.0	-0.151	0.025			9.484	B	
TRPV6	NM_018646.6	c.312G>T	Benign synonymous, SpliceAI<=0.1, PhastCons<1.0	0.516	-0.375	0.595			15.92	B	
TRPV6	NM_018646.6	c.312G>C	Benign synonymous, SpliceAI<=0.1, PhastCons<1.0	0.516	-0.375	0.595			16.17	B	
TRPV6	NM_018646.6	c.309G>T	Benign synonymous, SpliceAI<=0.1, PhastCons<1.0	0.998	0.489	0.188			17.25	B	
TRPV6	NM_018646.6	c.309G>C	Benign synonymous, SpliceAI<=0.1, PhastCons<1.0	0.998	0.489	0.188			16.72	B	
TRPV6	NM_018646.6	c.306C>G	Benign synonymous, SpliceAI<=0.1, PhastCons<1.0	0.808	1.237	0.054			8.227	B	
TRPV6	NM_018646.6	c.306C>A	Benign synonymous, SpliceAI<=0.1, PhastCons<1.0	0.808	1.237	0.054			6.993	B	
TRPV6	NM_018646.6	c.301C>G	Benign synonymous, SpliceAI<=0.1, PhastCons<1.0	0.965	1.716	0.081			18.73	B	
TRPV6	NM_018646.6	c.301C>A	Benign synonymous, SpliceAI<=0.1, PhastCons<1.0	0.965	1.716	0.249			19.19	B	
TRPV6	NM_018646.6	c.297G>T	Benign synonymous, SpliceAI<=0.1, PhastCons<1.0	0.0	-0.178	0.086			11.05	B	
TRPV6	NM_018646.6	c.297G>C	Benign synonymous, SpliceAI<=0.1, PhastCons<1.0	0.0	-0.178	0.086			12.18	B	
TRPV6	NM_018646.6	c.291T>G	Benign synonymous, SpliceAI<=0.1, PhastCons<1.0	0.0	0.034	0.084			11.17	A	
TRPV6	NM_018646.6	c.291T>A	Benign synonymous, SpliceAI<=0.1, PhastCons<1.0	0.0	0.034	0.084			11.86	A	
TRPV6	NM_018646.6	c.288T>G	Benign synonymous, SpliceAI<=0.1, PhastCons<1.0	0.004	-0.423	0.241			14.0	P	
TRPV6	NM_018646.6	c.288T>A	Benign synonymous, SpliceAI<=0.1, PhastCons<1.0	0.004	-0.423	0.242			13.87	P	
TRPV6	NM_018646.6	c.285T>G	Benign synonymous, SpliceAI<=0.1, PhastCons<1.0	0.002	-1.858	0.133			8.197	B	
TRPV6	NM_018646.6	c.285T>A	Benign synonymous, SpliceAI<=0.1, PhastCons<1.0	0.002	-1.858	0.133			8.401	B	
TRPV6	NM_018646.6	c.282A>T	Benign synonymous, SpliceAI<=0.1, PhastCons<1.0	0.997	0.228	0.207			22.8	P	
TRPV6	NM_018646.6	c.282A>C	Benign synonymous, SpliceAI<=0.1, PhastCons<1.0	0.997	0.228	0.207			22.6	P	
TRPV6	NM_018646.6	c.271C>G	Benign synonymous, SpliceAI<=0.1, PhastCons<1.0	0.803	3.14	0.041			19.08	B	
TRPV6	NM_018646.6	c.271C>A	Benign synonymous, SpliceAI<=0.1, PhastCons<1.0	0.803	3.14	0.050			19.71	B	
TRPV6	NM_018646.6	c.258G>T	Benign synonymous, SpliceAI<=0.1, PhastCons<1.0	0.995	0.348	0.122			23.2	B	
TRPV6	NM_018646.6	c.258G>C	Benign synonymous, SpliceAI<=0.1, PhastCons<1.0	0.995	0.348	0.122			22.9	B	
TRPV6	NM_018646.6	c.249G>T	Benign synonymous, SpliceAI<=0.1, PhastCons<1.0	0.907	-0.073	0.062			25.6	A	
TRPV6	NM_018646.6	c.249G>C	Benign synonymous, SpliceAI<=0.1, PhastCons<1.0	0.907	-0.073	0.062			23.9	A	
TRPV6	NM_018646.6	c.228G>T	Benign synonymous, SpliceAI<=0.1, PhastCons<1.0	0.997	0.896	0.055			18.56	B	
TRPV6	NM_018646.6	c.228G>C	Benign synonymous, SpliceAI<=0.1, PhastCons<1.0	0.997	0.896	0.055			18.45	B	
TRPV6	NM_018646.6	c.225G>T	Benign synonymous, SpliceAI<=0.1, PhastCons<1.0	0.999	0.567	0.071			18.82	B	
TRPV6	NM_018646.6	c.225G>C	Benign synonymous, SpliceAI<=0.1, PhastCons<1.0	0.999	0.567	0.071			18.81	B	
TRPV6	NM_018646.6	c.222T>G	Benign synonymous, SpliceAI<=0.1, PhastCons<1.0	0.998	0.23	0.085			14.51	B	
TRPV6	NM_018646.6	c.222T>A	Benign synonymous, SpliceAI<=0.1, PhastCons<1.0	0.998	0.23	0.085			14.44	B	
TRPV6	NM_018646.6	c.213G>T	Benign synonymous, SpliceAI<=0.1, PhastCons<1.0	0.998	0.264	0.248			19.69	B	
TRPV6	NM_018646.6	c.213G>C	Benign synonymous, SpliceAI<=0.1, PhastCons<1.0	0.998	0.264	0.248			19.62	B	
TRPV6	NM_018646.6	c.201G>T	Benign synonymous, SpliceAI<=0.1, PhastCons<1.0	0.81	0.667	0.117			14.21	B	
TRPV6	NM_018646.6	c.201G>C	Benign synonymous, SpliceAI<=0.1, PhastCons<1.0	0.81	0.667	0.117			14.26	B	
TRPV6	NM_018646.6	c.196C>T	Benign synonymous, SpliceAI<=0.1, PhastCons<1.0	0.961	2.236	0.294		2.97800e-05	28.0	B	
TRPV6	NM_018646.6	c.196C>G	Benign synonymous, SpliceAI<=0.1, PhastCons<1.0	0.961	2.236	0.155			23.2	B	
TRPV6	NM_018646.6	c.195A>T	Benign synonymous, SpliceAI<=0.1, PhastCons<1.0	0.972	0.377	0.209			17.2	B	
TRPV6	NM_018646.6	c.195A>C	Benign synonymous, SpliceAI<=0.1, PhastCons<1.0	0.972	0.377	0.209			17.15	B	
TRPV6	NM_018646.6	c.193A>T	Benign synonymous, SpliceAI<=0.1, PhastCons<1.0	0.999	0.954				36.0		
TRPV6	NM_018646.6	c.193A>G	Benign synonymous, SpliceAI<=0.1, PhastCons<1.0	0.999	0.954	0.161			18.85	B	
TRPV6	NM_018646.6	c.189C>G	Benign synonymous, SpliceAI<=0.1, PhastCons<1.0	0.999	0.317	0.137			13.17	A	
TRPV6	NM_018646.6	c.189C>A	Benign synonymous, SpliceAI<=0.1, PhastCons<1.0	0.999	0.317	0.138			13.23	A	
TRPV6	NM_018646.6	c.183A>T	Benign synonymous, SpliceAI<=0.1, PhastCons<1.0	0.0	-1.105	0.293			9.199	B	
TRPV6	NM_018646.6	c.183A>C	Benign synonymous, SpliceAI<=0.1, PhastCons<1.0	0.0	-1.105	0.293			8.939	B	
TRPV6	NM_018646.6	c.181A>T	Benign synonymous, SpliceAI<=0.1, PhastCons<1.0	0.011	0.171				34.0		
TRPV6	NM_018646.6	c.181A>G	Benign synonymous, SpliceAI<=0.1, PhastCons<1.0	0.011	0.171	0.347			15.08	B	
TRPV6	NM_018646.6	c.180C>G	Benign synonymous, SpliceAI<=0.1, PhastCons<1.0	0.064	0.082	0.404			15.75	B	
TRPV6	NM_018646.6	c.180C>A	Benign synonymous, SpliceAI<=0.1, PhastCons<1.0	0.064	0.082				31.0		
TRPV6	NM_018646.6	c.177C>G	Benign synonymous, SpliceAI<=0.1, PhastCons<1.0	0.948	0.558	0.150			14.34	B	
TRPV6	NM_018646.6	c.177C>A	Benign synonymous, SpliceAI<=0.1, PhastCons<1.0	0.948	0.558	0.150			14.31	B	
TRPV6	NM_018646.6	c.151C>G	Benign synonymous, SpliceAI<=0.1, PhastCons<1.0	0.973	1.16	0.111			14.48	B	
TRPV6	NM_018646.6	c.151C>A	Benign synonymous, SpliceAI<=0.1, PhastCons<1.0	0.973	1.16	0.083			15.21	B	
TRPV6	NM_018646.6	c.147A>T	Benign synonymous, SpliceAI<=0.1, PhastCons<1.0	0.004	-1.277	0.275			12.64	B	
TRPV6	NM_018646.6	c.147A>C	Benign synonymous, SpliceAI<=0.1, PhastCons<1.0	0.004	-1.277	0.275			12.72	B	
TRPV6	NM_018646.6	c.144G>T	Benign synonymous, SpliceAI<=0.1, PhastCons<1.0	0.161	0.02	0.154			13.97	B	
TRPV6	NM_018646.6	c.144G>C	Benign synonymous, SpliceAI<=0.1, PhastCons<1.0	0.161	0.02	0.154			14.01	B	
TRPV6	NM_018646.6	c.141G>T	Benign synonymous, SpliceAI<=0.1, PhastCons<1.0	0.967	2.443	0.267			22.2	B	
TRPV6	NM_018646.6	c.141G>C	Benign synonymous, SpliceAI<=0.1, PhastCons<1.0	0.967	2.443	0.266			22.1	B	
TRPV6	NM_018646.6	c.133C>G	Benign synonymous, SpliceAI<=0.1, PhastCons<1.0	0.311	0.377	0.068			13.97	B	
TRPV6	NM_018646.6	c.133C>A	Benign synonymous, SpliceAI<=0.1, PhastCons<1.0	0.311	0.377	0.052			15.25	B	
TRPV6	NM_018646.6	c.129G>T	Benign synonymous, SpliceAI<=0.1, PhastCons<1.0	0.007	0.196	0.121			12.21	B	
TRPV6	NM_018646.6	c.129G>C	Benign synonymous, SpliceAI<=0.1, PhastCons<1.0	0.007	0.196	0.121			12.26	B	
TRPV6	NM_018646.6	c.127T>G	Benign synonymous, SpliceAI<=0.1, PhastCons<1.0	0.041	0.137	0.178			11.81	B	
TRPV6	NM_018646.6	c.127T>A	Benign synonymous, SpliceAI<=0.1, PhastCons<1.0	0.041	0.137	0.165			16.77	B	
TRPV6	NM_018646.6	c.117C>G	Benign synonymous, SpliceAI<=0.1, PhastCons<1.0	0.34	0.714				14.3	B	
TRPV6	NM_018646.6	c.117C>A	Benign synonymous, SpliceAI<=0.1, PhastCons<1.0	0.34	0.714				14.4	B	
TRPV6	NM_018646.6	c.112C>G	Benign synonymous, SpliceAI<=0.1, PhastCons<1.0	0.543	0.663				15.56	B	
TRPV6	NM_018646.6	c.112C>A	Benign synonymous, SpliceAI<=0.1, PhastCons<1.0	0.543	0.663				15.95	B	
TRPV6	NM_018646.6	c.105G>T	Benign synonymous, SpliceAI<=0.1, PhastCons<1.0	0.775	0.295				14.9	B	
TRPV6	NM_018646.6	c.105G>C	Benign synonymous, SpliceAI<=0.1, PhastCons<1.0	0.775	0.295				15.11	B	
TRPV6	NM_018646.6	c.102G>T	Benign synonymous, SpliceAI<=0.1, PhastCons<1.0	0.951	0.214				18.59	B	
TRPV6	NM_018646.6	c.102G>C	Benign synonymous, SpliceAI<=0.1, PhastCons<1.0	0.951	0.214				18.56	B	
TRPV6	NM_018646.6	c.93G>T	Benign synonymous, SpliceAI<=0.1, PhastCons<1.0	0.994	0.992				20.3	B	
TRPV6	NM_018646.6	c.93G>C	Benign synonymous, SpliceAI<=0.1, PhastCons<1.0	0.994	0.992				20.3	B	
TRPV6	NM_018646.6	c.85C>T	Benign synonymous, SpliceAI<=0.1, PhastCons<1.0	0.016	-2.353			2.96000e-06	7.247	B	Uncertain_significance
TRPV6	NM_018646.6	c.85C>G	Benign synonymous, SpliceAI<=0.1, PhastCons<1.0	0.016	-2.353				0.908	B	
TRPV6	NM_018646.6	c.75G>T	Benign synonymous, SpliceAI<=0.1, PhastCons<1.0	0.6	0.899				18.33	B	
TRPV6	NM_018646.6	c.75G>C	Benign synonymous, SpliceAI<=0.1, PhastCons<1.0	0.6	0.899			7.00000e-07	18.69	B	
TRPV6	NM_018646.6	c.73A>T	Benign synonymous, SpliceAI<=0.1, PhastCons<1.0	0.0	-1.604				15.04	B	
TRPV6	NM_018646.6	c.73A>G	Benign synonymous, SpliceAI<=0.1, PhastCons<1.0	0.0	-1.604				3.246	B	
TRPV6	NM_018646.6	c.66T>G	Benign synonymous, SpliceAI<=0.1, PhastCons<1.0	0.989	1.066				19.55	B	
TRPV6	NM_018646.6	c.66T>A	Benign synonymous, SpliceAI<=0.1, PhastCons<1.0	0.989	1.066				19.33	B	
TRPV6	NM_018646.6	c.61C>G	Benign synonymous, SpliceAI<=0.1, PhastCons<1.0	0.999	1.642				18.08	B	
TRPV6	NM_018646.6	c.61C>A	Benign synonymous, SpliceAI<=0.1, PhastCons<1.0	0.999	1.642				21.2	B	
TRPV6	NM_018646.6	c.60G>T	Benign synonymous, SpliceAI<=0.1, PhastCons<1.0	0.992	0.312				20.8	B	
TRPV6	NM_018646.6	c.60G>C	Benign synonymous, SpliceAI<=0.1, PhastCons<1.0	0.992	0.312				20.9	B	
TRPV6	NM_018646.6	c.58A>T	Benign synonymous, SpliceAI<=0.1, PhastCons<1.0	0.957	-0.288				22.1	B	
TRPV6	NM_018646.6	c.58A>G	Benign synonymous, SpliceAI<=0.1, PhastCons<1.0	0.957	-0.288			4.62000e-06	18.28	B	
TRPV6	NM_018646.6	c.48T>G	Benign synonymous, SpliceAI<=0.1, PhastCons<1.0	0.998	2.75				16.29	B	
TRPV6	NM_018646.6	c.48T>A	Benign synonymous, SpliceAI<=0.1, PhastCons<1.0	0.998	2.75				16.28	B	
TRPV6	NM_018646.6	c.21C>G	Benign synonymous, SpliceAI<=0.1, PhastCons<1.0	0.0	-0.201				0.077	B	
TRPV6	NM_018646.6	c.21C>A	Benign synonymous, SpliceAI<=0.1, PhastCons<1.0	0.0	-0.201			3.00000e-07	0.196	B	
TRPV6	NM_018646.6	c.15G>T	Benign synonymous, SpliceAI<=0.1, PhastCons<1.0	0.01	0.981				18.66	B	
TRPV6	NM_018646.6	c.15G>C	Benign synonymous, SpliceAI<=0.1, PhastCons<1.0	0.01	0.981				18.7	B	
TRPV6	NM_018646.6	c.10C>G	Benign synonymous, SpliceAI<=0.1, PhastCons<1.0	0.998	2.292				21.6	B	
TRPV6	NM_018646.6	c.10C>A	Benign synonymous, SpliceAI<=0.1, PhastCons<1.0	0.998	2.292				22.0	B	
TSC1	NM_000368.5	c.1760A>G	Benign FAF >5%	1.0	4.503	.;0.249;.;.;.;.;.;.;.;.;.;.;.;.;.;.;.;.;.;.		0.151872	18.79	.;.;.;.;.;.;.;.;LB;.;LB;.;B;.;.;.;LB;.;LB;LB	Benign
TSC1	NM_000368.5	c.1335A>G	Benign FAF >5%	1.0	0.929			0.211906	13.21		Benign
TSC1	NM_000368.5	c.1056T>G	Benign synonymous, SpliceAI<=0.1, PhastCons<1.0	0.51	0.263				6.243	LB	
TSC1	NM_000368.5	c.1056T>A	Benign synonymous, SpliceAI<=0.1, PhastCons<1.0	0.51	0.263				12.59	LB	
TSC1	NM_000368.5	c.1038T>G	Benign synonymous, SpliceAI<=0.1, PhastCons<1.0	0.232	-0.426				2.511	LB	
TSC1	NM_000368.5	c.1038T>A	Benign synonymous, SpliceAI<=0.1, PhastCons<1.0	0.232	-0.426				2.241	LB	
TSC1	NM_000368.5	c.965T>C	Benign FAF >5%	0.541	1.442	.;0.262;.;.;.;.;.;.;.;.;.;.;.;.;.;.;.;.;.;.;.;.;.;.;.;.;.;.;0.262		0.212000	16.02	.;.;.;LB;LB;.;LB;.;LB;.;LB;.;B;.;.;.;LB;.;LB;LB;.;.;.;.;LB;LB;LB;.;LB	Benign
TSC2	NM_000548.5	c.-28G>C	Benign synonymous, SpliceAI<=0.1, PhastCons<1.0	0.976	1.212			5.53000e-06	7.406	LB	
TSC2	NM_000548.5	c.-28G>T	Benign synonymous, SpliceAI<=0.1, PhastCons<1.0	0.976	1.212				7.038	LB	
TSC2	NM_000548.5	c.-22T>A	Benign synonymous, SpliceAI<=0.1, PhastCons<1.0	0.0	0.983				8.706	A	
TSC2	NM_000548.5	c.-22T>G	Benign synonymous, SpliceAI<=0.1, PhastCons<1.0	0.0	0.983				8.758	A	
UBE2T	NM_014176.4	c.468+6A>T	Benign synonymous, SpliceAI<=0.1, PhastCons<1.0, PhyloP<0.1, intronic_ROI(+6)	0.0	-0.746				6.158		
UBE2T	NM_014176.4	c.468+6A>C	Benign synonymous, SpliceAI<=0.1, PhastCons<1.0, PhyloP<0.1, intronic_ROI(+6)	0.0	-0.746			2.27500e-05	4.892		
UBE2T	NM_014176.4	c.468+5A>T	Benign synonymous, SpliceAI<=0.1, PhastCons<1.0, PhyloP<0.1, intronic_ROI(+5)	0.0	-0.317				14.86		
UBE2T	NM_014176.4	c.468+5A>C	Benign synonymous, SpliceAI<=0.1, PhastCons<1.0, PhyloP<0.1, intronic_ROI(+5)	0.0	-0.317				14.6		
UBE2T	NM_014176.4	c.117A>T	Benign synonymous, SpliceAI<=0.1, PhastCons<1.0	0.928	-0.104				18.72		
UBE2T	NM_014176.4	c.117A>G	Benign synonymous, SpliceAI<=0.1, PhastCons<1.0	0.928	-0.104				13.91		
UBE2T	NM_014176.4	c.117A>C	Benign synonymous, SpliceAI<=0.1, PhastCons<1.0	0.928	-0.104				17.63		
VHL	NM_000551.3	c.38T>A	Benign synonymous, SpliceAI<=0.1, PhastCons<1.0	0.0	-2.104				0.267		Uncertain_significance
VHL	NM_000551.3	c.38T>C	Benign synonymous, SpliceAI<=0.1, PhastCons<1.0	0.0	-2.104				0.015		Conflicting_classifications_of_pathogenicity
VHL	NM_000551.3	c.38T>G	Benign synonymous, SpliceAI<=0.1, PhastCons<1.0	0.0	-2.104			9.89000e-06	2.146		Uncertain_significance
VHL	NM_000551.3	c.464-1004C>T	Benign FAF >5%	0.406	0.177			0.774532	8.106		
WRN	NM_000553.6	c.340G>A	Benign FAF >5%	0.057	0.036	.;.;.;.;.;.;0.096;.;.		0.124060	9.775	.;.;.;.;.;.;B;.;.	Benign/Likely_benign
WRN	NM_000553.6	c.1161G>A	Benign FAF >5%	0.03	0.111	.;.;.;.;.;.;0.076;.;.;.		0.135492	6.061	.;.;.;.;.;.;B;.;.;LB	Benign
WRN	NM_000553.6	c.2089-10C>A	Benign synonymous, SpliceAI<=0.1, PhastCons<1.0, PhyloP<0.1, intronic_ROI(-10)	0.0	-0.585				2.985		
WRN	NM_000553.6	c.2089-10C>G	Benign synonymous, SpliceAI<=0.1, PhastCons<1.0, PhyloP<0.1, intronic_ROI(-10)	0.0	-0.585				0.981		
WRN	NM_000553.6	c.2826A>C	Benign synonymous, SpliceAI<=0.1, PhastCons<1.0	0.223	0.16				12.95		
WRN	NM_000553.6	c.2826A>T	Benign synonymous, SpliceAI<=0.1, PhastCons<1.0	0.223	0.16				13.89		
WRN	NM_000553.6	c.3222G>T	Benign FAF >5%	0.0	0.235	.;.;.;.;.;.;0.023;.;.		0.601087	1.691	.;.;.;.;.;.;B;.;.	Benign/Likely_benign
WRN	NM_000553.6	c.3822G>A	Benign synonymous, SpliceAI<=0.1, PhastCons<1.0	0.0	-0.482				0.207		
WRN	NM_000553.6	c.3822G>C	Benign synonymous, SpliceAI<=0.1, PhastCons<1.0	0.0	-0.482				18.44		Uncertain_significance
WRN	NM_000553.6	c.3822G>T	Benign synonymous, SpliceAI<=0.1, PhastCons<1.0	0.0	-0.482				16.61		
WRN	NM_000553.6	c.4099T>C	Benign FAF >5%	0.122	0.253	.;.;.;.;.;.;0.070;.;.		0.274986	13.25	.;.;.;.;.;.;B;.;.	Benign/Likely_benign
WRN	NM_000553.6	c.4175T>A	Benign synonymous, SpliceAI<=0.1, PhastCons<1.0	0.0	-0.505				9.556		
WRN	NM_000553.6	c.4175T>C	Benign synonymous, SpliceAI<=0.1, PhastCons<1.0	0.0	-0.505				6.943		Uncertain_significance
WRN	NM_000553.6	c.4175T>G	Benign synonymous, SpliceAI<=0.1, PhastCons<1.0	0.0	-0.505				10.03		
XPA	NM_000380.3	c.552A>T	Benign synonymous, SpliceAI<=0.1, PhastCons<1.0	0.021	-0.473	0.257			18.42	B	
XPA	NM_000380.3	c.552A>C	Benign synonymous, SpliceAI<=0.1, PhastCons<1.0	0.021	-0.473	0.257			18.65	B	
XPA	NM_000380.3	c.550T>G	Benign synonymous, SpliceAI<=0.1, PhastCons<1.0	0.002	-0.196	0.273			21.4	B	
XPA	NM_000380.3	c.550T>A	Benign synonymous, SpliceAI<=0.1, PhastCons<1.0	0.002	-0.196	0.101			11.44	B	
XPA	NM_000380.3	c.549G>T	Benign synonymous, SpliceAI<=0.1, PhastCons<1.0	0.023	0.221	0.099			21.3	P	
XPA	NM_000380.3	c.549G>C	Benign synonymous, SpliceAI<=0.1, PhastCons<1.0	0.023	0.221	0.099			21.1	P	
XPA	NM_000380.3	c.537A>T	Benign synonymous, SpliceAI<=0.1, PhastCons<1.0	0.901	-0.033	0.486			22.0	P	
XPA	NM_000380.3	c.537A>C	Benign synonymous, SpliceAI<=0.1, PhastCons<1.0	0.901	-0.033	0.486			21.8	P	
XPA	NM_000380.3	c.522A>T	Benign synonymous, SpliceAI<=0.1, PhastCons<1.0	0.112	-0.677	0.097			10.66	B	
XPA	NM_000380.3	c.522A>C	Benign synonymous, SpliceAI<=0.1, PhastCons<1.0	0.112	-0.677	0.097			10.37	B	
XPA	NM_000380.3	c.497T>C	Likely_benign FAF >0.1%, REVEL <0.29, SpliceAI<=0.1	1.0	8.891	0.149		0.00932257	25.0	B	Benign
XPA	NM_000380.3	c.492T>G	Benign synonymous, SpliceAI<=0.1, PhastCons<1.0	0.998	0.509	0.340		6.80000e-07	21.5	P	
XPA	NM_000380.3	c.492T>A	Benign synonymous, SpliceAI<=0.1, PhastCons<1.0	0.998	0.509	0.340			20.9	P	
XPA	NM_000380.3	c.489A>T	Benign synonymous, SpliceAI<=0.1, PhastCons<1.0	0.995	0.287	0.262			18.68	P	
XPA	NM_000380.3	c.489A>C	Benign synonymous, SpliceAI<=0.1, PhastCons<1.0	0.995	0.287	0.262			19.25	P	
XPA	NM_000380.3	c.463T>G	Benign synonymous, SpliceAI<=0.1, PhastCons<1.0	0.998	1.489	0.596			19.89	B	
XPA	NM_000380.3	c.463T>A	Benign synonymous, SpliceAI<=0.1, PhastCons<1.0	0.998	1.489	0.406			19.84	B	
XPA	NM_000380.3	c.462T>G	Benign synonymous, SpliceAI<=0.1, PhastCons<1.0	0.993	0.476	0.349			22.0	P	
XPA	NM_000380.3	c.462T>A	Benign synonymous, SpliceAI<=0.1, PhastCons<1.0	0.993	0.476	0.349			18.73	P	
XPA	NM_000380.3	c.441A>T	Benign synonymous, SpliceAI<=0.1, PhastCons<1.0	0.983	0.165	0.077			20.4	B	
XPA	NM_000380.3	c.441A>C	Benign synonymous, SpliceAI<=0.1, PhastCons<1.0	0.983	0.165	0.077		5.30200e-05	20.5	B	Uncertain_significance
XPA	NM_000380.3	c.405A>T	Benign synonymous, SpliceAI<=0.1, PhastCons<1.0	0.993	0.307	0.367			22.1	P	
XPA	NM_000380.3	c.405A>C	Benign synonymous, SpliceAI<=0.1, PhastCons<1.0	0.993	0.307	0.367			22.1	P	
XPA	NM_000380.3	c.402T>G	Benign synonymous, SpliceAI<=0.1, PhastCons<1.0	0.636	0.029	0.071			12.58	B	
XPA	NM_000380.3	c.402T>A	Benign synonymous, SpliceAI<=0.1, PhastCons<1.0	0.636	0.029	0.071			12.46	B	
XPA	NM_000380.3	c.399T>G	Benign synonymous, SpliceAI<=0.1, PhastCons<1.0	0.998	0.654	0.173		2.80000e-07	13.55	B	
XPA	NM_000380.3	c.399T>A	Benign synonymous, SpliceAI<=0.1, PhastCons<1.0	0.998	0.654	0.173			13.64	B	
XPA	NM_000380.3	c.384C>G	Benign synonymous, SpliceAI<=0.1, PhastCons<1.0	0.997	0.419	0.162			16.91	B	
XPA	NM_000380.3	c.384C>A	Benign synonymous, SpliceAI<=0.1, PhastCons<1.0	0.997	0.419	0.161			16.85	B	
XPA	NM_000380.3	c.369G>T	Benign synonymous, SpliceAI<=0.1, PhastCons<1.0	0.999	0.958	0.569			18.22	B	
XPA	NM_000380.3	c.369G>C	Benign synonymous, SpliceAI<=0.1, PhastCons<1.0	0.999	0.958	0.569			18.19	B	
XPA	NM_000380.3	c.348T>G	Benign synonymous, SpliceAI<=0.1, PhastCons<1.0	0.955	0.036				33.0		
XPA	NM_000380.3	c.348T>A	Benign synonymous, SpliceAI<=0.1, PhastCons<1.0	0.955	0.036				32.0		Pathogenic
XPA	NM_000380.3	c.342T>G	Benign synonymous, SpliceAI<=0.1, PhastCons<1.0	0.996	0.511	0.773			17.79	A	
XPA	NM_000380.3	c.342T>A	Benign synonymous, SpliceAI<=0.1, PhastCons<1.0	0.996	0.511	0.773			17.95	A	
XPA	NM_000380.3	c.333A>T	Benign synonymous, SpliceAI<=0.1, PhastCons<1.0	0.612	-0.372	0.238			15.16	B	
XPA	NM_000380.3	c.333A>C	Benign synonymous, SpliceAI<=0.1, PhastCons<1.0	0.612	-0.372	0.238			15.44	B	
XPA	NM_000380.3	c.321A>T	Benign synonymous, SpliceAI<=0.1, PhastCons<1.0	0.806	-0.208	0.273			14.84	B	
XPA	NM_000380.3	c.321A>C	Benign synonymous, SpliceAI<=0.1, PhastCons<1.0	0.806	-0.208	0.273			14.94	B	
XPA	NM_000380.3	c.306T>G	Benign synonymous, SpliceAI<=0.1, PhastCons<1.0	0.999	2.214				36.0		
XPA	NM_000380.3	c.306T>A	Benign synonymous, SpliceAI<=0.1, PhastCons<1.0	0.999	2.214			3.65000e-06	35.0		Likely_pathogenic
XPA	NM_000380.3	c.297A>T	Benign synonymous, SpliceAI<=0.1, PhastCons<1.0	0.998	0.368	0.570			16.6	B	
XPA	NM_000380.3	c.297A>C	Benign synonymous, SpliceAI<=0.1, PhastCons<1.0	0.998	0.368	0.574			17.22	B	
XPA	NM_000380.3	c.289G>A	Likely_benign FAF >0.1%, REVEL <0.29, SpliceAI<=0.1	1.0	5.56	0.136		0.00348589	20.6	B	Benign/Likely_benign
XPA	NM_000380.3	c.283+6G>T	Benign synonymous, SpliceAI<=0.1, PhastCons<1.0, PhyloP<0.1, intronic_ROI(+6)	0.751	0.079				15.26		
XPA	NM_000380.3	c.283+6G>C	Benign synonymous, SpliceAI<=0.1, PhastCons<1.0, PhyloP<0.1, intronic_ROI(+6)	0.751	0.079				15.5		
XPA	NM_000380.3	c.283+6G>A	Benign synonymous, SpliceAI<=0.1, PhastCons<1.0, PhyloP<0.1, intronic_ROI(+6)	0.751	0.079			6.15000e-06	15.73		Uncertain_significance
XPC	NM_004628.4	c.2815C>A	Benign FAF >5%	1.0	2.828	.;.;0.095;.;.;.;.;.;.;.		0.722327	13.67	.;.;B;.;.;.;.;.;.;.	Benign/Likely_benign
XPC	NM_004628.4	c.2376G>T	Benign synonymous, SpliceAI<=0.1, PhastCons<1.0	0.893	-0.141				21.3		
XPC	NM_004628.4	c.2376G>C	Benign synonymous, SpliceAI<=0.1, PhastCons<1.0	0.893	-0.141				21.3		
XPC	NM_004628.4	c.2376G>A	Benign synonymous, SpliceAI<=0.1, PhastCons<1.0	0.893	-0.141				15.71		
XPC	NM_004628.4	c.2060G>T	Benign synonymous, SpliceAI<=0.1, PhastCons<1.0	0.786	-0.028				21.7		
XPC	NM_004628.4	c.2060G>C	Benign synonymous, SpliceAI<=0.1, PhastCons<1.0	0.786	-0.028				18.56		
XPC	NM_004628.4	c.2060G>A	Benign synonymous, SpliceAI<=0.1, PhastCons<1.0	0.786	-0.028				13.5		
XPC	NM_004628.4	c.1627G>T	Benign synonymous, SpliceAI<=0.1, PhastCons<1.0	0.692	-0.07				4.395		
XPC	NM_004628.4	c.1627G>C	Benign synonymous, SpliceAI<=0.1, PhastCons<1.0	0.692	-0.07				4.314		
XPC	NM_004628.4	c.1627G>A	Benign synonymous, SpliceAI<=0.1, PhastCons<1.0	0.692	-0.07				0.509		
XPC	NM_004628.4	c.1496C>T	Benign FAF >5%	0.001	0.006	.;0.012;.;.;.;.;.;.;.		0.342469	1.124	.;B;.;.;.;.;.;.;.	Benign
XPC	NM_004628.4	c.1475G>A	Benign FAF >5%	0.0	-0.19	.;0.012;.;.;.;.;.;.;.		0.0569508	1.484	.;B;.;.;.;.;.;.;.	Benign/Likely_benign
XPC	NM_004628.4	c.87T>G	Benign synonymous, SpliceAI<=0.1, PhastCons<1.0	0.0	-0.942				7.139		Likely_benign
XPC	NM_004628.4	c.87T>C	Benign synonymous, SpliceAI<=0.1, PhastCons<1.0	0.0	-0.942			4.44000e-06	5.047		
XPC	NM_004628.4	c.87T>A	Benign synonymous, SpliceAI<=0.1, PhastCons<1.0	0.0	-0.942				6.712		
XPC	NM_004628.4	c.86G>T	Benign synonymous, SpliceAI<=0.1, PhastCons<1.0	0.0	-0.53				15.55		
XPC	NM_004628.4	c.86G>C	Benign synonymous, SpliceAI<=0.1, PhastCons<1.0	0.0	-0.53			3.47200e-05	15.39		
XPC	NM_004628.4	c.86G>A	Benign synonymous, SpliceAI<=0.1, PhastCons<1.0	0.0	-0.53				17.46		
XPC	NM_004628.4	c.46C>G	Benign FAF >5%	0.0	-1.252	.;.;0.051;.;.;.;.;.;.;.;0.051		0.211411	0.134	.;.;B;.;.;.;.;.;.;.;LB	Benign
XRCC2	NM_005431.2	c.563G>A	Benign FAF >5%	0.998	1.575	0.030;.		0.104390	17.85	B;.	Benign
XRCC2	NM_005431.2	c.126T>G	Benign synonymous, SpliceAI<=0.1, PhastCons<1.0	0.998	0.579	0.082		2.58100e-05	10.96	B	Uncertain_significance
XRCC2	NM_005431.2	c.126T>A	Benign synonymous, SpliceAI<=0.1, PhastCons<1.0	0.998	0.579	0.082			11.87	B	Uncertain_significance
XRCC2	NM_005431.2	c.108T>G	Benign synonymous, SpliceAI<=0.1, PhastCons<1.0	0.997	0.166	0.094			12.54	B	Uncertain_significance
XRCC2	NM_005431.2	c.108T>A	Benign synonymous, SpliceAI<=0.1, PhastCons<1.0	0.997	0.166	0.094			12.25	B	
XRCC2	NM_005431.2	c.91C>G	Benign synonymous, SpliceAI<=0.1, PhastCons<1.0	0.998	2.808	0.233		4.28700e-05	23.3	B	Uncertain_significance
XRCC2	NM_005431.2	c.91C>A	Benign synonymous, SpliceAI<=0.1, PhastCons<1.0	0.998	2.808	0.265			23.9	B	Uncertain_significance
XRCC2	NM_005431.2	c.90T>G	Benign synonymous, SpliceAI<=0.1, PhastCons<1.0	0.569	0.916	0.079			13.46	B	
XRCC2	NM_005431.2	c.90T>A	Benign synonymous, SpliceAI<=0.1, PhastCons<1.0	0.569	0.916	0.079			12.77	B	
XRCC2	NM_005431.2	c.84A>T	Benign synonymous, SpliceAI<=0.1, PhastCons<1.0	0.998	0.097	0.205			15.36	A	
XRCC2	NM_005431.2	c.84A>C	Benign synonymous, SpliceAI<=0.1, PhastCons<1.0	0.998	0.097	0.205			15.48	A	
XRCC2	NM_005431.2	c.78A>T	Benign synonymous, SpliceAI<=0.1, PhastCons<1.0	0.997	0.151	0.083			9.665	B	
XRCC2	NM_005431.2	c.78A>C	Benign synonymous, SpliceAI<=0.1, PhastCons<1.0	0.997	0.151	0.083			9.844	B	
XRCC2	NM_005431.2	c.61A>T	Benign synonymous, SpliceAI<=0.1, PhastCons<1.0	0.999	1.87				37.0		
XRCC2	NM_005431.2	c.61A>G	Benign synonymous, SpliceAI<=0.1, PhastCons<1.0	0.999	1.87	0.321			24.2	P	
XRCC2	NM_005431.2	c.27G>T	Benign synonymous, SpliceAI<=0.1, PhastCons<1.0	0.998	0.389	0.162			23.2	P	
XRCC2	NM_005431.2	c.27G>C	Benign synonymous, SpliceAI<=0.1, PhastCons<1.0	0.998	0.389	0.162			23.2	P	
XRCC2	NM_005431.2	c.21G>T	Benign synonymous, SpliceAI<=0.1, PhastCons<1.0	0.042	0.807	0.094			17.73	A	
XRCC2	NM_005431.2	c.21G>C	Benign synonymous, SpliceAI<=0.1, PhastCons<1.0	0.042	0.807	0.094			17.74	A	
XRCC2	NM_005431.2	c.19A>T	Benign synonymous, SpliceAI<=0.1, PhastCons<1.0	0.026	0.837	0.214			22.0	A	
XRCC2	NM_005431.2	c.19A>G	Benign synonymous, SpliceAI<=0.1, PhastCons<1.0	0.026	0.837	0.101			18.29	B	Uncertain_significance
XRCC2	NM_005431.2	c.18T>G	Benign synonymous, SpliceAI<=0.1, PhastCons<1.0	0.0	-1.062	0.052			9.405	B	
XRCC2	NM_005431.2	c.18T>A	Benign synonymous, SpliceAI<=0.1, PhastCons<1.0	0.0	-1.062	0.052			9.365	B	
XRCC2	NM_005431.2	c.15C>G	Benign synonymous, SpliceAI<=0.1, PhastCons<1.0	0.95	0.025	0.071			17.77	P	
XRCC2	NM_005431.2	c.15C>A	Benign synonymous, SpliceAI<=0.1, PhastCons<1.0	0.95	0.025	0.072		1.24000e-06	17.99	P	
XRCC2	NM_005431.2	c.9T>G	Benign synonymous, SpliceAI<=0.1, PhastCons<1.0	0.983	-0.089	0.047			18.54	A	
XRCC2	NM_005431.2	c.9T>A	Benign synonymous, SpliceAI<=0.1, PhastCons<1.0	0.983	-0.089	0.047			17.98	A	
XRCC2	NM_005431.2	c.6T>G	Benign synonymous, SpliceAI<=0.1, PhastCons<1.0	0.97	-0.224	0.142			20.9	B	
XRCC2	NM_005431.2	c.6T>A	Benign synonymous, SpliceAI<=0.1, PhastCons<1.0	0.97	-0.224				36.0		
